station,valid,tmpf,dwpf,sknt,drct,alti,p01i,vsby,skyc1
MDW,2022-01-01 00:53,46.00,41.00,7.00,20.00,29.64,0.00,4.00,BKN
MDW,2022-01-01 01:53,45.00,40.00,8.00,30.00,29.64,0.00,4.00,OVC
MDW,2022-01-01 02:53,44.00,40.00,10.00,10.00,29.65,0.00,3.00,OVC
MDW,2022-01-01 03:53,44.00,39.00,7.00,360.00,29.68,0.00,1.75,OVC
MDW,2022-01-01 04:53,42.00,39.00,11.00,20.00,29.70,0.00,3.00,OVC
MDW,2022-01-01 05:53,42.00,37.00,12.00,10.00,29.71,0.00,6.00,OVC
MDW,2022-01-01 06:53,41.00,37.00,14.00,10.00,29.72,T,4.00,OVC
MDW,2022-01-01 07:53,40.00,36.00,8.00,10.00,29.75,T,4.00,OVC
MDW,2022-01-01 08:53,40.00,35.00,12.00,20.00,29.77,0.00,6.00,OVC
MDW,2022-01-01 09:53,40.00,34.00,13.00,20.00,29.76,0.00,10.00,OVC
MDW,2022-01-01 10:53,40.00,33.00,15.00,30.00,29.77,0.00,10.00,OVC
MDW,2022-01-01 11:53,40.00,33.00,16.00,30.00,29.79,T,10.00,OVC
MDW,2022-01-01 12:53,39.00,33.00,16.00,40.00,29.80,T,5.00,OVC
MDW,2022-01-01 13:53,39.00,32.00,20.00,30.00,29.84,T,10.00,OVC
MDW,2022-01-01 14:53,38.00,32.00,15.00,30.00,29.83,T,4.00,BKN
MDW,2022-01-01 15:53,37.00,30.90,15.00,20.00,29.85,T,10.00,OVC
MDW,2022-01-01 16:53,37.00,30.00,18.00,20.00,29.84,0.00,10.00,OVC
MDW,2022-01-01 17:53,37.00,28.90,17.00,20.00,29.82,0.00,10.00,OVC
MDW,2022-01-01 18:53,35.00,28.90,16.00,40.00,29.78,T,2.50,OVC
MDW,2022-01-01 19:53,33.00,28.90,17.00,30.00,29.78,T,0.75,OVC
MDW,2022-01-01 20:53,33.00,28.90,15.00,30.00,29.78,0.01,0.75,BKN
MDW,2022-01-01 21:53,32.00,28.00,15.00,30.00,29.79,T,0.75,OVC
MDW,2022-01-01 22:53,33.00,27.00,18.00,30.00,29.81,0.01,2.50,FEW
MDW,2022-01-01 23:53,32.00,27.00,18.00,30.00,29.84,T,1.00,VV 
MDW,2022-01-02 00:53,32.00,27.00,19.00,30.00,29.83,T,3.00,FEW
MDW,2022-01-02 01:53,32.00,26.10,18.00,20.00,29.84,T,3.00,SCT
MDW,2022-01-02 02:53,32.00,26.10,21.00,30.00,29.85,T,1.50,SCT
MDW,2022-01-02 03:53,32.00,27.00,15.00,30.00,29.85,T,2.50,BKN
MDW,2022-01-02 04:53,30.90,26.10,12.00,40.00,29.87,0.01,2.00,BKN
MDW,2022-01-02 05:53,32.00,26.10,15.00,40.00,29.89,T,4.00,SCT
MDW,2022-01-02 06:53,30.90,26.10,17.00,30.00,29.91,0.01,3.00,SCT
MDW,2022-01-02 07:53,26.10,21.90,17.00,340.00,29.95,T,3.00,BKN
MDW,2022-01-02 08:53,24.10,18.00,12.00,350.00,29.97,0.01,2.00,OVC
MDW,2022-01-02 09:53,24.10,19.00,12.00,340.00,29.97,T,10.00,BKN
MDW,2022-01-02 10:53,25.00,19.00,12.00,340.00,29.99,T,5.00,SCT
MDW,2022-01-02 11:53,24.10,18.00,10.00,340.00,30.02,T,6.00,OVC
MDW,2022-01-02 12:53,23.00,17.10,12.00,350.00,30.04,T,5.00,BKN
MDW,2022-01-02 13:53,21.90,16.00,11.00,330.00,30.10,T,9.00,OVC
MDW,2022-01-02 14:53,21.90,16.00,12.00,320.00,30.13,T,8.00,OVC
MDW,2022-01-02 15:53,23.00,16.00,10.00,340.00,30.15,T,7.00,BKN
MDW,2022-01-02 16:53,24.10,17.10,11.00,330.00,30.15,T,6.00,SCT
MDW,2022-01-02 17:53,26.10,18.00,12.00,320.00,30.14,T,10.00,FEW
MDW,2022-01-02 18:53,28.00,18.00,8.00,350.00,30.15,T,10.00,FEW
MDW,2022-01-02 19:53,28.90,18.00,7.00,320.00,30.17,0.00,10.00,FEW
MDW,2022-01-02 20:53,28.90,18.00,8.00,310.00,30.20,0.00,10.00,FEW
MDW,2022-01-02 21:53,28.00,17.10,6.00,320.00,30.22,0.00,10.00,FEW
MDW,2022-01-02 22:53,27.00,17.10,6.00,330.00,30.23,0.00,10.00,FEW
MDW,2022-01-02 23:53,26.10,16.00,6.00,310.00,30.24,0.00,10.00,FEW
MDW,2022-01-03 00:53,24.10,15.10,7.00,320.00,30.27,0.00,10.00,FEW
MDW,2022-01-03 01:53,21.90,12.90,10.00,320.00,30.28,0.00,10.00,FEW
MDW,2022-01-03 02:53,19.90,12.00,6.00,300.00,30.29,0.00,10.00,FEW
MDW,2022-01-03 03:53,18.00,10.00,6.00,300.00,30.29,0.00,10.00,FEW
MDW,2022-01-03 04:53,17.10,9.00,6.00,290.00,30.29,0.00,10.00,FEW
MDW,2022-01-03 05:53,16.00,8.10,7.00,300.00,30.30,0.00,10.00,FEW
MDW,2022-01-03 06:53,15.10,7.00,6.00,310.00,30.30,0.00,10.00,FEW
MDW,2022-01-03 07:53,14.00,6.00,5.00,300.00,30.31,0.00,10.00,CLR
MDW,2022-01-03 08:53,14.00,6.00,8.00,300.00,30.33,0.00,10.00,CLR
MDW,2022-01-03 09:53,12.90,6.00,3.00,300.00,30.34,0.00,10.00,CLR
MDW,2022-01-03 10:53,12.90,5.00,3.00,240.00,30.33,0.00,10.00,CLR
MDW,2022-01-03 11:53,12.00,5.00,4.00,240.00,30.33,0.00,10.00,CLR
MDW,2022-01-03 12:53,10.90,4.00,6.00,240.00,30.35,0.00,10.00,FEW
MDW,2022-01-03 13:53,10.90,4.00,6.00,230.00,30.35,0.00,10.00,FEW
MDW,2022-01-03 14:53,12.00,4.00,7.00,240.00,30.36,0.00,10.00,CLR
MDW,2022-01-03 15:53,14.00,4.00,7.00,230.00,30.38,0.00,10.00,CLR
MDW,2022-01-03 16:53,18.00,4.00,7.00,230.00,30.36,0.00,10.00,CLR
MDW,2022-01-03 17:53,19.90,1.00,9.00,230.00,30.35,0.00,10.00,FEW
MDW,2022-01-03 18:53,21.90,1.00,11.00,220.00,30.32,0.00,10.00,FEW
MDW,2022-01-03 19:53,23.00,7.00,9.00,190.00,30.31,0.00,10.00,FEW
MDW,2022-01-03 20:53,23.00,4.00,11.00,220.00,30.32,0.00,10.00,FEW
MDW,2022-01-03 21:53,21.90,6.00,11.00,210.00,30.32,0.00,10.00,FEW
MDW,2022-01-03 22:53,19.90,6.00,8.00,200.00,30.32,0.00,10.00,FEW
MDW,2022-01-03 23:53,19.90,7.00,6.00,200.00,30.31,0.00,10.00,FEW
MDW,2022-01-04 00:53,21.00,9.00,7.00,190.00,30.29,0.00,10.00,CLR
MDW,2022-01-04 01:53,21.00,10.90,7.00,220.00,30.29,0.00,10.00,CLR
MDW,2022-01-04 02:53,23.00,12.00,12.00,210.00,30.28,0.00,10.00,CLR
MDW,2022-01-04 03:53,23.00,12.90,11.00,210.00,30.26,0.00,10.00,CLR
MDW,2022-01-04 04:53,24.10,12.90,9.00,220.00,30.27,0.00,10.00,FEW
MDW,2022-01-04 05:53,24.10,14.00,10.00,210.00,30.25,0.00,10.00,SCT
MDW,2022-01-04 06:53,24.10,15.10,7.00,210.00,30.23,0.00,10.00,SCT
MDW,2022-01-04 07:53,24.10,15.10,8.00,210.00,30.22,0.00,10.00,SCT
MDW,2022-01-04 08:53,24.10,15.10,9.00,190.00,30.21,0.00,10.00,SCT
MDW,2022-01-04 09:53,24.10,16.00,6.00,210.00,30.19,0.00,10.00,SCT
MDW,2022-01-04 10:53,25.00,16.00,8.00,190.00,30.17,0.00,10.00,SCT
MDW,2022-01-04 11:53,25.00,17.10,9.00,200.00,30.16,0.00,10.00,FEW
MDW,2022-01-04 12:53,25.00,17.10,8.00,190.00,30.13,0.00,10.00,FEW
MDW,2022-01-04 13:53,25.00,17.10,9.00,190.00,30.10,0.00,10.00,BKN
MDW,2022-01-04 14:53,28.00,18.00,13.00,190.00,30.08,0.00,10.00,FEW
MDW,2022-01-04 15:53,30.00,19.00,13.00,190.00,30.06,0.00,10.00,FEW
MDW,2022-01-04 16:53,32.00,21.00,14.00,180.00,30.02,0.00,10.00,FEW
MDW,2022-01-04 17:53,33.00,21.00,14.00,180.00,29.97,0.00,10.00,FEW
MDW,2022-01-04 18:53,34.00,21.90,15.00,190.00,29.89,0.00,10.00,FEW
MDW,2022-01-04 19:53,35.00,23.00,12.00,180.00,29.85,0.00,10.00,FEW
MDW,2022-01-04 20:53,35.00,23.00,14.00,180.00,29.83,0.00,10.00,SCT
MDW,2022-01-04 21:53,34.00,21.90,11.00,180.00,29.79,0.00,10.00,BKN
MDW,2022-01-04 22:53,34.00,21.90,10.00,160.00,29.73,0.00,10.00,BKN
MDW,2022-01-04 23:53,35.00,21.90,13.00,180.00,29.69,0.00,10.00,OVC
MDW,2022-01-05 00:53,35.00,21.90,13.00,190.00,29.66,0.00,10.00,BKN
MDW,2022-01-05 01:53,35.00,23.00,13.00,200.00,29.65,0.00,10.00,BKN
MDW,2022-01-05 02:53,35.00,24.10,14.00,210.00,29.61,0.00,10.00,FEW
MDW,2022-01-05 03:53,35.00,23.00,14.00,200.00,29.58,0.00,10.00,BKN
MDW,2022-01-05 04:53,36.00,23.00,17.00,210.00,29.56,0.00,10.00,BKN
MDW,2022-01-05 05:53,35.00,23.00,15.00,220.00,29.53,0.00,10.00,BKN
MDW,2022-01-05 06:53,35.00,24.10,16.00,220.00,29.52,0.00,10.00,FEW
MDW,2022-01-05 07:53,34.00,24.10,14.00,210.00,29.51,0.00,10.00,BKN
MDW,2022-01-05 08:53,34.00,25.00,16.00,240.00,29.51,0.00,10.00,FEW
MDW,2022-01-05 09:53,33.00,25.00,15.00,250.00,29.52,0.00,10.00,OVC
MDW,2022-01-05 10:53,28.90,21.00,18.00,250.00,29.54,T,5.00,OVC
MDW,2022-01-05 11:53,25.00,16.00,21.00,270.00,29.57,T,5.00,OVC
MDW,2022-01-05 12:53,21.00,12.90,20.00,260.00,29.61,T,4.00,BKN
MDW,2022-01-05 13:53,19.90,10.00,19.00,260.00,29.65,T,5.00,SCT
MDW,2022-01-05 14:53,19.00,10.00,22.00,260.00,29.68,T,3.00,BKN
MDW,2022-01-05 15:53,16.00,7.00,21.00,260.00,29.70,T,4.00,BKN
MDW,2022-01-05 16:53,15.10,6.00,22.00,260.00,29.72,T,3.00,OVC
MDW,2022-01-05 17:53,15.10,3.00,20.00,260.00,29.74,T,6.00,OVC
MDW,2022-01-05 18:53,14.00,3.00,23.00,260.00,29.75,T,6.00,OVC
MDW,2022-01-05 19:53,14.00,3.00,26.00,270.00,29.76,T,2.00,OVC
MDW,2022-01-05 20:53,14.00,3.00,24.00,260.00,29.79,T,2.00,BKN
MDW,2022-01-05 21:53,14.00,5.00,19.00,270.00,29.83,T,2.00,SCT
MDW,2022-01-05 22:53,14.00,5.00,19.00,270.00,29.86,T,2.00,OVC
MDW,2022-01-05 23:53,14.00,3.00,20.00,270.00,29.88,T,10.00,OVC
MDW,2022-01-06 00:53,14.00,3.00,18.00,260.00,29.89,0.00,10.00,OVC
MDW,2022-01-06 01:53,14.00,4.00,15.00,260.00,29.92,0.00,10.00,BKN
MDW,2022-01-06 02:53,14.00,4.00,16.00,260.00,29.96,0.00,10.00,OVC
MDW,2022-01-06 03:53,14.00,4.00,17.00,270.00,29.97,T,7.00,SCT
MDW,2022-01-06 04:53,14.00,5.00,16.00,270.00,29.99,T,2.50,OVC
MDW,2022-01-06 05:53,12.90,4.00,13.00,280.00,30.00,T,8.00,SCT
MDW,2022-01-06 06:53,12.00,4.00,13.00,270.00,30.02,T,9.00,FEW
MDW,2022-01-06 07:53,12.00,3.00,10.00,280.00,30.02,T,10.00,CLR
MDW,2022-01-06 08:53,10.90,1.90,11.00,260.00,30.04,0.00,10.00,CLR
MDW,2022-01-06 09:53,10.00,1.90,13.00,270.00,30.05,0.00,10.00,CLR
MDW,2022-01-06 10:53,9.00,1.00,12.00,280.00,30.05,0.00,10.00,CLR
MDW,2022-01-06 11:53,9.00,1.00,10.00,280.00,30.06,0.00,10.00,CLR
MDW,2022-01-06 12:53,8.10,1.00,12.00,270.00,30.07,0.00,10.00,FEW
MDW,2022-01-06 13:53,8.10,1.00,8.00,270.00,30.08,0.00,10.00,FEW
MDW,2022-01-06 14:53,9.00,1.00,9.00,280.00,30.09,0.00,10.00,FEW
MDW,2022-01-06 15:53,12.00,1.90,11.00,270.00,30.10,0.00,10.00,FEW
MDW,2022-01-06 16:53,12.90,3.00,11.00,260.00,30.08,0.00,10.00,FEW
MDW,2022-01-06 17:53,14.00,3.00,11.00,270.00,30.05,0.00,10.00,FEW
MDW,2022-01-06 18:53,16.00,4.00,12.00,260.00,30.05,0.00,10.00,FEW
MDW,2022-01-06 19:53,16.00,4.00,13.00,260.00,30.05,0.00,10.00,FEW
MDW,2022-01-06 20:53,16.00,5.00,12.00,260.00,30.05,0.00,10.00,SCT
MDW,2022-01-06 21:53,15.10,5.00,11.00,280.00,30.06,T,10.00,BKN
MDW,2022-01-06 22:53,15.10,5.00,14.00,280.00,30.08,T,7.00,BKN
MDW,2022-01-06 23:53,14.00,3.00,12.00,280.00,30.09,T,9.00,OVC
MDW,2022-01-07 00:53,12.00,1.90,14.00,290.00,30.11,T,9.00,FEW
MDW,2022-01-07 01:53,10.90,1.00,15.00,280.00,30.12,T,9.00,FEW
MDW,2022-01-07 02:53,8.10,-0.90,10.00,270.00,30.12,T,10.00,FEW
MDW,2022-01-07 03:53,7.00,-2.00,12.00,280.00,30.14,T,10.00,FEW
MDW,2022-01-07 04:53,6.00,-3.00,12.00,280.00,30.15,0.00,10.00,FEW
MDW,2022-01-07 05:53,6.00,-4.00,9.00,280.00,30.16,0.00,10.00,FEW
MDW,2022-01-07 06:53,4.00,-5.00,11.00,290.00,30.17,0.00,10.00,CLR
MDW,2022-01-07 07:53,4.00,-5.00,9.00,280.00,30.20,0.00,10.00,CLR
MDW,2022-01-07 08:53,3.00,-6.00,9.00,270.00,30.21,0.00,10.00,CLR
MDW,2022-01-07 09:53,1.90,-6.00,9.00,270.00,30.22,0.00,10.00,CLR
MDW,2022-01-07 10:53,1.90,-7.00,10.00,270.00,30.24,0.00,10.00,CLR
MDW,2022-01-07 11:53,1.90,-7.00,9.00,280.00,30.26,0.00,10.00,FEW
MDW,2022-01-07 12:53,1.00,-7.00,9.00,280.00,30.27,0.00,10.00,BKN
MDW,2022-01-07 13:53,1.00,-7.00,7.00,280.00,30.29,0.00,10.00,FEW
MDW,2022-01-07 14:53,3.00,-7.00,7.00,260.00,30.31,0.00,10.00,FEW
MDW,2022-01-07 15:53,6.00,-5.00,4.00,250.00,30.32,0.00,10.00,FEW
MDW,2022-01-07 16:53,9.00,-3.00,6.00,220.00,30.33,0.00,10.00,FEW
MDW,2022-01-07 17:53,12.90,0.00,7.00,250.00,30.31,0.00,10.00,FEW
MDW,2022-01-07 18:53,14.00,0.00,9.00,230.00,30.32,0.00,10.00,FEW
MDW,2022-01-07 19:53,14.00,0.00,11.00,250.00,30.33,0.00,10.00,FEW
MDW,2022-01-07 20:53,14.00,1.00,11.00,260.00,30.35,0.00,10.00,FEW
MDW,2022-01-07 21:53,12.90,1.00,7.00,260.00,30.37,0.00,10.00,FEW
MDW,2022-01-07 22:53,12.00,1.90,5.00,M,30.36,0.00,10.00,FEW
MDW,2022-01-07 23:53,12.00,1.90,4.00,210.00,30.37,0.00,10.00,FEW
MDW,2022-01-08 00:53,12.00,1.90,4.00,190.00,30.37,0.00,10.00,FEW
MDW,2022-01-08 01:53,12.00,1.90,6.00,160.00,30.35,0.00,10.00,FEW
MDW,2022-01-08 02:53,12.00,3.00,7.00,140.00,30.33,0.00,10.00,OVC
MDW,2022-01-08 03:53,12.90,4.00,6.00,170.00,30.34,0.00,10.00,BKN
MDW,2022-01-08 04:53,14.00,4.00,6.00,170.00,30.33,0.00,10.00,SCT
MDW,2022-01-08 05:53,15.10,5.00,7.00,170.00,30.34,0.00,10.00,SCT
MDW,2022-01-08 06:53,16.00,6.00,5.00,160.00,30.32,0.00,10.00,BKN
MDW,2022-01-08 07:53,16.00,7.00,10.00,170.00,30.31,0.00,10.00,SCT
MDW,2022-01-08 08:53,16.00,7.00,10.00,170.00,30.30,0.00,10.00,SCT
MDW,2022-01-08 09:53,18.00,7.00,13.00,170.00,30.27,0.00,10.00,CLR
MDW,2022-01-08 10:53,18.00,7.00,11.00,170.00,30.25,0.00,10.00,CLR
MDW,2022-01-08 11:53,18.00,7.00,11.00,170.00,30.26,0.00,10.00,CLR
MDW,2022-01-08 12:53,18.00,7.00,11.00,160.00,30.22,0.00,10.00,FEW
MDW,2022-01-08 13:53,19.00,7.00,13.00,170.00,30.21,0.00,10.00,FEW
MDW,2022-01-08 14:53,21.00,7.00,13.00,170.00,30.19,0.00,10.00,FEW
MDW,2022-01-08 15:53,24.10,7.00,15.00,190.00,30.17,0.00,10.00,FEW
MDW,2022-01-08 16:53,24.10,9.00,13.00,180.00,30.15,0.00,10.00,OVC
MDW,2022-01-08 17:53,27.00,10.90,15.00,170.00,30.08,0.00,10.00,SCT
MDW,2022-01-08 18:53,28.00,12.90,12.00,190.00,30.05,0.00,10.00,OVC
MDW,2022-01-08 19:53,28.90,16.00,14.00,180.00,30.02,0.00,10.00,OVC
MDW,2022-01-08 20:53,28.00,23.00,10.00,190.00,30.02,T,4.00,OVC
MDW,2022-01-08 21:53,28.90,25.00,8.00,190.00,30.01,T,2.50,OVC
MDW,2022-01-08 22:53,30.00,26.10,7.00,200.00,30.00,T,3.00,OVC
MDW,2022-01-08 23:53,32.00,27.00,10.00,190.00,29.99,T,3.00,OVC
MDW,2022-01-09 00:53,33.00,28.00,10.00,200.00,29.98,T,5.00,OVC
MDW,2022-01-09 01:53,34.00,30.00,10.00,190.00,29.98,T,4.00,OVC
MDW,2022-01-09 02:53,35.00,30.90,11.00,210.00,29.97,T,4.00,OVC
MDW,2022-01-09 03:53,35.00,32.00,7.00,210.00,29.96,T,4.00,OVC
MDW,2022-01-09 04:53,36.00,32.00,5.00,230.00,29.95,0.01,3.00,OVC
MDW,2022-01-09 05:53,36.00,33.00,5.00,230.00,29.96,0.01,3.00,OVC
MDW,2022-01-09 06:53,36.00,33.00,6.00,240.00,29.97,T,10.00,OVC
MDW,2022-01-09 07:53,36.00,32.00,7.00,280.00,29.98,T,10.00,OVC
MDW,2022-01-09 08:53,36.00,30.90,9.00,300.00,30.00,0.00,10.00,SCT
MDW,2022-01-09 09:53,35.00,28.90,10.00,300.00,30.03,0.00,10.00,SCT
MDW,2022-01-09 10:53,34.00,28.00,13.00,310.00,30.06,0.00,10.00,BKN
MDW,2022-01-09 11:53,34.00,26.10,10.00,290.00,30.10,0.00,10.00,BKN
MDW,2022-01-09 12:53,33.00,25.00,10.00,300.00,30.15,0.00,10.00,SCT
MDW,2022-01-09 13:53,32.00,24.10,8.00,280.00,30.17,0.00,9.00,CLR
MDW,2022-01-09 14:53,28.90,18.00,14.00,290.00,30.24,0.00,10.00,FEW
MDW,2022-01-09 15:53,28.00,10.90,16.00,300.00,30.31,0.00,10.00,SCT
MDW,2022-01-09 16:53,27.00,9.00,17.00,290.00,30.34,0.00,10.00,FEW
MDW,2022-01-09 17:53,25.00,8.10,13.00,330.00,30.35,0.00,10.00,FEW
MDW,2022-01-09 18:53,24.10,7.00,11.00,280.00,30.38,0.00,10.00,FEW
MDW,2022-01-09 19:53,23.00,3.00,15.00,300.00,30.40,0.00,10.00,FEW
MDW,2022-01-09 20:53,23.00,3.00,10.00,310.00,30.43,0.00,10.00,FEW
MDW,2022-01-09 21:53,21.90,1.90,8.00,300.00,30.45,0.00,10.00,FEW
MDW,2022-01-09 22:53,19.00,3.00,11.00,270.00,30.48,0.00,10.00,CLR
MDW,2022-01-09 23:53,17.10,1.90,10.00,270.00,30.49,0.00,10.00,CLR
MDW,2022-01-10 00:53,15.10,0.00,10.00,280.00,30.52,0.00,10.00,CLR
MDW,2022-01-10 01:53,14.00,-0.90,12.00,290.00,30.54,0.00,10.00,CLR
MDW,2022-01-10 02:53,14.00,-0.90,15.00,280.00,30.54,0.00,10.00,CLR
MDW,2022-01-10 03:53,12.90,0.00,11.00,270.00,30.54,0.00,10.00,CLR
MDW,2022-01-10 04:53,12.00,-0.90,10.00,280.00,30.55,0.00,10.00,CLR
MDW,2022-01-10 05:53,12.00,-0.90,9.00,280.00,30.53,0.00,10.00,FEW
MDW,2022-01-10 06:53,12.90,0.00,8.00,280.00,30.52,0.00,10.00,OVC
MDW,2022-01-10 07:53,14.00,0.00,7.00,290.00,30.51,T,10.00,OVC
MDW,2022-01-10 08:53,16.00,-0.90,10.00,270.00,30.50,T,10.00,FEW
MDW,2022-01-10 09:53,16.00,1.00,10.00,270.00,30.48,T,10.00,OVC
MDW,2022-01-10 10:53,16.00,3.00,6.00,280.00,30.47,T,10.00,FEW
MDW,2022-01-10 11:53,16.00,4.00,9.00,280.00,30.47,T,10.00,OVC
MDW,2022-01-10 12:53,17.10,4.00,7.00,270.00,30.47,T,10.00,BKN
MDW,2022-01-10 13:53,17.10,4.00,6.00,280.00,30.47,T,10.00,BKN
MDW,2022-01-10 14:53,17.10,4.00,8.00,300.00,30.48,0.00,10.00,FEW
MDW,2022-01-10 15:53,18.00,1.90,13.00,310.00,30.50,0.00,10.00,FEW
MDW,2022-01-10 16:53,19.00,0.00,11.00,310.00,30.49,0.00,10.00,FEW
MDW,2022-01-10 17:53,19.00,-4.00,10.00,310.00,30.48,0.00,10.00,FEW
MDW,2022-01-10 18:53,19.00,-2.00,12.00,310.00,30.48,0.00,10.00,CLR
MDW,2022-01-10 19:53,19.00,-3.00,13.00,330.00,30.47,0.00,10.00,CLR
MDW,2022-01-10 20:53,18.00,-4.00,11.00,330.00,30.49,0.00,10.00,CLR
MDW,2022-01-10 21:53,15.10,-8.00,7.00,330.00,30.52,0.00,10.00,CLR
MDW,2022-01-10 22:53,12.90,-8.00,8.00,320.00,30.54,0.00,10.00,FEW
MDW,2022-01-10 23:53,12.00,-9.00,9.00,300.00,30.56,0.00,10.00,FEW
MDW,2022-01-11 00:53,10.90,-9.00,9.00,310.00,30.58,0.00,10.00,CLR
MDW,2022-01-11 01:53,10.90,-9.00,7.00,300.00,30.59,0.00,10.00,CLR
MDW,2022-01-11 02:53,10.00,-9.00,6.00,320.00,30.60,0.00,10.00,CLR
MDW,2022-01-11 03:53,9.00,-8.00,4.00,310.00,30.61,0.00,10.00,CLR
MDW,2022-01-11 04:53,9.00,-8.00,4.00,310.00,30.61,0.00,10.00,CLR
MDW,2022-01-11 05:53,8.10,-7.00,4.00,300.00,30.59,0.00,10.00,CLR
MDW,2022-01-11 06:53,8.10,-6.00,4.00,310.00,30.59,0.00,10.00,CLR
MDW,2022-01-11 07:53,7.00,-6.00,0.00,0.00,30.58,0.00,10.00,CLR
MDW,2022-01-11 08:53,8.10,-6.00,0.00,0.00,30.55,0.00,10.00,FEW
MDW,2022-01-11 09:53,9.00,-6.00,3.00,200.00,30.54,0.00,10.00,FEW
MDW,2022-01-11 10:53,9.00,-5.00,4.00,210.00,30.55,0.00,10.00,FEW
MDW,2022-01-11 11:53,9.00,-5.00,5.00,190.00,30.52,0.00,10.00,CLR
MDW,2022-01-11 12:53,9.00,-4.00,4.00,170.00,30.51,0.00,10.00,FEW
MDW,2022-01-11 13:53,10.00,-5.00,7.00,190.00,30.49,0.00,10.00,FEW
MDW,2022-01-11 14:53,12.00,-3.00,10.00,190.00,30.47,0.00,10.00,FEW
MDW,2022-01-11 15:53,16.00,-3.00,10.00,200.00,30.43,0.00,10.00,FEW
MDW,2022-01-11 16:53,19.00,0.00,11.00,200.00,30.38,0.00,10.00,SCT
MDW,2022-01-11 17:53,21.90,3.00,15.00,180.00,30.30,0.00,10.00,SCT
MDW,2022-01-11 18:53,26.10,7.00,17.00,190.00,30.24,0.00,10.00,SCT
MDW,2022-01-11 19:53,30.00,12.90,19.00,190.00,30.17,0.00,10.00,FEW
MDW,2022-01-11 20:53,33.00,17.10,19.00,190.00,30.10,0.00,10.00,SCT
MDW,2022-01-11 21:53,35.00,19.00,18.00,200.00,30.06,0.00,10.00,BKN
MDW,2022-01-11 22:53,35.00,21.00,17.00,200.00,30.04,0.00,10.00,BKN
MDW,2022-01-11 23:53,35.00,21.90,16.00,200.00,30.03,0.00,10.00,SCT
MDW,2022-01-12 00:53,35.00,23.00,16.00,210.00,30.02,0.00,10.00,BKN
MDW,2022-01-12 01:53,35.00,24.10,13.00,210.00,30.01,0.00,10.00,BKN
MDW,2022-01-12 02:53,35.00,24.10,11.00,210.00,30.02,0.00,10.00,BKN
MDW,2022-01-12 03:53,36.00,25.00,12.00,210.00,30.00,0.00,10.00,FEW
MDW,2022-01-12 04:53,37.00,25.00,12.00,230.00,30.00,0.00,10.00,BKN
MDW,2022-01-12 05:53,38.00,26.10,10.00,230.00,29.99,0.00,10.00,BKN
MDW,2022-01-12 06:53,38.00,26.10,13.00,240.00,29.99,0.00,10.00,OVC
MDW,2022-01-12 07:53,37.00,26.10,9.00,240.00,30.00,0.00,10.00,BKN
MDW,2022-01-12 08:53,36.00,25.00,8.00,240.00,30.01,0.00,10.00,BKN
MDW,2022-01-12 09:53,35.00,25.00,9.00,250.00,30.01,0.00,10.00,BKN
MDW,2022-01-12 10:53,35.00,26.10,8.00,250.00,30.01,0.00,10.00,OVC
MDW,2022-01-12 11:53,34.00,25.00,9.00,250.00,30.01,0.00,10.00,BKN
MDW,2022-01-12 12:53,34.00,25.00,7.00,250.00,30.01,0.00,10.00,BKN
MDW,2022-01-12 13:53,35.00,26.10,8.00,250.00,30.01,0.00,10.00,SCT
MDW,2022-01-12 14:53,37.00,27.00,6.00,250.00,30.01,0.00,10.00,OVC
MDW,2022-01-12 15:53,37.00,27.00,6.00,240.00,30.01,0.00,10.00,BKN
MDW,2022-01-12 16:53,38.00,28.00,7.00,220.00,30.00,0.00,10.00,SCT
MDW,2022-01-12 17:53,41.00,28.90,9.00,200.00,29.97,0.00,10.00,BKN
MDW,2022-01-12 18:53,41.00,28.90,8.00,230.00,29.96,0.00,10.00,SCT
MDW,2022-01-12 19:53,41.00,28.90,8.00,260.00,29.96,0.00,10.00,BKN
MDW,2022-01-12 20:53,41.00,28.90,8.00,220.00,29.96,T,10.00,SCT
MDW,2022-01-12 21:53,42.00,28.90,8.00,210.00,29.94,0.00,10.00,FEW
MDW,2022-01-12 22:53,41.00,28.90,6.00,190.00,29.95,0.00,10.00,BKN
MDW,2022-01-12 23:53,39.00,30.00,5.00,190.00,29.97,0.00,10.00,BKN
MDW,2022-01-13 00:53,38.00,30.00,4.00,230.00,29.98,0.00,10.00,OVC
MDW,2022-01-13 01:53,38.00,30.00,3.00,230.00,29.97,0.00,10.00,OVC
MDW,2022-01-13 02:53,38.00,28.90,3.00,100.00,29.96,0.00,10.00,BKN
MDW,2022-01-13 03:53,36.00,28.90,3.00,130.00,29.94,0.00,10.00,FEW
MDW,2022-01-13 04:53,33.00,28.00,0.00,0.00,29.94,0.00,10.00,FEW
MDW,2022-01-13 05:53,30.90,26.10,0.00,0.00,29.92,0.00,10.00,FEW
MDW,2022-01-13 06:53,30.90,27.00,3.00,40.00,29.89,0.00,10.00,FEW
MDW,2022-01-13 07:53,33.00,28.00,0.00,0.00,29.88,0.00,10.00,FEW
MDW,2022-01-13 08:53,30.00,26.10,4.00,290.00,29.88,0.00,8.00,FEW
MDW,2022-01-13 09:53,32.00,27.00,3.00,360.00,29.86,0.00,8.00,FEW
MDW,2022-01-13 10:53,35.00,30.00,5.00,20.00,29.86,0.00,8.00,OVC
MDW,2022-01-13 11:53,38.00,33.00,9.00,20.00,29.89,0.00,6.00,OVC
MDW,2022-01-13 12:53,38.00,33.00,7.00,50.00,29.89,0.00,7.00,OVC
MDW,2022-01-13 13:53,39.00,33.00,6.00,10.00,29.91,0.00,8.00,OVC
MDW,2022-01-13 14:53,39.00,33.00,5.00,360.00,29.92,0.00,8.00,OVC
MDW,2022-01-13 15:53,41.00,32.00,6.00,30.00,29.92,0.00,10.00,FEW
MDW,2022-01-13 16:53,41.00,30.90,9.00,20.00,29.92,0.00,10.00,BKN
MDW,2022-01-13 17:53,41.00,32.00,9.00,20.00,29.92,0.00,10.00,OVC
MDW,2022-01-13 18:53,40.00,32.00,8.00,30.00,29.91,0.00,10.00,OVC
MDW,2022-01-13 19:53,40.00,32.00,6.00,360.00,29.92,0.00,10.00,OVC
MDW,2022-01-13 20:53,41.00,30.90,7.00,30.00,29.93,0.00,10.00,SCT
MDW,2022-01-13 21:53,40.00,30.00,6.00,10.00,29.94,0.00,10.00,SCT
MDW,2022-01-13 22:53,37.00,30.00,4.00,40.00,29.97,0.00,10.00,FEW
MDW,2022-01-13 23:53,38.00,30.00,3.00,50.00,29.99,0.00,10.00,OVC
MDW,2022-01-14 00:53,38.00,30.00,3.00,30.00,30.01,0.00,10.00,OVC
MDW,2022-01-14 01:53,38.00,30.00,0.00,0.00,30.03,0.00,10.00,OVC
MDW,2022-01-14 02:53,37.00,30.00,0.00,0.00,30.02,0.00,10.00,BKN
MDW,2022-01-14 03:53,38.00,30.00,0.00,0.00,30.03,0.00,10.00,FEW
MDW,2022-01-14 04:53,39.00,30.00,9.00,360.00,30.04,0.00,9.00,OVC
MDW,2022-01-14 05:53,38.00,30.00,7.00,20.00,30.04,0.00,9.00,BKN
MDW,2022-01-14 06:53,38.00,30.90,10.00,20.00,30.05,0.00,6.00,OVC
MDW,2022-01-14 07:53,38.00,30.90,7.00,30.00,30.06,0.00,7.00,BKN
MDW,2022-01-14 08:53,36.00,30.90,13.00,30.00,30.08,T,8.00,FEW
MDW,2022-01-14 09:53,36.00,30.00,14.00,30.00,30.07,T,10.00,BKN
MDW,2022-01-14 10:53,36.00,28.00,16.00,40.00,30.08,T,10.00,OVC
MDW,2022-01-14 11:53,35.00,27.00,15.00,30.00,30.10,0.00,10.00,OVC
MDW,2022-01-14 12:53,35.00,26.10,15.00,30.00,30.13,0.00,10.00,OVC
MDW,2022-01-14 13:53,34.00,26.10,14.00,40.00,30.14,0.00,10.00,OVC
MDW,2022-01-14 14:53,34.00,25.00,15.00,40.00,30.17,0.00,10.00,OVC
MDW,2022-01-14 15:53,33.00,24.10,15.00,40.00,30.19,0.00,10.00,OVC
MDW,2022-01-14 16:53,33.00,24.10,12.00,40.00,30.20,0.00,10.00,OVC
MDW,2022-01-14 17:53,33.00,24.10,13.00,20.00,30.18,0.00,10.00,OVC
MDW,2022-01-14 18:53,33.00,24.10,11.00,30.00,30.17,0.00,10.00,OVC
MDW,2022-01-14 19:53,34.00,26.10,10.00,40.00,30.16,0.00,10.00,OVC
MDW,2022-01-14 20:53,33.00,26.10,15.00,60.00,30.16,0.00,10.00,OVC
MDW,2022-01-14 21:53,34.00,26.10,15.00,60.00,30.17,0.00,10.00,OVC
MDW,2022-01-14 22:53,33.00,26.10,15.00,60.00,30.18,T,10.00,OVC
MDW,2022-01-14 23:53,33.00,26.10,15.00,50.00,30.20,T,6.00,OVC
MDW,2022-01-15 00:53,32.00,25.00,16.00,60.00,30.21,T,9.00,FEW
MDW,2022-01-15 01:53,30.90,25.00,15.00,50.00,30.23,T,7.00,FEW
MDW,2022-01-15 02:53,30.00,24.10,17.00,50.00,30.23,T,2.00,OVC
MDW,2022-01-15 03:53,30.00,24.10,14.00,50.00,30.24,T,3.00,OVC
MDW,2022-01-15 04:53,28.90,23.00,16.00,50.00,30.25,T,4.00,BKN
MDW,2022-01-15 05:53,28.00,21.90,16.00,60.00,30.26,T,3.00,OVC
MDW,2022-01-15 06:53,27.00,21.90,15.00,70.00,30.27,T,2.00,OVC
MDW,2022-01-15 07:53,26.10,21.00,13.00,60.00,30.29,T,3.00,OVC
MDW,2022-01-15 08:53,26.10,19.90,13.00,60.00,30.30,T,2.00,SCT
MDW,2022-01-15 09:53,26.10,19.90,13.00,60.00,30.31,T,2.00,SCT
MDW,2022-01-15 10:53,25.00,19.00,12.00,60.00,30.33,T,7.00,BKN
MDW,2022-01-15 11:53,24.10,18.00,14.00,70.00,30.34,T,10.00,OVC
MDW,2022-01-15 12:53,24.10,16.00,14.00,70.00,30.36,T,10.00,OVC
MDW,2022-01-15 13:53,24.10,16.00,12.00,60.00,30.37,T,10.00,OVC
MDW,2022-01-15 14:53,24.10,14.00,15.00,50.00,30.37,0.00,10.00,OVC
MDW,2022-01-15 15:53,24.10,14.00,13.00,70.00,30.39,0.00,10.00,BKN
MDW,2022-01-15 16:53,24.10,14.00,15.00,60.00,30.40,0.00,10.00,BKN
MDW,2022-01-15 17:53,25.00,14.00,12.00,60.00,30.38,0.00,10.00,BKN
MDW,2022-01-15 18:53,25.00,14.00,14.00,70.00,30.36,0.00,10.00,BKN
MDW,2022-01-15 19:53,25.00,14.00,14.00,60.00,30.33,0.00,10.00,BKN
MDW,2022-01-15 20:53,25.00,14.00,13.00,30.00,30.33,0.00,10.00,BKN
MDW,2022-01-15 21:53,25.00,12.90,13.00,60.00,30.32,0.00,10.00,SCT
MDW,2022-01-15 22:53,25.00,14.00,11.00,60.00,30.32,0.00,10.00,SCT
MDW,2022-01-15 23:53,25.00,12.90,10.00,70.00,30.32,0.00,10.00,SCT
MDW,2022-01-16 00:53,26.10,14.00,6.00,80.00,30.31,0.00,10.00,FEW
MDW,2022-01-16 01:53,25.00,14.00,4.00,90.00,30.30,0.00,10.00,FEW
MDW,2022-01-16 02:53,23.00,12.90,6.00,100.00,30.29,0.00,10.00,FEW
MDW,2022-01-16 03:53,21.90,12.00,5.00,120.00,30.28,0.00,10.00,CLR
MDW,2022-01-16 04:53,21.90,10.00,4.00,110.00,30.26,0.00,10.00,CLR
MDW,2022-01-16 05:53,21.00,8.10,7.00,150.00,30.24,0.00,10.00,CLR
MDW,2022-01-16 06:53,19.90,7.00,4.00,130.00,30.21,0.00,10.00,CLR
MDW,2022-01-16 07:53,19.00,7.00,5.00,130.00,30.20,0.00,10.00,CLR
MDW,2022-01-16 08:53,19.00,8.10,9.00,140.00,30.16,0.00,10.00,CLR
MDW,2022-01-16 09:53,18.00,8.10,0.00,0.00,30.14,0.00,10.00,CLR
MDW,2022-01-16 10:53,18.00,9.00,6.00,140.00,30.11,0.00,10.00,CLR
MDW,2022-01-16 11:53,17.10,8.10,0.00,0.00,30.09,0.00,10.00,CLR
MDW,2022-01-16 12:53,17.10,9.00,3.00,140.00,30.07,0.00,10.00,CLR
MDW,2022-01-16 13:53,17.10,10.00,3.00,150.00,30.04,0.00,10.00,FEW
MDW,2022-01-16 14:53,19.00,10.00,4.00,190.00,30.02,0.00,10.00,FEW
MDW,2022-01-16 15:53,21.00,10.90,0.00,0.00,29.98,0.00,10.00,FEW
MDW,2022-01-16 16:53,24.10,12.90,6.00,310.00,29.96,0.00,10.00,FEW
MDW,2022-01-16 17:53,26.10,14.00,6.00,320.00,29.91,0.00,10.00,FEW
MDW,2022-01-16 18:53,28.00,14.00,3.00,50.00,29.87,0.00,10.00,FEW
MDW,2022-01-16 19:53,28.90,12.90,4.00,180.00,29.82,0.00,10.00,FEW
MDW,2022-01-16 20:53,30.00,12.90,4.00,260.00,29.81,0.00,10.00,BKN
MDW,2022-01-16 21:53,30.00,10.00,3.00,270.00,29.79,0.00,10.00,BKN
MDW,2022-01-16 22:53,28.90,10.90,7.00,290.00,29.79,0.00,10.00,OVC
MDW,2022-01-16 23:53,28.90,12.00,7.00,290.00,29.78,0.00,10.00,OVC
MDW,2022-01-17 00:53,28.00,10.90,8.00,300.00,29.76,0.00,10.00,OVC
MDW,2022-01-17 01:53,27.00,14.00,8.00,290.00,29.75,0.00,10.00,OVC
MDW,2022-01-17 02:53,25.00,19.00,9.00,280.00,29.76,T,3.00,BKN
MDW,2022-01-17 03:53,25.00,19.00,7.00,290.00,29.74,T,2.50,BKN
MDW,2022-01-17 04:53,25.00,18.00,13.00,310.00,29.73,T,9.00,BKN
MDW,2022-01-17 05:53,25.00,18.00,9.00,310.00,29.71,T,9.00,SCT
MDW,2022-01-17 06:53,25.00,18.00,12.00,330.00,29.71,0.00,10.00,BKN
MDW,2022-01-17 07:53,25.00,18.00,9.00,320.00,29.71,0.00,10.00,BKN
MDW,2022-01-17 08:53,25.00,19.00,10.00,320.00,29.71,0.00,9.00,OVC
MDW,2022-01-17 09:53,26.10,19.00,9.00,320.00,29.70,0.00,10.00,OVC
MDW,2022-01-17 10:53,26.10,18.00,11.00,320.00,29.71,0.00,10.00,OVC
MDW,2022-01-17 11:53,26.10,18.00,13.00,320.00,29.73,0.00,10.00,OVC
MDW,2022-01-17 12:53,26.10,17.10,13.00,310.00,29.76,0.00,10.00,SCT
MDW,2022-01-17 13:53,26.10,17.10,11.00,310.00,29.78,0.00,10.00,FEW
MDW,2022-01-17 14:53,27.00,18.00,12.00,310.00,29.81,0.00,10.00,OVC
MDW,2022-01-17 15:53,28.00,18.00,13.00,300.00,29.83,0.00,10.00,FEW
MDW,2022-01-17 16:53,28.90,18.00,13.00,320.00,29.85,T,10.00,FEW
MDW,2022-01-17 17:53,28.90,18.00,12.00,320.00,29.83,0.00,10.00,SCT
MDW,2022-01-17 18:53,30.00,18.00,15.00,290.00,29.83,0.00,10.00,SCT
MDW,2022-01-17 19:53,30.00,18.00,10.00,310.00,29.84,0.00,10.00,BKN
MDW,2022-01-17 20:53,30.00,18.00,9.00,290.00,29.86,0.00,10.00,OVC
MDW,2022-01-17 21:53,28.90,18.00,8.00,300.00,29.86,0.00,10.00,OVC
MDW,2022-01-17 22:53,28.90,18.00,11.00,280.00,29.88,0.00,10.00,OVC
MDW,2022-01-17 23:53,28.90,18.00,8.00,300.00,29.90,0.00,10.00,OVC
MDW,2022-01-18 00:53,30.00,19.00,9.00,260.00,29.92,0.00,10.00,OVC
MDW,2022-01-18 01:53,30.00,19.90,9.00,260.00,29.94,0.00,10.00,BKN
MDW,2022-01-18 02:53,30.00,19.00,8.00,270.00,29.94,0.00,10.00,BKN
MDW,2022-01-18 03:53,28.00,19.00,5.00,260.00,29.96,0.00,10.00,FEW
MDW,2022-01-18 04:53,26.10,18.00,6.00,250.00,29.96,0.00,10.00,FEW
MDW,2022-01-18 05:53,25.00,18.00,6.00,240.00,29.96,0.00,10.00,CLR
MDW,2022-01-18 06:53,24.10,18.00,7.00,240.00,29.96,0.00,10.00,FEW
MDW,2022-01-18 07:53,23.00,17.10,6.00,230.00,29.98,0.00,10.00,SCT
MDW,2022-01-18 08:53,21.90,16.00,5.00,220.00,29.98,0.00,10.00,SCT
MDW,2022-01-18 09:53,21.90,17.10,3.00,250.00,29.98,0.00,9.00,OVC
MDW,2022-01-18 10:53,24.10,18.00,6.00,220.00,29.98,0.00,9.00,OVC
MDW,2022-01-18 11:53,24.10,18.00,3.00,180.00,29.98,0.00,9.00,OVC
MDW,2022-01-18 12:53,25.00,18.00,6.00,200.00,30.00,0.00,10.00,OVC
MDW,2022-01-18 13:53,25.00,19.00,6.00,M,29.98,0.00,10.00,OVC
MDW,2022-01-18 14:53,27.00,19.00,8.00,180.00,29.97,0.00,10.00,OVC
MDW,2022-01-18 15:53,30.00,19.00,9.00,180.00,29.95,0.00,10.00,SCT
MDW,2022-01-18 16:53,33.00,21.00,11.00,180.00,29.92,0.00,10.00,FEW
MDW,2022-01-18 17:53,37.00,25.00,14.00,170.00,29.85,0.00,10.00,FEW
MDW,2022-01-18 18:53,40.00,26.10,12.00,190.00,29.81,0.00,10.00,FEW
MDW,2022-01-18 19:53,44.00,28.90,14.00,190.00,29.77,0.00,10.00,FEW
MDW,2022-01-18 20:53,45.00,30.00,20.00,200.00,29.73,0.00,10.00,FEW
MDW,2022-01-18 21:53,45.00,32.00,16.00,200.00,29.73,0.00,10.00,FEW
MDW,2022-01-18 22:53,44.00,32.00,15.00,200.00,29.72,0.00,10.00,FEW
MDW,2022-01-18 23:53,43.00,32.00,17.00,200.00,29.71,0.00,10.00,FEW
MDW,2022-01-19 00:53,43.00,32.00,18.00,200.00,29.70,0.00,10.00,FEW
MDW,2022-01-19 01:53,42.00,32.00,18.00,190.00,29.70,0.00,10.00,BKN
MDW,2022-01-19 02:53,42.00,32.00,13.00,210.00,29.70,0.00,10.00,BKN
MDW,2022-01-19 03:53,43.00,33.00,11.00,220.00,29.69,0.00,10.00,BKN
MDW,2022-01-19 04:53,43.00,33.00,15.00,220.00,29.70,0.00,10.00,BKN
MDW,2022-01-19 05:53,43.00,33.00,15.00,240.00,29.71,0.00,10.00,FEW
MDW,2022-01-19 06:53,42.00,32.00,14.00,250.00,29.73,0.00,10.00,FEW
MDW,2022-01-19 07:53,40.00,30.90,16.00,270.00,29.75,0.00,10.00,FEW
MDW,2022-01-19 08:53,39.00,30.90,13.00,270.00,29.78,0.00,10.00,FEW
MDW,2022-01-19 09:53,37.00,28.90,14.00,280.00,29.81,0.00,10.00,SCT
MDW,2022-01-19 10:53,35.00,27.00,13.00,270.00,29.84,0.00,10.00,FEW
MDW,2022-01-19 11:53,30.90,18.00,11.00,290.00,29.89,0.00,10.00,BKN
MDW,2022-01-19 12:53,28.90,17.10,12.00,280.00,29.93,0.00,10.00,BKN
MDW,2022-01-19 13:53,26.10,14.00,12.00,310.00,29.97,0.00,10.00,BKN
MDW,2022-01-19 14:53,23.00,12.00,16.00,290.00,30.02,0.00,10.00,BKN
MDW,2022-01-19 15:53,21.90,10.00,15.00,290.00,30.07,0.00,10.00,FEW
MDW,2022-01-19 16:53,23.00,9.00,14.00,310.00,30.10,0.00,10.00,FEW
MDW,2022-01-19 17:53,23.00,7.00,13.00,310.00,30.11,0.00,10.00,FEW
MDW,2022-01-19 18:53,23.00,7.00,13.00,300.00,30.12,0.00,10.00,FEW
MDW,2022-01-19 19:53,23.00,8.10,11.00,300.00,30.14,0.00,10.00,FEW
MDW,2022-01-19 20:53,23.00,8.10,15.00,320.00,30.17,0.00,10.00,FEW
MDW,2022-01-19 21:53,21.00,6.00,14.00,320.00,30.20,0.00,10.00,FEW
MDW,2022-01-19 22:53,19.90,5.00,14.00,330.00,30.23,0.00,10.00,FEW
MDW,2022-01-19 23:53,19.00,4.00,11.00,330.00,30.27,0.00,10.00,SCT
MDW,2022-01-20 00:53,18.00,3.00,13.00,340.00,30.31,0.00,10.00,FEW
MDW,2022-01-20 01:53,17.10,1.90,17.00,330.00,30.34,0.00,10.00,FEW
MDW,2022-01-20 02:53,16.00,1.90,14.00,320.00,30.36,0.00,10.00,FEW
MDW,2022-01-20 03:53,15.10,1.00,12.00,340.00,30.38,0.00,10.00,FEW
MDW,2022-01-20 04:53,14.00,0.00,12.00,330.00,30.40,0.00,10.00,FEW
MDW,2022-01-20 05:53,12.90,0.00,10.00,330.00,30.43,0.00,10.00,FEW
MDW,2022-01-20 06:53,12.90,-0.90,13.00,330.00,30.44,0.00,10.00,BKN
MDW,2022-01-20 07:53,12.00,-0.90,11.00,320.00,30.46,0.00,10.00,SCT
MDW,2022-01-20 08:53,10.90,-0.90,12.00,320.00,30.47,0.00,10.00,FEW
MDW,2022-01-20 09:53,10.90,-2.00,14.00,320.00,30.47,0.00,10.00,FEW
MDW,2022-01-20 10:53,10.90,-2.00,13.00,330.00,30.49,0.00,10.00,FEW
MDW,2022-01-20 11:53,10.00,-3.00,12.00,330.00,30.50,0.00,10.00,CLR
MDW,2022-01-20 12:53,9.00,-3.00,12.00,340.00,30.53,0.00,10.00,FEW
MDW,2022-01-20 13:53,10.00,-3.00,10.00,330.00,30.55,0.00,10.00,FEW
MDW,2022-01-20 14:53,10.90,-3.00,11.00,340.00,30.57,0.00,10.00,FEW
MDW,2022-01-20 15:53,12.90,-2.00,7.00,350.00,30.58,0.00,10.00,FEW
MDW,2022-01-20 16:53,16.00,0.00,8.00,360.00,30.58,0.00,10.00,FEW
MDW,2022-01-20 17:53,18.00,1.00,10.00,330.00,30.56,0.00,10.00,FEW
MDW,2022-01-20 18:53,19.90,0.00,8.00,330.00,30.54,0.00,10.00,FEW
MDW,2022-01-20 19:53,21.00,-0.90,8.00,350.00,30.54,0.00,10.00,FEW
MDW,2022-01-20 20:53,21.90,-0.90,8.00,20.00,30.54,0.00,10.00,FEW
MDW,2022-01-20 21:53,19.90,0.00,7.00,30.00,30.55,0.00,10.00,FEW
MDW,2022-01-20 22:53,18.00,1.00,8.00,30.00,30.56,0.00,10.00,FEW
MDW,2022-01-20 23:53,17.10,1.00,7.00,10.00,30.57,0.00,10.00,FEW
MDW,2022-01-21 00:53,17.10,1.00,7.00,350.00,30.57,0.00,10.00,FEW
MDW,2022-01-21 01:53,17.10,3.00,6.00,350.00,30.58,0.00,10.00,FEW
MDW,2022-01-21 02:53,16.00,1.00,7.00,330.00,30.58,0.00,10.00,FEW
MDW,2022-01-21 03:53,14.00,-0.90,7.00,330.00,30.58,0.00,10.00,FEW
MDW,2022-01-21 04:53,12.90,0.00,7.00,320.00,30.57,0.00,10.00,FEW
MDW,2022-01-21 05:53,12.00,0.00,5.00,320.00,30.56,0.00,10.00,FEW
MDW,2022-01-21 06:53,10.90,0.00,6.00,310.00,30.56,0.00,10.00,FEW
MDW,2022-01-21 07:53,10.90,0.00,4.00,300.00,30.55,0.00,10.00,FEW
MDW,2022-01-21 08:53,10.00,0.00,6.00,310.00,30.55,0.00,10.00,FEW
MDW,2022-01-21 09:53,12.00,1.00,4.00,300.00,30.56,0.00,10.00,BKN
MDW,2022-01-21 10:53,12.90,3.00,3.00,290.00,30.56,0.00,10.00,BKN
MDW,2022-01-21 11:53,14.00,4.00,0.00,0.00,30.56,T,10.00,OVC
MDW,2022-01-21 12:53,15.10,4.00,0.00,0.00,30.57,T,10.00,BKN
MDW,2022-01-21 13:53,16.00,6.00,0.00,0.00,30.57,T,10.00,BKN
MDW,2022-01-21 14:53,18.00,7.00,0.00,0.00,30.58,T,10.00,BKN
MDW,2022-01-21 15:53,21.90,8.10,6.00,220.00,30.58,T,10.00,FEW
MDW,2022-01-21 16:53,24.10,9.00,9.00,170.00,30.57,0.00,10.00,SCT
MDW,2022-01-21 17:53,25.00,8.10,8.00,160.00,30.55,0.00,10.00,SCT
MDW,2022-01-21 18:53,24.10,8.10,10.00,180.00,30.52,0.00,10.00,BKN
MDW,2022-01-21 19:53,26.10,9.00,6.00,210.00,30.51,0.00,10.00,SCT
MDW,2022-01-21 20:53,26.10,8.10,7.00,160.00,30.49,0.00,10.00,SCT
MDW,2022-01-21 21:53,26.10,9.00,7.00,210.00,30.49,0.00,10.00,FEW
MDW,2022-01-21 22:53,25.00,9.00,10.00,210.00,30.48,0.00,10.00,FEW
MDW,2022-01-21 23:53,24.10,9.00,6.00,200.00,30.46,0.00,10.00,FEW
MDW,2022-01-22 00:53,24.10,9.00,6.00,200.00,30.46,0.00,10.00,CLR
MDW,2022-01-22 01:53,21.90,9.00,5.00,190.00,30.45,0.00,10.00,FEW
MDW,2022-01-22 02:53,21.00,8.10,6.00,M,30.44,0.00,10.00,FEW
MDW,2022-01-22 03:53,19.90,8.10,9.00,180.00,30.39,0.00,10.00,FEW
MDW,2022-01-22 04:53,19.90,8.10,8.00,200.00,30.38,0.00,10.00,FEW
MDW,2022-01-22 05:53,19.90,8.10,8.00,210.00,30.38,0.00,10.00,FEW
MDW,2022-01-22 06:53,19.90,8.10,8.00,220.00,30.36,0.00,10.00,BKN
MDW,2022-01-22 07:53,21.00,9.00,10.00,210.00,30.34,0.00,10.00,OVC
MDW,2022-01-22 08:53,21.00,9.00,11.00,220.00,30.32,0.00,10.00,SCT
MDW,2022-01-22 09:53,21.00,9.00,11.00,210.00,30.30,0.00,10.00,SCT
MDW,2022-01-22 10:53,21.90,9.00,15.00,220.00,30.27,0.00,10.00,BKN
MDW,2022-01-22 11:53,21.90,10.90,14.00,230.00,30.24,T,8.00,SCT
MDW,2022-01-22 12:53,21.90,12.00,12.00,230.00,30.23,T,8.00,BKN
MDW,2022-01-22 13:53,23.00,12.90,12.00,230.00,30.22,T,10.00,OVC
MDW,2022-01-22 14:53,24.10,12.90,13.00,230.00,30.21,T,10.00,OVC
MDW,2022-01-22 15:53,26.10,14.00,13.00,240.00,30.20,0.00,10.00,OVC
MDW,2022-01-22 16:53,27.00,15.10,16.00,250.00,30.18,0.00,10.00,BKN
MDW,2022-01-22 17:53,30.00,15.10,16.00,250.00,30.15,0.00,10.00,OVC
MDW,2022-01-22 18:53,32.00,17.10,15.00,260.00,30.11,0.00,10.00,FEW
MDW,2022-01-22 19:53,35.00,16.00,16.00,250.00,30.10,0.00,10.00,FEW
MDW,2022-01-22 20:53,36.00,14.00,14.00,270.00,30.09,0.00,10.00,FEW
MDW,2022-01-22 21:53,33.00,12.90,14.00,280.00,30.10,0.00,10.00,FEW
MDW,2022-01-22 22:53,30.90,10.90,13.00,290.00,30.09,0.00,10.00,FEW
MDW,2022-01-22 23:53,28.00,12.90,15.00,250.00,30.09,0.00,10.00,SCT
MDW,2022-01-23 00:53,26.10,10.90,13.00,280.00,30.10,0.00,10.00,SCT
MDW,2022-01-23 01:53,26.10,10.00,16.00,260.00,30.10,0.00,10.00,OVC
MDW,2022-01-23 02:53,25.00,8.10,16.00,260.00,30.08,0.00,10.00,OVC
MDW,2022-01-23 03:53,25.00,7.00,9.00,280.00,30.07,0.00,10.00,BKN
MDW,2022-01-23 04:53,23.00,15.10,8.00,280.00,30.04,T,2.00,BKN
MDW,2022-01-23 05:53,21.90,16.00,0.00,0.00,29.98,T,3.00,BKN
MDW,2022-01-23 06:53,23.00,18.00,5.00,160.00,29.93,0.01,1.50,OVC
MDW,2022-01-23 07:53,23.00,18.00,5.00,100.00,29.87,0.04,0.75,VV 
MDW,2022-01-23 08:53,23.00,18.00,9.00,40.00,29.86,0.06,0.50,VV 
MDW,2022-01-23 09:53,24.10,19.00,9.00,50.00,29.82,0.02,1.50,BKN
MDW,2022-01-23 10:53,24.10,19.90,8.00,10.00,29.82,0.02,1.00,BKN
MDW,2022-01-23 11:53,25.00,19.90,10.00,360.00,29.83,0.01,2.50,FEW
MDW,2022-01-23 12:53,21.90,17.10,18.00,340.00,29.87,T,3.00,SCT
MDW,2022-01-23 13:53,19.90,12.90,13.00,350.00,29.91,T,3.00,SCT
MDW,2022-01-23 14:53,19.00,12.00,17.00,340.00,29.94,T,8.00,BKN
MDW,2022-01-23 15:53,19.00,10.90,13.00,340.00,29.96,T,10.00,FEW
MDW,2022-01-23 16:53,19.00,10.00,14.00,350.00,29.98,T,10.00,FEW
MDW,2022-01-23 17:53,19.90,10.00,14.00,320.00,29.99,0.00,10.00,FEW
MDW,2022-01-23 18:53,21.90,10.00,10.00,320.00,29.98,0.00,10.00,FEW
MDW,2022-01-23 19:53,21.00,7.00,9.00,310.00,29.97,0.00,10.00,FEW
MDW,2022-01-23 20:53,21.90,7.00,8.00,290.00,29.98,0.00,10.00,FEW
MDW,2022-01-23 21:53,21.00,4.00,10.00,320.00,29.99,0.00,10.00,FEW
MDW,2022-01-23 22:53,18.00,3.00,9.00,320.00,29.99,0.00,10.00,FEW
MDW,2022-01-23 23:53,16.00,1.90,8.00,300.00,30.00,0.00,10.00,FEW
MDW,2022-01-24 00:53,12.90,0.00,6.00,290.00,30.00,0.00,10.00,FEW
MDW,2022-01-24 01:53,10.90,-0.90,3.00,280.00,29.97,0.00,10.00,FEW
MDW,2022-01-24 02:53,12.00,0.00,4.00,250.00,29.97,0.00,10.00,FEW
MDW,2022-01-24 03:53,12.90,1.90,5.00,220.00,29.93,0.00,10.00,FEW
MDW,2022-01-24 04:53,12.90,1.90,5.00,230.00,29.92,0.00,10.00,SCT
MDW,2022-01-24 05:53,12.90,3.00,6.00,220.00,29.88,0.00,10.00,SCT
MDW,2022-01-24 06:53,15.10,4.00,4.00,180.00,29.84,T,10.00,OVC
MDW,2022-01-24 07:53,16.00,6.00,7.00,190.00,29.81,T,8.00,BKN
MDW,2022-01-24 08:53,16.00,8.10,9.00,180.00,29.77,T,9.00,BKN
MDW,2022-01-24 09:53,18.00,10.90,8.00,170.00,29.72,T,9.00,OVC
MDW,2022-01-24 10:53,19.00,12.00,10.00,180.00,29.67,T,2.50,OVC
MDW,2022-01-24 11:53,19.90,15.10,5.00,190.00,29.66,0.02,1.75,OVC
MDW,2022-01-24 12:53,21.00,16.00,6.00,190.00,29.64,0.02,1.00,BKN
MDW,2022-01-24 13:53,21.90,17.10,8.00,200.00,29.63,0.02,1.00,BKN
MDW,2022-01-24 14:53,24.10,19.00,8.00,210.00,29.62,0.01,1.00,OVC
MDW,2022-01-24 15:53,26.10,19.90,7.00,210.00,29.61,T,1.25,BKN
MDW,2022-01-24 16:53,28.00,21.00,9.00,280.00,29.63,T,3.00,BKN
MDW,2022-01-24 17:53,28.00,19.00,10.00,300.00,29.63,T,10.00,OVC
MDW,2022-01-24 18:53,28.00,18.00,10.00,320.00,29.64,0.00,10.00,OVC
MDW,2022-01-24 19:53,28.00,17.10,8.00,310.00,29.67,0.00,10.00,OVC
MDW,2022-01-24 20:53,27.00,17.10,13.00,330.00,29.70,0.00,10.00,OVC
MDW,2022-01-24 21:53,25.00,15.10,12.00,330.00,29.75,T,10.00,BKN
MDW,2022-01-24 22:53,21.00,10.00,16.00,330.00,29.79,0.00,10.00,FEW
MDW,2022-01-24 23:53,19.00,8.10,12.00,320.00,29.84,0.00,10.00,FEW
MDW,2022-01-25 00:53,17.10,6.00,13.00,320.00,29.90,0.00,10.00,FEW
MDW,2022-01-25 01:53,16.00,5.00,10.00,320.00,29.94,0.00,10.00,CLR
MDW,2022-01-25 02:53,15.10,5.00,8.00,310.00,29.96,0.00,10.00,CLR
MDW,2022-01-25 03:53,15.10,4.00,10.00,320.00,29.98,0.00,10.00,CLR
MDW,2022-01-25 04:53,14.00,3.00,10.00,320.00,30.01,0.00,10.00,CLR
MDW,2022-01-25 05:53,12.90,3.00,9.00,310.00,30.03,0.00,10.00,CLR
MDW,2022-01-25 06:53,12.00,1.90,10.00,310.00,30.04,0.00,10.00,CLR
MDW,2022-01-25 07:53,10.90,1.00,8.00,310.00,30.07,0.00,10.00,CLR
MDW,2022-01-25 08:53,10.90,0.00,9.00,320.00,30.10,0.00,10.00,CLR
MDW,2022-01-25 09:53,9.00,-0.90,8.00,320.00,30.12,0.00,10.00,CLR
MDW,2022-01-25 10:53,8.10,-2.00,9.00,320.00,30.14,0.00,10.00,CLR
MDW,2022-01-25 11:53,7.00,-3.00,9.00,330.00,30.17,0.00,10.00,CLR
MDW,2022-01-25 12:53,6.00,-4.00,7.00,310.00,30.20,0.00,10.00,FEW
MDW,2022-01-25 13:53,6.00,-4.00,7.00,320.00,30.22,0.00,10.00,FEW
MDW,2022-01-25 14:53,8.10,-4.00,10.00,330.00,30.25,0.00,10.00,FEW
MDW,2022-01-25 15:53,10.00,-4.00,9.00,320.00,30.28,0.00,10.00,FEW
MDW,2022-01-25 16:53,12.00,-4.00,9.00,300.00,30.30,0.00,10.00,FEW
MDW,2022-01-25 17:53,14.00,-4.00,11.00,290.00,30.29,0.00,10.00,FEW
MDW,2022-01-25 18:53,14.00,-4.00,12.00,320.00,30.28,0.00,10.00,FEW
MDW,2022-01-25 19:53,14.00,-6.00,14.00,310.00,30.28,0.00,10.00,FEW
MDW,2022-01-25 20:53,14.00,-6.00,11.00,310.00,30.29,0.00,10.00,FEW
MDW,2022-01-25 21:53,14.00,-6.00,10.00,290.00,30.30,0.00,10.00,FEW
MDW,2022-01-25 22:53,12.00,-4.00,10.00,270.00,30.32,0.00,10.00,FEW
MDW,2022-01-25 23:53,9.00,-5.00,13.00,270.00,30.35,0.00,10.00,CLR
MDW,2022-01-26 00:53,7.00,-7.00,9.00,290.00,30.38,0.00,10.00,CLR
MDW,2022-01-26 01:53,6.00,-8.00,8.00,290.00,30.38,0.00,10.00,CLR
MDW,2022-01-26 02:53,5.00,-9.00,10.00,310.00,30.40,0.00,10.00,CLR
MDW,2022-01-26 03:53,4.00,-9.00,8.00,320.00,30.41,0.00,10.00,CLR
MDW,2022-01-26 04:53,3.00,-9.90,9.00,310.00,30.42,0.00,10.00,CLR
MDW,2022-01-26 05:53,1.90,-9.90,9.00,320.00,30.43,0.00,10.00,CLR
MDW,2022-01-26 06:53,1.00,-11.00,9.00,310.00,30.44,0.00,10.00,CLR
MDW,2022-01-26 07:53,0.00,-11.90,7.00,300.00,30.45,0.00,10.00,CLR
MDW,2022-01-26 08:53,-0.90,-11.90,8.00,310.00,30.46,0.00,10.00,CLR
MDW,2022-01-26 09:53,-2.00,-13.00,6.00,310.00,30.46,0.00,10.00,CLR
MDW,2022-01-26 10:53,-2.00,-13.00,5.00,290.00,30.48,0.00,10.00,CLR
MDW,2022-01-26 11:53,-3.00,-13.00,4.00,290.00,30.48,0.00,10.00,CLR
MDW,2022-01-26 12:53,-4.00,-13.00,5.00,280.00,30.49,0.00,10.00,FEW
MDW,2022-01-26 13:53,-4.00,-13.00,5.00,250.00,30.50,0.00,10.00,FEW
MDW,2022-01-26 14:53,-3.00,-11.00,5.00,250.00,30.50,0.00,10.00,FEW
MDW,2022-01-26 15:53,1.00,-9.90,5.00,220.00,30.50,0.00,10.00,CLR
MDW,2022-01-26 16:53,5.00,-9.00,8.00,220.00,30.49,0.00,10.00,CLR
MDW,2022-01-26 17:53,7.00,-9.00,8.00,240.00,30.46,0.00,10.00,CLR
MDW,2022-01-26 18:53,8.10,-8.00,9.00,250.00,30.44,0.00,10.00,CLR
MDW,2022-01-26 19:53,10.00,-8.00,8.00,230.00,30.40,0.00,10.00,CLR
MDW,2022-01-26 20:53,12.00,-6.00,7.00,200.00,30.38,0.00,10.00,FEW
MDW,2022-01-26 21:53,12.90,-4.00,8.00,200.00,30.36,0.00,10.00,FEW
MDW,2022-01-26 22:53,10.90,-3.00,9.00,190.00,30.35,0.00,10.00,FEW
MDW,2022-01-26 23:53,9.00,-4.00,8.00,180.00,30.34,0.00,10.00,FEW
MDW,2022-01-27 00:53,9.00,-3.00,8.00,180.00,30.31,0.00,10.00,FEW
MDW,2022-01-27 01:53,8.10,-3.00,7.00,190.00,30.28,0.00,10.00,FEW
MDW,2022-01-27 02:53,9.00,-3.00,9.00,190.00,30.26,0.00,10.00,FEW
MDW,2022-01-27 03:53,10.90,-2.00,8.00,200.00,30.24,0.00,10.00,FEW
MDW,2022-01-27 04:53,14.00,-0.90,13.00,210.00,30.23,0.00,10.00,SCT
MDW,2022-01-27 05:53,14.00,0.00,12.00,200.00,30.20,0.00,10.00,SCT
MDW,2022-01-27 06:53,16.00,1.90,13.00,210.00,30.18,0.00,10.00,OVC
MDW,2022-01-27 07:53,18.00,3.00,13.00,210.00,30.16,0.00,10.00,BKN
MDW,2022-01-27 08:53,19.00,4.00,10.00,220.00,30.14,0.00,10.00,FEW
MDW,2022-01-27 09:53,19.90,6.00,11.00,210.00,30.11,0.00,10.00,OVC
MDW,2022-01-27 10:53,21.00,8.10,10.00,220.00,30.11,0.00,10.00,OVC
MDW,2022-01-27 11:53,21.90,8.10,13.00,210.00,30.08,0.00,10.00,SCT
MDW,2022-01-27 12:53,24.10,9.00,13.00,210.00,30.09,0.00,10.00,FEW
MDW,2022-01-27 13:53,25.00,10.00,9.00,210.00,30.09,0.00,10.00,FEW
MDW,2022-01-27 14:53,27.00,10.90,10.00,230.00,30.09,0.00,10.00,FEW
MDW,2022-01-27 15:53,28.90,12.90,13.00,240.00,30.09,0.00,10.00,BKN
MDW,2022-01-27 16:53,30.90,15.10,17.00,260.00,30.09,0.00,10.00,BKN
MDW,2022-01-27 17:53,30.00,16.00,13.00,250.00,30.09,0.00,10.00,BKN
MDW,2022-01-27 18:53,30.90,18.00,12.00,260.00,30.08,0.00,10.00,BKN
MDW,2022-01-27 19:53,32.00,19.90,9.00,260.00,30.08,0.00,10.00,FEW
MDW,2022-01-27 20:53,33.00,19.90,11.00,260.00,30.10,0.00,10.00,BKN
MDW,2022-01-27 21:53,33.00,19.90,9.00,270.00,30.12,0.00,10.00,SCT
MDW,2022-01-27 22:53,30.90,19.90,5.00,260.00,30.15,0.00,10.00,SCT
MDW,2022-01-27 23:53,30.00,19.90,5.00,260.00,30.16,0.00,10.00,BKN
MDW,2022-01-28 00:53,30.90,21.00,4.00,270.00,30.18,T,10.00,SCT
MDW,2022-01-28 01:53,30.90,21.90,5.00,330.00,30.20,T,7.00,FEW
MDW,2022-01-28 02:53,30.90,23.00,7.00,20.00,30.20,T,9.00,OVC
MDW,2022-01-28 03:53,30.90,19.90,7.00,20.00,30.21,T,10.00,FEW
MDW,2022-01-28 04:53,30.00,19.00,10.00,20.00,30.21,T,10.00,BKN
MDW,2022-01-28 05:53,28.90,19.00,6.00,360.00,30.22,T,5.00,OVC
MDW,2022-01-28 06:53,27.00,21.90,10.00,360.00,30.22,T,1.25,FEW
MDW,2022-01-28 07:53,27.00,23.00,12.00,10.00,30.23,T,1.25,BKN
MDW,2022-01-28 08:53,24.10,19.90,13.00,360.00,30.23,T,0.75,VV 
MDW,2022-01-28 09:53,23.00,18.00,9.00,350.00,30.23,0.03,0.75,VV 
MDW,2022-01-28 10:53,21.90,17.10,10.00,350.00,30.24,0.03,0.50,VV 
MDW,2022-01-28 11:53,24.10,18.00,9.00,50.00,30.25,T,1.50,FEW
MDW,2022-01-28 12:53,24.10,16.00,8.00,50.00,30.28,T,1.75,FEW
MDW,2022-01-28 13:53,19.90,15.10,9.00,330.00,30.29,T,1.25,OVC
MDW,2022-01-28 14:53,19.90,14.00,11.00,350.00,30.30,T,1.75,OVC
MDW,2022-01-28 15:53,21.00,15.10,8.00,350.00,30.31,T,0.75,BKN
MDW,2022-01-28 16:53,21.90,15.10,7.00,340.00,30.32,T,1.25,OVC
MDW,2022-01-28 17:53,23.00,16.00,7.00,350.00,30.31,T,1.50,OVC
MDW,2022-01-28 18:53,23.00,16.00,8.00,330.00,30.29,T,4.00,FEW
MDW,2022-01-28 19:53,21.90,12.00,6.00,320.00,30.29,T,10.00,BKN
MDW,2022-01-28 20:53,25.00,10.90,9.00,310.00,30.29,0.00,10.00,FEW
MDW,2022-01-28 21:53,25.00,10.00,7.00,310.00,30.29,0.00,10.00,FEW
MDW,2022-01-28 22:53,23.00,9.00,6.00,310.00,30.30,0.00,10.00,FEW
MDW,2022-01-28 23:53,21.00,8.10,7.00,300.00,30.31,0.00,10.00,FEW
MDW,2022-01-29 00:53,18.00,6.00,8.00,300.00,30.33,0.00,10.00,CLR
MDW,2022-01-29 01:53,16.00,3.00,8.00,300.00,30.34,0.00,10.00,BKN
MDW,2022-01-29 02:53,16.00,3.00,7.00,290.00,30.33,0.00,10.00,BKN
MDW,2022-01-29 03:53,15.10,1.90,4.00,280.00,30.32,0.00,10.00,BKN
MDW,2022-01-29 04:53,12.90,1.00,6.00,270.00,30.31,0.00,10.00,SCT
MDW,2022-01-29 05:53,14.00,1.90,4.00,260.00,30.30,0.00,10.00,OVC
MDW,2022-01-29 06:53,14.00,1.90,4.00,290.00,30.28,0.00,10.00,OVC
MDW,2022-01-29 07:53,14.00,1.00,6.00,270.00,30.28,0.00,10.00,OVC
MDW,2022-01-29 08:53,10.90,0.00,7.00,250.00,30.27,0.00,10.00,BKN
MDW,2022-01-29 09:53,10.00,0.00,4.00,250.00,30.25,0.00,10.00,BKN
MDW,2022-01-29 10:53,12.00,1.00,6.00,280.00,30.24,0.00,10.00,OVC
MDW,2022-01-29 11:53,12.90,1.90,7.00,270.00,30.24,0.00,10.00,OVC
MDW,2022-01-29 12:53,10.90,1.00,7.00,230.00,30.24,0.00,10.00,FEW
MDW,2022-01-29 13:53,9.00,1.00,5.00,240.00,30.23,0.00,10.00,FEW
MDW,2022-01-29 14:53,10.90,1.90,7.00,240.00,30.23,0.00,10.00,FEW
MDW,2022-01-29 15:53,15.10,3.00,8.00,220.00,30.22,0.00,10.00,FEW
MDW,2022-01-29 16:53,17.10,1.90,7.00,220.00,30.20,0.00,10.00,FEW
MDW,2022-01-29 17:53,19.00,3.00,9.00,220.00,30.17,0.00,10.00,FEW
MDW,2022-01-29 18:53,21.00,4.00,8.00,190.00,30.11,0.00,10.00,FEW
MDW,2022-01-29 19:53,21.90,5.00,6.00,210.00,30.08,0.00,10.00,FEW
MDW,2022-01-29 20:53,21.90,4.00,8.00,200.00,30.06,0.00,10.00,FEW
MDW,2022-01-29 21:53,21.90,5.00,9.00,190.00,30.03,0.00,10.00,FEW
MDW,2022-01-29 22:53,21.90,7.00,8.00,210.00,30.02,0.00,10.00,OVC
MDW,2022-01-29 23:53,21.90,8.10,5.00,190.00,30.00,0.00,10.00,OVC
MDW,2022-01-30 00:53,23.00,8.10,6.00,170.00,29.98,0.00,10.00,OVC
MDW,2022-01-30 01:53,23.00,9.00,7.00,170.00,29.95,0.00,10.00,BKN
MDW,2022-01-30 02:53,21.90,8.10,6.00,160.00,29.94,0.00,10.00,BKN
MDW,2022-01-30 03:53,21.90,9.00,6.00,180.00,29.91,0.00,10.00,SCT
MDW,2022-01-30 04:53,21.90,9.00,5.00,160.00,29.89,0.00,10.00,FEW
MDW,2022-01-30 05:53,19.00,8.10,4.00,140.00,29.87,0.00,10.00,FEW
MDW,2022-01-30 06:53,19.90,8.10,5.00,160.00,29.84,0.00,10.00,CLR
MDW,2022-01-30 07:53,19.00,8.10,5.00,150.00,29.82,0.00,10.00,CLR
MDW,2022-01-30 08:53,19.00,9.00,3.00,170.00,29.81,0.00,10.00,CLR
MDW,2022-01-30 09:53,15.10,7.00,3.00,210.00,29.79,0.00,10.00,CLR
MDW,2022-01-30 10:53,16.00,8.10,0.00,0.00,29.81,0.00,10.00,CLR
MDW,2022-01-30 11:53,15.10,9.00,4.00,330.00,29.85,0.00,10.00,CLR
MDW,2022-01-30 12:53,15.10,9.00,5.00,320.00,29.86,0.00,10.00,CLR
MDW,2022-01-30 13:53,19.00,10.90,8.00,350.00,29.87,0.00,10.00,CLR
MDW,2022-01-30 14:53,19.90,12.00,7.00,330.00,29.91,0.00,10.00,BKN
MDW,2022-01-30 15:53,23.00,14.00,9.00,330.00,29.94,0.00,10.00,BKN
MDW,2022-01-30 16:53,28.00,16.00,5.00,320.00,29.95,0.00,10.00,BKN
MDW,2022-01-30 17:53,30.90,19.00,7.00,350.00,29.95,0.00,10.00,BKN
MDW,2022-01-30 18:53,32.00,19.90,5.00,360.00,29.95,0.00,10.00,SCT
MDW,2022-01-30 19:53,32.00,21.00,7.00,360.00,29.97,0.00,10.00,BKN
MDW,2022-01-30 20:53,30.90,19.00,9.00,310.00,30.00,T,10.00,OVC
MDW,2022-01-30 21:53,30.90,19.00,8.00,340.00,30.02,0.00,10.00,OVC
MDW,2022-01-30 22:53,30.90,18.00,9.00,340.00,30.04,0.00,10.00,OVC
MDW,2022-01-30 23:53,30.00,17.10,5.00,360.00,30.05,0.00,10.00,OVC
MDW,2022-01-31 00:53,30.00,17.10,5.00,330.00,30.08,0.00,10.00,OVC
MDW,2022-01-31 01:53,30.00,16.00,6.00,340.00,30.08,0.00,10.00,OVC
MDW,2022-01-31 02:53,30.00,17.10,4.00,300.00,30.10,0.00,10.00,OVC
MDW,2022-01-31 03:53,28.90,16.00,5.00,300.00,30.11,0.00,10.00,SCT
MDW,2022-01-31 04:53,28.90,16.00,3.00,290.00,30.11,0.00,10.00,BKN
MDW,2022-01-31 05:53,28.90,16.00,3.00,280.00,30.11,0.00,10.00,OVC
MDW,2022-01-31 06:53,28.90,17.10,3.00,280.00,30.11,0.00,10.00,FEW
MDW,2022-01-31 07:53,28.00,17.10,4.00,310.00,30.11,0.00,10.00,OVC
MDW,2022-01-31 08:53,28.90,17.10,0.00,0.00,30.10,0.00,10.00,OVC
MDW,2022-01-31 09:53,28.00,18.00,0.00,0.00,30.10,0.00,10.00,OVC
MDW,2022-01-31 10:53,28.90,18.00,0.00,0.00,30.12,0.00,10.00,OVC
MDW,2022-01-31 11:53,28.90,19.90,0.00,0.00,30.12,0.00,10.00,OVC
MDW,2022-01-31 12:53,28.90,19.90,3.00,130.00,30.13,0.00,10.00,OVC
MDW,2022-01-31 13:53,30.00,19.90,5.00,190.00,30.14,0.00,8.00,OVC
MDW,2022-01-31 14:53,30.90,19.90,7.00,170.00,30.14,0.00,8.00,OVC
MDW,2022-01-31 15:53,32.00,21.90,7.00,160.00,30.14,0.00,7.00,OVC
MDW,2022-01-31 16:53,34.00,21.90,8.00,190.00,30.14,0.00,7.00,BKN
MDW,2022-01-31 17:53,35.00,21.00,8.00,170.00,30.12,0.00,8.00,FEW
MDW,2022-01-31 18:53,34.00,19.00,11.00,160.00,30.10,0.00,10.00,FEW
MDW,2022-01-31 19:53,35.00,18.00,13.00,170.00,30.07,0.00,10.00,FEW
MDW,2022-01-31 20:53,34.00,17.10,11.00,150.00,30.06,0.00,10.00,BKN
MDW,2022-01-31 21:53,34.00,17.10,13.00,160.00,30.07,0.00,10.00,SCT
MDW,2022-01-31 22:53,33.00,19.00,10.00,140.00,30.06,0.00,9.00,FEW
MDW,2022-01-31 23:53,32.00,19.00,13.00,140.00,30.06,0.00,9.00,SCT
MDW,2022-02-01 00:53,32.00,19.00,11.00,140.00,30.05,0.00,10.00,SCT
MDW,2022-02-01 01:53,32.00,19.00,9.00,140.00,30.04,0.00,10.00,SCT
MDW,2022-02-01 02:53,33.00,19.90,8.00,150.00,30.02,0.00,10.00,SCT
MDW,2022-02-01 03:53,33.00,19.90,9.00,150.00,30.01,0.00,10.00,FEW
MDW,2022-02-01 04:53,34.00,21.00,9.00,170.00,30.00,0.00,10.00,FEW
MDW,2022-02-01 05:53,34.00,21.90,9.00,170.00,29.98,0.00,10.00,FEW
MDW,2022-02-01 06:53,34.00,21.90,9.00,170.00,29.96,0.00,10.00,BKN
MDW,2022-02-01 07:53,35.00,21.90,11.00,170.00,29.95,0.00,10.00,BKN
MDW,2022-02-01 08:53,36.00,21.90,10.00,180.00,29.93,0.00,10.00,FEW
MDW,2022-02-01 09:53,37.00,23.00,9.00,190.00,29.91,0.00,10.00,OVC
MDW,2022-02-01 10:53,38.00,23.00,13.00,190.00,29.89,0.00,10.00,OVC
MDW,2022-02-01 11:53,38.00,24.10,11.00,190.00,29.89,0.00,10.00,OVC
MDW,2022-02-01 12:53,38.00,25.00,11.00,190.00,29.86,0.00,10.00,FEW
MDW,2022-02-01 13:53,40.00,26.10,12.00,200.00,29.87,0.00,10.00,FEW
MDW,2022-02-01 14:53,42.00,28.00,15.00,200.00,29.87,0.00,10.00,FEW
MDW,2022-02-01 15:53,43.00,30.00,12.00,210.00,29.89,0.00,10.00,FEW
MDW,2022-02-01 16:53,47.00,33.00,12.00,210.00,29.89,0.00,10.00,FEW
MDW,2022-02-01 17:53,47.00,34.00,9.00,210.00,29.88,0.00,10.00,FEW
MDW,2022-02-01 18:53,46.00,34.00,9.00,200.00,29.88,T,10.00,FEW
MDW,2022-02-01 19:53,45.00,37.00,5.00,220.00,29.88,0.02,7.00,BKN
MDW,2022-02-01 20:53,44.00,38.00,9.00,250.00,29.91,0.02,5.00,OVC
MDW,2022-02-01 21:53,42.00,37.00,9.00,250.00,29.92,0.02,6.00,OVC
MDW,2022-02-01 22:53,41.00,36.00,8.00,260.00,29.96,T,8.00,OVC
MDW,2022-02-01 23:53,40.00,35.00,8.00,250.00,29.99,T,10.00,OVC
MDW,2022-02-02 00:53,39.00,35.00,5.00,250.00,30.01,0.01,9.00,FEW
MDW,2022-02-02 01:53,39.00,34.00,6.00,270.00,30.04,T,10.00,OVC
MDW,2022-02-02 02:53,39.00,33.00,7.00,300.00,30.05,T,10.00,OVC
MDW,2022-02-02 03:53,38.00,30.00,8.00,320.00,30.05,T,10.00,BKN
MDW,2022-02-02 04:53,35.00,30.00,11.00,330.00,30.06,T,1.00,VV 
MDW,2022-02-02 05:53,33.00,30.00,12.00,320.00,30.09,0.04,1.00,VV 
MDW,2022-02-02 06:53,32.00,28.00,13.00,340.00,30.11,0.02,0.75,OVC
MDW,2022-02-02 07:53,30.90,27.00,9.00,330.00,30.13,0.02,1.00,VV 
MDW,2022-02-02 08:53,30.00,26.10,9.00,330.00,30.13,0.01,1.00,VV 
MDW,2022-02-02 09:53,28.90,24.10,11.00,350.00,30.15,T,1.25,FEW
MDW,2022-02-02 10:53,28.00,23.00,11.00,10.00,30.15,T,2.50,FEW
MDW,2022-02-02 11:53,27.00,23.00,9.00,360.00,30.16,0.01,1.00,FEW
MDW,2022-02-02 12:53,26.10,21.90,11.00,360.00,30.18,0.02,0.75,VV 
MDW,2022-02-02 13:53,24.10,19.00,14.00,360.00,30.20,0.01,0.75,VV 
MDW,2022-02-02 14:53,21.90,18.00,12.00,350.00,30.22,0.02,0.50,VV 
MDW,2022-02-02 15:53,21.90,16.00,16.00,350.00,30.24,T,1.00,VV 
MDW,2022-02-02 16:53,21.00,15.10,15.00,350.00,30.23,0.01,0.50,VV 
MDW,2022-02-02 17:53,19.90,15.10,12.00,350.00,30.23,T,0.50,VV 
MDW,2022-02-02 18:53,21.00,15.10,15.00,350.00,30.22,T,0.75,VV 
MDW,2022-02-02 19:53,21.00,15.10,13.00,350.00,30.21,0.01,1.50,BKN
MDW,2022-02-02 20:53,23.00,17.10,14.00,350.00,30.23,T,0.75,VV 
MDW,2022-02-02 21:53,23.00,17.10,17.00,10.00,30.24,T,1.25,OVC
MDW,2022-02-02 22:53,24.10,17.10,17.00,10.00,30.25,T,10.00,OVC
MDW,2022-02-02 23:53,24.10,17.10,14.00,360.00,30.28,0.00,10.00,OVC
MDW,2022-02-03 00:53,24.10,16.00,19.00,10.00,30.30,T,10.00,OVC
MDW,2022-02-03 01:53,21.90,12.00,16.00,350.00,30.33,0.00,10.00,OVC
MDW,2022-02-03 02:53,19.90,10.00,14.00,360.00,30.33,T,10.00,OVC
MDW,2022-02-03 03:53,19.90,10.00,15.00,350.00,30.34,T,10.00,OVC
MDW,2022-02-03 04:53,19.90,10.00,12.00,350.00,30.35,T,10.00,OVC
MDW,2022-02-03 05:53,19.90,9.00,17.00,350.00,30.35,T,10.00,OVC
MDW,2022-02-03 06:53,19.90,9.00,15.00,350.00,30.35,T,10.00,FEW
MDW,2022-02-03 07:53,19.90,9.00,16.00,350.00,30.37,T,10.00,OVC
MDW,2022-02-03 08:53,19.90,10.00,12.00,350.00,30.39,T,10.00,OVC
MDW,2022-02-03 09:53,21.00,12.00,13.00,350.00,30.39,T,10.00,OVC
MDW,2022-02-03 10:53,21.90,14.00,10.00,340.00,30.38,T,10.00,OVC
MDW,2022-02-03 11:53,27.00,18.00,17.00,40.00,30.41,T,10.00,OVC
MDW,2022-02-03 12:53,26.10,18.00,18.00,50.00,30.42,T,10.00,OVC
MDW,2022-02-03 13:53,23.00,15.10,12.00,350.00,30.43,T,10.00,OVC
MDW,2022-02-03 14:53,26.10,17.10,21.00,40.00,30.43,T,10.00,OVC
MDW,2022-02-03 15:53,26.10,17.10,15.00,40.00,30.42,T,10.00,OVC
MDW,2022-02-03 16:53,26.10,16.00,16.00,40.00,30.42,T,10.00,OVC
MDW,2022-02-03 17:53,26.10,16.00,19.00,30.00,30.40,T,10.00,OVC
MDW,2022-02-03 18:53,26.10,16.00,20.00,30.00,30.39,T,10.00,BKN
MDW,2022-02-03 19:53,26.10,16.00,18.00,30.00,30.37,T,10.00,OVC
MDW,2022-02-03 20:53,26.10,15.10,19.00,30.00,30.36,T,10.00,BKN
MDW,2022-02-03 21:53,26.10,16.00,20.00,30.00,30.35,T,10.00,OVC
MDW,2022-02-03 22:53,26.10,15.10,17.00,30.00,30.37,T,10.00,OVC
MDW,2022-02-03 23:53,26.10,15.10,19.00,30.00,30.38,T,10.00,OVC
MDW,2022-02-04 00:53,26.10,15.10,16.00,30.00,30.39,T,10.00,OVC
MDW,2022-02-04 01:53,26.10,15.10,14.00,40.00,30.38,T,10.00,OVC
MDW,2022-02-04 02:53,26.10,15.10,12.00,20.00,30.38,T,10.00,OVC
MDW,2022-02-04 03:53,26.10,15.10,13.00,50.00,30.39,T,10.00,OVC
MDW,2022-02-04 04:53,26.10,14.00,11.00,40.00,30.37,T,10.00,OVC
MDW,2022-02-04 05:53,21.90,14.00,8.00,330.00,30.35,T,10.00,OVC
MDW,2022-02-04 06:53,21.00,12.90,8.00,330.00,30.35,T,10.00,OVC
MDW,2022-02-04 07:53,21.00,12.90,9.00,330.00,30.35,T,10.00,OVC
MDW,2022-02-04 08:53,19.90,12.00,10.00,330.00,30.35,T,10.00,OVC
MDW,2022-02-04 09:53,19.00,10.90,8.00,320.00,30.36,T,10.00,OVC
MDW,2022-02-04 10:53,18.00,10.00,11.00,320.00,30.37,T,10.00,BKN
MDW,2022-02-04 11:53,17.10,9.00,6.00,330.00,30.38,T,10.00,BKN
MDW,2022-02-04 12:53,16.00,8.10,5.00,320.00,30.39,T,10.00,FEW
MDW,2022-02-04 13:53,16.00,9.00,4.00,310.00,30.38,T,10.00,FEW
MDW,2022-02-04 14:53,18.00,10.00,4.00,310.00,30.37,0.00,10.00,FEW
MDW,2022-02-04 15:53,21.00,12.00,3.00,310.00,30.35,0.00,10.00,FEW
MDW,2022-02-04 16:53,24.10,10.90,7.00,300.00,30.34,0.00,10.00,FEW
MDW,2022-02-04 17:53,25.00,9.00,9.00,260.00,30.31,0.00,10.00,FEW
MDW,2022-02-04 18:53,25.00,9.00,7.00,250.00,30.28,0.00,10.00,SCT
MDW,2022-02-04 19:53,25.00,8.10,10.00,260.00,30.26,0.00,10.00,FEW
MDW,2022-02-04 20:53,25.00,7.00,12.00,260.00,30.26,0.00,10.00,FEW
MDW,2022-02-04 21:53,24.10,9.00,11.00,250.00,30.27,0.00,10.00,FEW
MDW,2022-02-04 22:53,21.90,12.90,13.00,250.00,30.27,T,2.00,BKN
MDW,2022-02-04 23:53,21.00,14.00,12.00,250.00,30.27,T,1.75,BKN
MDW,2022-02-05 00:53,21.00,14.00,12.00,250.00,30.28,T,8.00,FEW
MDW,2022-02-05 01:53,21.00,12.90,9.00,250.00,30.27,T,1.25,BKN
MDW,2022-02-05 02:53,19.00,10.00,14.00,300.00,30.30,T,3.00,BKN
MDW,2022-02-05 03:53,16.00,6.00,14.00,300.00,30.33,T,9.00,FEW
MDW,2022-02-05 04:53,12.90,4.00,12.00,310.00,30.35,T,10.00,FEW
MDW,2022-02-05 05:53,12.00,4.00,9.00,300.00,30.37,T,10.00,FEW
MDW,2022-02-05 06:53,12.00,4.00,7.00,290.00,30.39,T,10.00,FEW
MDW,2022-02-05 07:53,10.90,1.90,10.00,290.00,30.40,T,10.00,FEW
MDW,2022-02-05 08:53,9.00,1.00,9.00,290.00,30.42,0.00,10.00,FEW
MDW,2022-02-05 09:53,8.10,1.00,6.00,310.00,30.42,0.00,10.00,SCT
MDW,2022-02-05 10:53,8.10,0.00,5.00,290.00,30.44,0.00,10.00,BKN
MDW,2022-02-05 11:53,7.00,0.00,4.00,270.00,30.46,0.00,10.00,SCT
MDW,2022-02-05 12:53,7.00,0.00,6.00,270.00,30.46,0.00,10.00,FEW
MDW,2022-02-05 13:53,6.00,-0.90,0.00,0.00,30.47,0.00,10.00,FEW
MDW,2022-02-05 14:53,10.00,1.00,6.00,270.00,30.48,0.00,10.00,CLR
MDW,2022-02-05 15:53,12.00,3.00,7.00,220.00,30.49,0.00,10.00,FEW
MDW,2022-02-05 16:53,16.00,4.00,7.00,200.00,30.46,0.00,10.00,BKN
MDW,2022-02-05 17:53,18.00,4.00,9.00,220.00,30.46,0.00,10.00,BKN
MDW,2022-02-05 18:53,19.00,3.00,13.00,210.00,30.40,0.00,10.00,SCT
MDW,2022-02-05 19:53,19.00,4.00,13.00,200.00,30.38,0.00,10.00,FEW
MDW,2022-02-05 20:53,18.00,3.00,14.00,200.00,30.36,0.00,10.00,FEW
MDW,2022-02-05 21:53,18.00,3.00,12.00,190.00,30.34,0.00,10.00,FEW
MDW,2022-02-05 22:53,17.10,4.00,11.00,190.00,30.31,0.00,10.00,FEW
MDW,2022-02-05 23:53,16.00,4.00,16.00,180.00,30.27,0.00,10.00,FEW
MDW,2022-02-06 00:53,16.00,5.00,14.00,180.00,30.26,0.00,10.00,FEW
MDW,2022-02-06 01:53,17.10,5.00,13.00,190.00,30.24,0.00,10.00,FEW
MDW,2022-02-06 02:53,18.00,5.00,12.00,190.00,30.21,0.00,10.00,FEW
MDW,2022-02-06 03:53,18.00,4.00,13.00,210.00,30.21,0.00,10.00,FEW
MDW,2022-02-06 04:53,19.00,4.00,15.00,200.00,30.21,0.00,10.00,FEW
MDW,2022-02-06 05:53,18.00,6.00,15.00,200.00,30.20,0.00,10.00,FEW
MDW,2022-02-06 06:53,19.00,6.00,10.00,210.00,30.20,0.00,10.00,FEW
MDW,2022-02-06 07:53,19.00,7.00,9.00,210.00,30.19,0.00,10.00,FEW
MDW,2022-02-06 08:53,19.00,9.00,10.00,200.00,30.18,0.00,10.00,CLR
MDW,2022-02-06 09:53,19.00,9.00,11.00,210.00,30.16,0.00,10.00,CLR
MDW,2022-02-06 10:53,19.00,9.00,10.00,210.00,30.16,0.00,10.00,CLR
MDW,2022-02-06 11:53,19.00,10.00,9.00,210.00,30.16,0.00,10.00,CLR
MDW,2022-02-06 12:53,19.00,10.00,8.00,200.00,30.16,0.00,10.00,FEW
MDW,2022-02-06 13:53,19.90,10.90,11.00,210.00,30.17,0.00,10.00,FEW
MDW,2022-02-06 14:53,23.00,12.00,12.00,210.00,30.17,0.00,10.00,FEW
MDW,2022-02-06 15:53,27.00,15.10,14.00,200.00,30.16,0.00,10.00,SCT
MDW,2022-02-06 16:53,28.90,16.00,11.00,210.00,30.17,0.00,10.00,BKN
MDW,2022-02-06 17:53,30.90,18.00,11.00,200.00,30.15,0.00,10.00,SCT
MDW,2022-02-06 18:53,32.00,19.00,11.00,200.00,30.12,0.00,10.00,SCT
MDW,2022-02-06 19:53,33.00,19.90,11.00,200.00,30.10,0.00,10.00,SCT
MDW,2022-02-06 20:53,33.00,19.90,14.00,200.00,30.09,0.00,10.00,FEW
MDW,2022-02-06 21:53,33.00,21.00,13.00,190.00,30.09,0.00,10.00,FEW
MDW,2022-02-06 22:53,32.00,21.00,12.00,200.00,30.09,0.00,10.00,FEW
MDW,2022-02-06 23:53,30.90,21.00,11.00,220.00,30.10,0.00,10.00,FEW
MDW,2022-02-07 00:53,30.00,21.00,11.00,210.00,30.11,0.00,10.00,FEW
MDW,2022-02-07 01:53,30.00,21.00,10.00,210.00,30.10,0.00,10.00,SCT
MDW,2022-02-07 02:53,30.90,21.00,10.00,210.00,30.10,0.00,10.00,FEW
MDW,2022-02-07 03:53,30.00,21.00,9.00,230.00,30.11,0.00,10.00,SCT
MDW,2022-02-07 04:53,30.90,23.00,7.00,240.00,30.11,0.00,10.00,OVC
MDW,2022-02-07 05:53,32.00,25.00,12.00,250.00,30.11,0.00,10.00,OVC
MDW,2022-02-07 06:53,30.90,26.10,10.00,270.00,30.11,T,6.00,OVC
MDW,2022-02-07 07:53,28.90,21.90,13.00,250.00,30.11,T,10.00,OVC
MDW,2022-02-07 08:53,27.00,19.90,14.00,270.00,30.12,T,10.00,OVC
MDW,2022-02-07 09:53,25.00,17.10,14.00,280.00,30.13,0.00,10.00,OVC
MDW,2022-02-07 10:53,24.10,17.10,13.00,290.00,30.13,0.00,10.00,OVC
MDW,2022-02-07 11:53,23.00,17.10,10.00,280.00,30.14,T,7.00,OVC
MDW,2022-02-07 12:53,23.00,18.00,9.00,290.00,30.16,T,4.00,OVC
MDW,2022-02-07 13:53,23.00,18.00,9.00,290.00,30.17,0.00,7.00,FEW
MDW,2022-02-07 14:53,24.10,12.90,13.00,330.00,30.18,T,10.00,SCT
MDW,2022-02-07 15:53,23.00,14.00,10.00,310.00,30.19,T,7.00,OVC
MDW,2022-02-07 16:53,24.10,10.90,13.00,330.00,30.20,T,10.00,BKN
MDW,2022-02-07 17:53,24.10,10.90,6.00,310.00,30.19,0.00,10.00,BKN
MDW,2022-02-07 18:53,24.10,12.00,7.00,300.00,30.18,0.00,10.00,BKN
MDW,2022-02-07 19:53,25.00,12.00,7.00,300.00,30.17,0.00,10.00,BKN
MDW,2022-02-07 20:53,26.10,10.90,9.00,270.00,30.17,0.00,10.00,BKN
MDW,2022-02-07 21:53,25.00,12.00,10.00,270.00,30.17,0.00,10.00,SCT
MDW,2022-02-07 22:53,24.10,10.90,6.00,290.00,30.17,0.00,10.00,FEW
MDW,2022-02-07 23:53,23.00,10.90,6.00,270.00,30.17,0.00,10.00,FEW
MDW,2022-02-08 00:53,21.90,10.90,4.00,270.00,30.19,0.00,10.00,CLR
MDW,2022-02-08 01:53,21.00,10.90,7.00,220.00,30.18,0.00,10.00,CLR
MDW,2022-02-08 02:53,19.00,10.90,7.00,210.00,30.18,0.00,10.00,CLR
MDW,2022-02-08 03:53,18.00,10.00,6.00,230.00,30.17,0.00,10.00,BKN
MDW,2022-02-08 04:53,18.00,10.00,6.00,230.00,30.16,0.00,10.00,BKN
MDW,2022-02-08 05:53,18.00,10.90,8.00,200.00,30.14,0.00,10.00,OVC
MDW,2022-02-08 06:53,19.00,10.90,4.00,200.00,30.12,0.00,10.00,OVC
MDW,2022-02-08 07:53,19.90,12.00,6.00,170.00,30.10,0.00,10.00,OVC
MDW,2022-02-08 08:53,19.90,10.90,6.00,170.00,30.10,0.00,10.00,FEW
MDW,2022-02-08 09:53,19.90,10.90,6.00,180.00,30.08,0.00,10.00,OVC
MDW,2022-02-08 10:53,19.90,10.00,8.00,190.00,30.07,0.00,9.00,OVC
MDW,2022-02-08 11:53,19.90,10.00,7.00,180.00,30.05,0.00,9.00,OVC
MDW,2022-02-08 12:53,19.90,10.00,7.00,170.00,30.03,0.00,9.00,FEW
MDW,2022-02-08 13:53,21.00,10.00,7.00,170.00,30.03,0.00,10.00,FEW
MDW,2022-02-08 14:53,24.10,10.90,9.00,180.00,30.01,0.00,10.00,FEW
MDW,2022-02-08 15:53,28.00,14.00,10.00,180.00,29.98,0.00,10.00,FEW
MDW,2022-02-08 16:53,30.00,16.00,9.00,190.00,29.96,0.00,10.00,FEW
MDW,2022-02-08 17:53,30.90,18.00,12.00,220.00,29.93,0.00,10.00,FEW
MDW,2022-02-08 18:53,33.00,19.90,12.00,200.00,29.88,0.00,10.00,FEW
MDW,2022-02-08 19:53,34.00,21.90,11.00,190.00,29.85,0.00,10.00,FEW
MDW,2022-02-08 20:53,36.00,24.10,9.00,190.00,29.81,0.00,10.00,FEW
MDW,2022-02-08 21:53,37.00,25.00,12.00,190.00,29.81,0.00,10.00,SCT
MDW,2022-02-08 22:53,37.00,26.10,12.00,190.00,29.79,0.00,10.00,BKN
MDW,2022-02-08 23:53,37.00,27.00,11.00,200.00,29.79,0.00,10.00,BKN
MDW,2022-02-09 00:53,38.00,28.00,10.00,200.00,29.78,0.00,10.00,BKN
MDW,2022-02-09 01:53,38.00,28.00,9.00,210.00,29.77,0.00,10.00,SCT
MDW,2022-02-09 02:53,38.00,28.90,12.00,210.00,29.75,0.00,10.00,BKN
MDW,2022-02-09 03:53,39.00,28.90,8.00,220.00,29.75,0.00,10.00,BKN
MDW,2022-02-09 04:53,40.00,28.90,11.00,260.00,29.75,0.00,10.00,FEW
MDW,2022-02-09 05:53,39.00,28.90,11.00,270.00,29.74,0.00,10.00,OVC
MDW,2022-02-09 06:53,38.00,28.00,7.00,250.00,29.72,0.00,10.00,SCT
MDW,2022-02-09 07:53,36.00,28.00,10.00,250.00,29.73,0.00,10.00,FEW
MDW,2022-02-09 08:53,34.00,27.00,7.00,220.00,29.71,0.00,10.00,FEW
MDW,2022-02-09 09:53,35.00,28.00,8.00,230.00,29.70,0.00,10.00,FEW
MDW,2022-02-09 10:53,35.00,28.00,8.00,230.00,29.70,0.00,10.00,FEW
MDW,2022-02-09 11:53,35.00,28.00,12.00,250.00,29.71,0.00,10.00,FEW
MDW,2022-02-09 12:53,34.00,27.00,9.00,250.00,29.72,0.00,10.00,FEW
MDW,2022-02-09 13:53,34.00,27.00,8.00,240.00,29.73,0.00,10.00,BKN
MDW,2022-02-09 14:53,36.00,28.00,11.00,230.00,29.73,0.00,10.00,OVC
MDW,2022-02-09 15:53,37.00,28.00,10.00,240.00,29.72,0.00,10.00,OVC
MDW,2022-02-09 16:53,38.00,28.90,11.00,240.00,29.71,0.00,10.00,BKN
MDW,2022-02-09 17:53,40.00,28.90,12.00,250.00,29.69,0.00,10.00,FEW
MDW,2022-02-09 18:53,41.00,28.00,16.00,270.00,29.69,0.00,10.00,BKN
MDW,2022-02-09 19:53,41.00,30.00,14.00,240.00,29.68,0.00,10.00,SCT
MDW,2022-02-09 20:53,40.00,30.00,11.00,260.00,29.70,0.00,10.00,SCT
MDW,2022-02-09 21:53,40.00,30.00,16.00,260.00,29.71,0.00,10.00,BKN
MDW,2022-02-09 22:53,39.00,30.00,9.00,250.00,29.72,0.00,10.00,SCT
MDW,2022-02-09 23:53,39.00,30.00,16.00,260.00,29.74,T,10.00,FEW
MDW,2022-02-10 00:53,39.00,28.90,14.00,260.00,29.76,T,10.00,OVC
MDW,2022-02-10 01:53,38.00,28.90,17.00,270.00,29.77,T,10.00,SCT
MDW,2022-02-10 02:53,38.00,28.00,12.00,270.00,29.77,T,10.00,BKN
MDW,2022-02-10 03:53,37.00,28.00,9.00,260.00,29.78,T,10.00,OVC
MDW,2022-02-10 04:53,37.00,28.00,14.00,270.00,29.79,0.00,10.00,FEW
MDW,2022-02-10 05:53,36.00,28.00,12.00,270.00,29.80,T,10.00,SCT
MDW,2022-02-10 06:53,36.00,27.00,12.00,280.00,29.81,T,10.00,BKN
MDW,2022-02-10 07:53,35.00,26.10,15.00,280.00,29.83,T,9.00,BKN
MDW,2022-02-10 08:53,34.00,26.10,8.00,300.00,29.84,T,10.00,OVC
MDW,2022-02-10 09:53,32.00,25.00,9.00,310.00,29.85,T,10.00,OVC
MDW,2022-02-10 10:53,32.00,21.00,11.00,310.00,29.87,T,10.00,BKN
MDW,2022-02-10 11:53,30.90,21.00,8.00,310.00,29.90,0.00,10.00,OVC
MDW,2022-02-10 12:53,30.90,19.00,12.00,320.00,29.92,0.00,10.00,OVC
MDW,2022-02-10 13:53,30.90,18.00,10.00,310.00,29.94,0.00,10.00,OVC
MDW,2022-02-10 14:53,30.90,19.00,11.00,310.00,29.96,0.00,10.00,OVC
MDW,2022-02-10 15:53,30.90,19.00,8.00,270.00,29.96,0.00,10.00,OVC
MDW,2022-02-10 16:53,30.90,19.00,7.00,260.00,29.96,0.00,10.00,OVC
MDW,2022-02-10 17:53,30.90,21.00,10.00,260.00,29.95,0.00,10.00,OVC
MDW,2022-02-10 18:53,30.90,21.90,14.00,260.00,29.93,0.00,10.00,OVC
MDW,2022-02-10 19:53,30.90,21.00,12.00,260.00,29.92,0.00,10.00,OVC
MDW,2022-02-10 20:53,30.00,19.90,14.00,240.00,29.90,0.00,10.00,OVC
MDW,2022-02-10 21:53,28.90,19.90,13.00,240.00,29.90,0.00,10.00,BKN
MDW,2022-02-10 22:53,28.00,19.00,14.00,220.00,29.86,0.00,10.00,BKN
MDW,2022-02-10 23:53,28.00,19.90,10.00,230.00,29.86,0.00,10.00,BKN
MDW,2022-02-11 00:53,28.90,19.90,12.00,220.00,29.83,0.00,10.00,OVC
MDW,2022-02-11 01:53,28.90,21.00,12.00,220.00,29.81,0.00,10.00,BKN
MDW,2022-02-11 02:53,30.00,23.00,13.00,190.00,29.71,0.00,10.00,FEW
MDW,2022-02-11 03:53,30.90,23.00,13.00,210.00,29.74,0.00,10.00,FEW
MDW,2022-02-11 04:53,30.90,24.10,12.00,210.00,29.68,0.00,10.00,OVC
MDW,2022-02-11 05:53,34.00,25.00,15.00,210.00,29.63,T,10.00,OVC
MDW,2022-02-11 06:53,34.00,28.90,17.00,210.00,29.58,T,2.00,OVC
MDW,2022-02-11 07:53,35.00,30.90,17.00,210.00,29.54,0.05,2.00,BKN
MDW,2022-02-11 08:53,36.00,32.00,14.00,210.00,29.52,0.07,4.00,FEW
MDW,2022-02-11 09:53,38.00,34.00,16.00,220.00,29.48,0.02,10.00,SCT
MDW,2022-02-11 10:53,39.00,34.00,15.00,240.00,29.49,T,10.00,BKN
MDW,2022-02-11 11:53,39.00,34.00,12.00,230.00,29.49,T,10.00,SCT
MDW,2022-02-11 12:53,39.00,34.00,12.00,240.00,29.49,0.00,10.00,OVC
MDW,2022-02-11 13:53,39.00,34.00,13.00,220.00,29.50,0.00,10.00,OVC
MDW,2022-02-11 14:53,40.00,34.00,12.00,220.00,29.51,0.00,10.00,SCT
MDW,2022-02-11 15:53,41.00,35.00,12.00,240.00,29.53,0.00,10.00,SCT
MDW,2022-02-11 16:53,41.00,35.00,14.00,240.00,29.54,0.00,10.00,BKN
MDW,2022-02-11 17:53,41.00,35.00,15.00,260.00,29.55,0.00,10.00,BKN
MDW,2022-02-11 18:53,43.00,34.00,15.00,270.00,29.54,0.00,10.00,BKN
MDW,2022-02-11 19:53,44.00,33.00,17.00,270.00,29.57,0.00,10.00,BKN
MDW,2022-02-11 20:53,44.00,33.00,12.00,260.00,29.60,0.00,10.00,SCT
MDW,2022-02-11 21:53,43.00,30.90,16.00,280.00,29.64,T,10.00,FEW
MDW,2022-02-11 22:53,39.00,26.10,21.00,270.00,29.70,0.00,10.00,SCT
MDW,2022-02-11 23:53,36.00,24.10,19.00,280.00,29.75,0.00,10.00,BKN
MDW,2022-02-12 00:53,34.00,24.10,18.00,290.00,29.80,T,9.00,OVC
MDW,2022-02-12 01:53,32.00,24.10,13.00,290.00,29.85,T,10.00,OVC
MDW,2022-02-12 02:53,30.90,23.00,14.00,290.00,29.89,T,10.00,OVC
MDW,2022-02-12 03:53,30.90,21.90,13.00,290.00,29.93,T,10.00,BKN
MDW,2022-02-12 04:53,30.90,21.00,11.00,300.00,29.97,T,10.00,OVC
MDW,2022-02-12 05:53,30.90,21.00,11.00,300.00,30.00,T,10.00,BKN
MDW,2022-02-12 06:53,28.90,19.00,10.00,340.00,30.04,T,10.00,OVC
MDW,2022-02-12 07:53,26.10,16.00,17.00,330.00,30.08,T,9.00,OVC
MDW,2022-02-12 08:53,24.10,12.00,14.00,340.00,30.12,T,8.00,BKN
MDW,2022-02-12 09:53,21.90,8.10,16.00,320.00,30.16,T,10.00,OVC
MDW,2022-02-12 10:53,19.00,6.00,15.00,340.00,30.21,T,10.00,BKN
MDW,2022-02-12 11:53,17.10,1.00,15.00,340.00,30.25,0.00,10.00,FEW
MDW,2022-02-12 12:53,15.10,0.00,15.00,330.00,30.29,0.00,10.00,FEW
MDW,2022-02-12 13:53,16.00,1.00,12.00,350.00,30.32,0.00,10.00,FEW
MDW,2022-02-12 14:53,16.00,1.00,10.00,320.00,30.34,0.00,10.00,FEW
MDW,2022-02-12 15:53,18.00,1.00,9.00,340.00,30.34,0.00,10.00,FEW
MDW,2022-02-12 16:53,19.90,1.90,6.00,10.00,30.33,0.00,10.00,FEW
MDW,2022-02-12 17:53,19.00,1.00,10.00,320.00,30.35,0.00,10.00,FEW
MDW,2022-02-12 18:53,19.90,0.00,10.00,320.00,30.33,0.00,10.00,SCT
MDW,2022-02-12 19:53,21.90,1.90,4.00,350.00,30.32,0.00,10.00,SCT
MDW,2022-02-12 20:53,21.90,4.00,6.00,280.00,30.31,0.00,10.00,BKN
MDW,2022-02-12 21:53,19.90,6.00,10.00,270.00,30.31,0.00,10.00,BKN
MDW,2022-02-12 22:53,19.00,4.00,9.00,270.00,30.32,0.00,10.00,BKN
MDW,2022-02-12 23:53,18.00,5.00,11.00,260.00,30.34,0.00,10.00,BKN
MDW,2022-02-13 00:53,18.00,6.00,5.00,290.00,30.32,0.00,10.00,OVC
MDW,2022-02-13 01:53,18.00,5.00,8.00,280.00,30.32,0.00,10.00,BKN
MDW,2022-02-13 02:53,18.00,4.00,8.00,250.00,30.32,0.00,10.00,SCT
MDW,2022-02-13 03:53,19.00,5.00,8.00,250.00,30.33,0.00,10.00,OVC
MDW,2022-02-13 04:53,18.00,4.00,10.00,250.00,30.32,T,9.00,OVC
MDW,2022-02-13 05:53,17.10,5.00,7.00,250.00,30.31,0.00,10.00,FEW
MDW,2022-02-13 06:53,15.10,5.00,8.00,250.00,30.30,0.00,10.00,FEW
MDW,2022-02-13 07:53,15.10,5.00,7.00,270.00,30.30,0.00,10.00,FEW
MDW,2022-02-13 08:53,15.10,4.00,7.00,280.00,30.28,0.00,10.00,FEW
MDW,2022-02-13 09:53,14.00,3.00,6.00,280.00,30.27,0.00,10.00,FEW
MDW,2022-02-13 10:53,14.00,3.00,9.00,290.00,30.28,0.00,10.00,OVC
MDW,2022-02-13 11:53,14.00,1.90,7.00,280.00,30.27,0.00,10.00,FEW
MDW,2022-02-13 12:53,14.00,1.90,8.00,290.00,30.28,0.00,10.00,FEW
MDW,2022-02-13 13:53,15.10,1.90,7.00,290.00,30.28,0.00,10.00,FEW
MDW,2022-02-13 14:53,16.00,5.00,7.00,310.00,30.28,T,9.00,FEW
MDW,2022-02-13 15:53,15.10,4.00,7.00,330.00,30.28,T,10.00,SCT
MDW,2022-02-13 16:53,17.10,1.90,7.00,330.00,30.29,0.00,10.00,BKN
MDW,2022-02-13 17:53,18.00,1.90,11.00,310.00,30.28,0.00,10.00,BKN
MDW,2022-02-13 18:53,19.00,1.90,10.00,320.00,30.26,0.00,10.00,BKN
MDW,2022-02-13 19:53,19.00,1.00,8.00,320.00,30.26,0.00,10.00,SCT
MDW,2022-02-13 20:53,19.00,0.00,9.00,300.00,30.26,0.00,10.00,SCT
MDW,2022-02-13 21:53,19.00,0.00,10.00,290.00,30.27,0.00,10.00,SCT
MDW,2022-02-13 22:53,18.00,0.00,7.00,300.00,30.27,0.00,10.00,SCT
MDW,2022-02-13 23:53,18.00,0.00,7.00,310.00,30.28,0.00,10.00,FEW
MDW,2022-02-14 00:53,16.00,0.00,6.00,280.00,30.29,0.00,10.00,FEW
MDW,2022-02-14 01:53,16.00,-0.90,6.00,290.00,30.28,0.00,10.00,CLR
MDW,2022-02-14 02:53,16.00,0.00,4.00,310.00,30.28,0.00,10.00,SCT
MDW,2022-02-14 03:53,16.00,0.00,3.00,290.00,30.27,0.00,10.00,SCT
MDW,2022-02-14 04:53,16.00,0.00,4.00,310.00,30.26,0.00,10.00,SCT
MDW,2022-02-14 05:53,16.00,0.00,8.00,290.00,30.28,0.00,10.00,OVC
MDW,2022-02-14 06:53,16.00,0.00,7.00,290.00,30.27,0.00,10.00,SCT
MDW,2022-02-14 07:53,16.00,-0.90,5.00,290.00,30.26,0.00,10.00,OVC
MDW,2022-02-14 08:53,16.00,4.00,5.00,240.00,30.23,0.00,10.00,OVC
MDW,2022-02-14 09:53,16.00,1.90,6.00,220.00,30.22,0.00,10.00,OVC
MDW,2022-02-14 10:53,16.00,1.90,6.00,240.00,30.24,T,10.00,OVC
MDW,2022-02-14 11:53,16.00,4.00,7.00,200.00,30.25,T,9.00,FEW
MDW,2022-02-14 12:53,16.00,4.00,9.00,210.00,30.26,T,10.00,BKN
MDW,2022-02-14 13:53,16.00,4.00,6.00,210.00,30.27,0.00,10.00,BKN
MDW,2022-02-14 14:53,17.10,5.00,6.00,210.00,30.28,0.00,10.00,OVC
MDW,2022-02-14 15:53,18.00,6.00,7.00,210.00,30.30,T,10.00,OVC
MDW,2022-02-14 16:53,19.90,6.00,8.00,220.00,30.32,T,10.00,OVC
MDW,2022-02-14 17:53,21.00,6.00,7.00,240.00,30.31,0.00,10.00,OVC
MDW,2022-02-14 18:53,23.00,7.00,5.00,M,30.29,0.00,10.00,BKN
MDW,2022-02-14 19:53,24.10,8.10,5.00,190.00,30.27,0.00,10.00,SCT
MDW,2022-02-14 20:53,26.10,9.00,7.00,190.00,30.28,0.00,10.00,FEW
MDW,2022-02-14 21:53,27.00,10.00,8.00,230.00,30.29,0.00,10.00,FEW
MDW,2022-02-14 22:53,26.10,10.90,7.00,220.00,30.31,0.00,10.00,SCT
MDW,2022-02-14 23:53,26.10,12.90,7.00,180.00,30.33,0.00,10.00,BKN
MDW,2022-02-15 00:53,26.10,14.00,7.00,210.00,30.35,0.00,10.00,OVC
MDW,2022-02-15 01:53,26.10,14.00,6.00,210.00,30.36,0.00,10.00,OVC
MDW,2022-02-15 02:53,26.10,15.10,6.00,190.00,30.37,0.00,10.00,OVC
MDW,2022-02-15 03:53,26.10,16.00,5.00,180.00,30.37,0.00,10.00,OVC
MDW,2022-02-15 04:53,26.10,16.00,4.00,160.00,30.38,0.00,10.00,OVC
MDW,2022-02-15 05:53,26.10,16.00,5.00,160.00,30.39,0.00,10.00,OVC
MDW,2022-02-15 06:53,26.10,16.00,5.00,150.00,30.39,0.00,10.00,OVC
MDW,2022-02-15 07:53,26.10,17.10,4.00,140.00,30.40,0.00,10.00,OVC
MDW,2022-02-15 08:53,26.10,16.00,3.00,140.00,30.40,0.00,10.00,OVC
MDW,2022-02-15 09:53,25.00,16.00,4.00,110.00,30.40,0.00,10.00,FEW
MDW,2022-02-15 10:53,24.10,16.00,6.00,170.00,30.41,0.00,10.00,SCT
MDW,2022-02-15 11:53,24.10,12.90,6.00,150.00,30.42,0.00,10.00,FEW
MDW,2022-02-15 12:53,23.00,12.00,6.00,140.00,30.43,0.00,10.00,FEW
MDW,2022-02-15 13:53,25.00,10.00,9.00,140.00,30.44,0.00,10.00,FEW
MDW,2022-02-15 14:53,27.00,12.00,10.00,130.00,30.44,0.00,10.00,FEW
MDW,2022-02-15 15:53,28.90,14.00,9.00,120.00,30.43,0.00,10.00,BKN
MDW,2022-02-15 16:53,32.00,14.00,11.00,120.00,30.41,0.00,10.00,SCT
MDW,2022-02-15 17:53,35.00,17.10,12.00,140.00,30.38,0.00,10.00,FEW
MDW,2022-02-15 18:53,36.00,18.00,10.00,150.00,30.32,0.00,10.00,FEW
MDW,2022-02-15 19:53,38.00,17.10,11.00,150.00,30.28,0.00,10.00,FEW
MDW,2022-02-15 20:53,39.00,19.00,13.00,120.00,30.24,0.00,10.00,FEW
MDW,2022-02-15 21:53,38.00,19.00,12.00,130.00,30.20,0.00,10.00,FEW
MDW,2022-02-15 22:53,37.00,21.00,13.00,140.00,30.16,0.00,10.00,FEW
MDW,2022-02-15 23:53,36.00,21.00,14.00,140.00,30.13,0.00,10.00,SCT
MDW,2022-02-16 00:53,37.00,21.90,13.00,150.00,30.10,0.00,10.00,SCT
MDW,2022-02-16 01:53,38.00,24.10,12.00,160.00,30.05,0.00,10.00,FEW
MDW,2022-02-16 02:53,40.00,25.00,10.00,160.00,30.02,0.00,10.00,FEW
MDW,2022-02-16 03:53,42.00,27.00,13.00,170.00,29.99,0.00,10.00,OVC
MDW,2022-02-16 04:53,45.00,28.00,13.00,180.00,29.98,0.00,10.00,SCT
MDW,2022-02-16 05:53,46.00,28.90,15.00,190.00,29.96,0.00,10.00,OVC
MDW,2022-02-16 06:53,47.00,30.00,13.00,200.00,29.95,0.00,10.00,OVC
MDW,2022-02-16 07:53,47.00,30.90,15.00,200.00,29.93,0.00,10.00,OVC
MDW,2022-02-16 08:53,46.00,30.90,17.00,200.00,29.90,0.00,10.00,OVC
MDW,2022-02-16 09:53,47.00,30.90,17.00,200.00,29.88,0.00,10.00,FEW
MDW,2022-02-16 10:53,47.00,30.90,17.00,190.00,29.87,0.00,10.00,OVC
MDW,2022-02-16 11:53,47.00,30.90,17.00,200.00,29.86,0.00,10.00,FEW
MDW,2022-02-16 12:53,48.00,30.90,16.00,210.00,29.85,0.00,10.00,FEW
MDW,2022-02-16 13:53,49.00,33.00,17.00,200.00,29.86,0.00,10.00,SCT
MDW,2022-02-16 14:53,48.00,34.00,20.00,210.00,29.86,0.00,10.00,BKN
MDW,2022-02-16 15:53,49.00,36.00,21.00,210.00,29.85,0.00,10.00,BKN
MDW,2022-02-16 16:53,49.00,38.00,20.00,200.00,29.83,0.00,10.00,BKN
MDW,2022-02-16 17:53,51.00,40.00,22.00,210.00,29.80,0.00,10.00,SCT
MDW,2022-02-16 18:53,52.00,42.00,23.00,210.00,29.79,0.00,10.00,SCT
MDW,2022-02-16 19:53,52.00,43.00,18.00,210.00,29.78,0.00,10.00,BKN
MDW,2022-02-16 20:53,53.00,44.00,15.00,210.00,29.79,0.00,10.00,BKN
MDW,2022-02-16 21:53,53.00,45.00,17.00,210.00,29.79,T,10.00,BKN
MDW,2022-02-16 22:53,53.00,45.00,15.00,210.00,29.80,T,9.00,BKN
MDW,2022-02-16 23:53,53.00,46.00,12.00,210.00,29.81,0.04,9.00,OVC
MDW,2022-02-17 00:53,54.00,46.00,16.00,200.00,29.80,T,10.00,OVC
MDW,2022-02-17 01:53,54.00,45.00,15.00,200.00,29.78,T,10.00,SCT
MDW,2022-02-17 02:53,53.00,46.00,14.00,220.00,29.78,0.13,9.00,SCT
MDW,2022-02-17 03:53,51.00,48.00,6.00,300.00,29.79,0.43,2.00,SCT
MDW,2022-02-17 04:53,50.00,47.00,0.00,0.00,29.78,0.28,2.00,SCT
MDW,2022-02-17 05:53,43.00,40.00,14.00,10.00,29.83,0.19,2.00,BKN
MDW,2022-02-17 06:53,39.00,35.00,14.00,20.00,29.84,0.10,2.50,BKN
MDW,2022-02-17 07:53,38.00,33.00,16.00,360.00,29.87,0.01,3.00,BKN
MDW,2022-02-17 08:53,37.00,33.00,15.00,10.00,29.88,0.07,3.00,OVC
MDW,2022-02-17 09:53,36.00,32.00,14.00,10.00,29.90,0.02,3.00,OVC
MDW,2022-02-17 10:53,35.00,30.00,16.00,20.00,29.92,T,5.00,OVC
MDW,2022-02-17 11:53,34.00,27.00,17.00,20.00,29.96,0.00,8.00,OVC
MDW,2022-02-17 12:53,33.00,25.00,18.00,10.00,29.98,0.00,10.00,OVC
MDW,2022-02-17 13:53,32.00,24.10,18.00,10.00,29.98,0.00,10.00,BKN
MDW,2022-02-17 14:53,32.00,23.00,19.00,20.00,29.99,0.00,10.00,OVC
MDW,2022-02-17 15:53,32.00,21.90,18.00,10.00,29.94,0.00,10.00,OVC
MDW,2022-02-17 16:53,30.90,21.00,17.00,20.00,29.94,0.00,10.00,OVC
MDW,2022-02-17 17:53,30.00,21.00,19.00,10.00,29.93,0.00,10.00,OVC
MDW,2022-02-17 18:53,28.90,19.90,20.00,10.00,29.94,0.00,10.00,OVC
MDW,2022-02-17 19:53,27.00,19.00,20.00,350.00,29.93,T,1.50,OVC
MDW,2022-02-17 20:53,25.00,19.90,15.00,360.00,29.90,T,0.75,OVC
MDW,2022-02-17 21:53,25.00,21.00,19.00,360.00,29.86,T,0.25,VV 
MDW,2022-02-17 22:53,24.10,19.00,17.00,340.00,29.89,T,0.50,VV 
MDW,2022-02-17 23:53,23.00,18.00,14.00,340.00,29.92,0.01,1.00,VV 
MDW,2022-02-18 00:53,21.90,17.10,16.00,340.00,29.95,T,1.00,VV 
MDW,2022-02-18 01:53,21.90,14.00,16.00,330.00,29.98,T,7.00,SCT
MDW,2022-02-18 02:53,21.90,12.00,17.00,330.00,30.00,T,10.00,SCT
MDW,2022-02-18 03:53,21.00,10.90,11.00,330.00,30.04,T,10.00,BKN
MDW,2022-02-18 04:53,19.00,9.00,13.00,320.00,30.07,T,10.00,BKN
MDW,2022-02-18 05:53,18.00,8.10,12.00,310.00,30.10,T,10.00,SCT
MDW,2022-02-18 06:53,16.00,6.00,11.00,310.00,30.13,0.00,10.00,CLR
MDW,2022-02-18 07:53,14.00,5.00,8.00,310.00,30.15,0.00,10.00,FEW
MDW,2022-02-18 08:53,12.90,3.00,9.00,310.00,30.18,0.00,10.00,CLR
MDW,2022-02-18 09:53,10.90,3.00,7.00,300.00,30.19,0.00,10.00,CLR
MDW,2022-02-18 10:53,10.00,1.90,4.00,290.00,30.20,0.00,10.00,CLR
MDW,2022-02-18 11:53,10.00,1.90,4.00,280.00,30.21,0.00,10.00,CLR
MDW,2022-02-18 12:53,9.00,1.90,4.00,240.00,30.22,0.00,10.00,FEW
MDW,2022-02-18 13:53,10.00,3.00,5.00,240.00,30.22,0.00,10.00,CLR
MDW,2022-02-18 14:53,12.90,3.00,8.00,220.00,30.21,0.00,10.00,CLR
MDW,2022-02-18 15:53,17.10,5.00,13.00,200.00,30.20,0.00,10.00,CLR
MDW,2022-02-18 16:53,19.00,5.00,15.00,210.00,30.17,0.00,10.00,CLR
MDW,2022-02-18 17:53,21.00,3.00,14.00,200.00,30.10,0.00,10.00,FEW
MDW,2022-02-18 18:53,21.90,4.00,19.00,210.00,30.09,0.00,10.00,FEW
MDW,2022-02-18 19:53,23.00,6.00,18.00,190.00,30.03,0.00,10.00,SCT
MDW,2022-02-18 20:53,24.10,7.00,18.00,210.00,29.98,0.00,10.00,SCT
MDW,2022-02-18 21:53,25.00,9.00,16.00,210.00,29.94,0.00,10.00,FEW
MDW,2022-02-18 22:53,27.00,12.00,18.00,210.00,29.91,0.00,10.00,FEW
MDW,2022-02-18 23:53,27.00,12.90,20.00,220.00,29.90,0.00,10.00,SCT
MDW,2022-02-19 00:53,28.00,15.10,19.00,220.00,29.88,0.00,10.00,SCT
MDW,2022-02-19 01:53,28.90,16.00,22.00,220.00,29.85,0.00,10.00,FEW
MDW,2022-02-19 02:53,30.90,16.00,23.00,230.00,29.84,0.00,10.00,BKN
MDW,2022-02-19 03:53,32.00,17.10,21.00,250.00,29.89,0.00,10.00,OVC
MDW,2022-02-19 04:53,30.90,23.00,18.00,270.00,29.91,T,10.00,FEW
MDW,2022-02-19 05:53,30.00,10.90,22.00,290.00,29.95,T,10.00,FEW
MDW,2022-02-19 06:53,25.00,8.10,25.00,290.00,30.01,0.00,10.00,SCT
MDW,2022-02-19 07:53,21.00,6.00,20.00,300.00,30.06,0.00,10.00,FEW
MDW,2022-02-19 08:53,19.00,3.00,17.00,300.00,30.10,0.00,10.00,CLR
MDW,2022-02-19 09:53,17.10,1.90,19.00,310.00,30.14,0.00,10.00,CLR
MDW,2022-02-19 10:53,15.10,0.00,11.00,300.00,30.22,0.00,10.00,CLR
MDW,2022-02-19 11:53,12.90,-0.90,17.00,320.00,30.28,0.00,10.00,CLR
MDW,2022-02-19 12:53,12.00,-2.00,13.00,310.00,30.32,0.00,10.00,FEW
MDW,2022-02-19 13:53,12.00,-3.00,13.00,310.00,30.38,0.00,10.00,FEW
MDW,2022-02-19 14:53,12.00,-4.00,15.00,300.00,30.41,0.00,10.00,FEW
MDW,2022-02-19 15:53,14.00,-2.00,12.00,280.00,30.43,0.00,10.00,FEW
MDW,2022-02-19 16:53,15.10,-0.90,12.00,290.00,30.44,0.00,10.00,FEW
MDW,2022-02-19 17:53,17.10,-0.90,9.00,290.00,30.45,0.00,10.00,FEW
MDW,2022-02-19 18:53,19.00,1.00,10.00,260.00,30.44,0.00,10.00,FEW
MDW,2022-02-19 19:53,19.90,1.00,8.00,290.00,30.43,0.00,10.00,FEW
MDW,2022-02-19 20:53,21.00,1.90,7.00,260.00,30.42,0.00,10.00,FEW
MDW,2022-02-19 21:53,21.00,3.00,5.00,240.00,30.40,0.00,10.00,CLR
MDW,2022-02-19 22:53,19.90,3.00,8.00,200.00,30.39,0.00,10.00,CLR
MDW,2022-02-19 23:53,19.00,4.00,9.00,220.00,30.39,0.00,10.00,FEW
MDW,2022-02-20 00:53,19.00,5.00,11.00,190.00,30.37,0.00,10.00,CLR
MDW,2022-02-20 01:53,17.10,6.00,9.00,200.00,30.35,0.00,10.00,CLR
MDW,2022-02-20 02:53,17.10,5.00,12.00,210.00,30.33,0.00,10.00,FEW
MDW,2022-02-20 03:53,17.10,5.00,11.00,200.00,30.28,0.00,10.00,SCT
MDW,2022-02-20 04:53,17.10,6.00,10.00,200.00,30.27,0.00,10.00,FEW
MDW,2022-02-20 05:53,18.00,7.00,12.00,200.00,30.20,0.00,10.00,BKN
MDW,2022-02-20 06:53,19.90,9.00,10.00,200.00,30.17,0.00,10.00,BKN
MDW,2022-02-20 07:53,21.00,10.00,14.00,200.00,30.14,0.00,10.00,SCT
MDW,2022-02-20 08:53,23.00,10.90,16.00,200.00,30.08,0.00,10.00,CLR
MDW,2022-02-20 09:53,25.00,12.00,16.00,200.00,30.04,0.00,10.00,CLR
MDW,2022-02-20 10:53,26.10,14.00,17.00,200.00,30.01,0.00,10.00,CLR
MDW,2022-02-20 11:53,27.00,15.10,16.00,200.00,29.99,0.00,10.00,FEW
MDW,2022-02-20 12:53,28.90,16.00,13.00,200.00,29.98,0.00,10.00,FEW
MDW,2022-02-20 13:53,30.90,17.10,16.00,200.00,29.96,0.00,10.00,FEW
MDW,2022-02-20 14:53,35.00,19.90,19.00,210.00,29.95,0.00,10.00,CLR
MDW,2022-02-20 15:53,38.00,23.00,19.00,200.00,29.90,0.00,10.00,CLR
MDW,2022-02-20 16:53,41.00,25.00,17.00,210.00,29.89,0.00,10.00,CLR
MDW,2022-02-20 17:53,44.00,27.00,18.00,210.00,29.87,0.00,10.00,CLR
MDW,2022-02-20 18:53,48.00,28.90,25.00,220.00,29.83,0.00,10.00,FEW
MDW,2022-02-20 19:53,49.00,28.90,24.00,230.00,29.83,0.00,10.00,FEW
MDW,2022-02-20 20:53,49.00,30.00,20.00,220.00,29.83,0.00,10.00,FEW
MDW,2022-02-20 21:53,49.00,30.90,19.00,220.00,29.84,0.00,10.00,FEW
MDW,2022-02-20 22:53,48.00,30.90,16.00,220.00,29.84,0.00,10.00,FEW
MDW,2022-02-20 23:53,46.00,32.00,10.00,210.00,29.88,0.00,10.00,SCT
MDW,2022-02-21 00:53,45.00,33.00,12.00,210.00,29.91,0.00,10.00,BKN
MDW,2022-02-21 01:53,44.00,33.00,7.00,200.00,29.93,0.00,10.00,BKN
MDW,2022-02-21 02:53,43.00,33.00,7.00,200.00,29.94,0.00,10.00,BKN
MDW,2022-02-21 03:53,42.00,33.00,6.00,220.00,29.95,0.00,10.00,BKN
MDW,2022-02-21 04:53,41.00,32.00,6.00,210.00,29.95,0.00,10.00,BKN
MDW,2022-02-21 05:53,40.00,32.00,5.00,210.00,29.95,0.00,10.00,BKN
MDW,2022-02-21 06:53,40.00,32.00,6.00,210.00,29.97,0.00,10.00,BKN
MDW,2022-02-21 07:53,39.00,30.90,0.00,0.00,29.97,0.00,10.00,SCT
MDW,2022-02-21 08:53,37.00,30.00,3.00,350.00,29.97,0.00,10.00,FEW
MDW,2022-02-21 09:53,34.00,28.90,5.00,10.00,29.99,0.00,10.00,CLR
MDW,2022-02-21 10:53,36.00,30.90,10.00,10.00,30.00,0.00,9.00,FEW
MDW,2022-02-21 11:53,36.00,30.90,7.00,10.00,30.01,0.00,10.00,BKN
MDW,2022-02-21 12:53,37.00,32.00,7.00,30.00,30.00,0.00,10.00,OVC
MDW,2022-02-21 13:53,37.00,33.00,5.00,60.00,30.01,0.00,8.00,OVC
MDW,2022-02-21 14:53,38.00,34.00,5.00,340.00,30.01,0.00,7.00,OVC
MDW,2022-02-21 15:53,41.00,35.00,3.00,350.00,29.99,0.00,5.00,BKN
MDW,2022-02-21 16:53,43.00,35.00,3.00,20.00,29.98,0.00,8.00,SCT
MDW,2022-02-21 17:53,46.00,36.00,0.00,0.00,29.95,0.00,10.00,FEW
MDW,2022-02-21 18:53,49.00,37.00,6.00,50.00,29.92,0.00,9.00,FEW
MDW,2022-02-21 19:53,50.00,38.00,8.00,80.00,29.89,0.00,9.00,FEW
MDW,2022-02-21 20:53,48.00,36.00,8.00,80.00,29.88,0.00,10.00,FEW
MDW,2022-02-21 21:53,48.00,35.00,7.00,90.00,29.86,0.00,10.00,FEW
MDW,2022-02-21 22:53,46.00,35.00,7.00,90.00,29.85,0.00,10.00,FEW
MDW,2022-02-21 23:53,46.00,35.00,5.00,90.00,29.82,0.00,10.00,BKN
MDW,2022-02-22 00:53,46.00,36.00,4.00,10.00,29.84,0.00,10.00,OVC
MDW,2022-02-22 01:53,48.00,38.00,4.00,90.00,29.81,0.00,10.00,SCT
MDW,2022-02-22 02:53,48.00,39.00,4.00,130.00,29.80,0.00,10.00,SCT
MDW,2022-02-22 03:53,49.00,41.00,4.00,130.00,29.80,0.00,10.00,OVC
MDW,2022-02-22 04:53,54.00,48.00,5.00,180.00,29.80,0.00,10.00,OVC
MDW,2022-02-22 05:53,53.00,48.00,5.00,180.00,29.77,T,10.00,OVC
MDW,2022-02-22 06:53,53.00,49.00,3.00,190.00,29.76,T,2.50,OVC
MDW,2022-02-22 07:53,53.00,50.00,8.00,180.00,29.76,0.02,2.00,OVC
MDW,2022-02-22 08:53,53.00,50.00,7.00,190.00,29.75,0.02,3.00,OVC
MDW,2022-02-22 09:53,53.00,51.00,7.00,190.00,29.75,0.01,6.00,OVC
MDW,2022-02-22 10:53,44.00,42.00,9.00,350.00,29.75,0.24,2.00,OVC
MDW,2022-02-22 11:53,39.00,37.00,7.00,10.00,29.75,T,1.75,OVC
MDW,2022-02-22 12:53,38.00,35.00,11.00,10.00,29.74,0.19,1.25,OVC
MDW,2022-02-22 13:53,37.00,35.00,9.00,20.00,29.72,0.11,4.00,OVC
MDW,2022-02-22 14:53,37.00,35.00,9.00,10.00,29.73,0.03,3.00,OVC
MDW,2022-02-22 15:53,38.00,35.00,8.00,360.00,29.71,0.07,4.00,BKN
MDW,2022-02-22 16:53,37.00,34.00,10.00,20.00,29.69,0.08,6.00,OVC
MDW,2022-02-22 17:53,37.00,34.00,8.00,30.00,29.69,0.10,4.00,OVC
MDW,2022-02-22 18:53,38.00,35.00,9.00,40.00,29.65,0.17,2.50,SCT
MDW,2022-02-22 19:53,37.00,34.00,6.00,50.00,29.65,T,3.00,OVC
MDW,2022-02-22 20:53,37.00,34.00,3.00,330.00,29.68,0.01,1.50,OVC
MDW,2022-02-22 21:53,37.00,33.00,15.00,290.00,29.78,T,4.00,OVC
MDW,2022-02-22 22:53,33.00,30.00,13.00,280.00,29.85,T,5.00,BKN
MDW,2022-02-22 23:53,30.00,26.10,17.00,290.00,29.92,T,10.00,OVC
MDW,2022-02-23 00:53,28.90,24.10,15.00,300.00,29.98,T,10.00,OVC
MDW,2022-02-23 01:53,27.00,21.90,13.00,290.00,30.05,T,10.00,OVC
MDW,2022-02-23 02:53,26.10,19.00,12.00,310.00,30.11,T,9.00,OVC
MDW,2022-02-23 03:53,26.10,19.00,9.00,300.00,30.14,T,9.00,OVC
MDW,2022-02-23 04:53,26.10,18.00,9.00,290.00,30.17,T,9.00,SCT
MDW,2022-02-23 05:53,26.10,17.10,10.00,290.00,30.18,T,9.00,BKN
MDW,2022-02-23 06:53,25.00,15.10,13.00,300.00,30.23,T,9.00,FEW
MDW,2022-02-23 07:53,24.10,12.90,11.00,310.00,30.26,T,10.00,BKN
MDW,2022-02-23 08:53,23.00,14.00,13.00,310.00,30.28,T,9.00,SCT
MDW,2022-02-23 09:53,21.90,12.90,13.00,290.00,30.32,T,6.00,FEW
MDW,2022-02-23 10:53,21.90,12.00,15.00,320.00,30.36,T,7.00,OVC
MDW,2022-02-23 11:53,19.90,10.00,13.00,330.00,30.40,T,7.00,BKN
MDW,2022-02-23 12:53,19.00,9.00,12.00,330.00,30.42,T,10.00,FEW
MDW,2022-02-23 13:53,18.00,7.00,14.00,330.00,30.47,T,10.00,FEW
MDW,2022-02-23 14:53,19.90,8.10,12.00,310.00,30.49,0.00,10.00,FEW
MDW,2022-02-23 15:53,19.90,8.10,8.00,310.00,30.51,0.00,10.00,FEW
MDW,2022-02-23 16:53,21.90,7.00,12.00,340.00,30.49,0.00,10.00,FEW
MDW,2022-02-23 17:53,24.10,6.00,5.00,360.00,30.49,0.00,10.00,FEW
MDW,2022-02-23 18:53,24.10,6.00,7.00,350.00,30.48,0.00,10.00,FEW
MDW,2022-02-23 19:53,24.10,8.10,10.00,70.00,30.47,0.00,10.00,BKN
MDW,2022-02-23 20:53,24.10,10.00,11.00,50.00,30.48,0.00,10.00,BKN
MDW,2022-02-23 21:53,23.00,10.00,10.00,50.00,30.49,0.00,10.00,SCT
MDW,2022-02-23 22:53,23.00,10.00,11.00,30.00,30.50,T,10.00,BKN
MDW,2022-02-23 23:53,23.00,12.00,10.00,20.00,30.51,T,10.00,BKN
MDW,2022-02-24 00:53,24.10,12.00,11.00,10.00,30.51,T,9.00,OVC
MDW,2022-02-24 01:53,24.10,14.00,5.00,340.00,30.49,T,9.00,OVC
MDW,2022-02-24 02:53,23.00,14.00,8.00,320.00,30.47,T,9.00,SCT
MDW,2022-02-24 03:53,24.10,15.10,9.00,330.00,30.46,T,9.00,BKN
MDW,2022-02-24 04:53,24.10,15.10,10.00,340.00,30.44,T,10.00,FEW
MDW,2022-02-24 05:53,24.10,16.00,10.00,350.00,30.43,T,10.00,SCT
MDW,2022-02-24 06:53,24.10,16.00,7.00,320.00,30.43,T,10.00,BKN
MDW,2022-02-24 07:53,25.00,17.10,6.00,360.00,30.42,T,10.00,OVC
MDW,2022-02-24 08:53,27.00,15.10,12.00,70.00,30.41,T,10.00,OVC
MDW,2022-02-24 09:53,27.00,16.00,11.00,60.00,30.42,T,10.00,OVC
MDW,2022-02-24 10:53,27.00,16.00,11.00,60.00,30.43,T,10.00,OVC
MDW,2022-02-24 11:53,27.00,16.00,12.00,70.00,30.41,T,10.00,OVC
MDW,2022-02-24 12:53,27.00,16.00,15.00,70.00,30.38,T,10.00,OVC
MDW,2022-02-24 13:53,27.00,16.00,14.00,80.00,30.37,T,10.00,OVC
MDW,2022-02-24 14:53,27.00,16.00,12.00,100.00,30.38,T,10.00,BKN
MDW,2022-02-24 15:53,27.00,16.00,11.00,90.00,30.38,T,10.00,BKN
MDW,2022-02-24 16:53,28.00,17.10,8.00,50.00,30.39,T,10.00,OVC
MDW,2022-02-24 17:53,28.00,17.10,11.00,70.00,30.34,0.00,10.00,FEW
MDW,2022-02-24 18:53,28.00,17.10,14.00,60.00,30.31,0.00,10.00,BKN
MDW,2022-02-24 19:53,28.90,17.10,13.00,70.00,30.22,0.00,10.00,SCT
MDW,2022-02-24 20:53,28.90,18.00,13.00,60.00,30.27,T,1.75,BKN
MDW,2022-02-24 21:53,28.00,23.00,10.00,80.00,30.25,T,1.00,FEW
MDW,2022-02-24 22:53,28.00,21.90,16.00,60.00,30.19,T,4.00,SCT
MDW,2022-02-24 23:53,28.90,21.00,15.00,70.00,30.17,T,9.00,SCT
MDW,2022-02-25 00:53,28.00,21.90,13.00,80.00,30.18,T,2.00,SCT
MDW,2022-02-25 01:53,28.00,23.00,7.00,90.00,30.17,T,0.75,FEW
MDW,2022-02-25 02:53,27.00,23.00,9.00,100.00,30.15,0.01,1.00,VV 
MDW,2022-02-25 03:53,27.00,23.00,8.00,110.00,30.12,0.01,2.00,FEW
MDW,2022-02-25 04:53,27.00,23.00,4.00,100.00,30.11,T,5.00,SCT
MDW,2022-02-25 05:53,27.00,21.00,4.00,100.00,30.10,T,2.50,SCT
MDW,2022-02-25 06:53,27.00,21.90,4.00,300.00,30.12,0.02,0.75,OVC
MDW,2022-02-25 07:53,27.00,23.00,5.00,310.00,30.12,0.02,1.00,VV 
MDW,2022-02-25 08:53,27.00,23.00,7.00,330.00,30.13,T,2.50,BKN
MDW,2022-02-25 09:53,27.00,23.00,10.00,330.00,30.16,T,5.00,BKN
MDW,2022-02-25 10:53,28.00,23.00,10.00,350.00,30.21,T,4.00,BKN
MDW,2022-02-25 11:53,27.00,21.00,9.00,360.00,30.25,T,10.00,SCT
MDW,2022-02-25 12:53,23.00,18.00,11.00,320.00,30.30,T,10.00,FEW
MDW,2022-02-25 13:53,21.90,16.00,11.00,330.00,30.36,0.00,10.00,FEW
MDW,2022-02-25 14:53,24.10,17.10,9.00,320.00,30.39,0.00,10.00,FEW
MDW,2022-02-25 15:53,26.10,17.10,8.00,330.00,30.41,0.00,10.00,FEW
MDW,2022-02-25 16:53,28.90,18.00,7.00,30.00,30.43,0.00,10.00,SCT
MDW,2022-02-25 17:53,30.90,18.00,5.00,360.00,30.44,0.00,10.00,BKN
MDW,2022-02-25 18:53,30.90,16.00,5.00,350.00,30.44,0.00,10.00,BKN
MDW,2022-02-25 19:53,30.00,16.00,6.00,300.00,30.44,T,10.00,OVC
MDW,2022-02-25 20:53,30.00,14.00,4.00,M,30.45,T,7.00,BKN
MDW,2022-02-25 21:53,30.00,15.10,6.00,280.00,30.47,T,9.00,FEW
MDW,2022-02-25 22:53,28.90,18.00,5.00,300.00,30.47,T,9.00,FEW
MDW,2022-02-25 23:53,28.90,17.10,4.00,330.00,30.48,0.00,9.00,FEW
MDW,2022-02-26 00:53,28.00,15.10,8.00,280.00,30.50,0.00,10.00,FEW
MDW,2022-02-26 01:53,25.00,16.00,8.00,280.00,30.51,0.00,10.00,FEW
MDW,2022-02-26 02:53,24.10,15.10,7.00,280.00,30.52,0.00,10.00,FEW
MDW,2022-02-26 03:53,23.00,14.00,5.00,270.00,30.52,0.00,10.00,CLR
MDW,2022-02-26 04:53,21.90,14.00,6.00,270.00,30.51,0.00,10.00,CLR
MDW,2022-02-26 05:53,19.90,12.90,4.00,250.00,30.51,0.00,10.00,CLR
MDW,2022-02-26 06:53,21.00,12.90,7.00,260.00,30.52,0.00,10.00,SCT
MDW,2022-02-26 07:53,19.90,12.00,6.00,280.00,30.52,0.00,10.00,SCT
MDW,2022-02-26 08:53,19.00,10.00,6.00,270.00,30.52,0.00,10.00,FEW
MDW,2022-02-26 09:53,18.00,10.00,4.00,270.00,30.51,0.00,10.00,CLR
MDW,2022-02-26 10:53,16.00,10.00,5.00,230.00,30.51,0.00,10.00,CLR
MDW,2022-02-26 11:53,16.00,9.00,7.00,250.00,30.52,0.00,10.00,CLR
MDW,2022-02-26 12:53,16.00,9.00,7.00,220.00,30.52,0.00,10.00,CLR
MDW,2022-02-26 13:53,18.00,10.00,8.00,250.00,30.51,0.00,10.00,CLR
MDW,2022-02-26 14:53,19.90,10.00,10.00,250.00,30.51,0.00,10.00,FEW
MDW,2022-02-26 15:53,23.00,10.90,11.00,250.00,30.51,0.00,10.00,FEW
MDW,2022-02-26 16:53,25.00,12.00,10.00,270.00,30.50,0.00,10.00,FEW
MDW,2022-02-26 17:53,27.00,12.90,9.00,250.00,30.48,0.00,10.00,FEW
MDW,2022-02-26 18:53,30.00,14.00,12.00,260.00,30.45,0.00,10.00,CLR
MDW,2022-02-26 19:53,32.00,17.10,12.00,250.00,30.42,0.00,10.00,CLR
MDW,2022-02-26 20:53,33.00,17.10,13.00,230.00,30.39,0.00,10.00,CLR
MDW,2022-02-26 21:53,33.00,18.00,9.00,220.00,30.37,0.00,10.00,CLR
MDW,2022-02-26 22:53,33.00,18.00,10.00,230.00,30.36,0.00,10.00,CLR
MDW,2022-02-26 23:53,30.90,18.00,10.00,230.00,30.35,0.00,10.00,CLR
MDW,2022-02-27 00:53,30.90,19.90,11.00,220.00,30.33,0.00,10.00,CLR
MDW,2022-02-27 01:53,30.90,21.00,14.00,230.00,30.31,0.00,10.00,CLR
MDW,2022-02-27 02:53,30.90,21.90,11.00,230.00,30.30,0.00,10.00,CLR
MDW,2022-02-27 03:53,30.00,21.90,11.00,230.00,30.29,0.00,10.00,CLR
MDW,2022-02-27 04:53,30.90,21.90,13.00,230.00,30.28,0.00,10.00,CLR
MDW,2022-02-27 05:53,30.90,21.90,13.00,240.00,30.28,0.00,10.00,CLR
MDW,2022-02-27 06:53,30.90,21.00,14.00,250.00,30.27,0.00,10.00,CLR
MDW,2022-02-27 07:53,30.00,21.00,13.00,240.00,30.24,0.00,10.00,CLR
MDW,2022-02-27 08:53,30.00,21.00,11.00,250.00,30.23,0.00,10.00,CLR
MDW,2022-02-27 09:53,30.00,19.90,11.00,250.00,30.23,0.00,10.00,CLR
MDW,2022-02-27 10:53,28.90,19.00,10.00,250.00,30.21,0.00,10.00,CLR
MDW,2022-02-27 11:53,30.00,19.00,11.00,260.00,30.20,0.00,10.00,CLR
MDW,2022-02-27 12:53,30.00,18.00,10.00,270.00,30.21,0.00,10.00,FEW
MDW,2022-02-27 13:53,30.90,18.00,9.00,260.00,30.22,0.00,10.00,FEW
MDW,2022-02-27 14:53,34.00,19.00,10.00,280.00,30.22,0.00,10.00,FEW
MDW,2022-02-27 15:53,36.00,19.00,8.00,290.00,30.22,0.00,10.00,FEW
MDW,2022-02-27 16:53,41.00,19.00,9.00,290.00,30.22,0.00,10.00,FEW
MDW,2022-02-27 17:53,42.00,19.00,11.00,290.00,30.21,0.00,10.00,FEW
MDW,2022-02-27 18:53,44.00,18.00,6.00,310.00,30.20,0.00,10.00,CLR
MDW,2022-02-27 19:53,45.00,19.90,10.00,330.00,30.19,0.00,10.00,FEW
MDW,2022-02-27 20:53,45.00,19.00,8.00,280.00,30.19,0.00,10.00,FEW
MDW,2022-02-27 21:53,45.00,19.90,6.00,320.00,30.18,0.00,10.00,FEW
MDW,2022-02-27 22:53,43.00,19.00,5.00,270.00,30.19,0.00,10.00,FEW
MDW,2022-02-27 23:53,40.00,21.90,7.00,250.00,30.20,0.00,10.00,FEW
MDW,2022-02-28 00:53,38.00,19.90,3.00,M,30.21,0.00,10.00,CLR
MDW,2022-02-28 01:53,36.00,19.90,4.00,100.00,30.23,0.00,10.00,CLR
MDW,2022-02-28 02:53,34.00,21.00,0.00,0.00,30.23,0.00,10.00,FEW
MDW,2022-02-28 03:53,34.00,21.00,5.00,130.00,30.22,0.00,10.00,FEW
MDW,2022-02-28 04:53,33.00,21.00,3.00,130.00,30.22,0.00,10.00,FEW
MDW,2022-02-28 05:53,32.00,21.00,3.00,140.00,30.21,0.00,10.00,FEW
MDW,2022-02-28 06:53,33.00,21.00,0.00,0.00,30.21,0.00,10.00,FEW
MDW,2022-02-28 07:53,30.90,21.00,3.00,110.00,30.21,0.00,10.00,FEW
MDW,2022-02-28 08:53,30.90,21.00,0.00,0.00,30.20,0.00,10.00,FEW
MDW,2022-02-28 09:53,30.00,21.90,4.00,140.00,30.19,0.00,10.00,FEW
MDW,2022-02-28 10:53,30.00,23.00,6.00,140.00,30.19,0.00,10.00,OVC
MDW,2022-02-28 11:53,30.00,23.00,7.00,140.00,30.19,0.00,10.00,FEW
MDW,2022-02-28 12:53,30.90,23.00,5.00,150.00,30.19,0.00,10.00,FEW
MDW,2022-02-28 13:53,33.00,24.10,8.00,150.00,30.17,0.00,10.00,FEW
MDW,2022-02-28 14:53,37.00,26.10,12.00,160.00,30.15,0.00,10.00,FEW
MDW,2022-02-28 15:53,42.00,27.00,12.00,180.00,30.12,0.00,10.00,FEW
MDW,2022-02-28 16:53,46.00,27.00,12.00,200.00,30.10,0.00,10.00,FEW
MDW,2022-02-28 17:53,49.00,27.00,15.00,200.00,30.06,0.00,10.00,FEW
MDW,2022-02-28 18:53,52.00,27.00,17.00,190.00,30.01,0.00,10.00,FEW
MDW,2022-02-28 19:53,54.00,27.00,16.00,210.00,29.98,0.00,10.00,FEW
MDW,2022-02-28 20:53,55.00,27.00,21.00,240.00,29.97,0.00,10.00,FEW
MDW,2022-02-28 21:53,54.00,28.90,14.00,240.00,29.96,0.00,10.00,FEW
MDW,2022-02-28 22:53,53.00,30.00,14.00,240.00,29.96,0.00,10.00,FEW
MDW,2022-02-28 23:53,50.00,28.90,10.00,260.00,29.98,0.00,10.00,BKN
MDW,2022-03-01 00:53,48.00,30.00,6.00,250.00,29.98,0.00,10.00,BKN
MDW,2022-03-01 01:53,48.00,30.00,5.00,220.00,29.98,0.00,10.00,FEW
MDW,2022-03-01 02:53,46.00,30.90,5.00,220.00,29.98,0.00,10.00,BKN
MDW,2022-03-01 03:53,46.00,30.90,6.00,210.00,29.96,0.00,10.00,BKN
MDW,2022-03-01 04:53,46.00,30.90,7.00,220.00,29.95,0.00,10.00,SCT
MDW,2022-03-01 05:53,45.00,30.90,6.00,210.00,29.94,0.00,10.00,BKN
MDW,2022-03-01 06:53,43.00,30.00,6.00,210.00,29.93,0.00,10.00,FEW
MDW,2022-03-01 07:53,42.00,30.00,6.00,210.00,29.91,0.00,10.00,FEW
MDW,2022-03-01 08:53,42.00,30.00,8.00,230.00,29.90,0.00,10.00,FEW
MDW,2022-03-01 09:53,44.00,30.00,8.00,250.00,29.90,0.00,10.00,BKN
MDW,2022-03-01 10:53,43.00,30.00,7.00,250.00,29.90,0.00,10.00,BKN
MDW,2022-03-01 11:53,42.00,30.00,8.00,250.00,29.91,0.00,10.00,SCT
MDW,2022-03-01 12:53,43.00,30.00,10.00,230.00,29.91,0.00,10.00,BKN
MDW,2022-03-01 13:53,45.00,30.00,9.00,240.00,29.92,0.00,10.00,BKN
MDW,2022-03-01 14:53,45.00,30.00,5.00,300.00,29.95,0.00,10.00,BKN
MDW,2022-03-01 15:53,47.00,32.00,5.00,300.00,29.97,T,10.00,BKN
MDW,2022-03-01 16:53,48.00,32.00,4.00,270.00,29.98,T,10.00,OVC
MDW,2022-03-01 17:53,49.00,32.00,3.00,350.00,29.97,0.00,10.00,FEW
MDW,2022-03-01 18:53,51.00,32.00,0.00,0.00,29.96,0.00,10.00,SCT
MDW,2022-03-01 19:53,51.00,33.00,5.00,110.00,29.95,0.00,10.00,SCT
MDW,2022-03-01 20:53,50.00,33.00,10.00,60.00,29.97,0.00,10.00,FEW
MDW,2022-03-01 21:53,46.00,32.00,9.00,80.00,30.01,0.00,10.00,BKN
MDW,2022-03-01 22:53,43.00,28.90,9.00,100.00,30.03,0.00,10.00,SCT
MDW,2022-03-01 23:53,40.00,28.90,9.00,90.00,30.05,0.00,10.00,FEW
MDW,2022-03-02 00:53,39.00,30.90,8.00,90.00,30.08,0.00,10.00,BKN
MDW,2022-03-02 01:53,38.00,30.90,6.00,70.00,30.10,0.00,10.00,FEW
MDW,2022-03-02 02:53,38.00,30.90,8.00,60.00,30.11,0.00,10.00,FEW
MDW,2022-03-02 03:53,38.00,30.90,7.00,60.00,30.12,0.00,10.00,FEW
MDW,2022-03-02 04:53,37.00,30.90,7.00,80.00,30.12,0.00,10.00,FEW
MDW,2022-03-02 05:53,37.00,30.00,5.00,80.00,30.11,0.00,10.00,FEW
MDW,2022-03-02 06:53,37.00,30.00,5.00,100.00,30.11,0.00,10.00,OVC
MDW,2022-03-02 07:53,36.00,28.90,6.00,120.00,30.11,0.00,10.00,BKN
MDW,2022-03-02 08:53,35.00,28.90,5.00,120.00,30.10,0.00,10.00,SCT
MDW,2022-03-02 09:53,36.00,27.00,4.00,100.00,30.09,0.00,10.00,OVC
MDW,2022-03-02 10:53,34.00,26.10,3.00,120.00,30.09,0.00,10.00,FEW
MDW,2022-03-02 11:53,36.00,26.10,0.00,0.00,30.09,0.00,10.00,BKN
MDW,2022-03-02 12:53,36.00,26.10,4.00,190.00,30.09,0.00,10.00,BKN
MDW,2022-03-02 13:53,38.00,26.10,0.00,0.00,30.09,0.00,10.00,SCT
MDW,2022-03-02 14:53,41.00,27.00,4.00,180.00,30.08,0.00,10.00,BKN
MDW,2022-03-02 15:53,44.00,28.00,6.00,230.00,30.08,0.00,10.00,BKN
MDW,2022-03-02 16:53,48.00,30.00,10.00,220.00,30.05,0.00,10.00,BKN
MDW,2022-03-02 17:53,52.00,33.00,8.00,220.00,30.02,0.00,10.00,SCT
MDW,2022-03-02 18:53,55.00,34.00,8.00,250.00,29.99,0.00,10.00,FEW
MDW,2022-03-02 19:53,58.00,36.00,8.00,270.00,29.97,0.00,10.00,FEW
MDW,2022-03-02 20:53,58.00,37.00,7.00,260.00,29.96,0.00,10.00,FEW
MDW,2022-03-02 21:53,60.00,37.00,8.00,290.00,29.95,0.00,10.00,FEW
MDW,2022-03-02 22:53,58.00,37.00,9.00,330.00,29.96,0.00,10.00,FEW
MDW,2022-03-02 23:53,49.00,34.00,14.00,40.00,30.00,0.00,9.00,FEW
MDW,2022-03-03 00:53,44.00,32.00,10.00,30.00,30.05,T,10.00,FEW
MDW,2022-03-03 01:53,43.00,33.00,15.00,10.00,30.08,T,10.00,FEW
MDW,2022-03-03 02:53,43.00,33.00,13.00,10.00,30.10,T,10.00,OVC
MDW,2022-03-03 03:53,40.00,30.90,15.00,30.00,30.13,T,10.00,SCT
MDW,2022-03-03 04:53,37.00,28.00,17.00,40.00,30.16,0.00,10.00,SCT
MDW,2022-03-03 05:53,37.00,27.00,16.00,40.00,30.17,0.00,10.00,BKN
MDW,2022-03-03 06:53,35.00,26.10,21.00,50.00,30.20,0.00,10.00,BKN
MDW,2022-03-03 07:53,34.00,24.10,18.00,30.00,30.22,0.00,10.00,SCT
MDW,2022-03-03 08:53,33.00,21.90,18.00,40.00,30.23,0.00,10.00,OVC
MDW,2022-03-03 09:53,33.00,19.90,14.00,40.00,30.24,0.00,10.00,OVC
MDW,2022-03-03 10:53,32.00,18.00,13.00,30.00,30.28,0.00,10.00,OVC
MDW,2022-03-03 11:53,32.00,18.00,12.00,10.00,30.33,0.00,10.00,OVC
MDW,2022-03-03 12:53,32.00,18.00,11.00,30.00,30.35,0.00,10.00,BKN
MDW,2022-03-03 13:53,32.00,18.00,11.00,30.00,30.38,0.00,10.00,BKN
MDW,2022-03-03 14:53,32.00,17.10,12.00,20.00,30.41,0.00,10.00,BKN
MDW,2022-03-03 15:53,35.00,17.10,9.00,30.00,30.42,0.00,10.00,SCT
MDW,2022-03-03 16:53,36.00,17.10,7.00,30.00,30.44,0.00,10.00,SCT
MDW,2022-03-03 17:53,35.00,17.10,10.00,40.00,30.44,0.00,10.00,SCT
MDW,2022-03-03 18:53,37.00,18.00,12.00,50.00,30.42,0.00,10.00,FEW
MDW,2022-03-03 19:53,35.00,17.10,12.00,30.00,30.42,0.00,10.00,FEW
MDW,2022-03-03 20:53,35.00,16.00,10.00,40.00,30.43,0.00,10.00,FEW
MDW,2022-03-03 21:53,33.00,14.00,9.00,30.00,30.44,0.00,10.00,FEW
MDW,2022-03-03 22:53,32.00,12.90,10.00,60.00,30.44,0.00,10.00,FEW
MDW,2022-03-03 23:53,32.00,15.10,7.00,80.00,30.45,0.00,10.00,FEW
MDW,2022-03-04 00:53,30.90,15.10,8.00,80.00,30.46,0.00,10.00,FEW
MDW,2022-03-04 01:53,30.90,15.10,7.00,80.00,30.45,0.00,10.00,BKN
MDW,2022-03-04 02:53,30.90,15.10,7.00,100.00,30.44,0.00,10.00,SCT
MDW,2022-03-04 03:53,30.90,15.10,8.00,80.00,30.44,0.00,10.00,FEW
MDW,2022-03-04 04:53,30.90,15.10,5.00,70.00,30.44,0.00,10.00,BKN
MDW,2022-03-04 05:53,30.00,16.00,5.00,70.00,30.43,0.00,10.00,SCT
MDW,2022-03-04 06:53,30.90,16.00,6.00,90.00,30.44,0.00,10.00,BKN
MDW,2022-03-04 07:53,30.90,17.10,5.00,80.00,30.43,0.00,10.00,BKN
MDW,2022-03-04 08:53,30.90,18.00,6.00,90.00,30.41,0.00,10.00,FEW
MDW,2022-03-04 09:53,30.90,19.90,7.00,80.00,30.41,0.00,10.00,BKN
MDW,2022-03-04 10:53,30.90,21.00,7.00,100.00,30.43,0.00,10.00,FEW
MDW,2022-03-04 11:53,30.00,21.00,5.00,90.00,30.44,0.00,10.00,FEW
MDW,2022-03-04 12:53,30.90,21.00,7.00,100.00,30.44,0.00,10.00,FEW
MDW,2022-03-04 13:53,33.00,19.90,9.00,100.00,30.44,0.00,10.00,FEW
MDW,2022-03-04 14:53,35.00,19.00,8.00,120.00,30.44,0.00,10.00,FEW
MDW,2022-03-04 15:53,37.00,18.00,7.00,120.00,30.44,0.00,10.00,FEW
MDW,2022-03-04 16:53,39.00,19.00,3.00,70.00,30.41,0.00,10.00,FEW
MDW,2022-03-04 17:53,41.00,19.90,9.00,90.00,30.39,0.00,10.00,FEW
MDW,2022-03-04 18:53,42.00,19.00,9.00,90.00,30.35,0.00,10.00,BKN
MDW,2022-03-04 19:53,41.00,19.90,11.00,80.00,30.32,0.00,10.00,BKN
MDW,2022-03-04 20:53,41.00,21.00,11.00,60.00,30.31,0.00,10.00,BKN
MDW,2022-03-04 21:53,40.00,21.90,11.00,80.00,30.28,0.00,10.00,BKN
MDW,2022-03-04 22:53,40.00,23.00,11.00,80.00,30.26,0.00,10.00,BKN
MDW,2022-03-04 23:53,40.00,24.10,8.00,90.00,30.23,0.00,10.00,BKN
MDW,2022-03-05 00:53,41.00,23.00,8.00,100.00,30.22,0.00,10.00,SCT
MDW,2022-03-05 01:53,42.00,19.90,7.00,100.00,30.20,0.00,10.00,FEW
MDW,2022-03-05 02:53,42.00,19.00,12.00,120.00,30.18,0.00,10.00,BKN
MDW,2022-03-05 03:53,42.00,21.00,9.00,120.00,30.17,0.00,10.00,BKN
MDW,2022-03-05 04:53,43.00,21.00,8.00,130.00,30.14,0.00,10.00,BKN
MDW,2022-03-05 05:53,43.00,21.00,6.00,140.00,30.12,0.00,10.00,OVC
MDW,2022-03-05 06:53,44.00,21.90,9.00,140.00,30.09,0.00,10.00,OVC
MDW,2022-03-05 07:53,44.00,23.00,8.00,140.00,30.07,0.00,10.00,BKN
MDW,2022-03-05 08:53,44.00,23.00,7.00,150.00,30.05,0.00,10.00,BKN
MDW,2022-03-05 09:53,44.00,24.10,7.00,150.00,30.03,0.00,10.00,FEW
MDW,2022-03-05 10:53,43.00,25.00,8.00,140.00,30.01,0.00,10.00,SCT
MDW,2022-03-05 11:53,43.00,26.10,7.00,150.00,29.99,0.00,10.00,SCT
MDW,2022-03-05 12:53,43.00,27.00,7.00,160.00,29.97,0.00,10.00,SCT
MDW,2022-03-05 13:53,47.00,28.00,7.00,150.00,29.95,0.00,10.00,SCT
MDW,2022-03-05 14:53,52.00,30.90,7.00,180.00,29.95,0.00,10.00,FEW
MDW,2022-03-05 15:53,59.00,36.00,12.00,190.00,29.92,0.00,10.00,SCT
MDW,2022-03-05 16:53,64.00,40.00,14.00,200.00,29.89,0.00,10.00,SCT
MDW,2022-03-05 17:53,66.00,44.00,13.00,210.00,29.87,0.00,10.00,SCT
MDW,2022-03-05 18:53,68.00,48.00,16.00,200.00,29.82,0.00,10.00,SCT
MDW,2022-03-05 19:53,70.00,50.00,17.00,210.00,29.78,0.00,10.00,SCT
MDW,2022-03-05 20:53,70.00,51.00,17.00,200.00,29.77,0.00,10.00,BKN
MDW,2022-03-05 21:53,70.00,49.00,14.00,200.00,29.75,0.00,10.00,SCT
MDW,2022-03-05 22:53,71.00,49.00,18.00,190.00,29.71,0.00,10.00,SCT
MDW,2022-03-05 23:53,69.00,50.00,19.00,190.00,29.72,0.00,10.00,BKN
MDW,2022-03-06 00:53,67.00,51.00,18.00,190.00,29.71,0.00,10.00,FEW
MDW,2022-03-06 01:53,66.00,51.00,23.00,190.00,29.70,T,10.00,SCT
MDW,2022-03-06 02:53,64.00,54.00,20.00,200.00,29.67,0.02,10.00,FEW
MDW,2022-03-06 03:53,65.00,55.00,21.00,210.00,29.67,0.00,10.00,BKN
MDW,2022-03-06 04:53,64.00,55.00,21.00,200.00,29.65,0.00,10.00,FEW
MDW,2022-03-06 05:53,56.00,49.00,19.00,240.00,29.71,0.16,4.00,SCT
MDW,2022-03-06 06:53,59.00,51.00,14.00,210.00,29.64,0.03,10.00,BKN
MDW,2022-03-06 07:53,61.00,52.00,16.00,220.00,29.63,0.00,10.00,FEW
MDW,2022-03-06 08:53,58.00,48.00,27.00,250.00,29.66,0.00,10.00,BKN
MDW,2022-03-06 09:53,47.00,36.00,27.00,260.00,29.75,0.00,10.00,BKN
MDW,2022-03-06 10:53,43.00,34.00,26.00,260.00,29.79,0.00,10.00,OVC
MDW,2022-03-06 11:53,41.00,30.90,21.00,260.00,29.83,0.00,10.00,BKN
MDW,2022-03-06 12:53,39.00,28.00,24.00,250.00,29.88,0.00,10.00,BKN
MDW,2022-03-06 13:53,39.00,28.00,21.00,270.00,29.91,0.00,10.00,BKN
MDW,2022-03-06 14:53,39.00,28.90,20.00,260.00,29.94,0.00,10.00,BKN
MDW,2022-03-06 15:53,39.00,28.90,17.00,260.00,29.98,0.00,10.00,BKN
MDW,2022-03-06 16:53,39.00,28.00,17.00,270.00,30.00,0.00,10.00,BKN
MDW,2022-03-06 17:53,40.00,28.00,17.00,270.00,30.02,0.00,10.00,BKN
MDW,2022-03-06 18:53,42.00,28.90,16.00,260.00,30.03,0.00,10.00,BKN
MDW,2022-03-06 19:53,43.00,28.90,15.00,280.00,30.03,0.00,10.00,FEW
MDW,2022-03-06 20:53,43.00,28.90,12.00,270.00,30.05,0.00,10.00,FEW
MDW,2022-03-06 21:53,42.00,28.90,11.00,270.00,30.05,0.00,10.00,FEW
MDW,2022-03-06 22:53,41.00,28.90,8.00,250.00,30.05,0.00,10.00,FEW
MDW,2022-03-06 23:53,41.00,28.00,5.00,290.00,30.05,0.00,10.00,FEW
MDW,2022-03-07 00:53,41.00,28.90,7.00,340.00,30.02,0.00,10.00,FEW
MDW,2022-03-07 01:53,40.00,28.00,3.00,330.00,30.00,0.00,10.00,FEW
MDW,2022-03-07 02:53,40.00,28.90,5.00,10.00,29.97,0.00,10.00,BKN
MDW,2022-03-07 03:53,40.00,28.90,6.00,110.00,30.04,0.00,10.00,BKN
MDW,2022-03-07 04:53,40.00,30.00,4.00,30.00,30.01,T,10.00,BKN
MDW,2022-03-07 05:53,37.00,30.90,7.00,20.00,29.95,0.06,8.00,OVC
MDW,2022-03-07 06:53,36.00,30.90,9.00,30.00,29.88,0.07,7.00,OVC
MDW,2022-03-07 07:53,36.00,30.90,10.00,20.00,29.87,0.08,3.00,FEW
MDW,2022-03-07 08:53,35.00,30.90,13.00,20.00,29.86,0.06,2.00,OVC
MDW,2022-03-07 09:53,35.00,30.00,14.00,30.00,29.82,T,10.00,BKN
MDW,2022-03-07 10:53,35.00,30.00,13.00,40.00,29.76,T,6.00,SCT
MDW,2022-03-07 11:53,35.00,30.90,10.00,340.00,29.83,T,6.00,BKN
MDW,2022-03-07 12:53,34.00,30.90,10.00,310.00,29.85,0.04,0.75,BKN
MDW,2022-03-07 13:53,33.00,30.00,9.00,310.00,29.88,T,1.00,BKN
MDW,2022-03-07 14:53,33.00,30.00,9.00,320.00,29.89,T,2.00,SCT
MDW,2022-03-07 15:53,34.00,28.90,12.00,320.00,29.91,0.01,1.75,BKN
MDW,2022-03-07 16:53,35.00,30.00,12.00,310.00,29.93,T,2.00,BKN
MDW,2022-03-07 17:53,37.00,28.90,13.00,330.00,29.95,T,7.00,SCT
MDW,2022-03-07 18:53,37.00,27.00,13.00,310.00,29.98,T,10.00,BKN
MDW,2022-03-07 19:53,37.00,27.00,13.00,300.00,29.99,0.00,10.00,BKN
MDW,2022-03-07 20:53,37.00,25.00,12.00,310.00,30.02,0.00,10.00,SCT
MDW,2022-03-07 21:53,36.00,23.00,15.00,290.00,30.05,0.00,10.00,FEW
MDW,2022-03-07 22:53,36.00,23.00,15.00,290.00,30.08,0.00,10.00,OVC
MDW,2022-03-07 23:53,35.00,21.00,12.00,300.00,30.11,0.00,10.00,OVC
MDW,2022-03-08 00:53,35.00,24.10,9.00,270.00,30.14,0.00,10.00,SCT
MDW,2022-03-08 01:53,34.00,23.00,15.00,300.00,30.16,T,10.00,SCT
MDW,2022-03-08 02:53,33.00,21.90,11.00,290.00,30.19,0.00,10.00,FEW
MDW,2022-03-08 03:53,33.00,19.90,7.00,290.00,30.20,0.00,10.00,OVC
MDW,2022-03-08 04:53,33.00,19.00,7.00,280.00,30.21,0.00,10.00,OVC
MDW,2022-03-08 05:53,32.00,18.00,6.00,320.00,30.21,0.00,10.00,OVC
MDW,2022-03-08 06:53,32.00,19.00,6.00,270.00,30.22,0.00,10.00,OVC
MDW,2022-03-08 07:53,30.90,18.00,7.00,270.00,30.23,0.00,10.00,OVC
MDW,2022-03-08 08:53,30.90,18.00,6.00,270.00,30.23,0.00,10.00,OVC
MDW,2022-03-08 09:53,30.00,16.00,4.00,280.00,30.23,0.00,10.00,OVC
MDW,2022-03-08 10:53,30.00,17.10,7.00,240.00,30.23,0.00,10.00,OVC
MDW,2022-03-08 11:53,28.90,17.10,5.00,230.00,30.23,0.00,10.00,SCT
MDW,2022-03-08 12:53,28.90,17.10,3.00,250.00,30.22,0.00,10.00,FEW
MDW,2022-03-08 13:53,30.90,18.00,6.00,220.00,30.23,0.00,10.00,FEW
MDW,2022-03-08 14:53,33.00,19.00,9.00,190.00,30.23,0.00,10.00,FEW
MDW,2022-03-08 15:53,34.00,19.90,10.00,220.00,30.23,0.00,10.00,SCT
MDW,2022-03-08 16:53,36.00,21.00,9.00,220.00,30.21,0.00,10.00,SCT
MDW,2022-03-08 17:53,37.00,19.90,9.00,220.00,30.20,0.00,10.00,SCT
MDW,2022-03-08 18:53,39.00,21.90,10.00,230.00,30.15,0.00,10.00,SCT
MDW,2022-03-08 19:53,41.00,23.00,8.00,230.00,30.12,0.00,10.00,SCT
MDW,2022-03-08 20:53,41.00,21.00,4.00,M,30.07,0.00,10.00,FEW
MDW,2022-03-08 21:53,40.00,21.00,8.00,240.00,30.06,0.00,10.00,FEW
MDW,2022-03-08 22:53,40.00,21.00,9.00,210.00,30.06,0.00,10.00,FEW
MDW,2022-03-08 23:53,40.00,21.90,12.00,200.00,30.06,0.00,10.00,SCT
MDW,2022-03-09 00:53,38.00,23.00,9.00,210.00,30.05,0.00,10.00,FEW
MDW,2022-03-09 01:53,37.00,24.10,6.00,210.00,30.04,0.00,10.00,SCT
MDW,2022-03-09 02:53,36.00,24.10,5.00,220.00,30.04,0.00,10.00,SCT
MDW,2022-03-09 03:53,35.00,24.10,5.00,210.00,30.04,0.00,10.00,SCT
MDW,2022-03-09 04:53,34.00,24.10,4.00,210.00,30.03,0.00,10.00,SCT
MDW,2022-03-09 05:53,33.00,24.10,4.00,200.00,30.02,0.00,10.00,SCT
MDW,2022-03-09 06:53,32.00,24.10,5.00,220.00,30.01,0.00,10.00,SCT
MDW,2022-03-09 07:53,32.00,24.10,5.00,230.00,29.99,0.00,10.00,BKN
MDW,2022-03-09 08:53,32.00,24.10,6.00,230.00,29.98,0.00,10.00,OVC
MDW,2022-03-09 09:53,33.00,25.00,5.00,220.00,29.97,0.00,10.00,OVC
MDW,2022-03-09 10:53,33.00,24.10,6.00,240.00,29.96,0.00,10.00,BKN
MDW,2022-03-09 11:53,33.00,24.10,5.00,260.00,29.96,0.00,10.00,BKN
MDW,2022-03-09 12:53,34.00,24.10,5.00,260.00,29.97,0.00,10.00,BKN
MDW,2022-03-09 13:53,36.00,24.10,10.00,270.00,29.98,0.00,10.00,FEW
MDW,2022-03-09 14:53,38.00,24.10,9.00,280.00,30.00,0.00,10.00,FEW
MDW,2022-03-09 15:53,40.00,25.00,9.00,290.00,30.01,0.00,10.00,CLR
MDW,2022-03-09 16:53,42.00,26.10,11.00,260.00,30.00,0.00,10.00,CLR
MDW,2022-03-09 17:53,43.00,25.00,11.00,290.00,30.00,0.00,10.00,FEW
MDW,2022-03-09 18:53,44.00,25.00,11.00,280.00,30.00,0.00,10.00,FEW
MDW,2022-03-09 19:53,43.00,19.90,11.00,280.00,30.02,0.00,10.00,FEW
MDW,2022-03-09 20:53,43.00,19.90,12.00,300.00,30.03,0.00,10.00,FEW
MDW,2022-03-09 21:53,41.00,19.90,12.00,280.00,30.03,0.00,10.00,FEW
MDW,2022-03-09 22:53,41.00,19.00,11.00,300.00,30.03,0.00,10.00,FEW
MDW,2022-03-09 23:53,38.00,19.00,8.00,300.00,30.05,0.00,10.00,FEW
MDW,2022-03-10 00:53,37.00,16.00,10.00,290.00,30.08,0.00,10.00,FEW
MDW,2022-03-10 01:53,35.00,19.00,9.00,300.00,30.11,0.00,10.00,FEW
MDW,2022-03-10 02:53,34.00,19.90,9.00,290.00,30.14,0.00,10.00,FEW
MDW,2022-03-10 03:53,33.00,19.00,6.00,300.00,30.16,0.00,10.00,FEW
MDW,2022-03-10 04:53,30.90,18.00,7.00,290.00,30.16,0.00,10.00,BKN
MDW,2022-03-10 05:53,30.00,19.00,9.00,310.00,30.16,0.00,10.00,BKN
MDW,2022-03-10 06:53,28.90,18.00,8.00,320.00,30.17,0.00,10.00,BKN
MDW,2022-03-10 07:53,28.00,17.10,7.00,310.00,30.18,0.00,10.00,BKN
MDW,2022-03-10 08:53,28.00,18.00,8.00,330.00,30.17,0.00,10.00,FEW
MDW,2022-03-10 09:53,28.00,14.00,11.00,350.00,30.18,0.00,10.00,FEW
MDW,2022-03-10 10:53,27.00,14.00,10.00,340.00,30.21,0.00,10.00,FEW
MDW,2022-03-10 11:53,27.00,12.90,8.00,360.00,30.22,0.00,10.00,FEW
MDW,2022-03-10 12:53,26.10,12.90,8.00,350.00,30.23,0.00,10.00,FEW
MDW,2022-03-10 13:53,28.00,14.00,9.00,360.00,30.25,0.00,10.00,FEW
MDW,2022-03-10 14:53,28.00,12.90,9.00,360.00,30.27,0.00,10.00,FEW
MDW,2022-03-10 15:53,30.00,14.00,8.00,20.00,30.27,0.00,10.00,FEW
MDW,2022-03-10 16:53,30.00,14.00,6.00,40.00,30.26,0.00,10.00,SCT
MDW,2022-03-10 17:53,30.00,12.90,6.00,80.00,30.24,T,10.00,FEW
MDW,2022-03-10 18:53,32.00,15.10,6.00,20.00,30.21,T,10.00,BKN
MDW,2022-03-10 19:53,30.90,15.10,4.00,330.00,30.20,T,10.00,SCT
MDW,2022-03-10 20:53,30.90,12.90,3.00,M,30.19,T,10.00,SCT
MDW,2022-03-10 21:53,28.90,14.00,7.00,90.00,30.19,T,10.00,FEW
MDW,2022-03-10 22:53,28.00,16.00,6.00,40.00,30.18,T,9.00,FEW
MDW,2022-03-10 23:53,27.00,16.00,6.00,20.00,30.17,T,7.00,BKN
MDW,2022-03-11 00:53,26.10,19.00,5.00,70.00,30.16,T,3.00,FEW
MDW,2022-03-11 01:53,26.10,19.90,5.00,20.00,30.16,T,2.50,FEW
MDW,2022-03-11 02:53,26.10,19.90,7.00,30.00,30.15,T,2.50,SCT
MDW,2022-03-11 03:53,26.10,19.90,5.00,360.00,30.16,T,2.00,FEW
MDW,2022-03-11 04:53,26.10,19.90,5.00,350.00,30.15,T,2.00,SCT
MDW,2022-03-11 05:53,26.10,19.90,5.00,340.00,30.15,0.01,2.00,SCT
MDW,2022-03-11 06:53,26.10,19.90,6.00,350.00,30.13,T,3.00,FEW
MDW,2022-03-11 07:53,26.10,19.90,6.00,300.00,30.12,T,3.00,SCT
MDW,2022-03-11 08:53,24.10,19.00,8.00,330.00,30.12,T,2.50,FEW
MDW,2022-03-11 09:53,24.10,18.00,8.00,340.00,30.11,T,2.00,SCT
MDW,2022-03-11 10:53,23.00,17.10,6.00,340.00,30.09,T,2.50,OVC
MDW,2022-03-11 11:53,21.90,17.10,4.00,290.00,30.09,T,3.00,OVC
MDW,2022-03-11 12:53,23.00,17.10,5.00,280.00,30.09,T,10.00,BKN
MDW,2022-03-11 13:53,24.10,16.00,8.00,290.00,30.08,0.00,10.00,FEW
MDW,2022-03-11 14:53,26.10,12.90,8.00,280.00,30.08,0.00,10.00,FEW
MDW,2022-03-11 15:53,26.10,14.00,9.00,270.00,30.06,0.00,10.00,FEW
MDW,2022-03-11 16:53,28.90,15.10,10.00,240.00,30.05,0.00,10.00,FEW
MDW,2022-03-11 17:53,32.00,14.00,17.00,240.00,30.03,0.00,10.00,FEW
MDW,2022-03-11 18:53,32.00,14.00,16.00,250.00,30.00,0.00,10.00,FEW
MDW,2022-03-11 19:53,33.00,16.00,17.00,260.00,29.99,0.00,10.00,FEW
MDW,2022-03-11 20:53,30.90,15.10,17.00,270.00,29.99,0.00,10.00,BKN
MDW,2022-03-11 21:53,30.00,12.90,20.00,260.00,29.98,T,10.00,FEW
MDW,2022-03-11 22:53,28.90,5.00,17.00,280.00,30.00,0.00,10.00,SCT
MDW,2022-03-11 23:53,28.00,6.00,18.00,280.00,30.02,0.00,10.00,FEW
MDW,2022-03-12 00:53,26.10,5.00,19.00,310.00,30.03,0.00,10.00,FEW
MDW,2022-03-12 01:53,23.00,1.90,14.00,300.00,30.06,0.00,10.00,FEW
MDW,2022-03-12 02:53,21.90,1.90,15.00,290.00,30.07,0.00,10.00,FEW
MDW,2022-03-12 03:53,21.00,1.90,17.00,310.00,30.09,0.00,10.00,CLR
MDW,2022-03-12 04:53,19.00,1.90,10.00,300.00,30.10,0.00,10.00,CLR
MDW,2022-03-12 05:53,18.00,-0.90,13.00,310.00,30.10,0.00,10.00,CLR
MDW,2022-03-12 06:53,17.10,0.00,10.00,310.00,30.10,0.00,10.00,CLR
MDW,2022-03-12 07:53,16.00,-0.90,13.00,310.00,30.11,0.00,10.00,CLR
MDW,2022-03-12 08:53,15.10,-0.90,12.00,320.00,30.11,0.00,10.00,CLR
MDW,2022-03-12 09:53,15.10,0.00,13.00,300.00,30.11,0.00,10.00,CLR
MDW,2022-03-12 10:53,14.00,0.00,11.00,320.00,30.12,0.00,10.00,CLR
MDW,2022-03-12 11:53,12.90,0.00,11.00,310.00,30.13,0.00,10.00,FEW
MDW,2022-03-12 12:53,12.90,0.00,10.00,300.00,30.16,0.00,10.00,FEW
MDW,2022-03-12 13:53,14.00,-0.90,14.00,310.00,30.18,0.00,10.00,FEW
MDW,2022-03-12 14:53,16.00,0.00,14.00,290.00,30.19,0.00,10.00,FEW
MDW,2022-03-12 15:53,17.10,0.00,14.00,320.00,30.19,0.00,10.00,FEW
MDW,2022-03-12 16:53,19.00,0.00,12.00,300.00,30.19,0.00,10.00,FEW
MDW,2022-03-12 17:53,21.00,0.00,15.00,300.00,30.19,0.00,10.00,FEW
MDW,2022-03-12 18:53,23.00,1.00,13.00,320.00,30.16,0.00,10.00,FEW
MDW,2022-03-12 19:53,23.00,1.00,12.00,270.00,30.15,T,10.00,FEW
MDW,2022-03-12 20:53,24.10,1.90,10.00,310.00,30.15,0.00,10.00,FEW
MDW,2022-03-12 21:53,23.00,3.00,12.00,250.00,30.15,0.00,10.00,FEW
MDW,2022-03-12 22:53,24.10,4.00,9.00,270.00,30.14,0.00,10.00,FEW
MDW,2022-03-12 23:53,21.90,5.00,11.00,250.00,30.15,0.00,10.00,FEW
MDW,2022-03-13 00:53,21.00,5.00,10.00,250.00,30.15,0.00,10.00,FEW
MDW,2022-03-13 01:53,21.00,7.00,13.00,240.00,30.16,0.00,10.00,SCT
MDW,2022-03-13 02:53,21.00,7.00,9.00,220.00,30.14,0.00,10.00,FEW
MDW,2022-03-13 03:53,21.00,8.10,13.00,230.00,30.13,0.00,10.00,BKN
MDW,2022-03-13 04:53,21.90,8.10,13.00,230.00,30.12,0.00,10.00,BKN
MDW,2022-03-13 05:53,21.90,7.00,10.00,220.00,30.09,0.00,10.00,OVC
MDW,2022-03-13 06:53,21.90,8.10,8.00,200.00,30.06,0.00,10.00,OVC
MDW,2022-03-13 07:53,23.00,8.10,10.00,200.00,30.01,0.00,10.00,SCT
MDW,2022-03-13 08:53,23.00,8.10,12.00,190.00,29.96,0.00,10.00,BKN
MDW,2022-03-13 09:53,25.00,9.00,14.00,190.00,29.89,0.00,10.00,BKN
MDW,2022-03-13 10:53,28.00,10.90,13.00,200.00,29.88,T,9.00,SCT
MDW,2022-03-13 11:53,30.00,14.00,15.00,210.00,29.86,T,10.00,SCT
MDW,2022-03-13 12:53,30.90,16.00,9.00,220.00,29.88,T,10.00,FEW
MDW,2022-03-13 13:53,35.00,19.00,12.00,230.00,29.88,0.00,10.00,FEW
MDW,2022-03-13 14:53,40.00,21.00,16.00,260.00,29.90,0.00,10.00,FEW
MDW,2022-03-13 15:53,41.00,21.90,13.00,270.00,29.92,0.00,10.00,CLR
MDW,2022-03-13 16:53,45.00,24.10,15.00,250.00,29.92,0.00,10.00,CLR
MDW,2022-03-13 17:53,48.00,26.10,14.00,250.00,29.93,0.00,10.00,CLR
MDW,2022-03-13 18:53,50.00,28.90,11.00,260.00,29.94,0.00,10.00,CLR
MDW,2022-03-13 19:53,52.00,30.00,11.00,250.00,29.94,0.00,10.00,FEW
MDW,2022-03-13 20:53,53.00,30.00,16.00,250.00,29.96,0.00,10.00,FEW
MDW,2022-03-13 21:53,53.00,30.00,15.00,260.00,29.97,0.00,10.00,FEW
MDW,2022-03-13 22:53,52.00,28.90,15.00,260.00,29.98,0.00,10.00,SCT
MDW,2022-03-13 23:53,49.00,30.90,9.00,240.00,30.01,0.00,10.00,FEW
MDW,2022-03-14 00:53,48.00,32.00,7.00,230.00,30.05,0.00,10.00,FEW
MDW,2022-03-14 01:53,46.00,32.00,5.00,210.00,30.06,0.00,10.00,CLR
MDW,2022-03-14 02:53,45.00,30.90,3.00,190.00,30.08,0.00,10.00,CLR
MDW,2022-03-14 03:53,45.00,32.00,5.00,190.00,30.08,0.00,10.00,FEW
MDW,2022-03-14 04:53,44.00,32.00,5.00,200.00,30.10,0.00,10.00,FEW
MDW,2022-03-14 05:53,43.00,32.00,0.00,0.00,30.10,0.00,10.00,FEW
MDW,2022-03-14 06:53,44.00,33.00,5.00,170.00,30.10,0.00,10.00,BKN
MDW,2022-03-14 07:53,44.00,33.00,4.00,150.00,30.10,0.00,10.00,BKN
MDW,2022-03-14 08:53,44.00,32.00,6.00,180.00,30.07,0.00,10.00,BKN
MDW,2022-03-14 09:53,44.00,32.00,4.00,190.00,30.08,0.00,10.00,BKN
MDW,2022-03-14 10:53,44.00,32.00,7.00,200.00,30.08,0.00,10.00,BKN
MDW,2022-03-14 11:53,43.00,32.00,8.00,210.00,30.08,0.00,10.00,BKN
MDW,2022-03-14 12:53,43.00,32.00,8.00,200.00,30.09,0.00,10.00,SCT
MDW,2022-03-14 13:53,45.00,32.00,10.00,210.00,30.09,0.00,10.00,FEW
MDW,2022-03-14 14:53,49.00,32.00,12.00,210.00,30.10,0.00,10.00,FEW
MDW,2022-03-14 15:53,55.00,33.00,14.00,220.00,30.10,0.00,10.00,FEW
MDW,2022-03-14 16:53,58.00,33.00,11.00,210.00,30.10,0.00,10.00,FEW
MDW,2022-03-14 17:53,61.00,34.00,12.00,210.00,30.09,0.00,10.00,FEW
MDW,2022-03-14 18:53,63.00,34.00,13.00,240.00,30.08,0.00,10.00,FEW
MDW,2022-03-14 19:53,65.00,32.00,15.00,230.00,30.07,0.00,10.00,FEW
MDW,2022-03-14 20:53,65.00,32.00,13.00,220.00,30.06,0.00,10.00,SCT
MDW,2022-03-14 21:53,64.00,32.00,16.00,220.00,30.06,0.00,10.00,SCT
MDW,2022-03-14 22:53,62.00,33.00,13.00,230.00,30.07,0.00,10.00,SCT
MDW,2022-03-14 23:53,60.00,34.00,6.00,210.00,30.10,0.00,10.00,SCT
MDW,2022-03-15 00:53,58.00,35.00,0.00,0.00,30.12,0.00,10.00,SCT
MDW,2022-03-15 01:53,45.00,34.00,8.00,360.00,30.14,0.00,10.00,FEW
MDW,2022-03-15 02:53,42.00,34.00,7.00,20.00,30.16,0.00,10.00,FEW
MDW,2022-03-15 03:53,40.00,33.00,8.00,360.00,30.17,0.00,10.00,BKN
MDW,2022-03-15 04:53,40.00,33.00,7.00,360.00,30.18,0.00,10.00,FEW
MDW,2022-03-15 05:53,40.00,32.00,3.00,30.00,30.16,0.00,10.00,FEW
MDW,2022-03-15 06:53,39.00,32.00,0.00,0.00,30.16,0.00,10.00,FEW
MDW,2022-03-15 07:53,38.00,30.90,0.00,0.00,30.15,0.00,10.00,FEW
MDW,2022-03-15 08:53,39.00,33.00,0.00,0.00,30.14,0.00,10.00,BKN
MDW,2022-03-15 09:53,40.00,33.00,4.00,320.00,30.14,0.00,10.00,OVC
MDW,2022-03-15 10:53,40.00,33.00,0.00,0.00,30.13,0.00,10.00,BKN
MDW,2022-03-15 11:53,39.00,33.00,7.00,350.00,30.15,0.00,10.00,BKN
MDW,2022-03-15 12:53,40.00,33.00,5.00,30.00,30.16,0.00,10.00,BKN
MDW,2022-03-15 13:53,42.00,34.00,4.00,10.00,30.18,0.00,10.00,FEW
MDW,2022-03-15 14:53,44.00,34.00,5.00,360.00,30.20,0.00,10.00,FEW
MDW,2022-03-15 15:53,46.00,34.00,7.00,40.00,30.22,0.00,10.00,BKN
MDW,2022-03-15 16:53,49.00,33.00,6.00,20.00,30.22,0.00,10.00,FEW
MDW,2022-03-15 17:53,51.00,33.00,8.00,20.00,30.20,0.00,10.00,CLR
MDW,2022-03-15 18:53,52.00,33.00,5.00,70.00,30.18,0.00,10.00,FEW
MDW,2022-03-15 19:53,53.00,34.00,6.00,100.00,30.15,0.00,10.00,FEW
MDW,2022-03-15 20:53,52.00,34.00,9.00,110.00,30.14,0.00,10.00,FEW
MDW,2022-03-15 21:53,48.00,33.00,8.00,100.00,30.14,0.00,10.00,FEW
MDW,2022-03-15 22:53,47.00,33.00,8.00,80.00,30.14,0.00,10.00,CLR
MDW,2022-03-15 23:53,43.00,33.00,7.00,90.00,30.14,0.00,10.00,FEW
MDW,2022-03-16 00:53,42.00,33.00,4.00,90.00,30.14,0.00,10.00,FEW
MDW,2022-03-16 01:53,41.00,32.00,3.00,70.00,30.15,0.00,10.00,CLR
MDW,2022-03-16 02:53,39.00,32.00,3.00,90.00,30.15,0.00,10.00,CLR
MDW,2022-03-16 03:53,40.00,33.00,4.00,100.00,30.14,0.00,10.00,CLR
MDW,2022-03-16 04:53,39.00,32.00,3.00,100.00,30.12,0.00,10.00,CLR
MDW,2022-03-16 05:53,40.00,32.00,0.00,0.00,30.11,0.00,10.00,CLR
MDW,2022-03-16 06:53,40.00,32.00,0.00,0.00,30.09,0.00,10.00,CLR
MDW,2022-03-16 07:53,40.00,33.00,0.00,0.00,30.08,0.00,10.00,FEW
MDW,2022-03-16 08:53,40.00,32.00,0.00,0.00,30.06,0.00,10.00,SCT
MDW,2022-03-16 09:53,41.00,33.00,3.00,170.00,30.06,0.00,10.00,FEW
MDW,2022-03-16 10:53,41.00,34.00,0.00,0.00,30.04,0.00,10.00,FEW
MDW,2022-03-16 11:53,42.00,35.00,0.00,0.00,30.04,0.00,10.00,FEW
MDW,2022-03-16 12:53,44.00,37.00,5.00,170.00,30.04,0.00,10.00,SCT
MDW,2022-03-16 13:53,48.00,40.00,4.00,200.00,30.03,0.00,10.00,BKN
MDW,2022-03-16 14:53,54.00,43.00,5.00,M,30.02,0.00,10.00,BKN
MDW,2022-03-16 15:53,63.00,44.00,10.00,200.00,30.00,0.00,10.00,BKN
MDW,2022-03-16 16:53,67.00,44.00,14.00,200.00,29.98,0.00,10.00,BKN
MDW,2022-03-16 17:53,66.00,44.00,11.00,200.00,29.97,0.00,10.00,BKN
MDW,2022-03-16 18:53,70.00,43.00,17.00,200.00,29.92,0.00,10.00,FEW
MDW,2022-03-16 19:53,70.00,42.00,14.00,200.00,29.89,0.00,10.00,BKN
MDW,2022-03-16 20:53,71.00,41.00,15.00,200.00,29.87,0.00,10.00,BKN
MDW,2022-03-16 21:53,71.00,42.00,14.00,210.00,29.86,0.00,10.00,SCT
MDW,2022-03-16 22:53,70.00,42.00,9.00,230.00,29.85,0.00,10.00,FEW
MDW,2022-03-16 23:53,67.00,43.00,10.00,210.00,29.85,0.00,10.00,FEW
MDW,2022-03-17 00:53,66.00,43.00,7.00,190.00,29.85,0.00,10.00,FEW
MDW,2022-03-17 01:53,62.00,43.00,6.00,180.00,29.86,0.00,10.00,FEW
MDW,2022-03-17 02:53,61.00,43.00,6.00,190.00,29.85,0.00,10.00,FEW
MDW,2022-03-17 03:53,59.00,43.00,5.00,190.00,29.85,0.00,10.00,FEW
MDW,2022-03-17 04:53,57.00,42.00,5.00,200.00,29.86,0.00,10.00,SCT
MDW,2022-03-17 05:53,56.00,42.00,5.00,210.00,29.86,0.00,10.00,FEW
MDW,2022-03-17 06:53,55.00,42.00,5.00,210.00,29.86,0.00,10.00,SCT
MDW,2022-03-17 07:53,54.00,41.00,5.00,200.00,29.85,0.00,10.00,FEW
MDW,2022-03-17 08:53,53.00,41.00,4.00,190.00,29.84,0.00,10.00,FEW
MDW,2022-03-17 09:53,52.00,41.00,5.00,200.00,29.84,0.00,10.00,BKN
MDW,2022-03-17 10:53,53.00,41.00,5.00,190.00,29.85,0.00,10.00,FEW
MDW,2022-03-17 11:53,52.00,40.00,4.00,210.00,29.86,0.00,10.00,FEW
MDW,2022-03-17 12:53,53.00,41.00,4.00,200.00,29.87,0.00,10.00,FEW
MDW,2022-03-17 13:53,57.00,43.00,6.00,210.00,29.87,0.00,10.00,FEW
MDW,2022-03-17 14:53,61.00,45.00,8.00,240.00,29.88,0.00,10.00,FEW
MDW,2022-03-17 15:53,63.00,46.00,5.00,M,29.89,0.00,10.00,FEW
MDW,2022-03-17 16:53,65.00,46.00,5.00,210.00,29.88,0.00,10.00,FEW
MDW,2022-03-17 17:53,68.00,46.00,3.00,190.00,29.87,0.00,10.00,FEW
MDW,2022-03-17 18:53,71.00,46.00,5.00,210.00,29.85,0.00,10.00,FEW
MDW,2022-03-17 19:53,72.00,46.00,6.00,M,29.84,0.00,10.00,FEW
MDW,2022-03-17 20:53,67.00,45.00,10.00,30.00,29.85,0.00,9.00,BKN
MDW,2022-03-17 21:53,64.00,44.00,10.00,30.00,29.86,0.00,10.00,SCT
MDW,2022-03-17 22:53,60.00,41.00,8.00,20.00,29.89,0.00,10.00,FEW
MDW,2022-03-17 23:53,57.00,39.00,10.00,30.00,29.91,0.00,10.00,FEW
MDW,2022-03-18 00:53,54.00,37.00,9.00,30.00,29.93,0.00,10.00,FEW
MDW,2022-03-18 01:53,52.00,36.00,8.00,40.00,29.93,0.00,10.00,FEW
MDW,2022-03-18 02:53,52.00,38.00,10.00,30.00,29.96,0.00,10.00,BKN
MDW,2022-03-18 03:53,51.00,39.00,10.00,50.00,29.94,0.00,10.00,FEW
MDW,2022-03-18 04:53,50.00,38.00,9.00,70.00,29.95,0.00,10.00,BKN
MDW,2022-03-18 05:53,49.00,37.00,5.00,60.00,29.94,0.00,10.00,FEW
MDW,2022-03-18 06:53,50.00,38.00,7.00,40.00,29.93,0.00,10.00,SCT
MDW,2022-03-18 07:53,50.00,38.00,5.00,10.00,29.91,0.00,10.00,SCT
MDW,2022-03-18 08:53,50.00,36.00,7.00,20.00,29.91,0.00,10.00,BKN
MDW,2022-03-18 09:53,47.00,35.00,7.00,10.00,29.90,0.00,10.00,OVC
MDW,2022-03-18 10:53,44.00,35.00,9.00,20.00,29.90,0.00,10.00,FEW
MDW,2022-03-18 11:53,43.00,35.00,16.00,10.00,29.89,0.00,10.00,FEW
MDW,2022-03-18 12:53,43.00,35.00,17.00,20.00,29.89,0.00,10.00,FEW
MDW,2022-03-18 13:53,44.00,35.00,18.00,30.00,29.88,0.00,10.00,SCT
MDW,2022-03-18 14:53,44.00,35.00,17.00,30.00,29.88,0.00,10.00,FEW
MDW,2022-03-18 15:53,45.00,35.00,19.00,30.00,29.85,0.00,10.00,SCT
MDW,2022-03-18 16:53,47.00,36.00,14.00,30.00,29.82,0.00,10.00,FEW
MDW,2022-03-18 17:53,46.00,38.00,14.00,50.00,29.79,0.04,6.00,FEW
MDW,2022-03-18 18:53,45.00,39.00,15.00,30.00,29.73,0.06,9.00,FEW
MDW,2022-03-18 19:53,44.00,39.00,11.00,20.00,29.74,0.11,3.00,FEW
MDW,2022-03-18 20:53,44.00,40.00,10.00,20.00,29.70,0.14,4.00,FEW
MDW,2022-03-18 21:53,44.00,40.00,10.00,10.00,29.68,0.04,6.00,FEW
MDW,2022-03-18 22:53,44.00,40.00,13.00,20.00,29.66,0.01,5.00,BKN
MDW,2022-03-18 23:53,44.00,41.00,10.00,20.00,29.67,T,7.00,BKN
MDW,2022-03-19 00:53,43.00,41.00,11.00,10.00,29.65,0.02,5.00,OVC
MDW,2022-03-19 01:53,43.00,41.00,11.00,20.00,29.63,0.08,1.50,OVC
MDW,2022-03-19 02:53,43.00,41.00,12.00,10.00,29.62,0.03,2.50,OVC
MDW,2022-03-19 03:53,43.00,41.00,12.00,10.00,29.60,0.04,2.50,OVC
MDW,2022-03-19 04:53,43.00,41.00,11.00,10.00,29.60,0.02,3.00,OVC
MDW,2022-03-19 05:53,42.00,39.00,13.00,10.00,29.60,T,5.00,OVC
MDW,2022-03-19 06:53,41.00,39.00,13.00,360.00,29.60,T,3.00,OVC
MDW,2022-03-19 07:53,41.00,38.00,15.00,360.00,29.60,0.06,2.00,OVC
MDW,2022-03-19 08:53,40.00,38.00,13.00,360.00,29.60,0.01,2.00,OVC
MDW,2022-03-19 09:53,40.00,37.00,13.00,360.00,29.60,0.01,4.00,OVC
MDW,2022-03-19 10:53,39.00,37.00,11.00,360.00,29.62,T,3.00,OVC
MDW,2022-03-19 11:53,39.00,37.00,10.00,340.00,29.64,0.02,6.00,OVC
MDW,2022-03-19 12:53,40.00,37.00,14.00,330.00,29.67,0.04,5.00,OVC
MDW,2022-03-19 13:53,39.00,35.00,12.00,330.00,29.70,T,10.00,OVC
MDW,2022-03-19 14:53,40.00,36.00,9.00,320.00,29.73,T,10.00,OVC
MDW,2022-03-19 15:53,41.00,36.00,9.00,310.00,29.75,0.01,10.00,OVC
MDW,2022-03-19 16:53,40.00,35.00,9.00,300.00,29.78,T,10.00,BKN
MDW,2022-03-19 17:53,40.00,35.00,9.00,300.00,29.81,T,10.00,BKN
MDW,2022-03-19 18:53,41.00,35.00,11.00,310.00,29.82,T,10.00,BKN
MDW,2022-03-19 19:53,41.00,36.00,12.00,310.00,29.84,T,10.00,FEW
MDW,2022-03-19 20:53,42.00,36.00,9.00,290.00,29.86,T,10.00,FEW
MDW,2022-03-19 21:53,43.00,37.00,6.00,290.00,29.88,T,10.00,OVC
MDW,2022-03-19 22:53,44.00,39.00,6.00,270.00,29.91,T,10.00,OVC
MDW,2022-03-19 23:53,44.00,39.00,8.00,290.00,29.93,0.01,10.00,BKN
MDW,2022-03-20 00:53,44.00,39.00,5.00,280.00,29.95,T,10.00,FEW
MDW,2022-03-20 01:53,44.00,39.00,4.00,270.00,29.96,0.00,10.00,BKN
MDW,2022-03-20 02:53,43.00,38.00,0.00,0.00,29.98,0.00,10.00,FEW
MDW,2022-03-20 03:53,41.00,37.00,6.00,230.00,29.98,0.00,10.00,FEW
MDW,2022-03-20 04:53,39.00,36.00,5.00,250.00,30.00,0.00,10.00,CLR
MDW,2022-03-20 05:53,40.00,34.00,5.00,280.00,30.01,0.00,10.00,CLR
MDW,2022-03-20 06:53,39.00,33.00,6.00,270.00,30.02,0.00,10.00,CLR
MDW,2022-03-20 07:53,39.00,32.00,6.00,270.00,30.04,0.00,10.00,CLR
MDW,2022-03-20 08:53,38.00,30.90,7.00,280.00,30.05,0.00,10.00,CLR
MDW,2022-03-20 09:53,37.00,30.00,4.00,270.00,30.06,0.00,10.00,CLR
MDW,2022-03-20 10:53,36.00,30.00,4.00,220.00,30.08,0.00,10.00,CLR
MDW,2022-03-20 11:53,36.00,30.00,3.00,210.00,30.09,0.00,10.00,FEW
MDW,2022-03-20 12:53,37.00,30.90,5.00,240.00,30.12,0.00,10.00,FEW
MDW,2022-03-20 13:53,41.00,33.00,4.00,250.00,30.13,0.00,10.00,CLR
MDW,2022-03-20 14:53,47.00,35.00,3.00,200.00,30.14,0.00,10.00,CLR
MDW,2022-03-20 15:53,51.00,34.00,5.00,230.00,30.15,0.00,10.00,CLR
MDW,2022-03-20 16:53,55.00,32.00,4.00,220.00,30.14,0.00,10.00,CLR
MDW,2022-03-20 17:53,58.00,32.00,7.00,230.00,30.14,0.00,10.00,CLR
MDW,2022-03-20 18:53,61.00,34.00,11.00,230.00,30.13,0.00,10.00,FEW
MDW,2022-03-20 19:53,62.00,37.00,9.00,230.00,30.11,0.00,10.00,FEW
MDW,2022-03-20 20:53,63.00,37.00,6.00,260.00,30.10,0.00,10.00,FEW
MDW,2022-03-20 21:53,63.00,36.00,7.00,220.00,30.09,0.00,10.00,FEW
MDW,2022-03-20 22:53,63.00,35.00,8.00,240.00,30.09,0.00,10.00,FEW
MDW,2022-03-20 23:53,60.00,32.00,6.00,270.00,30.10,0.00,10.00,FEW
MDW,2022-03-21 00:53,57.00,30.90,4.00,250.00,30.11,0.00,10.00,SCT
MDW,2022-03-21 01:53,56.00,32.00,0.00,0.00,30.11,0.00,10.00,SCT
MDW,2022-03-21 02:53,55.00,32.00,4.00,190.00,30.12,0.00,10.00,SCT
MDW,2022-03-21 03:53,55.00,33.00,5.00,180.00,30.12,0.00,10.00,SCT
MDW,2022-03-21 04:53,50.00,33.00,3.00,200.00,30.12,0.00,10.00,SCT
MDW,2022-03-21 05:53,49.00,34.00,4.00,200.00,30.13,0.00,10.00,SCT
MDW,2022-03-21 06:53,48.00,34.00,4.00,200.00,30.13,0.00,10.00,BKN
MDW,2022-03-21 07:53,48.00,34.00,3.00,190.00,30.13,0.00,10.00,BKN
MDW,2022-03-21 08:53,48.00,35.00,0.00,0.00,30.12,0.00,10.00,SCT
MDW,2022-03-21 09:53,47.00,35.00,3.00,170.00,30.13,0.00,10.00,BKN
MDW,2022-03-21 10:53,48.00,36.00,5.00,170.00,30.13,0.00,10.00,FEW
MDW,2022-03-21 11:53,48.00,35.00,6.00,190.00,30.12,0.00,10.00,FEW
MDW,2022-03-21 12:53,51.00,35.00,6.00,180.00,30.12,0.00,10.00,FEW
MDW,2022-03-21 13:53,57.00,35.00,8.00,200.00,30.12,0.00,10.00,FEW
MDW,2022-03-21 14:53,62.00,35.00,13.00,210.00,30.11,0.00,10.00,FEW
MDW,2022-03-21 15:53,65.00,37.00,12.00,220.00,30.10,0.00,10.00,FEW
MDW,2022-03-21 16:53,70.00,38.00,14.00,230.00,30.09,0.00,10.00,FEW
MDW,2022-03-21 17:53,72.00,40.00,13.00,220.00,30.06,0.00,10.00,FEW
MDW,2022-03-21 18:53,74.00,40.00,14.00,230.00,30.04,0.00,10.00,BKN
MDW,2022-03-21 19:53,76.00,39.00,15.00,220.00,30.01,0.00,10.00,BKN
MDW,2022-03-21 20:53,76.00,38.00,13.00,210.00,29.99,0.00,10.00,FEW
MDW,2022-03-21 21:53,74.00,37.00,11.00,220.00,29.98,0.00,10.00,BKN
MDW,2022-03-21 22:53,73.00,39.00,10.00,210.00,29.99,0.00,10.00,OVC
MDW,2022-03-21 23:53,71.00,37.00,7.00,200.00,29.99,0.00,10.00,OVC
MDW,2022-03-22 00:53,68.00,39.00,4.00,180.00,29.99,0.00,10.00,OVC
MDW,2022-03-22 01:53,67.00,39.00,6.00,160.00,30.00,0.00,10.00,OVC
MDW,2022-03-22 02:53,64.00,38.00,5.00,180.00,30.01,0.00,10.00,FEW
MDW,2022-03-22 03:53,63.00,38.00,7.00,170.00,30.00,0.00,10.00,SCT
MDW,2022-03-22 04:53,62.00,38.00,5.00,130.00,30.00,0.00,10.00,SCT
MDW,2022-03-22 05:53,61.00,38.00,4.00,140.00,30.00,0.00,10.00,OVC
MDW,2022-03-22 06:53,60.00,38.00,6.00,140.00,29.98,0.00,10.00,FEW
MDW,2022-03-22 07:53,56.00,38.00,5.00,90.00,29.97,0.00,10.00,OVC
MDW,2022-03-22 08:53,53.00,37.00,3.00,80.00,29.95,0.00,10.00,OVC
MDW,2022-03-22 09:53,59.00,36.00,9.00,210.00,29.97,0.00,10.00,FEW
MDW,2022-03-22 10:53,57.00,43.00,14.00,210.00,29.99,T,10.00,SCT
MDW,2022-03-22 11:53,54.00,47.00,13.00,160.00,29.96,T,10.00,FEW
MDW,2022-03-22 12:53,53.00,46.00,10.00,150.00,29.95,0.02,8.00,FEW
MDW,2022-03-22 13:53,54.00,45.00,12.00,140.00,29.98,T,10.00,FEW
MDW,2022-03-22 14:53,54.00,45.00,16.00,130.00,29.95,T,10.00,FEW
MDW,2022-03-22 15:53,55.00,46.00,21.00,110.00,29.90,0.00,10.00,FEW
MDW,2022-03-22 16:53,56.00,45.00,17.00,130.00,29.88,0.00,10.00,FEW
MDW,2022-03-22 17:53,58.00,46.00,18.00,130.00,29.83,0.00,10.00,SCT
MDW,2022-03-22 18:53,59.00,45.00,16.00,140.00,29.83,0.00,10.00,BKN
MDW,2022-03-22 19:53,59.00,45.00,16.00,140.00,29.80,0.00,10.00,OVC
MDW,2022-03-22 20:53,59.00,45.00,14.00,160.00,29.80,T,10.00,OVC
MDW,2022-03-22 21:53,57.00,47.00,14.00,150.00,29.79,T,10.00,OVC
MDW,2022-03-22 22:53,54.00,48.00,19.00,120.00,29.75,0.01,9.00,OVC
MDW,2022-03-22 23:53,54.00,47.00,15.00,130.00,29.76,T,10.00,OVC
MDW,2022-03-23 00:53,53.00,47.00,14.00,120.00,29.75,T,8.00,OVC
MDW,2022-03-23 01:53,52.00,46.00,16.00,110.00,29.72,T,8.00,OVC
MDW,2022-03-23 02:53,52.00,45.00,16.00,120.00,29.69,T,9.00,BKN
MDW,2022-03-23 03:53,50.00,45.00,11.00,100.00,29.65,T,8.00,BKN
MDW,2022-03-23 04:53,50.00,45.00,10.00,90.00,29.60,0.01,10.00,OVC
MDW,2022-03-23 05:53,51.00,47.00,14.00,120.00,29.56,0.08,3.00,BKN
MDW,2022-03-23 06:53,51.00,47.00,14.00,140.00,29.53,0.10,3.00,SCT
MDW,2022-03-23 07:53,51.00,48.00,10.00,160.00,29.51,0.04,3.00,SCT
MDW,2022-03-23 08:53,51.00,48.00,13.00,150.00,29.48,0.03,3.00,BKN
MDW,2022-03-23 09:53,52.00,50.00,9.00,160.00,29.49,T,2.50,OVC
MDW,2022-03-23 10:53,53.00,51.00,10.00,170.00,29.50,0.00,4.00,OVC
MDW,2022-03-23 11:53,54.00,51.00,7.00,150.00,29.49,0.00,4.00,OVC
MDW,2022-03-23 12:53,54.00,51.00,6.00,200.00,29.50,0.00,6.00,BKN
MDW,2022-03-23 13:53,54.00,51.00,7.00,210.00,29.50,0.00,7.00,OVC
MDW,2022-03-23 14:53,54.00,52.00,4.00,190.00,29.49,0.00,5.00,BKN
MDW,2022-03-23 15:53,55.00,52.00,3.00,210.00,29.48,0.00,5.00,OVC
MDW,2022-03-23 16:53,55.00,52.00,4.00,200.00,29.47,T,3.00,OVC
MDW,2022-03-23 17:53,57.00,53.00,3.00,210.00,29.45,T,7.00,BKN
MDW,2022-03-23 18:53,60.00,52.00,3.00,200.00,29.43,0.00,9.00,BKN
MDW,2022-03-23 19:53,58.00,52.00,6.00,220.00,29.41,0.03,4.00,BKN
MDW,2022-03-23 20:53,58.00,53.00,4.00,140.00,29.42,0.21,10.00,FEW
MDW,2022-03-23 21:53,54.00,50.00,12.00,260.00,29.43,0.09,5.00,FEW
MDW,2022-03-23 22:53,54.00,49.00,8.00,210.00,29.45,0.03,10.00,FEW
MDW,2022-03-23 23:53,55.00,48.00,15.00,210.00,29.46,0.00,10.00,SCT
MDW,2022-03-24 00:53,53.00,46.00,13.00,200.00,29.49,0.00,10.00,BKN
MDW,2022-03-24 01:53,51.00,48.00,11.00,200.00,29.50,T,5.00,BKN
MDW,2022-03-24 02:53,50.00,47.00,11.00,210.00,29.50,0.01,2.50,BKN
MDW,2022-03-24 03:53,49.00,45.00,15.00,210.00,29.52,T,6.00,OVC
MDW,2022-03-24 04:53,47.00,43.00,13.00,210.00,29.53,T,2.50,OVC
MDW,2022-03-24 05:53,46.00,43.00,14.00,210.00,29.54,T,2.50,OVC
MDW,2022-03-24 06:53,45.00,42.00,13.00,210.00,29.55,T,2.50,OVC
MDW,2022-03-24 07:53,45.00,42.00,13.00,220.00,29.57,T,2.00,OVC
MDW,2022-03-24 08:53,45.00,43.00,12.00,240.00,29.58,T,7.00,BKN
MDW,2022-03-24 09:53,45.00,42.00,11.00,240.00,29.60,T,10.00,SCT
MDW,2022-03-24 10:53,44.00,41.00,10.00,250.00,29.62,T,10.00,BKN
MDW,2022-03-24 11:53,44.00,40.00,9.00,230.00,29.64,T,10.00,BKN
MDW,2022-03-24 12:53,43.00,40.00,8.00,250.00,29.66,T,6.00,BKN
MDW,2022-03-24 13:53,43.00,38.00,9.00,240.00,29.67,0.01,10.00,BKN
MDW,2022-03-24 14:53,43.00,38.00,10.00,240.00,29.68,0.00,10.00,BKN
MDW,2022-03-24 15:53,43.00,37.00,11.00,240.00,29.69,0.00,10.00,FEW
MDW,2022-03-24 16:53,44.00,37.00,10.00,230.00,29.69,0.00,10.00,SCT
MDW,2022-03-24 17:53,43.00,38.00,9.00,230.00,29.69,T,6.00,FEW
MDW,2022-03-24 18:53,45.00,39.00,10.00,240.00,29.69,T,10.00,FEW
MDW,2022-03-24 19:53,45.00,39.00,10.00,250.00,29.69,T,9.00,SCT
MDW,2022-03-24 20:53,45.00,38.00,8.00,250.00,29.70,0.01,9.00,SCT
MDW,2022-03-24 21:53,45.00,39.00,10.00,250.00,29.71,0.01,9.00,SCT
MDW,2022-03-24 22:53,45.00,39.00,7.00,250.00,29.72,0.02,9.00,SCT
MDW,2022-03-24 23:53,44.00,39.00,9.00,240.00,29.74,0.01,9.00,SCT
MDW,2022-03-25 00:53,44.00,39.00,8.00,260.00,29.75,T,9.00,BKN
MDW,2022-03-25 01:53,43.00,40.00,7.00,310.00,29.76,0.04,3.00,FEW
MDW,2022-03-25 02:53,43.00,38.00,8.00,280.00,29.77,T,7.00,FEW
MDW,2022-03-25 03:53,43.00,38.00,6.00,280.00,29.76,T,10.00,FEW
MDW,2022-03-25 04:53,43.00,38.00,4.00,300.00,29.76,0.00,10.00,BKN
MDW,2022-03-25 05:53,41.00,37.00,9.00,310.00,29.77,T,3.00,BKN
MDW,2022-03-25 06:53,41.00,36.00,7.00,300.00,29.76,T,8.00,FEW
MDW,2022-03-25 07:53,41.00,36.00,7.00,280.00,29.75,T,9.00,FEW
MDW,2022-03-25 08:53,41.00,36.00,6.00,280.00,29.74,T,9.00,FEW
MDW,2022-03-25 09:53,41.00,36.00,8.00,260.00,29.74,T,10.00,FEW
MDW,2022-03-25 10:53,41.00,36.00,10.00,300.00,29.75,T,10.00,BKN
MDW,2022-03-25 11:53,41.00,36.00,8.00,290.00,29.75,0.00,10.00,BKN
MDW,2022-03-25 12:53,42.00,36.00,11.00,280.00,29.76,0.00,10.00,FEW
MDW,2022-03-25 13:53,42.00,36.00,9.00,290.00,29.75,T,10.00,BKN
MDW,2022-03-25 14:53,44.00,34.00,11.00,290.00,29.75,0.00,10.00,FEW
MDW,2022-03-25 15:53,47.00,33.00,16.00,270.00,29.73,0.00,10.00,BKN
MDW,2022-03-25 16:53,48.00,35.00,12.00,270.00,29.72,0.00,10.00,SCT
MDW,2022-03-25 17:53,46.00,36.00,19.00,250.00,29.69,0.00,10.00,BKN
MDW,2022-03-25 18:53,45.00,38.00,16.00,270.00,29.67,T,10.00,BKN
MDW,2022-03-25 19:53,45.00,38.00,13.00,270.00,29.65,0.00,10.00,SCT
MDW,2022-03-25 20:53,49.00,28.90,20.00,290.00,29.66,0.00,10.00,SCT
MDW,2022-03-25 21:53,49.00,27.00,21.00,280.00,29.66,0.00,10.00,FEW
MDW,2022-03-25 22:53,44.00,33.00,16.00,280.00,29.68,0.02,10.00,FEW
MDW,2022-03-25 23:53,43.00,30.00,19.00,280.00,29.69,T,10.00,SCT
MDW,2022-03-26 00:53,42.00,26.10,19.00,280.00,29.69,T,10.00,FEW
MDW,2022-03-26 01:53,40.00,28.90,16.00,280.00,29.70,T,10.00,SCT
MDW,2022-03-26 02:53,39.00,25.00,24.00,290.00,29.70,0.00,10.00,BKN
MDW,2022-03-26 03:53,38.00,24.10,21.00,300.00,29.70,0.00,10.00,BKN
MDW,2022-03-26 04:53,37.00,27.00,16.00,300.00,29.70,T,9.00,FEW
MDW,2022-03-26 05:53,36.00,27.00,14.00,300.00,29.69,T,10.00,SCT
MDW,2022-03-26 06:53,36.00,27.00,14.00,310.00,29.70,T,10.00,FEW
MDW,2022-03-26 07:53,36.00,25.00,9.00,310.00,29.69,T,10.00,FEW
MDW,2022-03-26 08:53,35.00,28.00,11.00,290.00,29.70,T,10.00,FEW
MDW,2022-03-26 09:53,35.00,27.00,15.00,300.00,29.71,T,10.00,BKN
MDW,2022-03-26 10:53,35.00,24.10,17.00,310.00,29.73,T,10.00,OVC
MDW,2022-03-26 11:53,34.00,21.90,14.00,310.00,29.75,T,10.00,OVC
MDW,2022-03-26 12:53,33.00,21.00,17.00,310.00,29.78,T,10.00,BKN
MDW,2022-03-26 13:53,34.00,19.90,14.00,330.00,29.80,T,10.00,OVC
MDW,2022-03-26 14:53,33.00,19.90,14.00,310.00,29.83,T,10.00,OVC
MDW,2022-03-26 15:53,33.00,19.00,16.00,320.00,29.85,T,10.00,OVC
MDW,2022-03-26 16:53,32.00,18.00,18.00,310.00,29.89,T,10.00,OVC
MDW,2022-03-26 17:53,32.00,16.00,17.00,320.00,29.91,T,10.00,OVC
MDW,2022-03-26 18:53,32.00,16.00,18.00,320.00,29.93,T,10.00,OVC
MDW,2022-03-26 19:53,30.90,16.00,15.00,300.00,29.94,T,10.00,OVC
MDW,2022-03-26 20:53,30.90,15.10,17.00,300.00,29.96,T,10.00,OVC
MDW,2022-03-26 21:53,30.90,15.10,12.00,310.00,29.97,T,10.00,OVC
MDW,2022-03-26 22:53,30.00,15.10,15.00,320.00,29.99,T,10.00,OVC
MDW,2022-03-26 23:53,30.00,14.00,12.00,310.00,30.01,T,10.00,OVC
MDW,2022-03-27 00:53,30.90,14.00,16.00,330.00,30.02,0.00,10.00,BKN
MDW,2022-03-27 01:53,30.00,14.00,13.00,310.00,30.04,0.00,10.00,BKN
MDW,2022-03-27 02:53,30.90,12.90,13.00,340.00,30.04,0.00,10.00,BKN
MDW,2022-03-27 03:53,30.00,14.00,8.00,320.00,30.04,0.00,10.00,SCT
MDW,2022-03-27 04:53,30.00,12.90,10.00,330.00,30.05,0.00,10.00,SCT
MDW,2022-03-27 05:53,28.90,12.00,8.00,320.00,30.04,0.00,10.00,FEW
MDW,2022-03-27 06:53,27.00,12.90,6.00,300.00,30.06,0.00,10.00,FEW
MDW,2022-03-27 07:53,27.00,14.00,5.00,290.00,30.06,0.00,10.00,FEW
MDW,2022-03-27 08:53,26.10,15.10,5.00,300.00,30.06,0.00,10.00,FEW
MDW,2022-03-27 09:53,26.10,14.00,8.00,320.00,30.08,0.00,10.00,FEW
MDW,2022-03-27 10:53,26.10,12.90,9.00,330.00,30.11,0.00,10.00,FEW
MDW,2022-03-27 11:53,25.00,10.90,14.00,350.00,30.14,0.00,10.00,FEW
MDW,2022-03-27 12:53,26.10,8.10,15.00,350.00,30.17,0.00,10.00,FEW
MDW,2022-03-27 13:53,27.00,6.00,15.00,350.00,30.18,0.00,10.00,FEW
MDW,2022-03-27 14:53,28.00,6.00,13.00,340.00,30.20,0.00,10.00,FEW
MDW,2022-03-27 15:53,30.00,7.00,10.00,20.00,30.21,0.00,10.00,FEW
MDW,2022-03-27 16:53,32.00,7.00,9.00,30.00,30.20,0.00,10.00,FEW
MDW,2022-03-27 17:53,33.00,8.10,10.00,320.00,30.20,0.00,10.00,FEW
MDW,2022-03-27 18:53,34.00,9.00,6.00,M,30.19,0.00,10.00,FEW
MDW,2022-03-27 19:53,37.00,8.10,15.00,320.00,30.18,0.00,10.00,FEW
MDW,2022-03-27 20:53,34.00,12.90,7.00,70.00,30.17,0.00,10.00,FEW
MDW,2022-03-27 21:53,34.00,14.00,6.00,70.00,30.17,0.00,10.00,FEW
MDW,2022-03-27 22:53,32.00,12.90,7.00,70.00,30.18,0.00,10.00,CLR
MDW,2022-03-27 23:53,30.90,14.00,8.00,100.00,30.18,0.00,10.00,CLR
MDW,2022-03-28 00:53,30.00,14.00,6.00,100.00,30.19,0.00,10.00,CLR
MDW,2022-03-28 01:53,28.90,14.00,5.00,110.00,30.19,0.00,10.00,CLR
MDW,2022-03-28 02:53,28.00,14.00,4.00,120.00,30.19,0.00,10.00,CLR
MDW,2022-03-28 03:53,28.90,14.00,3.00,180.00,30.19,0.00,10.00,CLR
MDW,2022-03-28 04:53,28.00,15.10,4.00,220.00,30.19,0.00,10.00,CLR
MDW,2022-03-28 05:53,25.00,15.10,4.00,260.00,30.20,0.00,10.00,CLR
MDW,2022-03-28 06:53,25.00,16.00,0.00,0.00,30.20,0.00,10.00,CLR
MDW,2022-03-28 07:53,26.10,14.00,5.00,320.00,30.21,0.00,10.00,CLR
MDW,2022-03-28 08:53,27.00,8.10,8.00,340.00,30.21,0.00,10.00,CLR
MDW,2022-03-28 09:53,26.10,6.00,9.00,340.00,30.22,0.00,10.00,CLR
MDW,2022-03-28 10:53,26.10,7.00,7.00,340.00,30.24,0.00,10.00,FEW
MDW,2022-03-28 11:53,26.10,9.00,7.00,340.00,30.26,0.00,10.00,FEW
MDW,2022-03-28 12:53,28.00,10.00,8.00,330.00,30.29,0.00,10.00,FEW
MDW,2022-03-28 13:53,30.00,9.00,8.00,350.00,30.31,0.00,10.00,FEW
MDW,2022-03-28 14:53,30.90,6.00,10.00,360.00,30.32,0.00,10.00,FEW
MDW,2022-03-28 15:53,32.00,6.00,9.00,360.00,30.33,0.00,10.00,FEW
MDW,2022-03-28 16:53,34.00,8.10,12.00,10.00,30.33,0.00,10.00,FEW
MDW,2022-03-28 17:53,34.00,8.10,14.00,50.00,30.33,0.00,10.00,FEW
MDW,2022-03-28 18:53,34.00,10.00,8.00,70.00,30.31,0.00,10.00,FEW
MDW,2022-03-28 19:53,35.00,10.90,11.00,70.00,30.31,0.00,10.00,FEW
MDW,2022-03-28 20:53,35.00,10.90,11.00,70.00,30.30,0.00,10.00,FEW
MDW,2022-03-28 21:53,33.00,10.90,10.00,90.00,30.29,0.00,10.00,BKN
MDW,2022-03-28 22:53,32.00,12.00,9.00,90.00,30.29,0.00,10.00,FEW
MDW,2022-03-28 23:53,30.00,10.90,10.00,80.00,30.28,0.00,10.00,FEW
MDW,2022-03-29 00:53,30.00,10.90,8.00,80.00,30.29,0.00,10.00,FEW
MDW,2022-03-29 01:53,30.00,12.00,9.00,90.00,30.30,0.00,10.00,FEW
MDW,2022-03-29 02:53,30.00,12.90,6.00,90.00,30.30,0.00,10.00,FEW
MDW,2022-03-29 03:53,30.00,15.10,6.00,100.00,30.31,0.00,10.00,FEW
MDW,2022-03-29 04:53,30.90,16.00,7.00,100.00,30.30,0.00,10.00,BKN
MDW,2022-03-29 05:53,30.90,17.10,7.00,110.00,30.29,0.00,10.00,BKN
MDW,2022-03-29 06:53,30.90,17.10,8.00,90.00,30.29,0.00,10.00,SCT
MDW,2022-03-29 07:53,32.00,17.10,8.00,90.00,30.28,0.00,10.00,OVC
MDW,2022-03-29 08:53,32.00,17.10,9.00,80.00,30.26,0.00,10.00,BKN
MDW,2022-03-29 09:53,32.00,18.00,8.00,110.00,30.25,0.00,10.00,OVC
MDW,2022-03-29 10:53,32.00,19.00,11.00,90.00,30.24,0.00,10.00,OVC
MDW,2022-03-29 11:53,30.90,18.00,10.00,100.00,30.23,0.00,10.00,BKN
MDW,2022-03-29 12:53,30.90,17.10,13.00,100.00,30.24,0.00,10.00,BKN
MDW,2022-03-29 13:53,33.00,16.00,10.00,110.00,30.23,0.00,10.00,BKN
MDW,2022-03-29 14:53,34.00,12.90,11.00,120.00,30.22,0.00,10.00,OVC
MDW,2022-03-29 15:53,36.00,15.10,15.00,120.00,30.18,0.00,10.00,BKN
MDW,2022-03-29 16:53,39.00,16.00,11.00,140.00,30.16,0.00,10.00,BKN
MDW,2022-03-29 17:53,41.00,16.00,12.00,130.00,30.14,0.00,10.00,BKN
MDW,2022-03-29 18:53,43.00,16.00,15.00,130.00,30.10,0.00,10.00,OVC
MDW,2022-03-29 19:53,44.00,16.00,14.00,120.00,30.05,0.00,10.00,OVC
MDW,2022-03-29 20:53,44.00,16.00,13.00,120.00,30.01,0.00,10.00,SCT
MDW,2022-03-29 21:53,43.00,17.10,13.00,110.00,29.96,0.00,10.00,OVC
MDW,2022-03-29 22:53,43.00,18.00,10.00,130.00,29.95,0.00,10.00,OVC
MDW,2022-03-29 23:53,43.00,18.00,14.00,130.00,29.91,0.00,10.00,OVC
MDW,2022-03-30 00:53,43.00,19.00,18.00,120.00,29.89,0.00,10.00,OVC
MDW,2022-03-30 01:53,44.00,19.00,16.00,130.00,29.87,0.00,10.00,OVC
MDW,2022-03-30 02:53,43.00,19.00,16.00,130.00,29.83,0.00,10.00,OVC
MDW,2022-03-30 03:53,45.00,19.00,12.00,140.00,29.82,0.00,10.00,FEW
MDW,2022-03-30 04:53,45.00,21.00,13.00,140.00,29.80,0.00,10.00,OVC
MDW,2022-03-30 05:53,45.00,23.00,14.00,150.00,29.75,0.00,10.00,BKN
MDW,2022-03-30 06:53,46.00,24.10,10.00,150.00,29.71,0.00,10.00,BKN
MDW,2022-03-30 07:53,47.00,26.10,14.00,160.00,29.64,0.00,10.00,BKN
MDW,2022-03-30 08:53,47.00,28.00,13.00,160.00,29.59,0.00,10.00,BKN
MDW,2022-03-30 09:53,48.00,30.90,14.00,160.00,29.57,0.00,10.00,BKN
MDW,2022-03-30 10:53,51.00,36.00,10.00,170.00,29.55,0.00,10.00,BKN
MDW,2022-03-30 11:53,49.00,36.00,17.00,170.00,29.54,0.00,10.00,OVC
MDW,2022-03-30 12:53,51.00,38.00,13.00,170.00,29.50,0.00,10.00,FEW
MDW,2022-03-30 13:53,55.00,42.00,14.00,170.00,29.47,0.00,10.00,FEW
MDW,2022-03-30 14:53,58.00,47.00,14.00,190.00,29.48,0.00,10.00,BKN
MDW,2022-03-30 15:53,57.00,51.00,14.00,200.00,29.48,0.01,8.00,FEW
MDW,2022-03-30 16:53,56.00,52.00,10.00,190.00,29.47,0.25,1.75,FEW
MDW,2022-03-30 17:53,57.00,54.00,7.00,170.00,29.42,0.00,4.00,BKN
MDW,2022-03-30 18:53,59.00,56.00,7.00,180.00,29.38,0.00,3.00,BKN
MDW,2022-03-30 19:53,61.00,57.00,11.00,190.00,29.32,0.16,7.00,BKN
MDW,2022-03-30 20:53,63.00,59.00,16.00,190.00,29.29,0.04,9.00,SCT
MDW,2022-03-30 21:53,62.00,57.00,13.00,200.00,29.27,0.04,9.00,BKN
MDW,2022-03-30 22:53,61.00,57.00,9.00,200.00,29.28,0.04,8.00,BKN
MDW,2022-03-30 23:53,61.00,57.00,7.00,200.00,29.30,0.09,5.00,FEW
MDW,2022-03-31 00:53,60.00,56.00,5.00,190.00,29.26,0.10,5.00,FEW
MDW,2022-03-31 01:53,59.00,56.00,6.00,160.00,29.23,0.10,3.00,SCT
MDW,2022-03-31 02:53,59.00,56.00,6.00,150.00,29.17,0.05,3.00,OVC
MDW,2022-03-31 03:53,59.00,57.00,3.00,180.00,29.13,0.01,3.00,OVC
MDW,2022-03-31 04:53,58.00,56.00,9.00,220.00,29.13,T,1.75,OVC
MDW,2022-03-31 05:53,50.00,47.00,12.00,270.00,29.14,0.02,5.00,OVC
MDW,2022-03-31 06:53,49.00,46.00,8.00,280.00,29.13,0.16,4.00,OVC
MDW,2022-03-31 07:53,48.00,46.00,10.00,300.00,29.11,0.02,4.00,OVC
MDW,2022-03-31 08:53,46.00,44.00,6.00,280.00,29.13,0.07,3.00,BKN
MDW,2022-03-31 09:53,44.00,41.00,11.00,250.00,29.19,0.05,2.00,SCT
MDW,2022-03-31 10:53,42.00,39.00,13.00,280.00,29.24,0.02,5.00,SCT
MDW,2022-03-31 11:53,41.00,39.00,10.00,290.00,29.28,T,9.00,BKN
MDW,2022-03-31 12:53,39.00,37.00,11.00,280.00,29.33,0.01,7.00,BKN
MDW,2022-03-31 13:53,39.00,35.00,10.00,290.00,29.37,T,8.00,BKN
MDW,2022-03-31 14:53,40.00,36.00,11.00,280.00,29.41,0.01,8.00,SCT
MDW,2022-03-31 15:53,39.00,34.00,12.00,300.00,29.44,T,10.00,FEW
MDW,2022-03-31 16:53,40.00,33.00,11.00,310.00,29.47,T,10.00,SCT
MDW,2022-03-31 17:53,39.00,33.00,10.00,340.00,29.49,T,10.00,SCT
MDW,2022-03-31 18:53,39.00,30.00,10.00,300.00,29.51,0.00,10.00,BKN
MDW,2022-03-31 19:53,39.00,30.00,10.00,320.00,29.53,0.00,10.00,OVC
MDW,2022-03-31 20:53,38.00,30.00,11.00,300.00,29.55,0.00,10.00,OVC
MDW,2022-03-31 21:53,37.00,30.90,8.00,310.00,29.58,T,9.00,SCT
MDW,2022-03-31 22:53,38.00,28.90,8.00,310.00,29.61,T,9.00,SCT
MDW,2022-03-31 23:53,38.00,28.90,8.00,290.00,29.65,T,9.00,BKN
MDW,2022-04-01 00:53,37.00,28.90,8.00,310.00,29.67,T,8.00,BKN
MDW,2022-04-01 01:53,37.00,28.90,7.00,290.00,29.70,T,9.00,BKN
MDW,2022-04-01 02:53,37.00,28.90,9.00,280.00,29.72,T,9.00,SCT
MDW,2022-04-01 03:53,36.00,30.00,7.00,270.00,29.73,T,10.00,FEW
MDW,2022-04-01 04:53,36.00,30.90,8.00,300.00,29.74,T,7.00,SCT
MDW,2022-04-01 05:53,34.00,28.90,11.00,320.00,29.76,T,6.00,SCT
MDW,2022-04-01 06:53,35.00,28.90,8.00,310.00,29.78,T,3.00,BKN
MDW,2022-04-01 07:53,34.00,28.00,9.00,320.00,29.80,T,5.00,SCT
MDW,2022-04-01 08:53,34.00,28.00,10.00,310.00,29.83,T,10.00,FEW
MDW,2022-04-01 09:53,34.00,26.10,9.00,320.00,29.86,T,10.00,FEW
MDW,2022-04-01 10:53,34.00,24.10,12.00,320.00,29.89,T,10.00,FEW
MDW,2022-04-01 11:53,34.00,23.00,9.00,320.00,29.93,T,10.00,FEW
MDW,2022-04-01 12:53,34.00,24.10,10.00,320.00,29.96,T,10.00,FEW
MDW,2022-04-01 13:53,35.00,24.10,10.00,300.00,30.00,0.00,10.00,FEW
MDW,2022-04-01 14:53,37.00,24.10,11.00,330.00,30.02,0.00,10.00,FEW
MDW,2022-04-01 15:53,39.00,21.90,12.00,340.00,30.05,0.00,10.00,BKN
MDW,2022-04-01 16:53,41.00,24.10,7.00,360.00,30.06,0.00,10.00,BKN
MDW,2022-04-01 17:53,41.00,23.00,5.00,270.00,30.08,0.00,10.00,BKN
MDW,2022-04-01 18:53,44.00,23.00,8.00,280.00,30.08,0.00,10.00,BKN
MDW,2022-04-01 19:53,45.00,24.10,3.00,250.00,30.08,0.00,10.00,SCT
MDW,2022-04-01 20:53,43.00,26.10,10.00,100.00,30.09,0.00,10.00,SCT
MDW,2022-04-01 21:53,42.00,25.00,10.00,100.00,30.10,0.00,10.00,FEW
MDW,2022-04-01 22:53,42.00,25.00,9.00,100.00,30.10,0.00,10.00,FEW
MDW,2022-04-01 23:53,40.00,25.00,6.00,120.00,30.11,0.00,10.00,FEW
MDW,2022-04-02 00:53,39.00,25.00,7.00,110.00,30.12,0.00,10.00,FEW
MDW,2022-04-02 01:53,38.00,26.10,6.00,110.00,30.13,0.00,10.00,FEW
MDW,2022-04-02 02:53,37.00,27.00,4.00,120.00,30.13,0.00,10.00,SCT
MDW,2022-04-02 03:53,38.00,28.00,4.00,M,30.13,0.00,10.00,SCT
MDW,2022-04-02 04:53,38.00,28.00,4.00,160.00,30.13,0.00,10.00,SCT
MDW,2022-04-02 05:53,38.00,27.00,3.00,180.00,30.11,0.00,10.00,SCT
MDW,2022-04-02 06:53,37.00,27.00,5.00,190.00,30.11,0.00,10.00,FEW
MDW,2022-04-02 07:53,37.00,27.00,4.00,180.00,30.10,0.00,10.00,FEW
MDW,2022-04-02 08:53,36.00,27.00,5.00,170.00,30.09,0.00,10.00,FEW
MDW,2022-04-02 09:53,35.00,27.00,4.00,180.00,30.09,0.00,10.00,SCT
MDW,2022-04-02 10:53,36.00,27.00,6.00,180.00,30.07,0.00,10.00,FEW
MDW,2022-04-02 11:53,36.00,28.00,5.00,190.00,30.08,0.00,10.00,BKN
MDW,2022-04-02 12:53,38.00,28.00,7.00,180.00,30.06,0.00,10.00,SCT
MDW,2022-04-02 13:53,40.00,28.00,9.00,180.00,30.03,0.00,10.00,SCT
MDW,2022-04-02 14:53,41.00,27.00,11.00,170.00,30.00,0.00,10.00,BKN
MDW,2022-04-02 15:53,42.00,27.00,13.00,150.00,29.95,0.00,10.00,BKN
MDW,2022-04-02 16:53,44.00,28.90,9.00,150.00,29.92,0.00,10.00,BKN
MDW,2022-04-02 17:53,45.00,30.90,10.00,150.00,29.89,T,10.00,SCT
MDW,2022-04-02 18:53,42.00,34.00,6.00,M,29.87,0.07,7.00,OVC
MDW,2022-04-02 19:53,41.00,36.00,4.00,170.00,29.85,0.07,5.00,OVC
MDW,2022-04-02 20:53,42.00,37.00,4.00,40.00,29.84,0.04,5.00,BKN
MDW,2022-04-02 21:53,38.00,34.00,12.00,340.00,29.86,0.02,5.00,OVC
MDW,2022-04-02 22:53,38.00,33.00,13.00,340.00,29.90,0.02,10.00,OVC
MDW,2022-04-02 23:53,38.00,34.00,10.00,330.00,29.92,T,10.00,OVC
MDW,2022-04-03 00:53,39.00,33.00,13.00,320.00,29.95,0.00,10.00,OVC
MDW,2022-04-03 01:53,39.00,34.00,10.00,310.00,29.98,0.00,10.00,BKN
MDW,2022-04-03 02:53,39.00,34.00,6.00,320.00,29.98,0.00,10.00,SCT
MDW,2022-04-03 03:53,38.00,33.00,5.00,280.00,29.99,0.00,10.00,FEW
MDW,2022-04-03 04:53,37.00,33.00,5.00,270.00,29.99,0.00,10.00,SCT
MDW,2022-04-03 05:53,36.00,33.00,4.00,260.00,29.98,0.00,8.00,FEW
MDW,2022-04-03 06:53,37.00,33.00,5.00,280.00,29.99,0.00,9.00,OVC
MDW,2022-04-03 07:53,37.00,33.00,5.00,230.00,29.99,0.00,10.00,BKN
MDW,2022-04-03 08:53,37.00,33.00,0.00,0.00,29.99,0.00,10.00,FEW
MDW,2022-04-03 09:53,35.00,30.90,3.00,240.00,29.99,0.00,10.00,FEW
MDW,2022-04-03 10:53,34.00,30.00,3.00,260.00,30.00,0.00,8.00,FEW
MDW,2022-04-03 11:53,34.00,30.90,0.00,0.00,30.01,0.00,7.00,FEW
MDW,2022-04-03 12:53,37.00,34.00,3.00,250.00,30.03,0.00,7.00,FEW
MDW,2022-04-03 13:53,41.00,35.00,4.00,330.00,30.05,0.00,9.00,FEW
MDW,2022-04-03 14:53,45.00,37.00,4.00,10.00,30.06,0.00,10.00,FEW
MDW,2022-04-03 15:53,47.00,36.00,4.00,80.00,30.07,0.00,10.00,BKN
MDW,2022-04-03 16:53,45.00,36.00,6.00,110.00,30.08,0.00,10.00,BKN
MDW,2022-04-03 17:53,47.00,37.00,4.00,90.00,30.08,0.00,10.00,SCT
MDW,2022-04-03 18:53,47.00,36.00,8.00,110.00,30.06,0.00,10.00,SCT
MDW,2022-04-03 19:53,48.00,36.00,8.00,80.00,30.03,0.00,10.00,FEW
MDW,2022-04-03 20:53,47.00,35.00,9.00,80.00,30.03,0.00,10.00,FEW
MDW,2022-04-03 21:53,46.00,35.00,10.00,80.00,30.03,0.00,10.00,FEW
MDW,2022-04-03 22:53,44.00,34.00,8.00,80.00,30.02,0.00,10.00,FEW
MDW,2022-04-03 23:53,42.00,34.00,7.00,90.00,30.01,0.00,10.00,BKN
MDW,2022-04-04 00:53,42.00,34.00,7.00,70.00,30.01,0.00,10.00,OVC
MDW,2022-04-04 01:53,42.00,34.00,5.00,100.00,30.02,0.00,10.00,OVC
MDW,2022-04-04 02:53,42.00,34.00,5.00,90.00,30.00,0.00,10.00,BKN
MDW,2022-04-04 03:53,42.00,35.00,0.00,0.00,29.99,0.01,7.00,BKN
MDW,2022-04-04 04:53,42.00,38.00,0.00,0.00,29.98,0.04,6.00,BKN
MDW,2022-04-04 05:53,43.00,39.00,6.00,120.00,29.95,0.07,5.00,BKN
MDW,2022-04-04 06:53,44.00,40.00,9.00,110.00,29.92,0.03,8.00,OVC
MDW,2022-04-04 07:53,45.00,40.00,7.00,150.00,29.90,T,7.00,OVC
MDW,2022-04-04 08:53,45.00,40.00,6.00,150.00,29.88,0.03,7.00,OVC
MDW,2022-04-04 09:53,45.00,40.00,8.00,140.00,29.84,T,10.00,SCT
MDW,2022-04-04 10:53,46.00,40.00,8.00,160.00,29.83,T,10.00,OVC
MDW,2022-04-04 11:53,46.00,39.00,10.00,180.00,29.82,T,10.00,FEW
MDW,2022-04-04 12:53,49.00,40.00,10.00,190.00,29.81,0.00,10.00,BKN
MDW,2022-04-04 13:53,51.00,41.00,15.00,210.00,29.79,0.00,10.00,FEW
MDW,2022-04-04 14:53,54.00,43.00,16.00,220.00,29.78,0.00,10.00,FEW
MDW,2022-04-04 15:53,55.00,43.00,15.00,240.00,29.80,0.00,10.00,BKN
MDW,2022-04-04 16:53,50.00,39.00,14.00,260.00,29.82,0.00,10.00,BKN
MDW,2022-04-04 17:53,47.00,36.00,14.00,270.00,29.84,0.00,10.00,OVC
MDW,2022-04-04 18:53,46.00,36.00,15.00,270.00,29.84,0.00,10.00,OVC
MDW,2022-04-04 19:53,47.00,36.00,12.00,280.00,29.84,0.00,10.00,OVC
MDW,2022-04-04 20:53,48.00,36.00,10.00,290.00,29.85,0.00,10.00,OVC
MDW,2022-04-04 21:53,48.00,36.00,11.00,300.00,29.84,0.00,10.00,OVC
MDW,2022-04-04 22:53,47.00,36.00,6.00,280.00,29.85,0.00,10.00,OVC
MDW,2022-04-04 23:53,47.00,36.00,7.00,270.00,29.86,0.00,10.00,SCT
MDW,2022-04-05 00:53,47.00,37.00,4.00,230.00,29.87,0.00,10.00,OVC
MDW,2022-04-05 01:53,47.00,37.00,6.00,240.00,29.89,0.00,10.00,OVC
MDW,2022-04-05 02:53,47.00,38.00,7.00,250.00,29.88,0.00,10.00,FEW
MDW,2022-04-05 03:53,47.00,38.00,5.00,260.00,29.88,0.00,10.00,OVC
MDW,2022-04-05 04:53,46.00,38.00,6.00,270.00,29.89,0.00,10.00,OVC
MDW,2022-04-05 05:53,46.00,37.00,3.00,290.00,29.86,0.00,10.00,OVC
MDW,2022-04-05 06:53,46.00,37.00,0.00,0.00,29.85,0.00,10.00,OVC
MDW,2022-04-05 07:53,44.00,38.00,8.00,100.00,29.84,0.00,9.00,SCT
MDW,2022-04-05 08:53,42.00,36.00,6.00,80.00,29.84,0.00,8.00,SCT
MDW,2022-04-05 09:53,41.00,36.00,7.00,90.00,29.83,0.00,7.00,FEW
MDW,2022-04-05 10:53,40.00,36.00,8.00,90.00,29.81,0.00,5.00,FEW
MDW,2022-04-05 11:53,39.00,35.00,9.00,90.00,29.82,0.00,3.00,BKN
MDW,2022-04-05 12:53,40.00,37.00,6.00,120.00,29.83,0.00,0.50,OVC
MDW,2022-04-05 13:53,42.00,38.00,7.00,90.00,29.80,0.00,1.75,OVC
MDW,2022-04-05 14:53,45.00,38.00,9.00,100.00,29.78,0.00,5.00,FEW
MDW,2022-04-05 15:53,46.00,38.00,10.00,70.00,29.76,0.00,6.00,FEW
MDW,2022-04-05 16:53,48.00,39.00,9.00,110.00,29.75,0.00,8.00,FEW
MDW,2022-04-05 17:53,50.00,39.00,7.00,90.00,29.73,0.00,8.00,FEW
MDW,2022-04-05 18:53,50.00,39.00,8.00,70.00,29.70,0.00,8.00,FEW
MDW,2022-04-05 19:53,51.00,39.00,8.00,70.00,29.67,0.00,9.00,FEW
MDW,2022-04-05 20:53,52.00,39.00,9.00,80.00,29.64,0.00,9.00,SCT
MDW,2022-04-05 21:53,50.00,38.00,7.00,50.00,29.63,0.00,9.00,FEW
MDW,2022-04-05 22:53,51.00,39.00,6.00,90.00,29.63,T,10.00,BKN
MDW,2022-04-05 23:53,50.00,38.00,9.00,100.00,29.60,0.00,9.00,BKN
MDW,2022-04-06 00:53,49.00,38.00,6.00,110.00,29.58,0.00,9.00,FEW
MDW,2022-04-06 01:53,50.00,40.00,4.00,130.00,29.58,0.00,10.00,OVC
MDW,2022-04-06 02:53,52.00,43.00,5.00,130.00,29.58,0.00,9.00,BKN
MDW,2022-04-06 03:53,55.00,48.00,13.00,140.00,29.55,0.00,10.00,OVC
MDW,2022-04-06 04:53,55.00,49.00,10.00,150.00,29.52,0.00,9.00,OVC
MDW,2022-04-06 05:53,55.00,49.00,10.00,170.00,29.55,0.01,3.00,BKN
MDW,2022-04-06 06:53,55.00,50.00,9.00,150.00,29.49,0.12,3.00,FEW
MDW,2022-04-06 07:53,55.00,50.00,13.00,170.00,29.46,0.02,5.00,SCT
MDW,2022-04-06 08:53,55.00,51.00,12.00,190.00,29.47,0.16,4.00,BKN
MDW,2022-04-06 09:53,53.00,48.00,13.00,290.00,29.51,0.12,5.00,SCT
MDW,2022-04-06 10:53,52.00,47.00,7.00,260.00,29.48,0.02,10.00,SCT
MDW,2022-04-06 11:53,49.00,44.00,12.00,250.00,29.53,0.05,7.00,FEW
MDW,2022-04-06 12:53,48.00,43.00,9.00,230.00,29.55,0.04,10.00,FEW
MDW,2022-04-06 13:53,48.00,43.00,11.00,210.00,29.53,T,10.00,FEW
MDW,2022-04-06 14:53,48.00,42.00,12.00,210.00,29.54,0.00,10.00,FEW
MDW,2022-04-06 15:53,51.00,42.00,17.00,210.00,29.54,0.00,10.00,FEW
MDW,2022-04-06 16:53,53.00,41.00,14.00,230.00,29.52,0.00,10.00,BKN
MDW,2022-04-06 17:53,55.00,40.00,15.00,230.00,29.51,0.00,10.00,SCT
MDW,2022-04-06 18:53,56.00,39.00,17.00,240.00,29.50,T,10.00,FEW
MDW,2022-04-06 19:53,59.00,38.00,20.00,230.00,29.49,T,10.00,FEW
MDW,2022-04-06 20:53,56.00,38.00,19.00,250.00,29.50,T,10.00,FEW
MDW,2022-04-06 21:53,56.00,37.00,15.00,260.00,29.51,0.00,10.00,FEW
MDW,2022-04-06 22:53,54.00,36.00,18.00,260.00,29.53,T,10.00,SCT
MDW,2022-04-06 23:53,53.00,35.00,19.00,250.00,29.55,0.00,10.00,FEW
MDW,2022-04-07 00:53,52.00,36.00,20.00,240.00,29.56,0.00,10.00,BKN
MDW,2022-04-07 01:53,50.00,35.00,15.00,260.00,29.58,0.00,10.00,BKN
MDW,2022-04-07 02:53,49.00,34.00,16.00,260.00,29.59,T,10.00,FEW
MDW,2022-04-07 03:53,48.00,34.00,10.00,260.00,29.58,0.00,10.00,SCT
MDW,2022-04-07 04:53,46.00,33.00,14.00,250.00,29.57,0.00,10.00,SCT
MDW,2022-04-07 05:53,45.00,34.00,14.00,260.00,29.57,0.00,10.00,FEW
MDW,2022-04-07 06:53,45.00,34.00,16.00,240.00,29.56,0.00,10.00,FEW
MDW,2022-04-07 07:53,44.00,34.00,13.00,250.00,29.55,0.00,10.00,SCT
MDW,2022-04-07 08:53,44.00,33.00,15.00,250.00,29.54,0.00,10.00,SCT
MDW,2022-04-07 09:53,44.00,33.00,15.00,240.00,29.53,0.00,10.00,FEW
MDW,2022-04-07 10:53,43.00,30.90,15.00,250.00,29.53,0.00,10.00,FEW
MDW,2022-04-07 11:53,43.00,30.00,12.00,250.00,29.52,0.00,10.00,FEW
MDW,2022-04-07 12:53,43.00,30.00,16.00,240.00,29.53,0.00,10.00,FEW
MDW,2022-04-07 13:53,43.00,32.00,15.00,240.00,29.52,T,10.00,BKN
MDW,2022-04-07 14:53,44.00,30.00,18.00,250.00,29.53,0.00,10.00,SCT
MDW,2022-04-07 15:53,44.00,28.90,17.00,240.00,29.54,0.00,10.00,OVC
MDW,2022-04-07 16:53,45.00,30.00,17.00,250.00,29.54,0.00,10.00,BKN
MDW,2022-04-07 17:53,44.00,30.00,19.00,240.00,29.54,T,10.00,BKN
MDW,2022-04-07 18:53,45.00,30.90,19.00,250.00,29.55,T,10.00,BKN
MDW,2022-04-07 19:53,45.00,32.00,17.00,260.00,29.56,T,10.00,SCT
MDW,2022-04-07 20:53,45.00,33.00,15.00,240.00,29.56,T,10.00,SCT
MDW,2022-04-07 21:53,43.00,35.00,14.00,250.00,29.58,0.01,6.00,FEW
MDW,2022-04-07 22:53,43.00,36.00,12.00,240.00,29.58,0.01,10.00,BKN
MDW,2022-04-07 23:53,42.00,37.00,11.00,230.00,29.59,0.01,10.00,BKN
MDW,2022-04-08 00:53,42.00,36.00,11.00,230.00,29.59,T,10.00,FEW
MDW,2022-04-08 01:53,43.00,37.00,9.00,230.00,29.59,T,10.00,SCT
MDW,2022-04-08 02:53,42.00,37.00,10.00,230.00,29.59,T,10.00,BKN
MDW,2022-04-08 03:53,42.00,37.00,7.00,240.00,29.58,0.01,10.00,FEW
MDW,2022-04-08 04:53,42.00,38.00,11.00,260.00,29.57,T,10.00,BKN
MDW,2022-04-08 05:53,42.00,36.00,8.00,260.00,29.57,0.00,10.00,BKN
MDW,2022-04-08 06:53,40.00,35.00,8.00,270.00,29.56,0.00,10.00,FEW
MDW,2022-04-08 07:53,40.00,36.00,6.00,260.00,29.56,0.00,10.00,FEW
MDW,2022-04-08 08:53,41.00,35.00,6.00,270.00,29.56,0.00,10.00,BKN
MDW,2022-04-08 09:53,40.00,34.00,7.00,280.00,29.57,0.00,10.00,SCT
MDW,2022-04-08 10:53,40.00,34.00,7.00,270.00,29.58,T,10.00,BKN
MDW,2022-04-08 11:53,39.00,34.00,7.00,260.00,29.59,T,10.00,BKN
MDW,2022-04-08 12:53,40.00,33.00,8.00,260.00,29.61,0.00,10.00,BKN
MDW,2022-04-08 13:53,40.00,33.00,8.00,270.00,29.62,0.00,10.00,OVC
MDW,2022-04-08 14:53,40.00,34.00,8.00,260.00,29.63,0.01,5.00,OVC
MDW,2022-04-08 15:53,41.00,35.00,6.00,290.00,29.65,T,10.00,OVC
MDW,2022-04-08 16:53,42.00,35.00,10.00,20.00,29.66,T,10.00,BKN
MDW,2022-04-08 17:53,42.00,35.00,11.00,30.00,29.66,0.00,10.00,OVC
MDW,2022-04-08 18:53,41.00,35.00,9.00,30.00,29.68,0.01,10.00,BKN
MDW,2022-04-08 19:53,41.00,35.00,6.00,50.00,29.69,T,9.00,BKN
MDW,2022-04-08 20:53,40.00,35.00,6.00,350.00,29.69,0.01,9.00,BKN
MDW,2022-04-08 21:53,38.00,33.00,4.00,360.00,29.72,0.07,2.50,BKN
MDW,2022-04-08 22:53,37.00,34.00,0.00,0.00,29.73,0.00,3.00,SCT
MDW,2022-04-08 23:53,38.00,34.00,3.00,10.00,29.74,0.02,3.00,BKN
MDW,2022-04-09 00:53,37.00,33.00,10.00,330.00,29.76,0.02,4.00,BKN
MDW,2022-04-09 01:53,37.00,32.00,9.00,320.00,29.77,0.01,5.00,BKN
MDW,2022-04-09 02:53,36.00,32.00,7.00,290.00,29.77,T,6.00,SCT
MDW,2022-04-09 03:53,36.00,32.00,7.00,300.00,29.77,0.01,5.00,BKN
MDW,2022-04-09 04:53,36.00,32.00,6.00,290.00,29.76,T,5.00,SCT
MDW,2022-04-09 05:53,35.00,30.00,13.00,310.00,29.76,T,5.00,SCT
MDW,2022-04-09 06:53,34.00,28.90,7.00,320.00,29.76,T,7.00,FEW
MDW,2022-04-09 07:53,35.00,28.00,8.00,320.00,29.76,T,10.00,FEW
MDW,2022-04-09 08:53,35.00,28.90,6.00,300.00,29.76,T,10.00,SCT
MDW,2022-04-09 09:53,35.00,28.90,7.00,300.00,29.77,T,10.00,SCT
MDW,2022-04-09 10:53,34.00,28.00,6.00,300.00,29.78,0.00,10.00,FEW
MDW,2022-04-09 11:53,34.00,27.00,7.00,300.00,29.80,0.00,10.00,FEW
MDW,2022-04-09 12:53,36.00,27.00,12.00,320.00,29.82,0.00,10.00,FEW
MDW,2022-04-09 13:53,39.00,28.00,12.00,310.00,29.83,0.00,10.00,FEW
MDW,2022-04-09 14:53,42.00,28.00,12.00,300.00,29.84,0.00,10.00,SCT
MDW,2022-04-09 15:53,42.00,26.10,11.00,310.00,29.85,0.00,10.00,BKN
MDW,2022-04-09 16:53,42.00,25.00,13.00,310.00,29.86,0.00,10.00,BKN
MDW,2022-04-09 17:53,45.00,26.10,9.00,320.00,29.86,0.00,10.00,BKN
MDW,2022-04-09 18:53,46.00,26.10,12.00,320.00,29.87,0.00,10.00,BKN
MDW,2022-04-09 19:53,49.00,26.10,11.00,320.00,29.85,0.00,10.00,BKN
MDW,2022-04-09 20:53,45.00,28.90,8.00,90.00,29.86,0.00,10.00,BKN
MDW,2022-04-09 21:53,45.00,28.90,7.00,90.00,29.86,0.00,10.00,BKN
MDW,2022-04-09 22:53,44.00,28.00,6.00,120.00,29.87,0.00,10.00,SCT
MDW,2022-04-09 23:53,44.00,28.00,7.00,120.00,29.87,0.00,10.00,FEW
MDW,2022-04-10 00:53,42.00,28.00,6.00,100.00,29.88,0.00,10.00,FEW
MDW,2022-04-10 01:53,40.00,28.00,5.00,110.00,29.90,0.00,10.00,FEW
MDW,2022-04-10 02:53,40.00,28.00,0.00,0.00,29.93,0.00,10.00,BKN
MDW,2022-04-10 03:53,39.00,28.90,0.00,0.00,29.94,0.00,10.00,BKN
MDW,2022-04-10 04:53,38.00,28.90,3.00,120.00,29.94,0.00,10.00,BKN
MDW,2022-04-10 05:53,39.00,28.90,4.00,180.00,29.96,0.00,10.00,BKN
MDW,2022-04-10 06:53,38.00,28.00,0.00,0.00,29.96,0.00,10.00,SCT
MDW,2022-04-10 07:53,37.00,28.00,0.00,0.00,29.96,0.00,10.00,FEW
MDW,2022-04-10 08:53,37.00,28.00,3.00,180.00,29.96,0.00,10.00,CLR
MDW,2022-04-10 09:53,36.00,28.00,3.00,180.00,29.96,0.00,10.00,CLR
MDW,2022-04-10 10:53,36.00,27.00,4.00,170.00,29.96,0.00,10.00,FEW
MDW,2022-04-10 11:53,38.00,28.00,3.00,180.00,29.96,0.00,10.00,FEW
MDW,2022-04-10 12:53,42.00,28.90,5.00,170.00,29.96,0.00,10.00,SCT
MDW,2022-04-10 13:53,49.00,28.00,7.00,160.00,29.95,0.00,10.00,SCT
MDW,2022-04-10 14:53,53.00,28.00,9.00,140.00,29.94,0.00,10.00,BKN
MDW,2022-04-10 15:53,55.00,27.00,15.00,150.00,29.93,0.00,10.00,BKN
MDW,2022-04-10 16:53,57.00,30.00,10.00,170.00,29.91,0.00,10.00,BKN
MDW,2022-04-10 17:53,59.00,30.90,19.00,140.00,29.87,0.00,10.00,BKN
MDW,2022-04-10 18:53,61.00,32.00,17.00,140.00,29.83,0.00,10.00,BKN
MDW,2022-04-10 19:53,61.00,30.90,15.00,140.00,29.77,0.00,10.00,FEW
MDW,2022-04-10 20:53,63.00,32.00,16.00,140.00,29.72,0.00,10.00,FEW
MDW,2022-04-10 21:53,64.00,32.00,16.00,150.00,29.69,0.00,10.00,FEW
MDW,2022-04-10 22:53,64.00,33.00,14.00,150.00,29.66,0.00,10.00,FEW
MDW,2022-04-10 23:53,62.00,34.00,21.00,150.00,29.64,0.00,10.00,FEW
MDW,2022-04-11 00:53,61.00,34.00,14.00,150.00,29.66,0.00,10.00,FEW
MDW,2022-04-11 01:53,60.00,34.00,10.00,150.00,29.68,0.00,10.00,FEW
MDW,2022-04-11 02:53,59.00,35.00,13.00,160.00,29.66,0.00,10.00,FEW
MDW,2022-04-11 03:53,60.00,36.00,15.00,170.00,29.64,0.00,10.00,BKN
MDW,2022-04-11 04:53,61.00,37.00,15.00,170.00,29.61,0.00,10.00,FEW
MDW,2022-04-11 05:53,62.00,39.00,13.00,180.00,29.60,0.00,10.00,BKN
MDW,2022-04-11 06:53,63.00,42.00,12.00,190.00,29.59,0.00,10.00,FEW
MDW,2022-04-11 07:53,62.00,45.00,11.00,210.00,29.61,0.00,10.00,BKN
MDW,2022-04-11 08:53,62.00,44.00,13.00,270.00,29.62,0.00,10.00,FEW
MDW,2022-04-11 09:53,59.00,37.00,12.00,270.00,29.65,0.00,10.00,FEW
MDW,2022-04-11 10:53,56.00,36.00,7.00,270.00,29.68,0.00,10.00,FEW
MDW,2022-04-11 11:53,55.00,35.00,8.00,270.00,29.73,0.00,10.00,BKN
MDW,2022-04-11 12:53,55.00,35.00,7.00,260.00,29.76,0.00,10.00,OVC
MDW,2022-04-11 13:53,54.00,35.00,13.00,230.00,29.80,0.00,10.00,FEW
MDW,2022-04-11 14:53,54.00,34.00,8.00,260.00,29.81,0.00,10.00,FEW
MDW,2022-04-11 15:53,55.00,35.00,8.00,250.00,29.81,0.00,10.00,BKN
MDW,2022-04-11 16:53,54.00,34.00,9.00,260.00,29.83,0.00,10.00,OVC
MDW,2022-04-11 17:53,56.00,35.00,12.00,240.00,29.85,0.00,10.00,OVC
MDW,2022-04-11 18:53,59.00,36.00,7.00,210.00,29.86,0.00,10.00,BKN
MDW,2022-04-11 19:53,61.00,36.00,8.00,230.00,29.86,0.00,10.00,BKN
MDW,2022-04-11 20:53,62.00,35.00,8.00,270.00,29.85,0.00,10.00,FEW
MDW,2022-04-11 21:53,62.00,35.00,10.00,240.00,29.85,0.00,10.00,FEW
MDW,2022-04-11 22:53,61.00,32.00,6.00,260.00,29.87,0.00,10.00,BKN
MDW,2022-04-11 23:53,61.00,33.00,8.00,270.00,29.88,0.00,10.00,FEW
MDW,2022-04-12 00:53,58.00,34.00,5.00,290.00,29.89,0.00,10.00,FEW
MDW,2022-04-12 01:53,55.00,34.00,0.00,0.00,29.92,0.00,10.00,CLR
MDW,2022-04-12 02:53,54.00,35.00,3.00,280.00,29.93,0.00,10.00,CLR
MDW,2022-04-12 03:53,52.00,34.00,3.00,230.00,29.93,0.00,10.00,CLR
MDW,2022-04-12 04:53,49.00,35.00,0.00,0.00,29.96,0.00,10.00,CLR
MDW,2022-04-12 05:53,50.00,34.00,0.00,0.00,29.96,0.00,10.00,CLR
MDW,2022-04-12 06:53,47.00,35.00,0.00,0.00,29.97,0.00,10.00,CLR
MDW,2022-04-12 07:53,46.00,35.00,0.00,0.00,29.97,0.00,10.00,CLR
MDW,2022-04-12 08:53,44.00,34.00,3.00,170.00,29.99,0.00,10.00,CLR
MDW,2022-04-12 09:53,45.00,33.00,0.00,0.00,30.00,0.00,10.00,CLR
MDW,2022-04-12 10:53,46.00,34.00,4.00,M,30.00,0.00,10.00,FEW
MDW,2022-04-12 11:53,49.00,35.00,9.00,140.00,29.99,0.00,10.00,FEW
MDW,2022-04-12 12:53,52.00,36.00,7.00,160.00,30.00,0.00,10.00,FEW
MDW,2022-04-12 13:53,58.00,36.00,10.00,140.00,29.99,0.00,10.00,SCT
MDW,2022-04-12 14:53,61.00,30.90,18.00,140.00,29.99,0.00,10.00,SCT
MDW,2022-04-12 15:53,64.00,28.00,15.00,130.00,29.99,0.00,10.00,SCT
MDW,2022-04-12 16:53,67.00,28.00,14.00,140.00,29.96,0.00,10.00,BKN
MDW,2022-04-12 17:53,69.00,33.00,12.00,160.00,29.94,0.00,10.00,FEW
MDW,2022-04-12 18:53,71.00,39.00,14.00,150.00,29.91,0.00,10.00,FEW
MDW,2022-04-12 19:53,72.00,44.00,12.00,150.00,29.89,0.00,10.00,BKN
MDW,2022-04-12 20:53,70.00,48.00,13.00,150.00,29.82,0.00,10.00,OVC
MDW,2022-04-12 21:53,70.00,52.00,20.00,140.00,29.77,0.00,10.00,OVC
MDW,2022-04-12 22:53,68.00,55.00,14.00,150.00,29.74,0.00,10.00,OVC
MDW,2022-04-12 23:53,68.00,56.00,15.00,150.00,29.70,0.00,10.00,OVC
MDW,2022-04-13 00:53,66.00,58.00,15.00,170.00,29.71,T,6.00,OVC
MDW,2022-04-13 01:53,67.00,59.00,17.00,170.00,29.69,T,10.00,OVC
MDW,2022-04-13 02:53,68.00,59.00,18.00,170.00,29.65,0.00,10.00,FEW
MDW,2022-04-13 03:53,68.00,60.00,13.00,170.00,29.62,0.00,10.00,SCT
MDW,2022-04-13 04:53,68.00,60.00,13.00,170.00,29.60,0.00,10.00,SCT
MDW,2022-04-13 05:53,68.00,60.00,16.00,180.00,29.60,0.00,10.00,FEW
MDW,2022-04-13 06:53,70.00,60.00,15.00,200.00,29.62,0.00,10.00,FEW
MDW,2022-04-13 07:53,69.00,60.00,19.00,190.00,29.60,0.00,10.00,SCT
MDW,2022-04-13 08:53,68.00,59.00,14.00,200.00,29.60,0.00,10.00,OVC
MDW,2022-04-13 09:53,68.00,59.00,12.00,210.00,29.62,0.00,10.00,FEW
MDW,2022-04-13 10:53,67.00,58.00,14.00,200.00,29.59,0.00,10.00,SCT
MDW,2022-04-13 11:53,67.00,58.00,12.00,190.00,29.59,0.00,10.00,SCT
MDW,2022-04-13 12:53,68.00,58.00,15.00,200.00,29.58,0.00,10.00,FEW
MDW,2022-04-13 13:53,69.00,58.00,15.00,200.00,29.58,T,10.00,FEW
MDW,2022-04-13 14:53,65.00,60.00,10.00,230.00,29.60,0.14,4.00,SCT
MDW,2022-04-13 15:53,66.00,60.00,10.00,140.00,29.52,0.01,10.00,FEW
MDW,2022-04-13 16:53,67.00,61.00,11.00,190.00,29.55,0.00,10.00,FEW
MDW,2022-04-13 17:53,70.00,61.00,13.00,190.00,29.54,0.00,10.00,SCT
MDW,2022-04-13 18:53,71.00,61.00,11.00,170.00,29.51,0.00,10.00,BKN
MDW,2022-04-13 19:53,71.00,62.00,12.00,190.00,29.51,0.00,10.00,BKN
MDW,2022-04-13 20:53,70.00,63.00,19.00,200.00,29.49,0.11,10.00,BKN
MDW,2022-04-13 21:53,67.00,60.00,26.00,220.00,29.52,0.19,2.50,BKN
MDW,2022-04-13 22:53,64.00,59.00,5.00,M,29.48,0.09,9.00,FEW
MDW,2022-04-13 23:53,64.00,59.00,5.00,240.00,29.44,T,10.00,BKN
MDW,2022-04-14 00:53,53.00,49.00,16.00,290.00,29.49,0.16,2.00,BKN
MDW,2022-04-14 01:53,51.00,47.00,11.00,280.00,29.55,0.01,3.00,BKN
MDW,2022-04-14 02:53,47.00,43.00,21.00,300.00,29.60,0.01,3.00,BKN
MDW,2022-04-14 03:53,47.00,42.00,20.00,300.00,29.63,T,10.00,BKN
MDW,2022-04-14 04:53,45.00,38.00,17.00,280.00,29.68,0.00,10.00,BKN
MDW,2022-04-14 05:53,42.00,33.00,20.00,280.00,29.74,0.00,10.00,SCT
MDW,2022-04-14 06:53,40.00,30.90,14.00,280.00,29.77,0.00,10.00,FEW
MDW,2022-04-14 07:53,39.00,30.00,12.00,260.00,29.79,0.00,10.00,CLR
MDW,2022-04-14 08:53,38.00,30.00,10.00,240.00,29.80,0.00,10.00,CLR
MDW,2022-04-14 09:53,37.00,30.00,9.00,240.00,29.80,0.00,10.00,CLR
MDW,2022-04-14 10:53,37.00,28.00,7.00,210.00,29.81,0.00,10.00,CLR
MDW,2022-04-14 11:53,37.00,28.90,10.00,220.00,29.83,0.00,10.00,CLR
MDW,2022-04-14 12:53,40.00,30.90,10.00,220.00,29.82,0.00,10.00,CLR
MDW,2022-04-14 13:53,44.00,30.90,16.00,230.00,29.82,0.00,10.00,FEW
MDW,2022-04-14 14:53,45.00,30.00,21.00,250.00,29.86,0.00,10.00,SCT
MDW,2022-04-14 15:53,46.00,21.90,22.00,240.00,29.86,0.00,10.00,FEW
MDW,2022-04-14 16:53,49.00,23.00,26.00,250.00,29.86,0.00,10.00,FEW
MDW,2022-04-14 17:53,50.00,21.00,22.00,250.00,29.85,0.00,10.00,FEW
MDW,2022-04-14 18:53,52.00,21.90,28.00,240.00,29.83,0.00,10.00,FEW
MDW,2022-04-14 19:53,53.00,21.90,28.00,250.00,29.84,0.00,10.00,FEW
MDW,2022-04-14 20:53,52.00,19.90,32.00,240.00,29.84,0.00,10.00,SCT
MDW,2022-04-14 21:53,54.00,21.00,25.00,250.00,29.84,0.00,10.00,BKN
MDW,2022-04-14 22:53,53.00,19.00,23.00,260.00,29.85,0.00,10.00,SCT
MDW,2022-04-14 23:53,52.00,17.10,23.00,260.00,29.86,0.00,10.00,FEW
MDW,2022-04-15 00:53,50.00,19.00,18.00,270.00,29.89,0.00,10.00,FEW
MDW,2022-04-15 01:53,49.00,19.00,12.00,260.00,29.91,0.00,10.00,FEW
MDW,2022-04-15 02:53,48.00,19.00,11.00,240.00,29.91,0.00,10.00,SCT
MDW,2022-04-15 03:53,47.00,21.00,11.00,210.00,29.91,0.00,10.00,CLR
MDW,2022-04-15 04:53,46.00,23.00,5.00,250.00,29.91,0.00,10.00,BKN
MDW,2022-04-15 05:53,46.00,23.00,8.00,260.00,29.91,0.00,10.00,FEW
MDW,2022-04-15 06:53,46.00,19.90,6.00,260.00,29.92,0.00,10.00,FEW
MDW,2022-04-15 07:53,45.00,18.00,10.00,260.00,29.91,0.00,10.00,BKN
MDW,2022-04-15 08:53,44.00,18.00,10.00,250.00,29.91,0.00,10.00,BKN
MDW,2022-04-15 09:53,44.00,16.00,11.00,250.00,29.93,0.00,10.00,BKN
MDW,2022-04-15 10:53,44.00,17.10,11.00,270.00,29.93,0.00,10.00,FEW
MDW,2022-04-15 11:53,44.00,19.00,8.00,230.00,29.90,T,10.00,BKN
MDW,2022-04-15 12:53,45.00,19.00,10.00,220.00,29.91,0.00,10.00,BKN
MDW,2022-04-15 13:53,46.00,21.90,12.00,230.00,29.93,T,10.00,BKN
MDW,2022-04-15 14:53,47.00,19.90,17.00,240.00,29.93,0.00,10.00,SCT
MDW,2022-04-15 15:53,52.00,23.00,19.00,250.00,29.94,0.00,10.00,FEW
MDW,2022-04-15 16:53,55.00,23.00,16.00,280.00,29.93,0.00,10.00,FEW
MDW,2022-04-15 17:53,55.00,21.90,16.00,240.00,29.92,0.00,10.00,BKN
MDW,2022-04-15 18:53,55.00,24.10,14.00,240.00,29.91,0.00,10.00,BKN
MDW,2022-04-15 19:53,55.00,25.00,15.00,250.00,29.91,T,10.00,FEW
MDW,2022-04-15 20:53,51.00,28.00,17.00,290.00,29.94,T,10.00,SCT
MDW,2022-04-15 21:53,47.00,37.00,12.00,230.00,29.91,0.04,10.00,FEW
MDW,2022-04-15 22:53,47.00,37.00,8.00,270.00,29.90,T,10.00,OVC
MDW,2022-04-15 23:53,48.00,36.00,9.00,270.00,29.89,0.00,10.00,OVC
MDW,2022-04-16 00:53,48.00,34.00,8.00,270.00,29.90,0.00,10.00,BKN
MDW,2022-04-16 01:53,47.00,32.00,8.00,290.00,29.92,0.00,10.00,BKN
MDW,2022-04-16 02:53,47.00,25.00,9.00,300.00,29.95,0.00,10.00,SCT
MDW,2022-04-16 03:53,46.00,25.00,10.00,310.00,29.98,0.00,10.00,BKN
MDW,2022-04-16 04:53,44.00,23.00,12.00,320.00,29.98,0.00,10.00,SCT
MDW,2022-04-16 05:53,43.00,23.00,9.00,320.00,30.02,0.00,10.00,SCT
MDW,2022-04-16 06:53,42.00,21.90,11.00,330.00,30.02,0.00,10.00,BKN
MDW,2022-04-16 07:53,39.00,21.90,8.00,310.00,30.03,0.00,10.00,FEW
MDW,2022-04-16 08:53,38.00,21.90,5.00,320.00,30.04,0.00,10.00,FEW
MDW,2022-04-16 09:53,36.00,21.90,5.00,290.00,30.06,0.00,10.00,BKN
MDW,2022-04-16 10:53,35.00,21.00,5.00,310.00,30.07,0.00,10.00,FEW
MDW,2022-04-16 11:53,35.00,21.90,8.00,310.00,30.09,0.00,10.00,FEW
MDW,2022-04-16 12:53,37.00,21.90,7.00,310.00,30.09,0.00,10.00,FEW
MDW,2022-04-16 13:53,39.00,23.00,5.00,310.00,30.09,0.00,10.00,FEW
MDW,2022-04-16 14:53,41.00,23.00,8.00,320.00,30.11,0.00,10.00,FEW
MDW,2022-04-16 15:53,43.00,24.10,12.00,260.00,30.11,0.00,10.00,FEW
MDW,2022-04-16 16:53,45.00,24.10,14.00,300.00,30.11,0.00,10.00,FEW
MDW,2022-04-16 17:53,46.00,25.00,10.00,280.00,30.11,0.00,10.00,BKN
MDW,2022-04-16 18:53,46.00,25.00,12.00,260.00,30.11,0.00,10.00,BKN
MDW,2022-04-16 19:53,49.00,25.00,15.00,290.00,30.10,0.00,10.00,BKN
MDW,2022-04-16 20:53,48.00,24.10,9.00,280.00,30.10,0.00,10.00,BKN
MDW,2022-04-16 21:53,50.00,24.10,17.00,290.00,30.10,0.00,10.00,BKN
MDW,2022-04-16 22:53,48.00,21.90,13.00,300.00,30.11,0.00,10.00,BKN
MDW,2022-04-16 23:53,44.00,28.00,12.00,70.00,30.13,0.00,10.00,BKN
MDW,2022-04-17 00:53,39.00,28.00,10.00,60.00,30.16,0.00,10.00,SCT
MDW,2022-04-17 01:53,38.00,25.00,9.00,60.00,30.20,0.00,10.00,FEW
MDW,2022-04-17 02:53,38.00,26.10,8.00,60.00,30.23,0.00,10.00,FEW
MDW,2022-04-17 03:53,38.00,26.10,5.00,60.00,30.24,0.00,10.00,FEW
MDW,2022-04-17 04:53,37.00,25.00,4.00,60.00,30.25,0.00,10.00,FEW
MDW,2022-04-17 05:53,37.00,26.10,3.00,30.00,30.26,0.00,10.00,FEW
MDW,2022-04-17 06:53,34.00,25.00,0.00,0.00,30.26,0.00,10.00,FEW
MDW,2022-04-17 07:53,34.00,26.10,0.00,0.00,30.27,0.00,10.00,FEW
MDW,2022-04-17 08:53,36.00,24.10,4.00,360.00,30.27,0.00,10.00,FEW
MDW,2022-04-17 09:53,35.00,23.00,5.00,20.00,30.28,0.00,10.00,FEW
MDW,2022-04-17 10:53,36.00,23.00,8.00,70.00,30.28,0.00,10.00,FEW
MDW,2022-04-17 11:53,38.00,24.10,9.00,70.00,30.30,0.00,10.00,FEW
MDW,2022-04-17 12:53,38.00,24.10,13.00,70.00,30.31,0.00,10.00,SCT
MDW,2022-04-17 13:53,39.00,23.00,14.00,60.00,30.31,0.00,10.00,BKN
MDW,2022-04-17 14:53,40.00,23.00,10.00,80.00,30.33,0.00,10.00,BKN
MDW,2022-04-17 15:53,41.00,24.10,12.00,80.00,30.35,0.00,10.00,BKN
MDW,2022-04-17 16:53,40.00,24.10,8.00,90.00,30.34,0.00,10.00,BKN
MDW,2022-04-17 17:53,42.00,24.10,9.00,70.00,30.32,0.00,10.00,FEW
MDW,2022-04-17 18:53,42.00,24.10,11.00,80.00,30.30,0.00,10.00,FEW
MDW,2022-04-17 19:53,42.00,25.00,7.00,50.00,30.28,0.00,10.00,FEW
MDW,2022-04-17 20:53,42.00,24.10,10.00,70.00,30.25,0.00,10.00,BKN
MDW,2022-04-17 21:53,42.00,24.10,9.00,60.00,30.23,0.00,10.00,SCT
MDW,2022-04-17 22:53,42.00,25.00,10.00,80.00,30.21,0.00,10.00,SCT
MDW,2022-04-17 23:53,41.00,27.00,10.00,50.00,30.20,0.00,10.00,BKN
MDW,2022-04-18 00:53,40.00,28.90,8.00,60.00,30.19,0.00,10.00,BKN
MDW,2022-04-18 01:53,41.00,28.00,7.00,60.00,30.22,0.00,10.00,OVC
MDW,2022-04-18 02:53,41.00,28.90,9.00,60.00,30.21,0.00,10.00,OVC
MDW,2022-04-18 03:53,40.00,30.90,9.00,30.00,30.19,0.00,10.00,OVC
MDW,2022-04-18 04:53,40.00,30.90,8.00,30.00,30.19,0.00,10.00,BKN
MDW,2022-04-18 05:53,40.00,30.90,7.00,360.00,30.19,0.00,10.00,FEW
MDW,2022-04-18 06:53,38.00,32.00,6.00,340.00,30.18,T,8.00,BKN
MDW,2022-04-18 07:53,37.00,33.00,8.00,350.00,30.15,0.01,10.00,FEW
MDW,2022-04-18 08:53,35.00,32.00,6.00,330.00,30.15,0.04,1.75,OVC
MDW,2022-04-18 09:53,35.00,32.00,4.00,10.00,30.14,0.06,1.25,BKN
MDW,2022-04-18 10:53,35.00,33.00,3.00,40.00,30.12,0.01,5.00,OVC
MDW,2022-04-18 11:53,36.00,33.00,5.00,110.00,30.11,T,5.00,SCT
MDW,2022-04-18 12:53,37.00,33.00,0.00,0.00,30.11,T,9.00,FEW
MDW,2022-04-18 13:53,38.00,32.00,0.00,0.00,30.09,0.00,10.00,OVC
MDW,2022-04-18 14:53,38.00,33.00,5.00,220.00,30.08,T,5.00,BKN
MDW,2022-04-18 15:53,38.00,34.00,7.00,250.00,30.07,T,6.00,FEW
MDW,2022-04-18 16:53,39.00,34.00,11.00,250.00,30.05,T,8.00,BKN
MDW,2022-04-18 17:53,39.00,34.00,11.00,270.00,30.04,T,8.00,BKN
MDW,2022-04-18 18:53,41.00,34.00,10.00,270.00,30.03,T,9.00,BKN
MDW,2022-04-18 19:53,42.00,30.90,13.00,280.00,30.02,T,10.00,SCT
MDW,2022-04-18 20:53,42.00,28.00,11.00,280.00,30.02,T,10.00,FEW
MDW,2022-04-18 21:53,40.00,27.00,20.00,300.00,30.04,T,10.00,BKN
MDW,2022-04-18 22:53,39.00,26.10,16.00,300.00,30.05,T,10.00,BKN
MDW,2022-04-18 23:53,39.00,26.10,14.00,290.00,30.05,T,10.00,BKN
MDW,2022-04-19 00:53,39.00,26.10,14.00,290.00,30.06,T,10.00,SCT
MDW,2022-04-19 01:53,38.00,28.00,13.00,290.00,30.07,T,9.00,SCT
MDW,2022-04-19 02:53,38.00,27.00,15.00,290.00,30.08,T,10.00,FEW
MDW,2022-04-19 03:53,38.00,28.90,11.00,290.00,30.08,T,10.00,BKN
MDW,2022-04-19 04:53,38.00,28.90,9.00,290.00,30.08,T,10.00,BKN
MDW,2022-04-19 05:53,38.00,30.00,11.00,290.00,30.10,T,10.00,FEW
MDW,2022-04-19 06:53,39.00,30.00,12.00,290.00,30.10,0.00,10.00,BKN
MDW,2022-04-19 07:53,39.00,30.00,12.00,310.00,30.09,0.00,10.00,FEW
MDW,2022-04-19 08:53,39.00,30.00,11.00,300.00,30.11,0.00,10.00,FEW
MDW,2022-04-19 09:53,38.00,28.90,11.00,310.00,30.12,0.00,10.00,FEW
MDW,2022-04-19 10:53,38.00,28.90,10.00,300.00,30.14,0.00,10.00,FEW
MDW,2022-04-19 11:53,39.00,28.90,11.00,300.00,30.16,0.00,10.00,BKN
MDW,2022-04-19 12:53,39.00,27.00,15.00,330.00,30.17,0.00,10.00,OVC
MDW,2022-04-19 13:53,40.00,28.00,12.00,320.00,30.18,0.00,10.00,OVC
MDW,2022-04-19 14:53,42.00,28.00,13.00,320.00,30.18,0.00,10.00,BKN
MDW,2022-04-19 15:53,45.00,28.00,10.00,350.00,30.20,0.00,10.00,BKN
MDW,2022-04-19 16:53,45.00,26.10,8.00,320.00,30.20,0.00,10.00,BKN
MDW,2022-04-19 17:53,47.00,28.00,9.00,350.00,30.20,0.00,10.00,SCT
MDW,2022-04-19 18:53,49.00,26.10,7.00,290.00,30.19,0.00,10.00,BKN
MDW,2022-04-19 19:53,50.00,25.00,10.00,310.00,30.18,0.00,10.00,BKN
MDW,2022-04-19 20:53,50.00,26.10,6.00,M,30.18,0.00,10.00,SCT
MDW,2022-04-19 21:53,47.00,28.90,11.00,100.00,30.17,0.00,10.00,SCT
MDW,2022-04-19 22:53,47.00,28.90,9.00,90.00,30.17,0.00,10.00,FEW
MDW,2022-04-19 23:53,45.00,28.90,8.00,120.00,30.17,0.00,10.00,FEW
MDW,2022-04-20 00:53,44.00,28.90,8.00,110.00,30.17,0.00,10.00,BKN
MDW,2022-04-20 01:53,44.00,28.90,8.00,110.00,30.19,0.00,10.00,BKN
MDW,2022-04-20 02:53,44.00,30.00,7.00,110.00,30.21,0.00,10.00,OVC
MDW,2022-04-20 03:53,45.00,30.90,7.00,140.00,30.21,0.00,10.00,BKN
MDW,2022-04-20 04:53,45.00,30.00,6.00,140.00,30.21,0.00,10.00,OVC
MDW,2022-04-20 05:53,45.00,28.90,9.00,160.00,30.22,0.00,10.00,BKN
MDW,2022-04-20 06:53,44.00,28.90,9.00,150.00,30.22,0.00,10.00,OVC
MDW,2022-04-20 07:53,44.00,28.90,11.00,140.00,30.20,0.00,10.00,BKN
MDW,2022-04-20 08:53,44.00,28.90,8.00,150.00,30.20,0.00,10.00,BKN
MDW,2022-04-20 09:53,43.00,28.90,8.00,150.00,30.21,0.00,10.00,SCT
MDW,2022-04-20 10:53,43.00,30.00,10.00,140.00,30.20,0.00,10.00,BKN
MDW,2022-04-20 11:53,44.00,30.00,8.00,140.00,30.21,0.00,10.00,BKN
MDW,2022-04-20 12:53,45.00,30.00,11.00,150.00,30.22,0.00,10.00,OVC
MDW,2022-04-20 13:53,46.00,30.90,11.00,150.00,30.21,0.00,10.00,OVC
MDW,2022-04-20 14:53,48.00,30.90,10.00,160.00,30.20,0.00,10.00,OVC
MDW,2022-04-20 15:53,50.00,33.00,13.00,160.00,30.18,0.00,10.00,BKN
MDW,2022-04-20 16:53,51.00,34.00,14.00,160.00,30.17,0.00,10.00,OVC
MDW,2022-04-20 17:53,51.00,36.00,15.00,160.00,30.14,0.00,10.00,SCT
MDW,2022-04-20 18:53,52.00,38.00,13.00,150.00,30.08,T,10.00,FEW
MDW,2022-04-20 19:53,50.00,38.00,13.00,150.00,30.07,T,10.00,FEW
MDW,2022-04-20 20:53,52.00,37.00,17.00,150.00,30.01,0.00,10.00,OVC
MDW,2022-04-20 21:53,52.00,40.00,11.00,160.00,30.01,T,10.00,BKN
MDW,2022-04-20 22:53,54.00,38.00,12.00,130.00,29.93,T,10.00,OVC
MDW,2022-04-20 23:53,55.00,40.00,11.00,160.00,29.92,T,10.00,OVC
MDW,2022-04-21 00:53,54.00,41.00,11.00,160.00,29.91,0.04,8.00,OVC
MDW,2022-04-21 01:53,53.00,44.00,14.00,170.00,29.91,0.04,8.00,OVC
MDW,2022-04-21 02:53,52.00,46.00,15.00,170.00,29.89,0.05,8.00,OVC
MDW,2022-04-21 03:53,52.00,47.00,16.00,190.00,29.88,0.04,3.00,SCT
MDW,2022-04-21 04:53,52.00,49.00,14.00,200.00,29.87,0.01,3.00,OVC
MDW,2022-04-21 05:53,53.00,50.00,17.00,210.00,29.88,0.02,2.00,OVC
MDW,2022-04-21 06:53,54.00,51.00,13.00,220.00,29.87,0.04,3.00,OVC
MDW,2022-04-21 07:53,53.00,51.00,13.00,230.00,29.88,T,2.50,OVC
MDW,2022-04-21 08:53,54.00,51.00,12.00,230.00,29.91,0.01,3.00,BKN
MDW,2022-04-21 09:53,53.00,51.00,13.00,260.00,29.94,T,8.00,OVC
MDW,2022-04-21 10:53,53.00,49.00,17.00,270.00,29.99,0.00,10.00,BKN
MDW,2022-04-21 11:53,52.00,45.00,13.00,280.00,30.05,0.00,10.00,BKN
MDW,2022-04-21 12:53,52.00,44.00,9.00,290.00,30.08,0.00,10.00,OVC
MDW,2022-04-21 13:53,53.00,44.00,9.00,290.00,30.11,0.00,10.00,SCT
MDW,2022-04-21 14:53,55.00,44.00,9.00,270.00,30.14,0.00,10.00,FEW
MDW,2022-04-21 15:53,59.00,45.00,10.00,250.00,30.17,0.00,10.00,FEW
MDW,2022-04-21 16:53,61.00,45.00,13.00,250.00,30.21,0.00,10.00,FEW
MDW,2022-04-21 17:53,63.00,46.00,16.00,250.00,30.22,0.00,10.00,FEW
MDW,2022-04-21 18:53,65.00,46.00,12.00,290.00,30.23,0.00,10.00,FEW
MDW,2022-04-21 19:53,68.00,45.00,14.00,260.00,30.24,0.00,10.00,FEW
MDW,2022-04-21 20:53,69.00,42.00,17.00,280.00,30.24,0.00,10.00,FEW
MDW,2022-04-21 21:53,70.00,41.00,13.00,260.00,30.25,0.00,10.00,FEW
MDW,2022-04-21 22:53,69.00,40.00,14.00,280.00,30.26,0.00,10.00,FEW
MDW,2022-04-21 23:53,68.00,41.00,11.00,280.00,30.26,0.00,10.00,FEW
MDW,2022-04-22 00:53,65.00,42.00,6.00,270.00,30.28,0.00,10.00,FEW
MDW,2022-04-22 01:53,62.00,42.00,3.00,320.00,30.31,0.00,10.00,CLR
MDW,2022-04-22 02:53,58.00,42.00,5.00,240.00,30.34,0.00,10.00,CLR
MDW,2022-04-22 03:53,59.00,42.00,4.00,250.00,30.36,0.00,10.00,FEW
MDW,2022-04-22 04:53,56.00,42.00,0.00,0.00,30.36,0.00,10.00,FEW
MDW,2022-04-22 05:53,56.00,42.00,0.00,0.00,30.37,0.00,10.00,FEW
MDW,2022-04-22 06:53,55.00,41.00,5.00,40.00,30.37,0.00,10.00,FEW
MDW,2022-04-22 07:53,53.00,36.00,7.00,60.00,30.37,0.00,10.00,FEW
MDW,2022-04-22 08:53,53.00,34.00,6.00,70.00,30.38,0.00,10.00,SCT
MDW,2022-04-22 09:53,52.00,36.00,9.00,50.00,30.38,0.00,10.00,FEW
MDW,2022-04-22 10:53,50.00,37.00,7.00,50.00,30.39,T,10.00,FEW
MDW,2022-04-22 11:53,50.00,38.00,5.00,70.00,30.42,T,10.00,FEW
MDW,2022-04-22 12:53,51.00,40.00,6.00,80.00,30.41,T,10.00,FEW
MDW,2022-04-22 13:53,52.00,42.00,5.00,130.00,30.40,0.00,10.00,SCT
MDW,2022-04-22 14:53,54.00,44.00,8.00,110.00,30.38,T,10.00,OVC
MDW,2022-04-22 15:53,60.00,44.00,13.00,110.00,30.33,0.00,10.00,OVC
MDW,2022-04-22 16:53,60.00,43.00,8.00,80.00,30.32,T,10.00,OVC
MDW,2022-04-22 17:53,57.00,44.00,9.00,90.00,30.29,T,10.00,OVC
MDW,2022-04-22 18:53,54.00,46.00,11.00,70.00,30.28,0.06,5.00,BKN
MDW,2022-04-22 19:53,51.00,45.00,15.00,80.00,30.24,0.03,9.00,BKN
MDW,2022-04-22 20:53,50.00,45.00,16.00,70.00,30.25,0.28,1.00,OVC
MDW,2022-04-22 21:53,50.00,45.00,15.00,90.00,30.20,0.20,5.00,BKN
MDW,2022-04-22 22:53,50.00,46.00,14.00,100.00,30.16,T,9.00,FEW
MDW,2022-04-22 23:53,51.00,46.00,12.00,110.00,30.11,0.00,10.00,BKN
MDW,2022-04-23 00:53,53.00,47.00,7.00,80.00,30.10,0.00,10.00,SCT
MDW,2022-04-23 01:53,55.00,48.00,9.00,90.00,30.09,0.00,10.00,FEW
MDW,2022-04-23 02:53,55.00,47.00,7.00,100.00,30.10,0.00,10.00,FEW
MDW,2022-04-23 03:53,55.00,47.00,6.00,110.00,30.10,0.00,10.00,BKN
MDW,2022-04-23 04:53,54.00,47.00,6.00,120.00,30.06,0.00,10.00,SCT
MDW,2022-04-23 05:53,59.00,50.00,7.00,160.00,30.03,0.00,10.00,CLR
MDW,2022-04-23 06:53,59.00,51.00,7.00,150.00,30.01,0.00,10.00,CLR
MDW,2022-04-23 07:53,59.00,51.00,7.00,160.00,30.00,0.00,10.00,CLR
MDW,2022-04-23 08:53,59.00,51.00,8.00,140.00,29.99,0.00,10.00,FEW
MDW,2022-04-23 09:53,58.00,51.00,8.00,160.00,29.98,0.00,10.00,FEW
MDW,2022-04-23 10:53,59.00,52.00,7.00,160.00,29.97,0.00,10.00,FEW
MDW,2022-04-23 11:53,60.00,52.00,7.00,140.00,29.98,0.00,10.00,FEW
MDW,2022-04-23 12:53,64.00,54.00,7.00,180.00,29.97,0.00,10.00,FEW
MDW,2022-04-23 13:53,71.00,56.00,12.00,200.00,29.97,0.00,10.00,FEW
MDW,2022-04-23 14:53,74.00,58.00,16.00,200.00,29.94,0.00,10.00,FEW
MDW,2022-04-23 15:53,77.00,58.00,21.00,200.00,29.93,0.00,10.00,FEW
MDW,2022-04-23 16:53,79.00,59.00,17.00,200.00,29.93,0.00,10.00,FEW
MDW,2022-04-23 17:53,80.00,57.00,24.00,200.00,29.90,0.00,10.00,SCT
MDW,2022-04-23 18:53,82.00,58.00,22.00,190.00,29.88,0.00,10.00,SCT
MDW,2022-04-23 19:53,84.00,57.00,24.00,180.00,29.86,0.00,10.00,BKN
MDW,2022-04-23 20:53,84.00,54.00,25.00,200.00,29.83,0.00,10.00,SCT
MDW,2022-04-23 21:53,85.00,53.00,21.00,200.00,29.81,0.00,10.00,FEW
MDW,2022-04-23 22:53,84.00,51.00,19.00,200.00,29.80,0.00,10.00,FEW
MDW,2022-04-23 23:53,82.00,53.00,14.00,190.00,29.80,0.00,10.00,FEW
MDW,2022-04-24 00:53,79.00,54.00,18.00,190.00,29.80,0.00,10.00,FEW
MDW,2022-04-24 01:53,78.00,55.00,14.00,200.00,29.81,0.00,10.00,FEW
MDW,2022-04-24 02:53,76.00,54.00,14.00,190.00,29.82,0.00,10.00,FEW
MDW,2022-04-24 03:53,75.00,53.00,13.00,180.00,29.81,0.00,10.00,FEW
MDW,2022-04-24 04:53,75.00,53.00,13.00,190.00,29.82,0.00,10.00,FEW
MDW,2022-04-24 05:53,75.00,54.00,17.00,190.00,29.81,0.00,10.00,FEW
MDW,2022-04-24 06:53,73.00,54.00,15.00,200.00,29.80,0.00,10.00,FEW
MDW,2022-04-24 07:53,72.00,55.00,15.00,200.00,29.80,0.00,10.00,BKN
MDW,2022-04-24 08:53,71.00,55.00,14.00,200.00,29.80,0.00,10.00,SCT
MDW,2022-04-24 09:53,71.00,56.00,14.00,200.00,29.79,0.00,10.00,BKN
MDW,2022-04-24 10:53,71.00,56.00,18.00,210.00,29.81,T,10.00,FEW
MDW,2022-04-24 11:53,70.00,57.00,16.00,200.00,29.81,T,10.00,FEW
MDW,2022-04-24 12:53,71.00,57.00,16.00,200.00,29.81,0.00,10.00,BKN
MDW,2022-04-24 13:53,69.00,59.00,14.00,200.00,29.81,0.02,10.00,FEW
MDW,2022-04-24 14:53,70.00,59.00,18.00,200.00,29.81,T,10.00,FEW
MDW,2022-04-24 15:53,71.00,60.00,18.00,200.00,29.80,T,10.00,FEW
MDW,2022-04-24 16:53,70.00,62.00,17.00,190.00,29.79,T,8.00,SCT
MDW,2022-04-24 17:53,70.00,63.00,21.00,200.00,29.79,0.06,10.00,BKN
MDW,2022-04-24 18:53,69.00,62.00,14.00,250.00,29.80,0.02,10.00,SCT
MDW,2022-04-24 19:53,71.00,63.00,16.00,230.00,29.79,T,10.00,SCT
MDW,2022-04-24 20:53,71.00,62.00,13.00,210.00,29.80,T,10.00,SCT
MDW,2022-04-24 21:53,73.00,59.00,20.00,220.00,29.80,T,10.00,SCT
MDW,2022-04-24 22:53,72.00,58.00,19.00,220.00,29.80,0.00,10.00,FEW
MDW,2022-04-24 23:53,71.00,58.00,13.00,240.00,29.81,0.00,10.00,SCT
MDW,2022-04-25 00:53,68.00,54.00,16.00,260.00,29.84,0.00,10.00,FEW
MDW,2022-04-25 01:53,67.00,48.00,12.00,260.00,29.87,0.00,10.00,FEW
MDW,2022-04-25 02:53,64.00,43.00,11.00,270.00,29.89,0.00,10.00,FEW
MDW,2022-04-25 03:53,62.00,41.00,12.00,290.00,29.90,0.00,10.00,BKN
MDW,2022-04-25 04:53,60.00,40.00,8.00,280.00,29.91,0.00,10.00,FEW
MDW,2022-04-25 05:53,59.00,38.00,11.00,310.00,29.92,0.00,10.00,BKN
MDW,2022-04-25 06:53,56.00,39.00,4.00,280.00,29.95,0.00,10.00,SCT
MDW,2022-04-25 07:53,55.00,36.00,5.00,270.00,29.95,0.00,10.00,BKN
MDW,2022-04-25 08:53,55.00,36.00,6.00,260.00,29.95,0.00,10.00,BKN
MDW,2022-04-25 09:53,54.00,37.00,5.00,260.00,29.93,0.00,10.00,BKN
MDW,2022-04-25 10:53,53.00,36.00,7.00,260.00,29.95,0.00,10.00,BKN
MDW,2022-04-25 11:53,53.00,36.00,11.00,250.00,29.98,0.00,10.00,BKN
MDW,2022-04-25 12:53,52.00,36.00,11.00,270.00,29.99,0.00,10.00,BKN
MDW,2022-04-25 13:53,52.00,35.00,14.00,250.00,30.00,0.00,10.00,SCT
MDW,2022-04-25 14:53,54.00,36.00,16.00,280.00,30.02,0.00,10.00,SCT
MDW,2022-04-25 15:53,56.00,36.00,18.00,250.00,30.01,0.00,10.00,BKN
MDW,2022-04-25 16:53,54.00,37.00,15.00,290.00,30.02,0.00,10.00,BKN
MDW,2022-04-25 17:53,54.00,35.00,17.00,270.00,30.03,0.00,10.00,OVC
MDW,2022-04-25 18:53,55.00,34.00,16.00,290.00,30.05,0.00,10.00,OVC
MDW,2022-04-25 19:53,51.00,33.00,20.00,280.00,30.08,0.00,10.00,OVC
MDW,2022-04-25 20:53,51.00,30.90,18.00,260.00,30.08,0.00,10.00,OVC
MDW,2022-04-25 21:53,50.00,30.90,15.00,280.00,30.11,0.00,10.00,BKN
MDW,2022-04-25 22:53,49.00,30.00,19.00,270.00,30.13,0.00,10.00,OVC
MDW,2022-04-25 23:53,47.00,30.00,13.00,270.00,30.16,0.00,10.00,OVC
MDW,2022-04-26 00:53,46.00,28.90,14.00,300.00,30.17,0.00,10.00,OVC
MDW,2022-04-26 01:53,45.00,28.00,13.00,270.00,30.20,0.00,10.00,OVC
MDW,2022-04-26 02:53,44.00,28.00,11.00,270.00,30.21,0.00,10.00,OVC
MDW,2022-04-26 03:53,43.00,27.00,12.00,310.00,30.21,0.00,10.00,OVC
MDW,2022-04-26 04:53,43.00,27.00,10.00,270.00,30.21,0.00,10.00,OVC
MDW,2022-04-26 05:53,42.00,27.00,10.00,280.00,30.23,0.00,10.00,OVC
MDW,2022-04-26 06:53,42.00,27.00,10.00,290.00,30.22,0.00,10.00,OVC
MDW,2022-04-26 07:53,42.00,27.00,9.00,290.00,30.21,0.00,10.00,OVC
MDW,2022-04-26 08:53,41.00,27.00,10.00,280.00,30.22,0.00,10.00,OVC
MDW,2022-04-26 09:53,41.00,27.00,9.00,260.00,30.22,0.00,10.00,OVC
MDW,2022-04-26 10:53,40.00,27.00,9.00,280.00,30.24,0.00,10.00,BKN
MDW,2022-04-26 11:53,40.00,27.00,11.00,300.00,30.25,0.00,10.00,FEW
MDW,2022-04-26 12:53,41.00,27.00,13.00,300.00,30.27,0.00,10.00,SCT
MDW,2022-04-26 13:53,42.00,28.00,11.00,300.00,30.28,0.00,10.00,FEW
MDW,2022-04-26 14:53,43.00,28.90,9.00,290.00,30.28,0.00,10.00,BKN
MDW,2022-04-26 15:53,43.00,28.00,11.00,290.00,30.29,0.00,10.00,BKN
MDW,2022-04-26 16:53,44.00,27.00,10.00,310.00,30.29,0.00,10.00,OVC
MDW,2022-04-26 17:53,46.00,27.00,11.00,310.00,30.28,0.00,10.00,BKN
MDW,2022-04-26 18:53,49.00,27.00,11.00,280.00,30.27,0.00,10.00,BKN
MDW,2022-04-26 19:53,51.00,27.00,16.00,270.00,30.27,0.00,10.00,BKN
MDW,2022-04-26 20:53,50.00,26.10,10.00,300.00,30.25,0.00,10.00,BKN
MDW,2022-04-26 21:53,51.00,25.00,14.00,310.00,30.24,0.00,10.00,SCT
MDW,2022-04-26 22:53,53.00,25.00,15.00,280.00,30.24,0.00,10.00,SCT
MDW,2022-04-26 23:53,51.00,23.00,13.00,300.00,30.25,0.00,10.00,FEW
MDW,2022-04-27 00:53,43.00,28.90,13.00,80.00,30.27,0.00,10.00,FEW
MDW,2022-04-27 01:53,42.00,28.00,10.00,70.00,30.29,0.00,10.00,CLR
MDW,2022-04-27 02:53,41.00,28.00,9.00,70.00,30.31,0.00,10.00,CLR
MDW,2022-04-27 03:53,40.00,28.00,5.00,70.00,30.32,0.00,10.00,CLR
MDW,2022-04-27 04:53,40.00,28.00,3.00,110.00,30.32,0.00,10.00,FEW
MDW,2022-04-27 05:53,39.00,24.10,6.00,10.00,30.32,0.00,10.00,FEW
MDW,2022-04-27 06:53,39.00,21.90,6.00,360.00,30.33,0.00,10.00,FEW
MDW,2022-04-27 07:53,38.00,21.90,4.00,340.00,30.32,0.00,10.00,BKN
MDW,2022-04-27 08:53,39.00,21.90,7.00,350.00,30.33,0.00,10.00,BKN
MDW,2022-04-27 09:53,38.00,21.90,5.00,350.00,30.33,0.00,10.00,FEW
MDW,2022-04-27 10:53,36.00,21.90,6.00,330.00,30.34,0.00,10.00,FEW
MDW,2022-04-27 11:53,38.00,21.90,5.00,350.00,30.34,0.00,10.00,FEW
MDW,2022-04-27 12:53,41.00,25.00,6.00,10.00,30.36,0.00,10.00,FEW
MDW,2022-04-27 13:53,42.00,26.10,8.00,40.00,30.36,0.00,10.00,FEW
MDW,2022-04-27 14:53,43.00,28.00,7.00,50.00,30.37,0.00,10.00,SCT
MDW,2022-04-27 15:53,42.00,28.00,10.00,70.00,30.35,0.00,10.00,BKN
MDW,2022-04-27 16:53,42.00,26.10,11.00,80.00,30.35,0.00,10.00,BKN
MDW,2022-04-27 17:53,42.00,26.10,11.00,60.00,30.35,0.00,10.00,SCT
MDW,2022-04-27 18:53,42.00,26.10,11.00,50.00,30.35,0.00,10.00,SCT
MDW,2022-04-27 19:53,41.00,25.00,12.00,60.00,30.32,0.00,10.00,SCT
MDW,2022-04-27 20:53,40.00,25.00,16.00,80.00,30.29,0.00,10.00,FEW
MDW,2022-04-27 21:53,39.00,26.10,11.00,80.00,30.30,0.00,10.00,FEW
MDW,2022-04-27 22:53,38.00,26.10,12.00,70.00,30.28,0.00,10.00,FEW
MDW,2022-04-27 23:53,38.00,27.00,10.00,30.00,30.28,0.00,10.00,FEW
MDW,2022-04-28 00:53,38.00,27.00,10.00,40.00,30.29,0.00,10.00,FEW
MDW,2022-04-28 01:53,38.00,28.00,12.00,40.00,30.29,0.00,10.00,FEW
MDW,2022-04-28 02:53,38.00,28.00,12.00,40.00,30.28,T,10.00,FEW
MDW,2022-04-28 03:53,39.00,30.00,10.00,40.00,30.29,T,10.00,FEW
MDW,2022-04-28 04:53,39.00,30.00,13.00,70.00,30.27,T,10.00,FEW
MDW,2022-04-28 05:53,40.00,30.90,13.00,90.00,30.26,0.00,10.00,FEW
MDW,2022-04-28 06:53,40.00,32.00,12.00,70.00,30.25,0.00,10.00,FEW
MDW,2022-04-28 07:53,41.00,33.00,8.00,80.00,30.25,0.00,10.00,BKN
MDW,2022-04-28 08:53,42.00,33.00,9.00,80.00,30.25,0.00,10.00,FEW
MDW,2022-04-28 09:53,42.00,34.00,8.00,100.00,30.23,0.00,10.00,FEW
MDW,2022-04-28 10:53,43.00,34.00,9.00,100.00,30.23,0.00,10.00,FEW
MDW,2022-04-28 11:53,44.00,34.00,10.00,100.00,30.24,0.00,10.00,BKN
MDW,2022-04-28 12:53,46.00,34.00,10.00,110.00,30.26,0.00,10.00,FEW
MDW,2022-04-28 13:53,47.00,32.00,10.00,120.00,30.26,0.00,10.00,BKN
MDW,2022-04-28 14:53,48.00,30.90,11.00,130.00,30.24,0.00,10.00,FEW
MDW,2022-04-28 15:53,51.00,33.00,9.00,130.00,30.24,0.00,10.00,FEW
MDW,2022-04-28 16:53,51.00,33.00,10.00,70.00,30.23,0.00,10.00,FEW
MDW,2022-04-28 17:53,51.00,33.00,12.00,80.00,30.22,0.00,10.00,BKN
MDW,2022-04-28 18:53,50.00,37.00,10.00,80.00,30.21,T,10.00,BKN
MDW,2022-04-28 19:53,50.00,36.00,10.00,70.00,30.20,0.00,10.00,BKN
MDW,2022-04-28 20:53,50.00,38.00,10.00,100.00,30.17,0.01,10.00,FEW
MDW,2022-04-28 21:53,50.00,39.00,12.00,90.00,30.15,T,10.00,BKN
MDW,2022-04-28 22:53,51.00,39.00,8.00,100.00,30.15,0.00,10.00,OVC
MDW,2022-04-28 23:53,52.00,37.00,12.00,130.00,30.14,0.00,10.00,OVC
MDW,2022-04-29 00:53,51.00,36.00,7.00,120.00,30.15,0.00,10.00,OVC
MDW,2022-04-29 01:53,51.00,36.00,10.00,130.00,30.16,0.00,10.00,OVC
MDW,2022-04-29 02:53,51.00,37.00,5.00,110.00,30.15,0.00,10.00,BKN
MDW,2022-04-29 03:53,51.00,37.00,5.00,100.00,30.15,0.00,10.00,OVC
MDW,2022-04-29 04:53,51.00,36.00,6.00,100.00,30.13,0.00,10.00,OVC
MDW,2022-04-29 05:53,51.00,36.00,5.00,90.00,30.13,0.00,10.00,FEW
MDW,2022-04-29 06:53,52.00,34.00,7.00,120.00,30.11,0.00,10.00,OVC
MDW,2022-04-29 07:53,52.00,34.00,5.00,110.00,30.11,0.00,10.00,FEW
MDW,2022-04-29 08:53,52.00,33.00,7.00,120.00,30.11,0.00,10.00,OVC
MDW,2022-04-29 09:53,52.00,32.00,9.00,120.00,30.11,0.00,10.00,OVC
MDW,2022-04-29 10:53,52.00,33.00,9.00,110.00,30.11,0.00,10.00,OVC
MDW,2022-04-29 11:53,51.00,32.00,9.00,110.00,30.12,0.00,10.00,OVC
MDW,2022-04-29 12:53,52.00,30.90,11.00,110.00,30.12,0.00,10.00,OVC
MDW,2022-04-29 13:53,53.00,30.90,10.00,110.00,30.11,0.00,10.00,OVC
MDW,2022-04-29 14:53,56.00,32.00,10.00,120.00,30.11,0.00,10.00,OVC
MDW,2022-04-29 15:53,59.00,34.00,10.00,130.00,30.11,0.00,10.00,FEW
MDW,2022-04-29 16:53,61.00,35.00,11.00,140.00,30.09,0.00,10.00,SCT
MDW,2022-04-29 17:53,66.00,37.00,16.00,120.00,30.05,0.00,10.00,FEW
MDW,2022-04-29 18:53,68.00,39.00,17.00,120.00,30.02,0.00,10.00,SCT
MDW,2022-04-29 19:53,69.00,39.00,18.00,120.00,30.01,0.00,10.00,SCT
MDW,2022-04-29 20:53,69.00,39.00,18.00,130.00,29.99,0.00,10.00,BKN
MDW,2022-04-29 21:53,68.00,40.00,12.00,110.00,29.97,0.00,10.00,SCT
MDW,2022-04-29 22:53,64.00,38.00,14.00,130.00,29.97,0.00,10.00,BKN
MDW,2022-04-29 23:53,64.00,40.00,14.00,120.00,29.98,T,10.00,OVC
MDW,2022-04-30 00:53,62.00,44.00,14.00,120.00,29.97,T,10.00,BKN
MDW,2022-04-30 01:53,61.00,43.00,13.00,120.00,29.99,T,10.00,OVC
MDW,2022-04-30 02:53,61.00,41.00,13.00,110.00,29.98,0.00,10.00,OVC
MDW,2022-04-30 03:53,61.00,40.00,13.00,110.00,29.97,0.00,10.00,BKN
MDW,2022-04-30 04:53,60.00,37.00,13.00,100.00,29.98,T,10.00,BKN
MDW,2022-04-30 05:53,56.00,43.00,7.00,110.00,29.98,0.02,10.00,SCT
MDW,2022-04-30 06:53,56.00,40.00,17.00,120.00,29.95,0.01,10.00,OVC
MDW,2022-04-30 07:53,55.00,40.00,15.00,110.00,29.92,0.00,10.00,OVC
MDW,2022-04-30 08:53,54.00,39.00,12.00,110.00,29.91,0.00,10.00,OVC
MDW,2022-04-30 09:53,55.00,38.00,15.00,130.00,29.90,0.00,10.00,BKN
MDW,2022-04-30 10:53,55.00,39.00,17.00,120.00,29.89,0.00,10.00,SCT
MDW,2022-04-30 11:53,56.00,40.00,12.00,120.00,29.90,0.00,10.00,FEW
MDW,2022-04-30 12:53,58.00,43.00,16.00,130.00,29.87,T,10.00,SCT
MDW,2022-04-30 13:53,60.00,45.00,15.00,130.00,29.84,T,10.00,FEW
MDW,2022-04-30 14:53,61.00,46.00,15.00,150.00,29.84,0.00,10.00,SCT
MDW,2022-04-30 15:53,60.00,49.00,13.00,150.00,29.83,0.04,10.00,FEW
MDW,2022-04-30 16:53,61.00,51.00,18.00,140.00,29.80,0.03,6.00,BKN
MDW,2022-04-30 17:53,62.00,53.00,17.00,130.00,29.74,0.01,10.00,SCT
MDW,2022-04-30 18:53,69.00,56.00,19.00,130.00,29.73,0.00,10.00,FEW
MDW,2022-04-30 19:53,71.00,55.00,14.00,140.00,29.71,0.00,10.00,OVC
MDW,2022-04-30 20:53,72.00,57.00,13.00,140.00,29.64,0.00,10.00,OVC
MDW,2022-04-30 21:53,70.00,59.00,19.00,150.00,29.61,T,10.00,BKN
MDW,2022-04-30 22:53,71.00,61.00,12.00,170.00,29.64,0.09,10.00,SCT
MDW,2022-04-30 23:53,72.00,60.00,13.00,160.00,29.61,0.00,10.00,BKN
MDW,2022-05-01 00:53,69.00,59.00,22.00,210.00,29.67,0.09,1.50,BKN
MDW,2022-05-01 01:53,63.00,56.00,10.00,190.00,29.67,0.33,10.00,FEW
MDW,2022-05-01 02:53,62.00,57.00,8.00,230.00,29.68,T,10.00,FEW
MDW,2022-05-01 03:53,61.00,56.00,7.00,240.00,29.67,0.00,10.00,FEW
MDW,2022-05-01 04:53,60.00,51.00,6.00,230.00,29.69,0.00,10.00,FEW
MDW,2022-05-01 05:53,59.00,46.00,13.00,240.00,29.70,0.00,10.00,BKN
MDW,2022-05-01 06:53,56.00,45.00,12.00,230.00,29.70,0.00,10.00,FEW
MDW,2022-05-01 07:53,55.00,44.00,11.00,220.00,29.70,0.00,10.00,SCT
MDW,2022-05-01 08:53,54.00,44.00,8.00,210.00,29.70,0.00,10.00,BKN
MDW,2022-05-01 09:53,54.00,44.00,8.00,190.00,29.70,0.00,10.00,BKN
MDW,2022-05-01 10:53,55.00,43.00,15.00,210.00,29.70,0.00,10.00,BKN
MDW,2022-05-01 11:53,55.00,44.00,10.00,210.00,29.73,0.00,10.00,FEW
MDW,2022-05-01 12:53,55.00,44.00,7.00,220.00,29.73,0.00,10.00,OVC
MDW,2022-05-01 13:53,55.00,45.00,11.00,220.00,29.74,0.00,10.00,OVC
MDW,2022-05-01 14:53,55.00,44.00,10.00,220.00,29.75,0.00,10.00,OVC
MDW,2022-05-01 15:53,54.00,43.00,15.00,240.00,29.77,0.00,10.00,BKN
MDW,2022-05-01 16:53,54.00,43.00,15.00,240.00,29.79,0.00,10.00,BKN
MDW,2022-05-01 17:53,54.00,43.00,17.00,250.00,29.80,0.00,10.00,BKN
MDW,2022-05-01 18:53,53.00,44.00,14.00,250.00,29.81,0.00,10.00,BKN
MDW,2022-05-01 19:53,52.00,45.00,18.00,250.00,29.83,T,10.00,SCT
MDW,2022-05-01 20:53,52.00,43.00,14.00,250.00,29.84,T,10.00,OVC
MDW,2022-05-01 21:53,52.00,42.00,15.00,260.00,29.86,T,10.00,OVC
MDW,2022-05-01 22:53,53.00,42.00,13.00,260.00,29.87,T,10.00,OVC
MDW,2022-05-01 23:53,53.00,41.00,15.00,250.00,29.88,0.00,10.00,OVC
MDW,2022-05-02 00:53,53.00,41.00,16.00,270.00,29.90,0.00,10.00,OVC
MDW,2022-05-02 01:53,53.00,41.00,15.00,260.00,29.91,0.00,10.00,OVC
MDW,2022-05-02 02:53,52.00,41.00,11.00,260.00,29.93,0.00,10.00,OVC
MDW,2022-05-02 03:53,53.00,42.00,11.00,250.00,29.93,0.00,10.00,BKN
MDW,2022-05-02 04:53,53.00,42.00,15.00,260.00,29.94,0.00,10.00,BKN
MDW,2022-05-02 05:53,53.00,42.00,10.00,270.00,29.94,0.00,10.00,BKN
MDW,2022-05-02 06:53,52.00,42.00,10.00,280.00,29.95,0.00,10.00,FEW
MDW,2022-05-02 07:53,52.00,40.00,8.00,270.00,29.96,0.00,10.00,OVC
MDW,2022-05-02 08:53,52.00,39.00,8.00,280.00,29.97,0.00,10.00,OVC
MDW,2022-05-02 09:53,51.00,41.00,6.00,280.00,29.98,0.00,10.00,FEW
MDW,2022-05-02 10:53,51.00,40.00,9.00,280.00,30.00,0.00,10.00,BKN
MDW,2022-05-02 11:53,50.00,40.00,7.00,280.00,30.01,0.00,10.00,OVC
MDW,2022-05-02 12:53,50.00,40.00,6.00,290.00,30.03,0.00,10.00,OVC
MDW,2022-05-02 13:53,50.00,39.00,9.00,270.00,30.05,0.00,10.00,OVC
MDW,2022-05-02 14:53,51.00,39.00,8.00,250.00,30.06,0.00,10.00,OVC
MDW,2022-05-02 15:53,51.00,39.00,10.00,270.00,30.06,0.00,10.00,OVC
MDW,2022-05-02 16:53,52.00,40.00,10.00,240.00,30.09,0.00,10.00,OVC
MDW,2022-05-02 17:53,52.00,40.00,5.00,240.00,30.06,0.00,10.00,OVC
MDW,2022-05-02 18:53,53.00,40.00,8.00,250.00,30.05,0.00,10.00,OVC
MDW,2022-05-02 19:53,53.00,40.00,6.00,M,30.05,0.00,10.00,OVC
MDW,2022-05-02 20:53,54.00,40.00,7.00,250.00,30.06,0.00,10.00,OVC
MDW,2022-05-02 21:53,55.00,41.00,8.00,260.00,30.05,0.00,10.00,SCT
MDW,2022-05-02 22:53,55.00,41.00,5.00,230.00,30.05,0.00,10.00,FEW
MDW,2022-05-02 23:53,55.00,41.00,0.00,0.00,30.04,0.00,10.00,FEW
MDW,2022-05-03 00:53,52.00,40.00,7.00,100.00,30.03,0.00,10.00,BKN
MDW,2022-05-03 01:53,51.00,40.00,9.00,80.00,30.01,0.00,10.00,SCT
MDW,2022-05-03 02:53,49.00,40.00,11.00,90.00,30.01,0.00,10.00,FEW
MDW,2022-05-03 03:53,51.00,41.00,5.00,100.00,30.00,T,10.00,OVC
MDW,2022-05-03 04:53,50.00,42.00,11.00,110.00,29.99,T,10.00,OVC
MDW,2022-05-03 05:53,52.00,42.00,8.00,100.00,29.98,0.00,10.00,OVC
MDW,2022-05-03 06:53,52.00,41.00,10.00,80.00,29.94,T,10.00,OVC
MDW,2022-05-03 07:53,50.00,42.00,9.00,80.00,29.90,T,10.00,OVC
MDW,2022-05-03 08:53,49.00,43.00,11.00,70.00,29.87,0.03,5.00,BKN
MDW,2022-05-03 09:53,48.00,43.00,12.00,70.00,29.85,0.01,3.00,FEW
MDW,2022-05-03 10:53,48.00,44.00,11.00,70.00,29.82,0.15,2.00,OVC
MDW,2022-05-03 11:53,48.00,46.00,14.00,50.00,29.78,0.17,1.75,FEW
MDW,2022-05-03 12:53,49.00,47.00,17.00,60.00,29.73,0.13,2.00,OVC
MDW,2022-05-03 13:53,49.00,49.00,9.00,10.00,29.78,0.51,1.50,BKN
MDW,2022-05-03 14:53,49.00,47.00,20.00,40.00,29.75,0.11,6.00,OVC
MDW,2022-05-03 15:53,50.00,49.00,12.00,40.00,29.74,T,3.00,OVC
MDW,2022-05-03 16:53,51.00,50.00,10.00,40.00,29.75,0.01,3.00,OVC
MDW,2022-05-03 17:53,49.00,46.00,15.00,10.00,29.78,T,3.00,OVC
MDW,2022-05-03 18:53,48.00,45.00,16.00,20.00,29.80,T,2.50,OVC
MDW,2022-05-03 19:53,48.00,45.00,15.00,360.00,29.80,T,1.50,OVC
MDW,2022-05-03 20:53,47.00,44.00,18.00,10.00,29.83,T,2.00,OVC
MDW,2022-05-03 21:53,47.00,43.00,16.00,10.00,29.88,T,2.00,OVC
MDW,2022-05-03 22:53,47.00,43.00,15.00,360.00,29.91,T,2.00,OVC
MDW,2022-05-03 23:53,46.00,43.00,16.00,360.00,29.94,T,1.50,OVC
MDW,2022-05-04 00:53,46.00,42.00,15.00,360.00,29.98,T,1.50,OVC
MDW,2022-05-04 01:53,45.00,42.00,16.00,360.00,30.01,T,2.00,OVC
MDW,2022-05-04 02:53,45.00,42.00,12.00,10.00,30.04,T,2.00,OVC
MDW,2022-05-04 03:53,46.00,41.00,13.00,10.00,30.04,T,10.00,FEW
MDW,2022-05-04 04:53,46.00,40.00,14.00,10.00,30.06,0.00,10.00,FEW
MDW,2022-05-04 05:53,46.00,39.00,13.00,20.00,30.08,0.00,10.00,FEW
MDW,2022-05-04 06:53,45.00,39.00,12.00,360.00,30.08,0.00,10.00,BKN
MDW,2022-05-04 07:53,44.00,38.00,13.00,10.00,30.09,0.00,10.00,OVC
MDW,2022-05-04 08:53,44.00,38.00,9.00,10.00,30.10,0.00,10.00,OVC
MDW,2022-05-04 09:53,43.00,37.00,10.00,10.00,30.12,0.00,10.00,SCT
MDW,2022-05-04 10:53,42.00,37.00,7.00,360.00,30.14,0.00,10.00,FEW
MDW,2022-05-04 11:53,43.00,37.00,10.00,10.00,30.17,0.00,10.00,BKN
MDW,2022-05-04 12:53,45.00,38.00,9.00,10.00,30.19,0.00,10.00,BKN
MDW,2022-05-04 13:53,46.00,39.00,10.00,10.00,30.21,0.00,10.00,BKN
MDW,2022-05-04 14:53,49.00,39.00,11.00,30.00,30.21,0.00,10.00,SCT
MDW,2022-05-04 15:53,51.00,40.00,10.00,20.00,30.22,0.00,10.00,FEW
MDW,2022-05-04 16:53,52.00,40.00,11.00,50.00,30.22,0.00,10.00,FEW
MDW,2022-05-04 17:53,53.00,41.00,13.00,40.00,30.20,0.00,10.00,FEW
MDW,2022-05-04 18:53,54.00,41.00,7.00,20.00,30.20,0.00,10.00,FEW
MDW,2022-05-04 19:53,54.00,41.00,10.00,50.00,30.20,0.00,10.00,FEW
MDW,2022-05-04 20:53,56.00,42.00,10.00,60.00,30.21,0.00,10.00,FEW
MDW,2022-05-04 21:53,56.00,42.00,10.00,60.00,30.20,0.00,10.00,FEW
MDW,2022-05-04 22:53,57.00,42.00,7.00,50.00,30.20,0.00,10.00,FEW
MDW,2022-05-04 23:53,54.00,41.00,8.00,30.00,30.21,0.00,10.00,BKN
MDW,2022-05-05 00:53,50.00,40.00,7.00,40.00,30.21,0.00,10.00,OVC
MDW,2022-05-05 01:53,49.00,37.00,7.00,70.00,30.22,0.00,10.00,OVC
MDW,2022-05-05 02:53,48.00,38.00,6.00,100.00,30.22,0.00,10.00,OVC
MDW,2022-05-05 03:53,47.00,38.00,6.00,50.00,30.22,0.00,10.00,FEW
MDW,2022-05-05 04:53,46.00,37.00,6.00,90.00,30.16,0.00,10.00,FEW
MDW,2022-05-05 05:53,45.00,37.00,7.00,70.00,30.16,0.00,10.00,BKN
MDW,2022-05-05 06:53,45.00,36.00,5.00,50.00,30.15,0.00,10.00,FEW
MDW,2022-05-05 07:53,46.00,36.00,3.00,30.00,30.15,0.00,10.00,OVC
MDW,2022-05-05 08:53,46.00,37.00,4.00,100.00,30.13,0.00,10.00,BKN
MDW,2022-05-05 09:53,48.00,39.00,4.00,40.00,30.14,0.00,10.00,BKN
MDW,2022-05-05 10:53,50.00,39.00,6.00,50.00,30.13,0.00,10.00,OVC
MDW,2022-05-05 11:53,50.00,40.00,7.00,80.00,30.13,0.00,10.00,OVC
MDW,2022-05-05 12:53,50.00,41.00,6.00,60.00,30.13,0.00,10.00,OVC
MDW,2022-05-05 13:53,51.00,41.00,6.00,80.00,30.14,0.00,10.00,OVC
MDW,2022-05-05 14:53,51.00,42.00,7.00,90.00,30.11,0.00,10.00,OVC
MDW,2022-05-05 15:53,52.00,43.00,5.00,60.00,30.11,0.00,10.00,OVC
MDW,2022-05-05 16:53,53.00,43.00,5.00,60.00,30.08,0.00,10.00,OVC
MDW,2022-05-05 17:53,53.00,44.00,5.00,80.00,30.07,T,10.00,BKN
MDW,2022-05-05 18:53,52.00,47.00,7.00,30.00,30.03,0.08,5.00,OVC
MDW,2022-05-05 19:53,54.00,49.00,7.00,70.00,30.01,0.03,6.00,FEW
MDW,2022-05-05 20:53,54.00,49.00,8.00,80.00,30.00,0.01,6.00,SCT
MDW,2022-05-05 21:53,53.00,49.00,9.00,50.00,29.98,0.02,3.00,SCT
MDW,2022-05-05 22:53,52.00,49.00,8.00,40.00,29.99,0.02,3.00,SCT
MDW,2022-05-05 23:53,51.00,47.00,8.00,40.00,29.95,0.02,4.00,SCT
MDW,2022-05-06 00:53,52.00,48.00,7.00,50.00,29.95,T,3.00,OVC
MDW,2022-05-06 01:53,52.00,48.00,11.00,60.00,29.92,0.02,2.50,SCT
MDW,2022-05-06 02:53,52.00,48.00,8.00,30.00,29.92,T,5.00,BKN
MDW,2022-05-06 03:53,52.00,48.00,6.00,30.00,29.91,T,2.00,BKN
MDW,2022-05-06 04:53,52.00,49.00,12.00,60.00,29.88,0.02,1.75,BKN
MDW,2022-05-06 05:53,52.00,50.00,13.00,60.00,29.86,0.03,1.75,OVC
MDW,2022-05-06 06:53,51.00,49.00,11.00,60.00,29.83,0.02,1.75,OVC
MDW,2022-05-06 07:53,51.00,49.00,13.00,60.00,29.81,0.01,1.75,OVC
MDW,2022-05-06 08:53,51.00,49.00,15.00,60.00,29.80,0.01,1.75,OVC
MDW,2022-05-06 09:53,51.00,49.00,12.00,50.00,29.78,0.01,1.75,OVC
MDW,2022-05-06 10:53,51.00,49.00,14.00,40.00,29.76,T,2.00,OVC
MDW,2022-05-06 11:53,51.00,49.00,15.00,50.00,29.76,0.02,1.75,OVC
MDW,2022-05-06 12:53,52.00,49.00,14.00,50.00,29.75,0.03,2.00,OVC
MDW,2022-05-06 13:53,51.00,49.00,16.00,60.00,29.75,0.03,2.00,OVC
MDW,2022-05-06 14:53,52.00,49.00,17.00,50.00,29.74,T,2.50,OVC
MDW,2022-05-06 15:53,53.00,50.00,14.00,50.00,29.74,0.04,2.00,OVC
MDW,2022-05-06 16:53,52.00,49.00,15.00,50.00,29.74,0.01,3.00,BKN
MDW,2022-05-06 17:53,51.00,48.00,19.00,60.00,29.73,T,6.00,OVC
MDW,2022-05-06 18:53,51.00,47.00,23.00,60.00,29.73,0.03,2.50,BKN
MDW,2022-05-06 19:53,51.00,47.00,16.00,20.00,29.75,0.01,3.00,BKN
MDW,2022-05-06 20:53,51.00,48.00,23.00,30.00,29.75,0.03,1.50,BKN
MDW,2022-05-06 21:53,51.00,47.00,14.00,30.00,29.77,0.02,8.00,FEW
MDW,2022-05-06 22:53,52.00,44.00,8.00,10.00,29.78,0.02,10.00,SCT
MDW,2022-05-06 23:53,52.00,41.00,12.00,10.00,29.79,0.00,10.00,BKN
MDW,2022-05-07 00:53,51.00,39.00,10.00,10.00,29.80,0.00,10.00,BKN
MDW,2022-05-07 01:53,53.00,37.00,12.00,20.00,29.81,0.00,10.00,SCT
MDW,2022-05-07 02:53,53.00,37.00,9.00,10.00,29.83,0.00,10.00,BKN
MDW,2022-05-07 03:53,53.00,37.00,11.00,20.00,29.84,0.00,10.00,BKN
MDW,2022-05-07 04:53,54.00,37.00,11.00,30.00,29.85,0.00,10.00,SCT
MDW,2022-05-07 05:53,53.00,36.00,11.00,20.00,29.86,0.00,10.00,FEW
MDW,2022-05-07 06:53,53.00,35.00,13.00,20.00,29.87,0.00,10.00,FEW
MDW,2022-05-07 07:53,51.00,35.00,8.00,10.00,29.87,0.00,10.00,SCT
MDW,2022-05-07 08:53,52.00,32.00,10.00,20.00,29.89,0.00,10.00,BKN
MDW,2022-05-07 09:53,50.00,33.00,9.00,20.00,29.91,0.00,10.00,SCT
MDW,2022-05-07 10:53,48.00,32.00,7.00,360.00,29.93,0.00,10.00,FEW
MDW,2022-05-07 11:53,51.00,30.00,10.00,20.00,29.95,0.00,10.00,FEW
MDW,2022-05-07 12:53,54.00,30.90,9.00,30.00,29.96,0.00,10.00,FEW
MDW,2022-05-07 13:53,57.00,32.00,10.00,70.00,29.98,0.00,10.00,FEW
MDW,2022-05-07 14:53,59.00,34.00,8.00,50.00,29.98,0.00,10.00,CLR
MDW,2022-05-07 15:53,59.00,30.00,11.00,70.00,29.98,0.00,10.00,CLR
MDW,2022-05-07 16:53,63.00,32.00,10.00,30.00,29.99,0.00,10.00,CLR
MDW,2022-05-07 17:53,64.00,32.00,11.00,50.00,29.99,0.00,10.00,CLR
MDW,2022-05-07 18:53,65.00,30.90,14.00,30.00,29.98,0.00,10.00,CLR
MDW,2022-05-07 19:53,64.00,30.00,14.00,50.00,29.98,0.00,10.00,CLR
MDW,2022-05-07 20:53,65.00,28.90,11.00,50.00,29.96,0.00,10.00,CLR
MDW,2022-05-07 21:53,65.00,28.90,10.00,40.00,29.95,0.00,10.00,CLR
MDW,2022-05-07 22:53,63.00,28.00,12.00,40.00,29.96,0.00,10.00,CLR
MDW,2022-05-07 23:53,61.00,27.00,10.00,30.00,29.97,0.00,10.00,CLR
MDW,2022-05-08 00:53,55.00,28.00,7.00,30.00,29.97,0.00,10.00,CLR
MDW,2022-05-08 01:53,52.00,28.90,7.00,40.00,29.99,0.00,10.00,CLR
MDW,2022-05-08 02:53,51.00,28.90,5.00,70.00,29.99,0.00,10.00,CLR
MDW,2022-05-08 03:53,51.00,28.90,0.00,0.00,29.98,0.00,10.00,CLR
MDW,2022-05-08 04:53,50.00,30.90,0.00,0.00,29.97,0.00,10.00,CLR
MDW,2022-05-08 05:53,49.00,32.00,3.00,130.00,30.00,0.00,10.00,CLR
MDW,2022-05-08 06:53,49.00,34.00,4.00,100.00,29.99,0.00,10.00,CLR
MDW,2022-05-08 07:53,46.00,35.00,4.00,110.00,29.98,0.00,10.00,CLR
MDW,2022-05-08 08:53,51.00,36.00,5.00,160.00,30.00,0.00,10.00,CLR
MDW,2022-05-08 09:53,49.00,35.00,4.00,160.00,30.02,0.00,10.00,SCT
MDW,2022-05-08 10:53,49.00,36.00,4.00,120.00,30.03,0.00,10.00,SCT
MDW,2022-05-08 11:53,51.00,30.00,10.00,130.00,30.02,0.00,10.00,SCT
MDW,2022-05-08 12:53,54.00,28.90,8.00,150.00,30.03,0.00,10.00,FEW
MDW,2022-05-08 13:53,58.00,35.00,12.00,150.00,29.99,0.00,10.00,FEW
MDW,2022-05-08 14:53,61.00,39.00,10.00,150.00,29.99,0.00,10.00,FEW
MDW,2022-05-08 15:53,65.00,41.00,11.00,140.00,30.00,0.00,10.00,FEW
MDW,2022-05-08 16:53,66.00,41.00,12.00,180.00,30.00,0.00,10.00,FEW
MDW,2022-05-08 17:53,67.00,43.00,11.00,160.00,29.99,0.00,10.00,FEW
MDW,2022-05-08 18:53,68.00,42.00,11.00,150.00,29.99,0.00,10.00,FEW
MDW,2022-05-08 19:53,66.00,43.00,14.00,100.00,29.90,0.00,10.00,BKN
MDW,2022-05-08 20:53,68.00,44.00,10.00,110.00,29.90,0.00,10.00,SCT
MDW,2022-05-08 21:53,68.00,43.00,16.00,140.00,29.91,0.00,10.00,SCT
MDW,2022-05-08 22:53,68.00,43.00,13.00,130.00,29.89,0.00,10.00,FEW
MDW,2022-05-08 23:53,67.00,42.00,17.00,140.00,29.89,0.00,10.00,FEW
MDW,2022-05-09 00:53,66.00,43.00,13.00,130.00,29.89,0.00,10.00,FEW
MDW,2022-05-09 01:53,65.00,43.00,14.00,130.00,29.89,0.00,10.00,BKN
MDW,2022-05-09 02:53,64.00,42.00,11.00,140.00,29.92,0.00,10.00,SCT
MDW,2022-05-09 03:53,63.00,42.00,10.00,140.00,29.93,0.00,10.00,FEW
MDW,2022-05-09 04:53,62.00,41.00,12.00,140.00,29.93,0.00,10.00,FEW
MDW,2022-05-09 05:53,61.00,40.00,9.00,140.00,29.94,0.00,10.00,FEW
MDW,2022-05-09 06:53,60.00,40.00,9.00,140.00,29.94,0.00,10.00,FEW
MDW,2022-05-09 07:53,60.00,40.00,11.00,150.00,29.95,0.00,10.00,FEW
MDW,2022-05-09 08:53,59.00,41.00,12.00,140.00,29.94,0.00,10.00,FEW
MDW,2022-05-09 09:53,59.00,41.00,10.00,150.00,29.94,0.00,10.00,SCT
MDW,2022-05-09 10:53,58.00,42.00,12.00,140.00,29.94,0.00,10.00,SCT
MDW,2022-05-09 11:53,58.00,44.00,10.00,150.00,29.94,0.00,10.00,SCT
MDW,2022-05-09 12:53,64.00,46.00,13.00,150.00,29.95,0.00,10.00,SCT
MDW,2022-05-09 13:53,67.00,48.00,12.00,160.00,29.94,0.00,10.00,FEW
MDW,2022-05-09 14:53,69.00,50.00,13.00,150.00,29.93,0.00,10.00,FEW
MDW,2022-05-09 15:53,72.00,52.00,16.00,140.00,29.90,0.00,10.00,FEW
MDW,2022-05-09 16:53,75.00,54.00,15.00,160.00,29.88,0.00,10.00,BKN
MDW,2022-05-09 17:53,79.00,55.00,19.00,160.00,29.87,0.00,10.00,SCT
MDW,2022-05-09 18:53,82.00,56.00,12.00,150.00,29.84,0.00,10.00,BKN
MDW,2022-05-09 19:53,83.00,58.00,22.00,150.00,29.83,0.00,10.00,FEW
MDW,2022-05-09 20:53,84.00,58.00,20.00,150.00,29.82,0.00,10.00,SCT
MDW,2022-05-09 21:53,84.00,58.00,18.00,160.00,29.83,0.00,10.00,FEW
MDW,2022-05-09 22:53,84.00,58.00,20.00,180.00,29.83,0.00,10.00,FEW
MDW,2022-05-09 23:53,83.00,57.00,24.00,170.00,29.83,0.00,10.00,CLR
MDW,2022-05-10 00:53,81.00,57.00,17.00,170.00,29.86,0.00,10.00,FEW
MDW,2022-05-10 01:53,79.00,57.00,19.00,170.00,29.87,0.00,10.00,FEW
MDW,2022-05-10 02:53,77.00,58.00,13.00,180.00,29.87,0.00,10.00,FEW
MDW,2022-05-10 03:53,76.00,59.00,12.00,180.00,29.89,0.00,10.00,FEW
MDW,2022-05-10 04:53,75.00,59.00,15.00,190.00,29.92,0.00,10.00,CLR
MDW,2022-05-10 05:53,74.00,60.00,11.00,190.00,29.97,0.00,10.00,CLR
MDW,2022-05-10 06:53,73.00,60.00,10.00,180.00,29.97,0.00,10.00,SCT
MDW,2022-05-10 07:53,72.00,61.00,9.00,180.00,29.97,0.00,10.00,SCT
MDW,2022-05-10 08:53,71.00,60.00,9.00,170.00,29.98,0.00,10.00,FEW
MDW,2022-05-10 09:53,71.00,60.00,9.00,180.00,29.98,0.00,10.00,SCT
MDW,2022-05-10 10:53,71.00,61.00,10.00,180.00,29.99,0.00,10.00,BKN
MDW,2022-05-10 11:53,71.00,62.00,9.00,190.00,30.02,0.00,10.00,FEW
MDW,2022-05-10 12:53,73.00,62.00,11.00,190.00,30.02,0.00,10.00,SCT
MDW,2022-05-10 13:53,75.00,64.00,12.00,200.00,30.04,0.00,10.00,SCT
MDW,2022-05-10 14:53,77.00,65.00,9.00,200.00,30.05,0.00,10.00,BKN
MDW,2022-05-10 15:53,80.00,66.00,11.00,200.00,30.05,0.00,10.00,BKN
MDW,2022-05-10 16:53,83.00,67.00,12.00,190.00,30.04,0.00,10.00,SCT
MDW,2022-05-10 17:53,86.00,68.00,9.00,170.00,30.03,0.00,10.00,FEW
MDW,2022-05-10 18:53,88.00,69.00,10.00,180.00,30.01,0.00,10.00,FEW
MDW,2022-05-10 19:53,89.00,69.00,11.00,190.00,30.01,0.00,10.00,BKN
MDW,2022-05-10 20:53,90.00,68.00,12.00,180.00,30.00,0.00,10.00,BKN
MDW,2022-05-10 21:53,92.00,67.00,13.00,200.00,30.00,0.00,10.00,BKN
MDW,2022-05-10 22:53,91.00,67.00,12.00,180.00,29.99,0.00,10.00,FEW
MDW,2022-05-10 23:53,90.00,67.00,10.00,180.00,29.99,0.00,10.00,FEW
MDW,2022-05-11 00:53,89.00,67.00,6.00,190.00,30.02,0.00,10.00,SCT
MDW,2022-05-11 01:53,87.00,68.00,7.00,180.00,30.03,0.00,10.00,SCT
MDW,2022-05-11 02:53,85.00,68.00,7.00,180.00,30.05,0.00,10.00,SCT
MDW,2022-05-11 03:53,84.00,68.00,7.00,190.00,30.06,0.00,10.00,SCT
MDW,2022-05-11 04:53,83.00,69.00,6.00,190.00,30.07,0.00,10.00,OVC
MDW,2022-05-11 05:53,82.00,69.00,9.00,170.00,30.07,0.00,10.00,OVC
MDW,2022-05-11 06:53,80.00,69.00,5.00,160.00,30.07,0.00,10.00,BKN
MDW,2022-05-11 07:53,79.00,69.00,6.00,170.00,30.08,0.00,10.00,FEW
MDW,2022-05-11 08:53,78.00,69.00,7.00,170.00,30.09,0.00,10.00,FEW
MDW,2022-05-11 09:53,77.00,69.00,4.00,180.00,30.10,0.00,10.00,BKN
MDW,2022-05-11 10:53,77.00,68.00,7.00,210.00,30.11,0.00,9.00,SCT
MDW,2022-05-11 11:53,77.00,69.00,6.00,210.00,30.12,0.00,9.00,FEW
MDW,2022-05-11 12:53,79.00,69.00,7.00,210.00,30.14,0.00,9.00,FEW
MDW,2022-05-11 13:53,82.00,70.00,5.00,200.00,30.14,0.00,10.00,FEW
MDW,2022-05-11 14:53,85.00,71.00,3.00,260.00,30.12,0.00,10.00,FEW
MDW,2022-05-11 15:53,88.00,71.00,4.00,M,30.13,0.00,10.00,FEW
MDW,2022-05-11 16:53,90.00,72.00,3.00,200.00,30.12,0.00,10.00,SCT
MDW,2022-05-11 17:53,90.00,72.00,12.00,100.00,30.11,0.00,10.00,SCT
MDW,2022-05-11 18:53,91.00,71.00,12.00,90.00,30.11,0.00,10.00,FEW
MDW,2022-05-11 19:53,90.00,71.00,14.00,110.00,30.10,0.00,10.00,FEW
MDW,2022-05-11 20:53,90.00,70.00,11.00,100.00,30.09,0.00,10.00,FEW
MDW,2022-05-11 21:53,91.00,69.00,14.00,90.00,30.08,0.00,10.00,FEW
MDW,2022-05-11 22:53,87.00,69.00,9.00,70.00,30.08,0.00,10.00,FEW
MDW,2022-05-11 23:53,78.00,65.00,9.00,100.00,30.08,0.00,10.00,FEW
MDW,2022-05-12 00:53,78.00,65.00,4.00,M,30.08,0.00,10.00,FEW
MDW,2022-05-12 01:53,79.00,64.00,6.00,110.00,30.05,0.00,9.00,FEW
MDW,2022-05-12 02:53,81.00,66.00,4.00,140.00,30.06,0.00,9.00,SCT
MDW,2022-05-12 03:53,82.00,67.00,4.00,180.00,30.08,0.00,10.00,SCT
MDW,2022-05-12 04:53,83.00,67.00,8.00,170.00,30.09,0.00,9.00,FEW
MDW,2022-05-12 05:53,82.00,67.00,5.00,160.00,30.11,0.00,9.00,FEW
MDW,2022-05-12 06:53,80.00,67.00,8.00,140.00,30.10,0.00,9.00,BKN
MDW,2022-05-12 07:53,80.00,66.00,9.00,150.00,30.08,0.00,9.00,BKN
MDW,2022-05-12 08:53,79.00,66.00,9.00,170.00,30.07,0.00,9.00,SCT
MDW,2022-05-12 09:53,77.00,66.00,7.00,170.00,30.09,0.00,9.00,FEW
MDW,2022-05-12 10:53,76.00,66.00,6.00,170.00,30.09,0.00,9.00,SCT
MDW,2022-05-12 11:53,77.00,65.00,8.00,170.00,30.10,0.00,8.00,SCT
MDW,2022-05-12 12:53,80.00,65.00,11.00,170.00,30.10,0.00,9.00,SCT
MDW,2022-05-12 13:53,84.00,63.00,11.00,180.00,30.10,0.00,9.00,SCT
MDW,2022-05-12 14:53,86.00,62.00,11.00,170.00,30.09,0.00,10.00,FEW
MDW,2022-05-12 15:53,88.00,62.00,12.00,160.00,30.09,0.00,10.00,CLR
MDW,2022-05-12 16:53,91.00,62.00,13.00,170.00,30.09,0.00,10.00,CLR
MDW,2022-05-12 17:53,91.00,62.00,15.00,170.00,30.06,0.00,10.00,FEW
MDW,2022-05-12 18:53,92.00,60.00,12.00,170.00,30.04,0.00,10.00,FEW
MDW,2022-05-12 19:53,93.00,58.00,10.00,180.00,30.03,0.00,10.00,FEW
MDW,2022-05-12 20:53,94.00,57.00,10.00,190.00,30.01,0.00,10.00,FEW
MDW,2022-05-12 21:53,94.00,54.00,12.00,170.00,29.99,0.00,10.00,SCT
MDW,2022-05-12 22:53,93.00,50.00,13.00,150.00,29.98,0.00,10.00,BKN
MDW,2022-05-12 23:53,91.00,47.00,11.00,160.00,29.97,0.00,10.00,BKN
MDW,2022-05-13 00:53,88.00,42.00,9.00,150.00,29.98,0.00,10.00,BKN
MDW,2022-05-13 01:53,86.00,41.00,9.00,150.00,29.98,0.00,10.00,FEW
MDW,2022-05-13 02:53,84.00,43.00,9.00,140.00,29.99,0.00,10.00,FEW
MDW,2022-05-13 03:53,82.00,42.00,8.00,150.00,29.99,0.00,10.00,SCT
MDW,2022-05-13 04:53,80.00,43.00,10.00,150.00,29.99,0.00,10.00,SCT
MDW,2022-05-13 05:53,79.00,44.00,9.00,160.00,29.99,0.00,10.00,SCT
MDW,2022-05-13 06:53,76.00,46.00,6.00,160.00,29.99,0.00,10.00,FEW
MDW,2022-05-13 07:53,75.00,46.00,5.00,160.00,29.98,0.00,10.00,CLR
MDW,2022-05-13 08:53,73.00,47.00,5.00,170.00,29.99,0.00,10.00,CLR
MDW,2022-05-13 09:53,72.00,47.00,5.00,180.00,29.99,0.00,10.00,CLR
MDW,2022-05-13 10:53,72.00,48.00,6.00,180.00,29.98,0.00,10.00,FEW
MDW,2022-05-13 11:53,73.00,50.00,8.00,170.00,30.00,0.00,10.00,FEW
MDW,2022-05-13 12:53,76.00,52.00,7.00,200.00,30.01,0.00,10.00,FEW
MDW,2022-05-13 13:53,80.00,53.00,10.00,210.00,29.99,0.00,10.00,FEW
MDW,2022-05-13 14:53,83.00,53.00,8.00,200.00,30.00,0.00,10.00,FEW
MDW,2022-05-13 15:53,85.00,54.00,9.00,210.00,30.01,0.00,10.00,FEW
MDW,2022-05-13 16:53,87.00,53.00,8.00,170.00,30.00,0.00,10.00,FEW
MDW,2022-05-13 17:53,89.00,52.00,11.00,170.00,29.97,0.00,10.00,FEW
MDW,2022-05-13 18:53,91.00,51.00,9.00,160.00,29.94,0.00,10.00,FEW
MDW,2022-05-13 19:53,92.00,46.00,9.00,130.00,29.92,0.00,10.00,BKN
MDW,2022-05-13 20:53,93.00,43.00,8.00,160.00,29.89,0.00,10.00,BKN
MDW,2022-05-13 21:53,92.00,43.00,11.00,180.00,29.87,0.00,10.00,BKN
MDW,2022-05-13 22:53,92.00,47.00,9.00,160.00,29.86,0.00,10.00,BKN
MDW,2022-05-13 23:53,90.00,46.00,12.00,140.00,29.82,0.00,10.00,BKN
MDW,2022-05-14 00:53,88.00,48.00,7.00,160.00,29.86,0.00,10.00,FEW
MDW,2022-05-14 01:53,86.00,52.00,8.00,180.00,29.89,0.00,10.00,FEW
MDW,2022-05-14 02:53,85.00,53.00,7.00,160.00,29.90,0.00,10.00,FEW
MDW,2022-05-14 03:53,80.00,53.00,7.00,280.00,29.93,0.00,10.00,FEW
MDW,2022-05-14 04:53,78.00,55.00,7.00,280.00,29.93,0.00,10.00,SCT
MDW,2022-05-14 05:53,76.00,55.00,0.00,0.00,29.92,0.00,10.00,FEW
MDW,2022-05-14 06:53,74.00,56.00,0.00,0.00,29.90,0.00,10.00,FEW
MDW,2022-05-14 07:53,74.00,56.00,4.00,210.00,29.89,0.00,10.00,BKN
MDW,2022-05-14 08:53,70.00,57.00,4.00,280.00,29.90,0.00,10.00,BKN
MDW,2022-05-14 09:53,70.00,57.00,3.00,250.00,29.91,0.00,10.00,SCT
MDW,2022-05-14 10:53,70.00,57.00,4.00,300.00,29.91,0.00,10.00,SCT
MDW,2022-05-14 11:53,72.00,59.00,6.00,300.00,29.93,0.00,10.00,FEW
MDW,2022-05-14 12:53,77.00,59.00,6.00,10.00,29.93,0.00,10.00,FEW
MDW,2022-05-14 13:53,79.00,59.00,8.00,330.00,29.93,0.00,10.00,FEW
MDW,2022-05-14 14:53,78.00,60.00,5.00,330.00,29.94,T,10.00,FEW
MDW,2022-05-14 15:53,80.00,57.00,6.00,50.00,29.94,0.00,10.00,FEW
MDW,2022-05-14 16:53,81.00,57.00,9.00,100.00,29.94,0.00,10.00,FEW
MDW,2022-05-14 17:53,82.00,56.00,7.00,100.00,29.93,0.00,10.00,FEW
MDW,2022-05-14 18:53,82.00,55.00,4.00,M,29.92,0.00,10.00,FEW
MDW,2022-05-14 19:53,83.00,56.00,9.00,110.00,29.89,0.00,10.00,FEW
MDW,2022-05-14 20:53,84.00,56.00,5.00,110.00,29.87,0.00,10.00,FEW
MDW,2022-05-14 21:53,84.00,55.00,5.00,120.00,29.87,0.00,10.00,FEW
MDW,2022-05-14 22:53,84.00,54.00,5.00,80.00,29.87,0.00,10.00,FEW
MDW,2022-05-14 23:53,79.00,55.00,7.00,90.00,29.87,0.00,10.00,SCT
MDW,2022-05-15 00:53,76.00,55.00,4.00,100.00,29.88,0.00,10.00,SCT
MDW,2022-05-15 01:53,75.00,55.00,4.00,140.00,29.90,0.00,10.00,SCT
MDW,2022-05-15 02:53,74.00,54.00,0.00,0.00,29.92,0.00,10.00,FEW
MDW,2022-05-15 03:53,73.00,54.00,5.00,160.00,29.91,0.00,10.00,FEW
MDW,2022-05-15 04:53,73.00,53.00,6.00,190.00,29.91,0.00,10.00,FEW
MDW,2022-05-15 05:53,71.00,53.00,6.00,200.00,29.89,0.00,10.00,FEW
MDW,2022-05-15 06:53,69.00,54.00,6.00,210.00,29.88,0.00,10.00,FEW
MDW,2022-05-15 07:53,69.00,55.00,6.00,210.00,29.87,0.00,10.00,OVC
MDW,2022-05-15 08:53,69.00,56.00,5.00,210.00,29.87,0.00,10.00,SCT
MDW,2022-05-15 09:53,70.00,56.00,3.00,250.00,29.88,0.00,10.00,SCT
MDW,2022-05-15 10:53,70.00,57.00,4.00,260.00,29.90,0.00,10.00,FEW
MDW,2022-05-15 11:53,71.00,57.00,3.00,260.00,29.92,0.00,10.00,FEW
MDW,2022-05-15 12:53,73.00,55.00,6.00,290.00,29.93,0.00,10.00,BKN
MDW,2022-05-15 13:53,74.00,52.00,6.00,360.00,29.93,0.00,10.00,SCT
MDW,2022-05-15 14:53,75.00,49.00,4.00,M,29.91,0.00,10.00,SCT
MDW,2022-05-15 15:53,79.00,48.00,7.00,10.00,29.93,0.00,10.00,FEW
MDW,2022-05-15 16:53,76.00,46.00,10.00,90.00,29.92,0.00,10.00,FEW
MDW,2022-05-15 17:53,76.00,46.00,7.00,90.00,29.92,0.00,10.00,SCT
MDW,2022-05-15 18:53,73.00,47.00,8.00,10.00,29.91,T,10.00,FEW
MDW,2022-05-15 19:53,71.00,48.00,0.00,0.00,29.92,T,10.00,SCT
MDW,2022-05-15 20:53,72.00,50.00,7.00,260.00,29.89,T,10.00,BKN
MDW,2022-05-15 21:53,72.00,48.00,11.00,300.00,29.86,0.00,10.00,BKN
MDW,2022-05-15 22:53,69.00,49.00,8.00,310.00,29.87,0.00,10.00,FEW
MDW,2022-05-15 23:53,68.00,47.00,7.00,290.00,29.87,T,10.00,FEW
MDW,2022-05-16 00:53,66.00,49.00,6.00,260.00,29.89,0.01,10.00,FEW
MDW,2022-05-16 01:53,63.00,53.00,7.00,190.00,29.88,0.02,10.00,BKN
MDW,2022-05-16 02:53,62.00,53.00,5.00,220.00,29.89,T,10.00,BKN
MDW,2022-05-16 03:53,61.00,53.00,6.00,220.00,29.88,0.00,10.00,BKN
MDW,2022-05-16 04:53,60.00,52.00,8.00,220.00,29.88,0.00,10.00,BKN
MDW,2022-05-16 05:53,59.00,52.00,8.00,210.00,29.88,0.00,10.00,SCT
MDW,2022-05-16 06:53,58.00,51.00,9.00,260.00,29.86,0.00,10.00,SCT
MDW,2022-05-16 07:53,57.00,51.00,9.00,280.00,29.84,0.00,10.00,FEW
MDW,2022-05-16 08:53,58.00,50.00,11.00,280.00,29.84,0.00,10.00,FEW
MDW,2022-05-16 09:53,57.00,50.00,9.00,280.00,29.84,0.00,10.00,FEW
MDW,2022-05-16 10:53,57.00,49.00,8.00,280.00,29.85,0.00,10.00,FEW
MDW,2022-05-16 11:53,58.00,50.00,7.00,270.00,29.86,0.00,10.00,FEW
MDW,2022-05-16 12:53,64.00,49.00,7.00,290.00,29.86,0.00,10.00,FEW
MDW,2022-05-16 13:53,69.00,47.00,9.00,300.00,29.87,0.00,10.00,CLR
MDW,2022-05-16 14:53,73.00,46.00,8.00,320.00,29.87,0.00,10.00,CLR
MDW,2022-05-16 15:53,75.00,44.00,15.00,310.00,29.87,0.00,10.00,FEW
MDW,2022-05-16 16:53,77.00,43.00,16.00,280.00,29.87,0.00,10.00,SCT
MDW,2022-05-16 17:53,77.00,40.00,16.00,290.00,29.86,0.00,10.00,FEW
MDW,2022-05-16 18:53,78.00,37.00,17.00,290.00,29.85,0.00,10.00,SCT
MDW,2022-05-16 19:53,78.00,38.00,14.00,290.00,29.85,0.00,10.00,BKN
MDW,2022-05-16 20:53,78.00,40.00,17.00,300.00,29.83,0.00,10.00,SCT
MDW,2022-05-16 21:53,79.00,39.00,14.00,320.00,29.82,0.00,10.00,SCT
MDW,2022-05-16 22:53,79.00,40.00,11.00,290.00,29.82,0.00,10.00,SCT
MDW,2022-05-16 23:53,77.00,39.00,12.00,310.00,29.82,0.00,10.00,FEW
MDW,2022-05-17 00:53,75.00,38.00,6.00,300.00,29.84,0.00,10.00,FEW
MDW,2022-05-17 01:53,72.00,39.00,4.00,280.00,29.85,0.00,10.00,FEW
MDW,2022-05-17 02:53,70.00,39.00,6.00,270.00,29.87,0.00,10.00,FEW
MDW,2022-05-17 03:53,68.00,39.00,6.00,290.00,29.87,0.00,10.00,FEW
MDW,2022-05-17 04:53,68.00,39.00,8.00,360.00,29.89,0.00,10.00,CLR
MDW,2022-05-17 05:53,66.00,37.00,6.00,10.00,29.90,0.00,10.00,CLR
MDW,2022-05-17 06:53,65.00,37.00,7.00,360.00,29.91,0.00,10.00,CLR
MDW,2022-05-17 07:53,59.00,40.00,8.00,20.00,29.94,0.00,10.00,CLR
MDW,2022-05-17 08:53,57.00,41.00,10.00,30.00,29.96,0.00,10.00,CLR
MDW,2022-05-17 09:53,56.00,41.00,10.00,30.00,29.98,0.00,10.00,CLR
MDW,2022-05-17 10:53,55.00,40.00,8.00,60.00,30.00,0.00,10.00,FEW
MDW,2022-05-17 11:53,56.00,40.00,9.00,60.00,30.02,0.00,10.00,FEW
MDW,2022-05-17 12:53,58.00,37.00,7.00,60.00,30.04,0.00,10.00,FEW
MDW,2022-05-17 13:53,61.00,37.00,8.00,70.00,30.06,0.00,10.00,FEW
MDW,2022-05-17 14:53,62.00,35.00,9.00,60.00,30.08,0.00,10.00,FEW
MDW,2022-05-17 15:53,64.00,36.00,7.00,90.00,30.09,0.00,10.00,FEW
MDW,2022-05-17 16:53,65.00,35.00,6.00,60.00,30.08,0.00,10.00,FEW
MDW,2022-05-17 17:53,66.00,37.00,10.00,80.00,30.07,0.00,10.00,FEW
MDW,2022-05-17 18:53,67.00,37.00,9.00,70.00,30.07,0.00,10.00,FEW
MDW,2022-05-17 19:53,63.00,36.00,11.00,70.00,30.07,0.00,10.00,SCT
MDW,2022-05-17 20:53,62.00,37.00,13.00,90.00,30.06,0.00,10.00,BKN
MDW,2022-05-17 21:53,59.00,36.00,10.00,100.00,30.05,0.00,10.00,BKN
MDW,2022-05-17 22:53,57.00,39.00,8.00,100.00,30.03,T,10.00,FEW
MDW,2022-05-17 23:53,58.00,40.00,9.00,80.00,30.03,T,10.00,BKN
MDW,2022-05-18 00:53,59.00,38.00,8.00,100.00,30.02,0.00,10.00,BKN
MDW,2022-05-18 01:53,58.00,41.00,9.00,80.00,30.03,T,10.00,FEW
MDW,2022-05-18 02:53,58.00,41.00,10.00,70.00,30.03,T,10.00,SCT
MDW,2022-05-18 03:53,58.00,40.00,9.00,80.00,30.01,T,10.00,FEW
MDW,2022-05-18 04:53,58.00,41.00,6.00,70.00,30.01,0.00,10.00,OVC
MDW,2022-05-18 05:53,59.00,42.00,7.00,90.00,29.98,0.00,10.00,OVC
MDW,2022-05-18 06:53,60.00,43.00,8.00,90.00,29.96,T,10.00,BKN
MDW,2022-05-18 07:53,59.00,45.00,5.00,110.00,29.96,T,10.00,OVC
MDW,2022-05-18 08:53,58.00,46.00,7.00,120.00,29.93,0.00,10.00,BKN
MDW,2022-05-18 09:53,59.00,42.00,6.00,80.00,29.93,0.00,10.00,FEW
MDW,2022-05-18 10:53,60.00,41.00,9.00,90.00,29.92,0.00,10.00,BKN
MDW,2022-05-18 11:53,56.00,47.00,10.00,90.00,29.90,0.09,6.00,BKN
MDW,2022-05-18 12:53,56.00,48.00,10.00,70.00,29.88,0.01,10.00,FEW
MDW,2022-05-18 13:53,57.00,48.00,7.00,100.00,29.88,0.00,10.00,OVC
MDW,2022-05-18 14:53,56.00,51.00,7.00,40.00,29.87,0.19,4.00,BKN
MDW,2022-05-18 15:53,57.00,52.00,8.00,80.00,29.85,0.01,10.00,FEW
MDW,2022-05-18 16:53,59.00,54.00,4.00,60.00,29.82,0.05,9.00,BKN
MDW,2022-05-18 17:53,59.00,55.00,6.00,40.00,29.79,T,8.00,OVC
MDW,2022-05-18 18:53,59.00,54.00,4.00,40.00,29.77,T,6.00,OVC
MDW,2022-05-18 19:53,61.00,55.00,4.00,340.00,29.77,0.00,6.00,OVC
MDW,2022-05-18 20:53,63.00,56.00,5.00,360.00,29.74,0.00,6.00,OVC
MDW,2022-05-18 21:53,64.00,56.00,9.00,340.00,29.74,0.00,7.00,OVC
MDW,2022-05-18 22:53,64.00,55.00,5.00,340.00,29.74,0.00,7.00,FEW
MDW,2022-05-18 23:53,63.00,54.00,7.00,340.00,29.73,0.00,8.00,SCT
MDW,2022-05-19 00:53,61.00,53.00,6.00,340.00,29.74,0.00,6.00,OVC
MDW,2022-05-19 01:53,61.00,54.00,5.00,310.00,29.76,0.00,7.00,OVC
MDW,2022-05-19 02:53,61.00,54.00,4.00,290.00,29.77,0.00,7.00,OVC
MDW,2022-05-19 03:53,60.00,54.00,5.00,290.00,29.77,0.00,7.00,BKN
MDW,2022-05-19 04:53,60.00,53.00,4.00,230.00,29.75,0.00,7.00,CLR
MDW,2022-05-19 05:53,58.00,53.00,3.00,220.00,29.74,0.00,6.00,SCT
MDW,2022-05-19 06:53,57.00,53.00,0.00,0.00,29.73,0.00,5.00,SCT
MDW,2022-05-19 07:53,57.00,53.00,0.00,0.00,29.74,0.00,5.00,FEW
MDW,2022-05-19 08:53,58.00,54.00,5.00,50.00,29.75,0.00,3.00,BKN
MDW,2022-05-19 09:53,58.00,54.00,4.00,120.00,29.73,T,3.00,OVC
MDW,2022-05-19 10:53,59.00,54.00,6.00,170.00,29.72,0.00,2.50,FEW
MDW,2022-05-19 11:53,59.00,55.00,10.00,170.00,29.71,0.00,2.00,FEW
MDW,2022-05-19 12:53,63.00,57.00,7.00,190.00,29.70,0.00,3.00,BKN
MDW,2022-05-19 13:53,66.00,59.00,11.00,230.00,29.71,0.00,5.00,SCT
MDW,2022-05-19 14:53,70.00,60.00,6.00,210.00,29.69,0.00,8.00,FEW
MDW,2022-05-19 15:53,76.00,61.00,7.00,230.00,29.67,0.00,10.00,FEW
MDW,2022-05-19 16:53,78.00,62.00,8.00,190.00,29.66,0.00,10.00,FEW
MDW,2022-05-19 17:53,81.00,63.00,11.00,210.00,29.64,0.00,10.00,FEW
MDW,2022-05-19 18:53,84.00,57.00,10.00,200.00,29.61,0.00,10.00,FEW
MDW,2022-05-19 19:53,85.00,54.00,12.00,210.00,29.59,0.00,10.00,FEW
MDW,2022-05-19 20:53,87.00,54.00,13.00,200.00,29.56,0.00,10.00,FEW
MDW,2022-05-19 21:53,87.00,52.00,14.00,200.00,29.52,0.00,10.00,FEW
MDW,2022-05-19 22:53,87.00,51.00,12.00,180.00,29.49,0.00,10.00,FEW
MDW,2022-05-19 23:53,87.00,51.00,14.00,170.00,29.48,0.00,10.00,FEW
MDW,2022-05-20 00:53,84.00,58.00,16.00,180.00,29.48,0.00,10.00,FEW
MDW,2022-05-20 01:53,80.00,62.00,13.00,180.00,29.47,0.00,10.00,SCT
MDW,2022-05-20 02:53,78.00,56.00,13.00,190.00,29.48,0.00,10.00,SCT
MDW,2022-05-20 03:53,75.00,59.00,15.00,190.00,29.47,0.00,10.00,FEW
MDW,2022-05-20 04:53,73.00,59.00,13.00,190.00,29.43,0.00,10.00,OVC
MDW,2022-05-20 05:53,71.00,59.00,10.00,200.00,29.45,0.00,10.00,OVC
MDW,2022-05-20 06:53,70.00,60.00,10.00,190.00,29.46,0.00,10.00,OVC
MDW,2022-05-20 07:53,68.00,60.00,9.00,200.00,29.46,0.00,10.00,FEW
MDW,2022-05-20 08:53,67.00,61.00,10.00,210.00,29.46,0.00,10.00,FEW
MDW,2022-05-20 09:53,67.00,61.00,6.00,190.00,29.45,0.00,10.00,BKN
MDW,2022-05-20 10:53,67.00,62.00,10.00,190.00,29.44,0.00,9.00,FEW
MDW,2022-05-20 11:53,69.00,62.00,9.00,200.00,29.46,0.00,10.00,FEW
MDW,2022-05-20 12:53,73.00,64.00,10.00,200.00,29.45,0.00,10.00,FEW
MDW,2022-05-20 13:53,77.00,65.00,13.00,210.00,29.47,0.00,10.00,SCT
MDW,2022-05-20 14:53,80.00,65.00,17.00,200.00,29.45,0.00,10.00,SCT
MDW,2022-05-20 15:53,81.00,65.00,15.00,250.00,29.41,0.00,10.00,SCT
MDW,2022-05-20 16:53,81.00,66.00,23.00,210.00,29.45,0.00,10.00,FEW
MDW,2022-05-20 17:53,82.00,65.00,17.00,210.00,29.44,0.00,10.00,FEW
MDW,2022-05-20 18:53,83.00,65.00,16.00,210.00,29.46,0.00,10.00,BKN
MDW,2022-05-20 19:53,85.00,65.00,23.00,230.00,29.48,0.00,10.00,BKN
MDW,2022-05-20 20:53,88.00,66.00,18.00,230.00,29.48,0.00,10.00,FEW
MDW,2022-05-20 21:53,89.00,66.00,18.00,230.00,29.49,0.00,10.00,FEW
MDW,2022-05-20 22:53,88.00,66.00,16.00,230.00,29.51,0.00,10.00,FEW
MDW,2022-05-20 23:53,84.00,68.00,15.00,320.00,29.56,0.00,10.00,OVC
MDW,2022-05-21 00:53,70.00,60.00,10.00,50.00,29.62,0.00,10.00,BKN
MDW,2022-05-21 01:53,68.00,59.00,8.00,40.00,29.66,0.00,10.00,BKN
MDW,2022-05-21 02:53,68.00,58.00,7.00,50.00,29.68,0.00,10.00,SCT
MDW,2022-05-21 03:53,66.00,59.00,8.00,40.00,29.72,0.02,10.00,OVC
MDW,2022-05-21 04:53,64.00,58.00,11.00,360.00,29.75,0.05,9.00,SCT
MDW,2022-05-21 05:53,62.00,58.00,6.00,310.00,29.79,0.40,2.00,FEW
MDW,2022-05-21 06:53,62.00,56.00,0.00,0.00,29.79,0.07,10.00,BKN
MDW,2022-05-21 07:53,62.00,57.00,3.00,290.00,29.82,0.00,10.00,FEW
MDW,2022-05-21 08:53,62.00,57.00,4.00,300.00,29.85,0.00,10.00,FEW
MDW,2022-05-21 09:53,62.00,57.00,6.00,300.00,29.88,T,10.00,SCT
MDW,2022-05-21 10:53,60.00,53.00,3.00,140.00,29.89,0.04,10.00,FEW
MDW,2022-05-21 11:53,61.00,51.00,10.00,330.00,29.86,0.00,10.00,FEW
MDW,2022-05-21 12:53,61.00,50.00,0.00,0.00,29.92,0.00,10.00,FEW
MDW,2022-05-21 13:53,63.00,51.00,7.00,210.00,29.96,0.00,10.00,FEW
MDW,2022-05-21 14:53,63.00,50.00,8.00,200.00,30.00,0.00,10.00,FEW
MDW,2022-05-21 15:53,63.00,52.00,14.00,330.00,29.97,0.00,10.00,BKN
MDW,2022-05-21 16:53,62.00,53.00,11.00,340.00,29.99,0.01,10.00,FEW
MDW,2022-05-21 17:53,60.00,54.00,0.00,0.00,30.07,0.03,10.00,SCT
MDW,2022-05-21 18:53,58.00,52.00,7.00,300.00,30.06,0.05,10.00,SCT
MDW,2022-05-21 19:53,57.00,52.00,11.00,320.00,30.03,0.10,10.00,FEW
MDW,2022-05-21 20:53,59.00,52.00,6.00,360.00,30.00,0.00,10.00,FEW
MDW,2022-05-21 21:53,60.00,52.00,7.00,20.00,29.98,0.00,10.00,FEW
MDW,2022-05-21 22:53,61.00,49.00,4.00,310.00,30.02,0.00,10.00,FEW
MDW,2022-05-21 23:53,61.00,47.00,4.00,320.00,30.03,0.00,10.00,FEW
MDW,2022-05-22 00:53,61.00,49.00,0.00,0.00,30.04,0.00,10.00,FEW
MDW,2022-05-22 01:53,60.00,52.00,4.00,110.00,30.08,0.00,10.00,BKN
MDW,2022-05-22 02:53,58.00,51.00,0.00,0.00,30.09,0.00,10.00,FEW
MDW,2022-05-22 03:53,59.00,51.00,0.00,0.00,30.08,0.00,10.00,OVC
MDW,2022-05-22 04:53,59.00,51.00,0.00,0.00,30.08,0.00,10.00,OVC
MDW,2022-05-22 05:53,60.00,52.00,4.00,260.00,30.07,0.00,10.00,OVC
MDW,2022-05-22 06:53,59.00,51.00,5.00,280.00,30.08,0.00,10.00,BKN
MDW,2022-05-22 07:53,59.00,49.00,8.00,320.00,30.07,0.00,10.00,SCT
MDW,2022-05-22 08:53,57.00,42.00,10.00,320.00,30.11,0.00,10.00,FEW
MDW,2022-05-22 09:53,55.00,43.00,10.00,310.00,30.14,0.00,10.00,FEW
MDW,2022-05-22 10:53,53.00,42.00,7.00,300.00,30.17,0.00,10.00,FEW
MDW,2022-05-22 11:53,54.00,42.00,9.00,310.00,30.20,0.00,10.00,FEW
MDW,2022-05-22 12:53,56.00,39.00,11.00,330.00,30.23,0.00,10.00,FEW
MDW,2022-05-22 13:53,58.00,36.00,12.00,330.00,30.24,0.00,10.00,FEW
MDW,2022-05-22 14:53,60.00,33.00,9.00,350.00,30.25,0.00,10.00,FEW
MDW,2022-05-22 15:53,61.00,32.00,9.00,360.00,30.27,0.00,10.00,FEW
MDW,2022-05-22 16:53,62.00,34.00,10.00,290.00,30.28,0.00,10.00,SCT
MDW,2022-05-22 17:53,63.00,36.00,8.00,290.00,30.29,0.00,10.00,BKN
MDW,2022-05-22 18:53,63.00,36.00,9.00,330.00,30.29,0.00,10.00,BKN
MDW,2022-05-22 19:53,63.00,34.00,6.00,300.00,30.30,0.00,10.00,SCT
MDW,2022-05-22 20:53,65.00,34.00,13.00,330.00,30.30,0.00,10.00,FEW
MDW,2022-05-22 21:53,62.00,37.00,4.00,70.00,30.30,0.00,10.00,FEW
MDW,2022-05-22 22:53,60.00,36.00,8.00,90.00,30.31,0.00,10.00,FEW
MDW,2022-05-22 23:53,59.00,33.00,11.00,90.00,30.31,0.00,10.00,FEW
MDW,2022-05-23 00:53,58.00,32.00,9.00,90.00,30.31,0.00,10.00,FEW
MDW,2022-05-23 01:53,57.00,33.00,8.00,100.00,30.33,0.00,10.00,FEW
MDW,2022-05-23 02:53,56.00,35.00,8.00,100.00,30.35,0.00,10.00,BKN
MDW,2022-05-23 03:53,55.00,36.00,7.00,100.00,30.36,0.00,10.00,BKN
MDW,2022-05-23 04:53,55.00,39.00,5.00,90.00,30.37,0.00,10.00,BKN
MDW,2022-05-23 05:53,54.00,40.00,4.00,70.00,30.37,0.00,10.00,BKN
MDW,2022-05-23 06:53,53.00,40.00,3.00,60.00,30.36,0.00,10.00,BKN
MDW,2022-05-23 07:53,52.00,40.00,3.00,20.00,30.36,0.00,10.00,SCT
MDW,2022-05-23 08:53,52.00,39.00,4.00,30.00,30.35,0.00,10.00,SCT
MDW,2022-05-23 09:53,49.00,40.00,0.00,0.00,30.36,0.00,10.00,FEW
MDW,2022-05-23 10:53,50.00,41.00,4.00,350.00,30.36,0.00,10.00,SCT
MDW,2022-05-23 11:53,55.00,36.00,9.00,70.00,30.37,0.00,10.00,SCT
MDW,2022-05-23 12:53,57.00,37.00,12.00,60.00,30.36,0.00,10.00,FEW
MDW,2022-05-23 13:53,57.00,37.00,14.00,90.00,30.37,0.00,10.00,FEW
MDW,2022-05-23 14:53,58.00,38.00,12.00,90.00,30.37,0.00,10.00,FEW
MDW,2022-05-23 15:53,58.00,37.00,14.00,80.00,30.37,0.00,10.00,FEW
MDW,2022-05-23 16:53,60.00,38.00,12.00,60.00,30.35,0.00,10.00,FEW
MDW,2022-05-23 17:53,62.00,36.00,13.00,70.00,30.33,0.00,10.00,FEW
MDW,2022-05-23 18:53,62.00,34.00,13.00,90.00,30.31,0.00,10.00,FEW
MDW,2022-05-23 19:53,62.00,33.00,14.00,40.00,30.29,0.00,10.00,FEW
MDW,2022-05-23 20:53,62.00,30.90,17.00,30.00,30.28,0.00,10.00,FEW
MDW,2022-05-23 21:53,61.00,30.00,10.00,20.00,30.27,0.00,10.00,FEW
MDW,2022-05-23 22:53,59.00,30.00,9.00,20.00,30.28,0.00,10.00,FEW
MDW,2022-05-23 23:53,58.00,33.00,11.00,50.00,30.27,0.00,10.00,FEW
MDW,2022-05-24 00:53,56.00,32.00,11.00,30.00,30.27,0.00,10.00,SCT
MDW,2022-05-24 01:53,55.00,33.00,11.00,30.00,30.26,0.00,10.00,SCT
MDW,2022-05-24 02:53,53.00,34.00,6.00,50.00,30.26,0.00,10.00,SCT
MDW,2022-05-24 03:53,54.00,35.00,7.00,50.00,30.26,0.00,10.00,SCT
MDW,2022-05-24 04:53,53.00,36.00,7.00,60.00,30.25,0.00,10.00,BKN
MDW,2022-05-24 05:53,53.00,37.00,8.00,30.00,30.24,0.00,10.00,FEW
MDW,2022-05-24 06:53,52.00,37.00,7.00,20.00,30.22,0.00,10.00,SCT
MDW,2022-05-24 07:53,53.00,40.00,6.00,50.00,30.22,0.00,10.00,OVC
MDW,2022-05-24 08:53,52.00,43.00,5.00,60.00,30.22,0.00,10.00,SCT
MDW,2022-05-24 09:53,53.00,45.00,6.00,60.00,30.23,0.00,10.00,SCT
MDW,2022-05-24 10:53,54.00,46.00,4.00,60.00,30.24,0.00,10.00,BKN
MDW,2022-05-24 11:53,55.00,45.00,9.00,100.00,30.24,0.00,10.00,BKN
MDW,2022-05-24 12:53,57.00,44.00,9.00,100.00,30.24,0.00,10.00,BKN
MDW,2022-05-24 13:53,60.00,44.00,6.00,M,30.25,0.00,10.00,BKN
MDW,2022-05-24 14:53,62.00,45.00,9.00,80.00,30.23,0.00,10.00,SCT
MDW,2022-05-24 15:53,63.00,43.00,9.00,100.00,30.23,0.00,10.00,BKN
MDW,2022-05-24 16:53,64.00,43.00,11.00,90.00,30.22,0.00,10.00,SCT
MDW,2022-05-24 17:53,66.00,42.00,15.00,70.00,30.20,0.00,10.00,FEW
MDW,2022-05-24 18:53,66.00,41.00,11.00,50.00,30.20,0.00,10.00,FEW
MDW,2022-05-24 19:53,67.00,38.00,17.00,70.00,30.17,0.00,10.00,FEW
MDW,2022-05-24 20:53,67.00,38.00,16.00,60.00,30.16,0.00,10.00,FEW
MDW,2022-05-24 21:53,67.00,40.00,15.00,40.00,30.14,0.00,10.00,FEW
MDW,2022-05-24 22:53,65.00,39.00,12.00,30.00,30.13,0.00,10.00,FEW
MDW,2022-05-24 23:53,62.00,39.00,12.00,30.00,30.12,0.00,10.00,FEW
MDW,2022-05-25 00:53,59.00,40.00,12.00,30.00,30.13,0.00,10.00,SCT
MDW,2022-05-25 01:53,59.00,42.00,9.00,20.00,30.13,0.00,10.00,BKN
MDW,2022-05-25 02:53,57.00,42.00,9.00,30.00,30.13,0.00,10.00,FEW
MDW,2022-05-25 03:53,59.00,41.00,10.00,60.00,30.12,0.00,10.00,SCT
MDW,2022-05-25 04:53,60.00,41.00,12.00,70.00,30.09,0.00,10.00,SCT
MDW,2022-05-25 05:53,60.00,42.00,11.00,80.00,30.07,0.00,10.00,BKN
MDW,2022-05-25 06:53,60.00,44.00,9.00,80.00,30.04,0.00,10.00,FEW
MDW,2022-05-25 07:53,61.00,46.00,10.00,90.00,30.02,0.00,10.00,SCT
MDW,2022-05-25 08:53,60.00,47.00,9.00,90.00,30.00,0.00,10.00,FEW
MDW,2022-05-25 09:53,61.00,47.00,7.00,90.00,29.99,0.00,10.00,SCT
MDW,2022-05-25 10:53,61.00,49.00,10.00,100.00,29.98,T,10.00,BKN
MDW,2022-05-25 11:53,58.00,53.00,7.00,100.00,29.98,0.06,6.00,SCT
MDW,2022-05-25 12:53,60.00,55.00,6.00,100.00,29.96,T,5.00,OVC
MDW,2022-05-25 13:53,62.00,57.00,8.00,120.00,29.96,0.01,8.00,OVC
MDW,2022-05-25 14:53,65.00,60.00,8.00,140.00,29.94,0.00,7.00,OVC
MDW,2022-05-25 15:53,67.00,62.00,7.00,140.00,29.93,T,7.00,OVC
MDW,2022-05-25 16:53,70.00,64.00,6.00,160.00,29.91,0.00,8.00,OVC
MDW,2022-05-25 17:53,73.00,65.00,9.00,170.00,29.89,0.00,8.00,BKN
MDW,2022-05-25 18:53,78.00,65.00,13.00,160.00,29.86,0.00,10.00,SCT
MDW,2022-05-25 19:53,80.00,65.00,13.00,160.00,29.83,0.00,10.00,SCT
MDW,2022-05-25 20:53,82.00,65.00,15.00,170.00,29.79,0.00,10.00,SCT
MDW,2022-05-25 21:53,80.00,66.00,11.00,180.00,29.77,T,10.00,FEW
MDW,2022-05-25 22:53,83.00,63.00,14.00,180.00,29.77,T,10.00,FEW
MDW,2022-05-25 23:53,77.00,66.00,10.00,160.00,29.77,0.03,5.00,SCT
MDW,2022-05-26 00:53,75.00,64.00,12.00,170.00,29.76,0.06,10.00,FEW
MDW,2022-05-26 01:53,75.00,65.00,11.00,180.00,29.77,0.00,10.00,SCT
MDW,2022-05-26 02:53,75.00,65.00,10.00,170.00,29.78,0.00,10.00,BKN
MDW,2022-05-26 03:53,74.00,66.00,12.00,180.00,29.77,0.00,10.00,BKN
MDW,2022-05-26 04:53,73.00,66.00,12.00,180.00,29.77,0.00,10.00,SCT
MDW,2022-05-26 05:53,71.00,64.00,12.00,190.00,29.78,0.03,9.00,FEW
MDW,2022-05-26 06:53,70.00,64.00,9.00,190.00,29.78,T,10.00,SCT
MDW,2022-05-26 07:53,70.00,65.00,7.00,190.00,29.77,0.03,10.00,FEW
MDW,2022-05-26 08:53,70.00,66.00,7.00,190.00,29.77,0.01,10.00,FEW
MDW,2022-05-26 09:53,71.00,66.00,11.00,210.00,29.77,0.00,10.00,SCT
MDW,2022-05-26 10:53,71.00,65.00,10.00,200.00,29.79,0.00,10.00,FEW
MDW,2022-05-26 11:53,71.00,65.00,11.00,210.00,29.80,0.00,10.00,BKN
MDW,2022-05-26 12:53,71.00,64.00,12.00,200.00,29.80,0.00,10.00,BKN
MDW,2022-05-26 13:53,72.00,64.00,12.00,200.00,29.79,0.00,10.00,BKN
MDW,2022-05-26 14:53,74.00,64.00,9.00,210.00,29.79,0.00,10.00,BKN
MDW,2022-05-26 15:53,75.00,63.00,12.00,200.00,29.79,0.00,10.00,SCT
MDW,2022-05-26 16:53,75.00,64.00,9.00,200.00,29.78,0.00,10.00,SCT
MDW,2022-05-26 17:53,75.00,64.00,9.00,170.00,29.76,0.00,10.00,FEW
MDW,2022-05-26 18:53,74.00,63.00,9.00,160.00,29.76,0.00,10.00,FEW
MDW,2022-05-26 19:53,75.00,62.00,11.00,190.00,29.76,0.00,10.00,FEW
MDW,2022-05-26 20:53,78.00,60.00,10.00,180.00,29.74,0.00,10.00,FEW
MDW,2022-05-26 21:53,79.00,58.00,11.00,180.00,29.71,0.00,10.00,FEW
MDW,2022-05-26 22:53,79.00,57.00,8.00,190.00,29.70,0.00,10.00,FEW
MDW,2022-05-26 23:53,77.00,57.00,5.00,180.00,29.69,0.00,10.00,FEW
MDW,2022-05-27 00:53,76.00,58.00,4.00,150.00,29.70,0.00,10.00,FEW
MDW,2022-05-27 01:53,75.00,59.00,5.00,100.00,29.71,0.00,10.00,FEW
MDW,2022-05-27 02:53,71.00,58.00,10.00,110.00,29.73,0.00,10.00,SCT
MDW,2022-05-27 03:53,66.00,61.00,8.00,240.00,29.72,0.40,10.00,FEW
MDW,2022-05-27 04:53,66.00,62.00,5.00,330.00,29.70,0.00,10.00,FEW
MDW,2022-05-27 05:53,65.00,61.00,0.00,0.00,29.70,0.00,10.00,FEW
MDW,2022-05-27 06:53,65.00,61.00,6.00,320.00,29.69,0.00,10.00,SCT
MDW,2022-05-27 07:53,63.00,58.00,12.00,360.00,29.70,0.00,10.00,OVC
MDW,2022-05-27 08:53,60.00,56.00,8.00,360.00,29.71,0.01,8.00,BKN
MDW,2022-05-27 09:53,56.00,53.00,9.00,20.00,29.72,T,8.00,OVC
MDW,2022-05-27 10:53,56.00,52.00,13.00,10.00,29.73,T,9.00,OVC
MDW,2022-05-27 11:53,53.00,50.00,10.00,360.00,29.76,0.01,8.00,OVC
MDW,2022-05-27 12:53,54.00,50.00,11.00,10.00,29.76,0.01,5.00,OVC
MDW,2022-05-27 13:53,54.00,50.00,10.00,10.00,29.78,0.03,8.00,OVC
MDW,2022-05-27 14:53,55.00,51.00,9.00,10.00,29.78,0.02,9.00,BKN
MDW,2022-05-27 15:53,56.00,51.00,15.00,350.00,29.79,0.03,10.00,FEW
MDW,2022-05-27 16:53,57.00,51.00,16.00,360.00,29.81,T,10.00,BKN
MDW,2022-05-27 17:53,58.00,50.00,21.00,350.00,29.82,0.00,10.00,BKN
MDW,2022-05-27 18:53,60.00,50.00,16.00,340.00,29.83,0.00,10.00,SCT
MDW,2022-05-27 19:53,61.00,50.00,15.00,360.00,29.84,0.00,10.00,BKN
MDW,2022-05-27 20:53,60.00,49.00,14.00,360.00,29.86,0.00,10.00,FEW
MDW,2022-05-27 21:53,62.00,48.00,12.00,10.00,29.86,0.00,10.00,FEW
MDW,2022-05-27 22:53,64.00,50.00,9.00,10.00,29.86,0.00,10.00,FEW
MDW,2022-05-27 23:53,62.00,50.00,8.00,10.00,29.87,0.00,10.00,FEW
MDW,2022-05-28 00:53,61.00,50.00,5.00,320.00,29.88,0.00,10.00,FEW
MDW,2022-05-28 01:53,59.00,50.00,4.00,320.00,29.90,0.00,10.00,FEW
MDW,2022-05-28 02:53,57.00,50.00,3.00,290.00,29.91,0.00,10.00,CLR
MDW,2022-05-28 03:53,56.00,49.00,5.00,30.00,29.91,0.00,10.00,CLR
MDW,2022-05-28 04:53,56.00,48.00,3.00,360.00,29.92,0.00,10.00,CLR
MDW,2022-05-28 05:53,52.00,47.00,3.00,280.00,29.92,0.00,10.00,CLR
MDW,2022-05-28 06:53,53.00,48.00,3.00,310.00,29.91,0.00,10.00,FEW
MDW,2022-05-28 07:53,52.00,47.00,0.00,0.00,29.93,0.00,10.00,SCT
MDW,2022-05-28 08:53,53.00,47.00,0.00,0.00,29.93,0.00,10.00,CLR
MDW,2022-05-28 09:53,52.00,47.00,0.00,0.00,29.93,0.00,10.00,FEW
MDW,2022-05-28 10:53,52.00,48.00,0.00,0.00,29.94,0.00,10.00,FEW
MDW,2022-05-28 11:53,56.00,51.00,0.00,0.00,29.96,0.00,10.00,SCT
MDW,2022-05-28 12:53,61.00,52.00,3.00,200.00,29.96,0.00,10.00,BKN
MDW,2022-05-28 13:53,65.00,52.00,4.00,230.00,29.95,0.00,10.00,BKN
MDW,2022-05-28 14:53,68.00,50.00,3.00,M,29.93,0.00,10.00,BKN
MDW,2022-05-28 15:53,71.00,51.00,6.00,190.00,29.95,0.00,10.00,FEW
MDW,2022-05-28 16:53,72.00,52.00,6.00,180.00,29.94,0.00,10.00,FEW
MDW,2022-05-28 17:53,74.00,50.00,7.00,180.00,29.94,0.00,10.00,SCT
MDW,2022-05-28 18:53,74.00,51.00,7.00,190.00,29.92,0.00,10.00,FEW
MDW,2022-05-28 19:53,75.00,51.00,9.00,170.00,29.90,0.00,10.00,FEW
MDW,2022-05-28 20:53,76.00,50.00,12.00,160.00,29.86,0.00,10.00,FEW
MDW,2022-05-28 21:53,76.00,50.00,12.00,200.00,29.85,0.00,10.00,FEW
MDW,2022-05-28 22:53,76.00,50.00,11.00,160.00,29.80,0.00,10.00,FEW
MDW,2022-05-28 23:53,75.00,52.00,9.00,170.00,29.82,0.00,10.00,FEW
MDW,2022-05-29 00:53,74.00,53.00,9.00,170.00,29.82,0.00,10.00,FEW
MDW,2022-05-29 01:53,72.00,53.00,7.00,160.00,29.82,0.00,10.00,FEW
MDW,2022-05-29 02:53,71.00,54.00,10.00,170.00,29.84,0.00,10.00,FEW
MDW,2022-05-29 03:53,70.00,55.00,8.00,170.00,29.84,0.00,10.00,FEW
MDW,2022-05-29 04:53,68.00,56.00,7.00,180.00,29.84,0.00,10.00,SCT
MDW,2022-05-29 05:53,67.00,56.00,7.00,180.00,29.85,0.00,10.00,FEW
MDW,2022-05-29 06:53,67.00,56.00,8.00,180.00,29.84,0.00,10.00,FEW
MDW,2022-05-29 07:53,66.00,56.00,9.00,190.00,29.83,0.00,10.00,FEW
MDW,2022-05-29 08:53,66.00,56.00,8.00,190.00,29.83,0.00,10.00,FEW
MDW,2022-05-29 09:53,65.00,56.00,9.00,190.00,29.83,0.00,10.00,FEW
MDW,2022-05-29 10:53,65.00,56.00,11.00,180.00,29.83,0.00,10.00,FEW
MDW,2022-05-29 11:53,67.00,57.00,11.00,190.00,29.84,0.00,10.00,FEW
MDW,2022-05-29 12:53,69.00,57.00,14.00,190.00,29.85,0.00,10.00,FEW
MDW,2022-05-29 13:53,72.00,58.00,11.00,190.00,29.85,0.00,10.00,FEW
MDW,2022-05-29 14:53,75.00,59.00,15.00,200.00,29.84,0.00,10.00,FEW
MDW,2022-05-29 15:53,78.00,59.00,15.00,200.00,29.82,0.00,10.00,BKN
MDW,2022-05-29 16:53,80.00,58.00,15.00,200.00,29.81,0.00,10.00,BKN
MDW,2022-05-29 17:53,84.00,59.00,15.00,180.00,29.81,0.00,10.00,FEW
MDW,2022-05-29 18:53,85.00,59.00,14.00,180.00,29.82,0.00,10.00,FEW
MDW,2022-05-29 19:53,85.00,57.00,14.00,190.00,29.81,0.00,10.00,FEW
MDW,2022-05-29 20:53,87.00,58.00,13.00,180.00,29.80,0.00,10.00,FEW
MDW,2022-05-29 21:53,86.00,57.00,13.00,170.00,29.78,0.00,10.00,FEW
MDW,2022-05-29 22:53,86.00,57.00,14.00,170.00,29.76,0.00,10.00,FEW
MDW,2022-05-29 23:53,84.00,57.00,16.00,170.00,29.75,0.00,10.00,FEW
MDW,2022-05-30 00:53,82.00,57.00,18.00,170.00,29.75,0.00,10.00,FEW
MDW,2022-05-30 01:53,80.00,59.00,16.00,170.00,29.77,0.00,10.00,FEW
MDW,2022-05-30 02:53,79.00,59.00,12.00,190.00,29.81,0.00,10.00,BKN
MDW,2022-05-30 03:53,77.00,59.00,12.00,180.00,29.82,0.00,10.00,BKN
MDW,2022-05-30 04:53,76.00,60.00,11.00,190.00,29.83,0.00,10.00,BKN
MDW,2022-05-30 05:53,76.00,59.00,13.00,190.00,29.83,0.00,10.00,SCT
MDW,2022-05-30 06:53,75.00,59.00,12.00,190.00,29.82,0.00,10.00,SCT
MDW,2022-05-30 07:53,74.00,59.00,14.00,200.00,29.83,0.00,10.00,BKN
MDW,2022-05-30 08:53,74.00,59.00,15.00,190.00,29.83,0.00,10.00,BKN
MDW,2022-05-30 09:53,73.00,59.00,11.00,190.00,29.84,0.00,10.00,FEW
MDW,2022-05-30 10:53,73.00,59.00,11.00,190.00,29.85,0.00,10.00,FEW
MDW,2022-05-30 11:53,74.00,59.00,15.00,200.00,29.86,0.00,10.00,FEW
MDW,2022-05-30 12:53,75.00,59.00,15.00,200.00,29.87,0.00,10.00,FEW
MDW,2022-05-30 13:53,78.00,60.00,16.00,210.00,29.86,0.00,10.00,FEW
MDW,2022-05-30 14:53,81.00,60.00,16.00,200.00,29.84,0.00,10.00,FEW
MDW,2022-05-30 15:53,85.00,60.00,20.00,200.00,29.85,0.00,10.00,FEW
MDW,2022-05-30 16:53,86.00,59.00,18.00,210.00,29.86,0.00,10.00,FEW
MDW,2022-05-30 17:53,89.00,59.00,17.00,220.00,29.85,0.00,10.00,FEW
MDW,2022-05-30 18:53,90.00,58.00,16.00,200.00,29.83,0.00,10.00,FEW
MDW,2022-05-30 19:53,91.00,56.00,18.00,180.00,29.82,0.00,10.00,FEW
MDW,2022-05-30 20:53,91.00,56.00,17.00,200.00,29.81,0.00,10.00,FEW
MDW,2022-05-30 21:53,91.00,57.00,16.00,180.00,29.80,0.00,10.00,BKN
MDW,2022-05-30 22:53,91.00,58.00,17.00,170.00,29.79,0.00,10.00,BKN
MDW,2022-05-30 23:53,89.00,57.00,16.00,190.00,29.79,0.00,10.00,BKN
MDW,2022-05-31 00:53,87.00,56.00,14.00,180.00,29.79,0.00,10.00,BKN
MDW,2022-05-31 01:53,85.00,59.00,14.00,180.00,29.80,0.00,10.00,SCT
MDW,2022-05-31 02:53,84.00,60.00,12.00,190.00,29.83,0.00,10.00,FEW
MDW,2022-05-31 03:53,82.00,61.00,14.00,200.00,29.86,0.00,10.00,FEW
MDW,2022-05-31 04:53,80.00,61.00,11.00,190.00,29.86,0.00,10.00,SCT
MDW,2022-05-31 05:53,80.00,62.00,14.00,190.00,29.86,0.00,10.00,SCT
MDW,2022-05-31 06:53,79.00,62.00,14.00,200.00,29.84,0.00,10.00,BKN
MDW,2022-05-31 07:53,78.00,62.00,14.00,210.00,29.86,0.00,10.00,BKN
MDW,2022-05-31 08:53,77.00,62.00,12.00,210.00,29.87,0.00,10.00,BKN
MDW,2022-05-31 09:53,76.00,62.00,9.00,200.00,29.88,0.00,10.00,FEW
MDW,2022-05-31 10:53,76.00,62.00,13.00,200.00,29.90,0.00,10.00,FEW
MDW,2022-05-31 11:53,77.00,62.00,11.00,200.00,29.92,0.00,10.00,SCT
MDW,2022-05-31 12:53,78.00,63.00,12.00,210.00,29.91,0.00,10.00,SCT
MDW,2022-05-31 13:53,81.00,64.00,14.00,220.00,29.90,0.00,10.00,SCT
MDW,2022-05-31 14:53,84.00,64.00,15.00,230.00,29.89,0.00,10.00,FEW
MDW,2022-05-31 15:53,87.00,65.00,15.00,220.00,29.89,0.00,10.00,FEW
MDW,2022-05-31 16:53,86.00,65.00,15.00,230.00,29.91,0.00,10.00,BKN
MDW,2022-05-31 17:53,87.00,65.00,16.00,230.00,29.92,0.00,10.00,FEW
MDW,2022-05-31 18:53,87.00,66.00,14.00,230.00,29.91,0.00,10.00,FEW
MDW,2022-05-31 19:53,88.00,66.00,13.00,230.00,29.88,0.00,10.00,FEW
MDW,2022-05-31 20:53,88.00,66.00,17.00,210.00,29.87,0.00,10.00,FEW
MDW,2022-05-31 21:53,89.00,67.00,15.00,230.00,29.85,0.00,10.00,FEW
MDW,2022-05-31 22:53,88.00,67.00,10.00,230.00,29.85,0.00,10.00,FEW
MDW,2022-05-31 23:53,86.00,67.00,8.00,230.00,29.87,0.00,10.00,FEW
MDW,2022-06-01 00:53,86.00,66.00,9.00,230.00,29.87,0.00,10.00,SCT
MDW,2022-06-01 01:53,84.00,67.00,13.00,270.00,29.89,0.00,10.00,FEW
MDW,2022-06-01 02:53,82.00,67.00,8.00,240.00,29.90,0.00,10.00,BKN
MDW,2022-06-01 03:53,81.00,67.00,6.00,230.00,29.90,0.00,10.00,SCT
MDW,2022-06-01 04:53,81.00,67.00,6.00,220.00,29.90,0.00,10.00,SCT
MDW,2022-06-01 05:53,80.00,67.00,10.00,270.00,29.91,0.00,10.00,SCT
MDW,2022-06-01 06:53,74.00,68.00,12.00,250.00,29.92,0.13,4.00,SCT
MDW,2022-06-01 07:53,73.00,68.00,0.00,0.00,29.89,0.05,10.00,FEW
MDW,2022-06-01 08:53,72.00,67.00,0.00,0.00,29.89,0.00,10.00,BKN
MDW,2022-06-01 09:53,73.00,69.00,3.00,250.00,29.91,0.00,10.00,SCT
MDW,2022-06-01 10:53,73.00,69.00,4.00,280.00,29.93,0.00,10.00,FEW
MDW,2022-06-01 11:53,73.00,69.00,5.00,310.00,29.96,0.00,8.00,FEW
MDW,2022-06-01 12:53,71.00,62.00,9.00,340.00,29.97,0.00,10.00,SCT
MDW,2022-06-01 13:53,70.00,55.00,10.00,360.00,29.97,0.00,10.00,BKN
MDW,2022-06-01 14:53,72.00,56.00,10.00,20.00,29.96,0.00,10.00,SCT
MDW,2022-06-01 15:53,72.00,57.00,7.00,50.00,29.97,0.00,10.00,FEW
MDW,2022-06-01 16:53,71.00,55.00,8.00,40.00,29.98,0.00,10.00,FEW
MDW,2022-06-01 17:53,69.00,53.00,9.00,100.00,29.98,0.00,10.00,FEW
MDW,2022-06-01 18:53,67.00,53.00,10.00,100.00,29.97,0.00,10.00,SCT
MDW,2022-06-01 19:53,69.00,54.00,7.00,90.00,29.97,0.00,10.00,FEW
MDW,2022-06-01 20:53,70.00,54.00,7.00,80.00,29.95,0.00,10.00,FEW
MDW,2022-06-01 21:53,70.00,52.00,9.00,70.00,29.95,0.00,10.00,FEW
MDW,2022-06-01 22:53,67.00,50.00,10.00,80.00,29.94,0.00,10.00,FEW
MDW,2022-06-01 23:53,64.00,49.00,8.00,60.00,29.93,0.00,10.00,FEW
MDW,2022-06-02 00:53,63.00,49.00,6.00,90.00,29.94,0.00,10.00,FEW
MDW,2022-06-02 01:53,63.00,50.00,3.00,110.00,29.94,0.00,10.00,FEW
MDW,2022-06-02 02:53,63.00,50.00,4.00,180.00,29.95,0.00,10.00,FEW
MDW,2022-06-02 03:53,62.00,50.00,0.00,0.00,29.94,0.00,10.00,FEW
MDW,2022-06-02 04:53,61.00,50.00,0.00,0.00,29.93,0.00,10.00,SCT
MDW,2022-06-02 05:53,63.00,51.00,0.00,0.00,29.94,0.00,10.00,BKN
MDW,2022-06-02 06:53,62.00,52.00,3.00,70.00,29.91,0.01,9.00,OVC
MDW,2022-06-02 07:53,62.00,53.00,0.00,0.00,29.91,0.01,10.00,OVC
MDW,2022-06-02 08:53,62.00,53.00,0.00,0.00,29.91,T,10.00,OVC
MDW,2022-06-02 09:53,61.00,54.00,0.00,0.00,29.92,T,10.00,FEW
MDW,2022-06-02 10:53,61.00,55.00,5.00,200.00,29.93,0.00,10.00,FEW
MDW,2022-06-02 11:53,63.00,54.00,0.00,0.00,29.93,0.00,10.00,FEW
MDW,2022-06-02 12:53,66.00,55.00,7.00,240.00,29.93,0.00,10.00,CLR
MDW,2022-06-02 13:53,69.00,54.00,8.00,300.00,29.93,0.00,10.00,FEW
MDW,2022-06-02 14:53,72.00,50.00,4.00,M,29.91,0.00,10.00,FEW
MDW,2022-06-02 15:53,74.00,47.00,7.00,20.00,29.93,0.00,10.00,FEW
MDW,2022-06-02 16:53,74.00,45.00,10.00,300.00,29.92,0.00,10.00,FEW
MDW,2022-06-02 17:53,76.00,45.00,5.00,320.00,29.90,0.00,10.00,FEW
MDW,2022-06-02 18:53,77.00,46.00,8.00,320.00,29.90,0.00,10.00,SCT
MDW,2022-06-02 19:53,77.00,44.00,5.00,M,29.88,0.00,10.00,SCT
MDW,2022-06-02 20:53,79.00,43.00,13.00,290.00,29.88,0.00,10.00,SCT
MDW,2022-06-02 21:53,78.00,41.00,10.00,280.00,29.87,0.00,10.00,SCT
MDW,2022-06-02 22:53,77.00,39.00,10.00,310.00,29.87,0.00,10.00,FEW
MDW,2022-06-02 23:53,75.00,43.00,3.00,60.00,29.88,0.00,10.00,FEW
MDW,2022-06-03 00:53,73.00,44.00,8.00,110.00,29.89,0.00,10.00,FEW
MDW,2022-06-03 01:53,70.00,44.00,5.00,130.00,29.90,0.00,10.00,FEW
MDW,2022-06-03 02:53,69.00,45.00,7.00,140.00,29.91,0.00,10.00,CLR
MDW,2022-06-03 03:53,69.00,45.00,5.00,180.00,29.92,0.00,10.00,CLR
MDW,2022-06-03 04:53,67.00,46.00,7.00,180.00,29.91,0.00,10.00,CLR
MDW,2022-06-03 05:53,65.00,45.00,6.00,200.00,29.90,0.00,10.00,CLR
MDW,2022-06-03 06:53,63.00,45.00,7.00,230.00,29.90,0.00,10.00,CLR
MDW,2022-06-03 07:53,63.00,42.00,5.00,210.00,29.89,0.00,10.00,FEW
MDW,2022-06-03 08:53,64.00,42.00,6.00,220.00,29.89,0.00,10.00,FEW
MDW,2022-06-03 09:53,65.00,42.00,8.00,220.00,29.89,0.00,10.00,FEW
MDW,2022-06-03 10:53,64.00,43.00,9.00,240.00,29.91,0.00,10.00,FEW
MDW,2022-06-03 11:53,64.00,45.00,8.00,250.00,29.92,0.00,10.00,SCT
MDW,2022-06-03 12:53,67.00,45.00,10.00,270.00,29.94,0.00,10.00,FEW
MDW,2022-06-03 13:53,70.00,47.00,7.00,250.00,29.93,0.00,10.00,FEW
MDW,2022-06-03 14:53,75.00,45.00,7.00,270.00,29.94,0.00,10.00,FEW
MDW,2022-06-03 15:53,79.00,40.00,15.00,290.00,29.93,0.00,10.00,CLR
MDW,2022-06-03 16:53,80.00,40.00,10.00,310.00,29.93,0.00,10.00,FEW
MDW,2022-06-03 17:53,82.00,37.00,15.00,290.00,29.93,0.00,10.00,FEW
MDW,2022-06-03 18:53,83.00,34.00,16.00,300.00,29.91,0.00,10.00,FEW
MDW,2022-06-03 19:53,83.00,34.00,16.00,290.00,29.91,0.00,10.00,FEW
MDW,2022-06-03 20:53,82.00,33.00,14.00,290.00,29.90,0.00,10.00,FEW
MDW,2022-06-03 21:53,83.00,33.00,12.00,280.00,29.91,0.00,10.00,FEW
MDW,2022-06-03 22:53,81.00,33.00,14.00,310.00,29.91,0.00,10.00,FEW
MDW,2022-06-03 23:53,80.00,33.00,9.00,300.00,29.91,0.00,10.00,FEW
MDW,2022-06-04 00:53,77.00,30.90,6.00,300.00,29.92,0.00,10.00,CLR
MDW,2022-06-04 01:53,73.00,30.90,6.00,310.00,29.93,0.00,10.00,CLR
MDW,2022-06-04 02:53,70.00,40.00,5.00,120.00,29.95,0.00,10.00,CLR
MDW,2022-06-04 03:53,69.00,39.00,0.00,0.00,29.96,0.00,10.00,CLR
MDW,2022-06-04 04:53,67.00,40.00,0.00,0.00,29.96,0.00,10.00,CLR
MDW,2022-06-04 05:53,64.00,41.00,0.00,0.00,29.96,0.00,10.00,CLR
MDW,2022-06-04 06:53,62.00,43.00,0.00,0.00,29.96,0.00,10.00,CLR
MDW,2022-06-04 07:53,61.00,44.00,0.00,0.00,29.97,0.00,10.00,FEW
MDW,2022-06-04 08:53,61.00,46.00,4.00,90.00,29.99,0.00,10.00,FEW
MDW,2022-06-04 09:53,61.00,46.00,3.00,100.00,29.99,0.00,10.00,SCT
MDW,2022-06-04 10:53,62.00,47.00,5.00,130.00,30.00,0.00,10.00,BKN
MDW,2022-06-04 11:53,64.00,46.00,3.00,110.00,30.00,0.00,10.00,BKN
MDW,2022-06-04 12:53,67.00,46.00,0.00,0.00,30.02,0.00,10.00,BKN
MDW,2022-06-04 13:53,69.00,42.00,5.00,110.00,30.02,0.00,10.00,FEW
MDW,2022-06-04 14:53,70.00,41.00,5.00,110.00,30.01,0.00,10.00,BKN
MDW,2022-06-04 15:53,70.00,44.00,7.00,70.00,30.01,0.00,10.00,SCT
MDW,2022-06-04 16:53,71.00,45.00,7.00,50.00,30.02,0.00,10.00,BKN
MDW,2022-06-04 17:53,66.00,43.00,10.00,40.00,30.03,0.00,10.00,FEW
MDW,2022-06-04 18:53,67.00,43.00,8.00,50.00,30.01,0.00,10.00,FEW
MDW,2022-06-04 19:53,67.00,40.00,7.00,50.00,30.00,0.00,10.00,FEW
MDW,2022-06-04 20:53,68.00,40.00,7.00,100.00,29.98,0.00,10.00,BKN
MDW,2022-06-04 21:53,69.00,38.00,9.00,120.00,29.96,0.00,10.00,BKN
MDW,2022-06-04 22:53,69.00,37.00,7.00,110.00,29.93,0.00,10.00,FEW
MDW,2022-06-04 23:53,66.00,41.00,7.00,50.00,29.95,0.00,10.00,SCT
MDW,2022-06-05 00:53,66.00,38.00,9.00,60.00,29.94,0.00,10.00,SCT
MDW,2022-06-05 01:53,65.00,40.00,9.00,20.00,29.95,0.00,10.00,FEW
MDW,2022-06-05 02:53,65.00,43.00,7.00,30.00,29.95,0.00,10.00,OVC
MDW,2022-06-05 03:53,64.00,44.00,5.00,40.00,29.95,0.00,10.00,FEW
MDW,2022-06-05 04:53,65.00,42.00,8.00,50.00,29.94,0.00,10.00,SCT
MDW,2022-06-05 05:53,64.00,45.00,5.00,80.00,29.93,0.00,10.00,SCT
MDW,2022-06-05 06:53,63.00,47.00,7.00,120.00,29.93,0.00,10.00,FEW
MDW,2022-06-05 07:53,64.00,47.00,6.00,90.00,29.91,0.00,10.00,FEW
MDW,2022-06-05 08:53,64.00,47.00,7.00,120.00,29.88,0.00,10.00,FEW
MDW,2022-06-05 09:53,65.00,45.00,7.00,120.00,29.89,0.00,10.00,OVC
MDW,2022-06-05 10:53,66.00,45.00,7.00,20.00,29.91,T,10.00,BKN
MDW,2022-06-05 11:53,66.00,46.00,6.00,100.00,29.89,T,10.00,FEW
MDW,2022-06-05 12:53,67.00,45.00,6.00,80.00,29.89,0.00,10.00,FEW
MDW,2022-06-05 13:53,69.00,46.00,7.00,120.00,29.88,0.00,10.00,FEW
MDW,2022-06-05 14:53,71.00,47.00,6.00,110.00,29.87,0.00,10.00,FEW
MDW,2022-06-05 15:53,74.00,48.00,3.00,80.00,29.86,0.00,10.00,FEW
MDW,2022-06-05 16:53,77.00,48.00,3.00,190.00,29.85,0.00,10.00,FEW
MDW,2022-06-05 17:53,77.00,52.00,9.00,60.00,29.84,0.00,10.00,FEW
MDW,2022-06-05 18:53,79.00,52.00,10.00,60.00,29.83,0.00,10.00,FEW
MDW,2022-06-05 19:53,80.00,52.00,9.00,50.00,29.81,0.00,10.00,FEW
MDW,2022-06-05 20:53,77.00,50.00,10.00,80.00,29.80,0.00,10.00,BKN
MDW,2022-06-05 21:53,74.00,50.00,8.00,90.00,29.80,0.00,10.00,SCT
MDW,2022-06-05 22:53,70.00,50.00,8.00,60.00,29.78,0.00,10.00,FEW
MDW,2022-06-05 23:53,72.00,50.00,8.00,80.00,29.78,0.00,10.00,FEW
MDW,2022-06-06 00:53,72.00,51.00,5.00,70.00,29.77,0.00,10.00,FEW
MDW,2022-06-06 01:53,72.00,53.00,4.00,110.00,29.77,0.00,10.00,BKN
MDW,2022-06-06 02:53,72.00,55.00,3.00,100.00,29.76,0.00,10.00,BKN
MDW,2022-06-06 03:53,70.00,55.00,3.00,110.00,29.76,0.00,10.00,FEW
MDW,2022-06-06 04:53,70.00,55.00,0.00,0.00,29.75,0.00,10.00,FEW
MDW,2022-06-06 05:53,73.00,51.00,4.00,180.00,29.75,0.00,10.00,FEW
MDW,2022-06-06 06:53,73.00,51.00,5.00,190.00,29.74,0.00,10.00,FEW
MDW,2022-06-06 07:53,73.00,51.00,6.00,190.00,29.73,0.00,10.00,FEW
MDW,2022-06-06 08:53,72.00,51.00,5.00,180.00,29.71,0.00,10.00,FEW
MDW,2022-06-06 09:53,72.00,51.00,6.00,190.00,29.70,0.00,10.00,FEW
MDW,2022-06-06 10:53,72.00,51.00,7.00,190.00,29.71,0.00,10.00,FEW
MDW,2022-06-06 11:53,72.00,52.00,6.00,250.00,29.72,0.00,10.00,SCT
MDW,2022-06-06 12:53,71.00,53.00,4.00,250.00,29.74,0.00,10.00,BKN
MDW,2022-06-06 13:53,68.00,60.00,5.00,250.00,29.75,0.03,5.00,FEW
MDW,2022-06-06 14:53,68.00,60.00,0.00,0.00,29.74,0.05,9.00,FEW
MDW,2022-06-06 15:53,67.00,61.00,7.00,180.00,29.74,0.05,7.00,BKN
MDW,2022-06-06 16:53,67.00,62.00,8.00,210.00,29.73,0.04,7.00,FEW
MDW,2022-06-06 17:53,68.00,62.00,9.00,210.00,29.72,0.02,9.00,SCT
MDW,2022-06-06 18:53,68.00,63.00,7.00,190.00,29.71,0.05,7.00,FEW
MDW,2022-06-06 19:53,73.00,64.00,4.00,240.00,29.69,T,10.00,FEW
MDW,2022-06-06 20:53,75.00,62.00,7.00,200.00,29.68,0.00,10.00,FEW
MDW,2022-06-06 21:53,75.00,63.00,4.00,240.00,29.66,0.00,10.00,FEW
MDW,2022-06-06 22:53,75.00,63.00,3.00,290.00,29.66,0.00,10.00,FEW
MDW,2022-06-06 23:53,75.00,64.00,7.00,340.00,29.67,0.00,10.00,SCT
MDW,2022-06-07 00:53,75.00,62.00,3.00,10.00,29.68,T,10.00,BKN
MDW,2022-06-07 01:53,66.00,61.00,11.00,30.00,29.72,0.06,5.00,BKN
MDW,2022-06-07 02:53,62.00,58.00,10.00,30.00,29.73,0.05,8.00,SCT
MDW,2022-06-07 03:53,62.00,57.00,10.00,360.00,29.75,T,9.00,SCT
MDW,2022-06-07 04:53,60.00,56.00,8.00,20.00,29.75,0.10,10.00,SCT
MDW,2022-06-07 05:53,60.00,55.00,9.00,10.00,29.76,0.00,10.00,BKN
MDW,2022-06-07 06:53,60.00,55.00,8.00,10.00,29.76,T,10.00,BKN
MDW,2022-06-07 07:53,59.00,54.00,7.00,30.00,29.76,T,10.00,OVC
MDW,2022-06-07 08:53,58.00,54.00,9.00,10.00,29.77,T,10.00,BKN
MDW,2022-06-07 09:53,59.00,54.00,8.00,350.00,29.79,T,10.00,OVC
MDW,2022-06-07 10:53,59.00,54.00,6.00,350.00,29.82,0.00,10.00,BKN
MDW,2022-06-07 11:53,59.00,53.00,12.00,30.00,29.83,0.00,10.00,SCT
MDW,2022-06-07 12:53,59.00,52.00,8.00,30.00,29.85,0.00,10.00,SCT
MDW,2022-06-07 13:53,58.00,52.00,14.00,20.00,29.89,0.00,10.00,OVC
MDW,2022-06-07 14:53,58.00,52.00,11.00,20.00,29.90,0.00,10.00,OVC
MDW,2022-06-07 15:53,60.00,52.00,12.00,30.00,29.92,0.00,10.00,OVC
MDW,2022-06-07 16:53,63.00,53.00,5.00,30.00,29.92,0.00,10.00,OVC
MDW,2022-06-07 17:53,65.00,53.00,8.00,40.00,29.93,0.00,10.00,BKN
MDW,2022-06-07 18:53,68.00,52.00,8.00,70.00,29.93,0.00,10.00,FEW
MDW,2022-06-07 19:53,71.00,51.00,10.00,20.00,29.94,0.00,10.00,FEW
MDW,2022-06-07 20:53,71.00,52.00,7.00,90.00,29.93,0.00,10.00,FEW
MDW,2022-06-07 21:53,70.00,49.00,5.00,60.00,29.93,0.00,10.00,FEW
MDW,2022-06-07 22:53,70.00,48.00,7.00,80.00,29.92,0.00,10.00,FEW
MDW,2022-06-07 23:53,68.00,49.00,7.00,90.00,29.93,0.00,10.00,FEW
MDW,2022-06-08 00:53,67.00,49.00,4.00,100.00,29.94,0.00,10.00,FEW
MDW,2022-06-08 01:53,60.00,53.00,6.00,110.00,29.95,0.00,10.00,FEW
MDW,2022-06-08 02:53,60.00,52.00,6.00,100.00,29.97,0.00,10.00,FEW
MDW,2022-06-08 03:53,62.00,52.00,7.00,90.00,29.96,0.00,10.00,FEW
MDW,2022-06-08 04:53,62.00,52.00,5.00,90.00,29.96,0.00,10.00,CLR
MDW,2022-06-08 05:53,61.00,53.00,3.00,110.00,29.95,0.00,10.00,BKN
MDW,2022-06-08 06:53,61.00,54.00,0.00,0.00,29.96,0.00,10.00,FEW
MDW,2022-06-08 07:53,59.00,54.00,0.00,0.00,29.94,0.00,10.00,FEW
MDW,2022-06-08 08:53,61.00,54.00,4.00,120.00,29.93,0.00,10.00,SCT
MDW,2022-06-08 09:53,62.00,53.00,4.00,170.00,29.93,0.00,10.00,BKN
MDW,2022-06-08 10:53,63.00,50.00,6.00,120.00,29.91,0.00,10.00,SCT
MDW,2022-06-08 11:53,64.00,47.00,6.00,140.00,29.90,0.00,10.00,FEW
MDW,2022-06-08 12:53,66.00,45.00,7.00,170.00,29.87,0.00,10.00,FEW
MDW,2022-06-08 13:53,69.00,48.00,10.00,150.00,29.85,0.00,10.00,FEW
MDW,2022-06-08 14:53,71.00,49.00,10.00,150.00,29.85,0.00,10.00,BKN
MDW,2022-06-08 15:53,71.00,49.00,9.00,140.00,29.85,0.00,10.00,BKN
MDW,2022-06-08 16:53,71.00,49.00,8.00,120.00,29.82,0.00,10.00,BKN
MDW,2022-06-08 17:53,68.00,54.00,6.00,40.00,29.83,T,10.00,OVC
MDW,2022-06-08 18:53,62.00,54.00,10.00,50.00,29.82,0.15,6.00,FEW
MDW,2022-06-08 19:53,60.00,56.00,11.00,60.00,29.84,0.24,7.00,FEW
MDW,2022-06-08 20:53,61.00,60.00,9.00,90.00,29.77,0.01,10.00,FEW
MDW,2022-06-08 21:53,62.00,55.00,5.00,140.00,29.81,0.00,10.00,BKN
MDW,2022-06-08 22:53,64.00,55.00,4.00,50.00,29.83,0.00,10.00,BKN
MDW,2022-06-08 23:53,64.00,55.00,5.00,350.00,29.84,0.00,10.00,BKN
MDW,2022-06-09 00:53,63.00,55.00,6.00,360.00,29.84,0.00,10.00,OVC
MDW,2022-06-09 01:53,60.00,54.00,8.00,10.00,29.86,0.00,10.00,OVC
MDW,2022-06-09 02:53,60.00,53.00,7.00,340.00,29.89,0.00,10.00,OVC
MDW,2022-06-09 03:53,59.00,52.00,14.00,340.00,29.90,0.00,10.00,OVC
MDW,2022-06-09 04:53,58.00,51.00,12.00,350.00,29.90,0.00,10.00,OVC
MDW,2022-06-09 05:53,58.00,51.00,9.00,350.00,29.91,0.00,10.00,OVC
MDW,2022-06-09 06:53,58.00,51.00,6.00,30.00,29.92,0.00,10.00,BKN
MDW,2022-06-09 07:53,58.00,51.00,4.00,10.00,29.93,0.00,10.00,OVC
MDW,2022-06-09 08:53,55.00,50.00,4.00,290.00,29.93,0.00,10.00,BKN
MDW,2022-06-09 09:53,54.00,50.00,0.00,0.00,29.95,0.00,10.00,FEW
MDW,2022-06-09 10:53,54.00,50.00,3.00,250.00,29.96,0.00,9.00,FEW
MDW,2022-06-09 11:53,58.00,52.00,6.00,230.00,29.97,0.00,9.00,FEW
MDW,2022-06-09 12:53,60.00,53.00,8.00,230.00,29.98,0.00,10.00,FEW
MDW,2022-06-09 13:53,64.00,54.00,9.00,240.00,29.98,0.00,10.00,FEW
MDW,2022-06-09 14:53,67.00,55.00,9.00,240.00,29.98,0.00,10.00,BKN
MDW,2022-06-09 15:53,71.00,55.00,15.00,250.00,29.97,0.00,10.00,BKN
MDW,2022-06-09 16:53,73.00,54.00,11.00,260.00,29.97,0.00,10.00,FEW
MDW,2022-06-09 17:53,77.00,49.00,13.00,310.00,29.95,0.00,10.00,FEW
MDW,2022-06-09 18:53,78.00,47.00,11.00,290.00,29.95,0.00,10.00,FEW
MDW,2022-06-09 19:53,77.00,47.00,13.00,280.00,29.93,0.00,10.00,SCT
MDW,2022-06-09 20:53,80.00,44.00,14.00,300.00,29.92,0.00,10.00,SCT
MDW,2022-06-09 21:53,80.00,46.00,11.00,280.00,29.92,0.00,10.00,SCT
MDW,2022-06-09 22:53,78.00,43.00,12.00,300.00,29.92,0.00,10.00,SCT
MDW,2022-06-09 23:53,78.00,43.00,7.00,330.00,29.92,0.00,10.00,SCT
MDW,2022-06-10 00:53,74.00,45.00,6.00,80.00,29.94,0.00,10.00,SCT
MDW,2022-06-10 01:53,71.00,47.00,3.00,100.00,29.95,0.00,10.00,FEW
MDW,2022-06-10 02:53,70.00,48.00,4.00,110.00,29.95,0.00,10.00,FEW
MDW,2022-06-10 03:53,69.00,49.00,0.00,0.00,29.96,0.00,10.00,FEW
MDW,2022-06-10 04:53,66.00,49.00,0.00,0.00,29.95,0.00,10.00,FEW
MDW,2022-06-10 05:53,67.00,49.00,3.00,190.00,29.93,0.00,10.00,FEW
MDW,2022-06-10 06:53,64.00,50.00,5.00,210.00,29.92,0.00,10.00,BKN
MDW,2022-06-10 07:53,63.00,48.00,3.00,220.00,29.91,0.00,10.00,BKN
MDW,2022-06-10 08:53,61.00,47.00,3.00,220.00,29.91,0.00,10.00,FEW
MDW,2022-06-10 09:53,61.00,47.00,6.00,220.00,29.93,0.00,10.00,FEW
MDW,2022-06-10 10:53,63.00,48.00,5.00,210.00,29.92,0.00,10.00,FEW
MDW,2022-06-10 11:53,65.00,49.00,7.00,210.00,29.93,0.00,10.00,FEW
MDW,2022-06-10 12:53,70.00,50.00,5.00,220.00,29.92,0.00,10.00,FEW
MDW,2022-06-10 13:53,75.00,49.00,9.00,200.00,29.93,0.00,10.00,FEW
MDW,2022-06-10 14:53,76.00,51.00,8.00,230.00,29.93,0.00,10.00,FEW
MDW,2022-06-10 15:53,79.00,48.00,10.00,250.00,29.92,0.00,10.00,BKN
MDW,2022-06-10 16:53,79.00,44.00,7.00,250.00,29.91,0.00,10.00,FEW
MDW,2022-06-10 17:53,80.00,42.00,7.00,230.00,29.90,0.00,10.00,FEW
MDW,2022-06-10 18:53,78.00,45.00,10.00,250.00,29.89,0.00,10.00,FEW
MDW,2022-06-10 19:53,73.00,54.00,10.00,350.00,29.90,0.00,10.00,FEW
MDW,2022-06-10 20:53,71.00,56.00,0.00,0.00,29.90,T,10.00,FEW
MDW,2022-06-10 21:53,69.00,59.00,13.00,270.00,29.91,0.04,10.00,SCT
MDW,2022-06-10 22:53,66.00,57.00,8.00,280.00,29.90,0.02,10.00,FEW
MDW,2022-06-10 23:53,64.00,58.00,9.00,250.00,29.90,T,10.00,FEW
MDW,2022-06-11 00:53,66.00,57.00,7.00,240.00,29.90,0.00,10.00,FEW
MDW,2022-06-11 01:53,65.00,54.00,5.00,230.00,29.90,0.00,10.00,FEW
MDW,2022-06-11 02:53,64.00,55.00,4.00,200.00,29.91,0.00,10.00,FEW
MDW,2022-06-11 03:53,63.00,55.00,5.00,220.00,29.91,0.00,10.00,FEW
MDW,2022-06-11 04:53,62.00,55.00,6.00,210.00,29.90,0.00,10.00,FEW
MDW,2022-06-11 05:53,62.00,56.00,4.00,210.00,29.90,0.00,10.00,FEW
MDW,2022-06-11 06:53,61.00,55.00,6.00,210.00,29.89,0.00,10.00,FEW
MDW,2022-06-11 07:53,61.00,56.00,5.00,220.00,29.88,0.00,10.00,BKN
MDW,2022-06-11 08:53,61.00,56.00,5.00,230.00,29.88,0.00,9.00,SCT
MDW,2022-06-11 09:53,60.00,55.00,6.00,210.00,29.87,0.00,9.00,BKN
MDW,2022-06-11 10:53,60.00,56.00,7.00,210.00,29.88,0.00,7.00,FEW
MDW,2022-06-11 11:53,60.00,57.00,7.00,270.00,29.89,0.00,1.50,OVC
MDW,2022-06-11 12:53,62.00,57.00,5.00,200.00,29.89,0.00,8.00,BKN
MDW,2022-06-11 13:53,66.00,56.00,7.00,210.00,29.88,0.00,10.00,SCT
MDW,2022-06-11 14:53,70.00,57.00,6.00,190.00,29.86,0.00,10.00,FEW
MDW,2022-06-11 15:53,72.00,58.00,8.00,190.00,29.85,0.00,10.00,SCT
MDW,2022-06-11 16:53,73.00,60.00,11.00,220.00,29.84,0.00,10.00,BKN
MDW,2022-06-11 17:53,73.00,59.00,10.00,210.00,29.82,0.00,10.00,BKN
MDW,2022-06-11 18:53,74.00,59.00,7.00,190.00,29.79,0.00,10.00,BKN
MDW,2022-06-11 19:53,76.00,60.00,9.00,220.00,29.78,0.00,10.00,SCT
MDW,2022-06-11 20:53,75.00,60.00,8.00,220.00,29.77,0.00,10.00,FEW
MDW,2022-06-11 21:53,75.00,61.00,8.00,220.00,29.76,0.00,10.00,FEW
MDW,2022-06-11 22:53,75.00,62.00,7.00,230.00,29.75,0.00,10.00,FEW
MDW,2022-06-11 23:53,75.00,62.00,7.00,240.00,29.74,0.00,10.00,FEW
MDW,2022-06-12 00:53,74.00,61.00,4.00,230.00,29.74,0.00,10.00,SCT
MDW,2022-06-12 01:53,74.00,61.00,4.00,230.00,29.74,0.00,10.00,FEW
MDW,2022-06-12 02:53,73.00,61.00,0.00,0.00,29.77,0.00,10.00,FEW
MDW,2022-06-12 03:53,73.00,62.00,4.00,220.00,29.77,0.00,10.00,SCT
MDW,2022-06-12 04:53,71.00,62.00,5.00,200.00,29.77,0.00,10.00,SCT
MDW,2022-06-12 05:53,70.00,62.00,4.00,220.00,29.79,0.00,10.00,BKN
MDW,2022-06-12 06:53,68.00,62.00,3.00,170.00,29.75,0.00,10.00,SCT
MDW,2022-06-12 07:53,68.00,62.00,0.00,0.00,29.75,0.00,10.00,SCT
MDW,2022-06-12 08:53,68.00,63.00,0.00,0.00,29.76,0.00,10.00,BKN
MDW,2022-06-12 09:53,68.00,63.00,0.00,0.00,29.77,0.00,8.00,FEW
MDW,2022-06-12 10:53,69.00,63.00,0.00,0.00,29.79,0.00,9.00,SCT
MDW,2022-06-12 11:53,71.00,64.00,3.00,40.00,29.81,0.00,9.00,FEW
MDW,2022-06-12 12:53,67.00,60.00,14.00,40.00,29.84,0.00,8.00,BKN
MDW,2022-06-12 13:53,68.00,60.00,10.00,30.00,29.84,0.00,10.00,BKN
MDW,2022-06-12 14:53,65.00,56.00,9.00,30.00,29.86,0.00,10.00,SCT
MDW,2022-06-12 15:53,63.00,55.00,9.00,40.00,29.89,0.00,10.00,OVC
MDW,2022-06-12 16:53,64.00,57.00,12.00,40.00,29.88,0.01,10.00,SCT
MDW,2022-06-12 17:53,70.00,57.00,7.00,30.00,29.87,0.00,10.00,FEW
MDW,2022-06-12 18:53,71.00,56.00,10.00,30.00,29.85,0.00,10.00,FEW
MDW,2022-06-12 19:53,66.00,57.00,10.00,30.00,29.83,0.00,10.00,FEW
MDW,2022-06-12 20:53,72.00,56.00,10.00,10.00,29.84,0.00,10.00,FEW
MDW,2022-06-12 21:53,71.00,55.00,9.00,40.00,29.83,0.00,10.00,FEW
MDW,2022-06-12 22:53,69.00,54.00,9.00,20.00,29.84,0.00,10.00,FEW
MDW,2022-06-12 23:53,67.00,54.00,11.00,40.00,29.86,0.00,10.00,BKN
MDW,2022-06-13 00:53,61.00,52.00,7.00,20.00,29.89,0.00,10.00,SCT
MDW,2022-06-13 01:53,61.00,49.00,10.00,40.00,29.89,0.00,10.00,FEW
MDW,2022-06-13 02:53,62.00,46.00,7.00,30.00,29.91,0.00,10.00,FEW
MDW,2022-06-13 03:53,62.00,47.00,5.00,30.00,29.90,0.00,10.00,SCT
MDW,2022-06-13 04:53,62.00,46.00,4.00,30.00,29.90,0.00,10.00,SCT
MDW,2022-06-13 05:53,62.00,46.00,3.00,20.00,29.90,0.00,10.00,SCT
MDW,2022-06-13 06:53,62.00,46.00,4.00,30.00,29.90,0.00,10.00,FEW
MDW,2022-06-13 07:53,63.00,46.00,5.00,30.00,29.91,0.00,10.00,BKN
MDW,2022-06-13 08:53,62.00,47.00,6.00,40.00,29.89,0.00,10.00,BKN
MDW,2022-06-13 09:53,63.00,48.00,0.00,0.00,29.90,0.00,10.00,FEW
MDW,2022-06-13 10:53,63.00,49.00,6.00,90.00,29.90,0.00,10.00,SCT
MDW,2022-06-13 11:53,64.00,52.00,7.00,100.00,29.88,0.00,10.00,FEW
MDW,2022-06-13 12:53,70.00,57.00,6.00,120.00,29.89,0.00,10.00,FEW
MDW,2022-06-13 13:53,74.00,61.00,3.00,110.00,29.90,0.00,10.00,SCT
MDW,2022-06-13 14:53,80.00,65.00,7.00,110.00,29.88,0.00,10.00,FEW
MDW,2022-06-13 15:53,84.00,68.00,8.00,120.00,29.86,0.00,10.00,FEW
MDW,2022-06-13 16:53,85.00,68.00,10.00,110.00,29.86,0.00,10.00,FEW
MDW,2022-06-13 17:53,88.00,70.00,8.00,100.00,29.84,0.00,10.00,FEW
MDW,2022-06-13 18:53,88.00,71.00,7.00,90.00,29.82,0.00,10.00,BKN
MDW,2022-06-13 19:53,87.00,72.00,9.00,110.00,29.77,0.00,10.00,FEW
MDW,2022-06-13 20:53,89.00,73.00,6.00,60.00,29.79,0.00,10.00,FEW
MDW,2022-06-13 21:53,93.00,77.00,12.00,150.00,29.75,0.00,10.00,SCT
MDW,2022-06-13 22:53,92.00,77.00,16.00,170.00,29.72,0.00,10.00,BKN
MDW,2022-06-13 23:53,90.00,76.00,13.00,140.00,29.73,0.00,10.00,FEW
MDW,2022-06-14 00:53,81.00,71.00,16.00,150.00,29.72,0.04,10.00,FEW
MDW,2022-06-14 01:53,84.00,73.00,5.00,170.00,29.72,0.00,10.00,FEW
MDW,2022-06-14 02:53,80.00,70.00,5.00,170.00,29.74,0.00,10.00,BKN
MDW,2022-06-14 03:53,79.00,70.00,5.00,60.00,29.76,0.00,10.00,SCT
MDW,2022-06-14 04:53,79.00,72.00,3.00,160.00,29.77,0.00,10.00,FEW
MDW,2022-06-14 05:53,79.00,73.00,0.00,0.00,29.78,0.00,10.00,FEW
MDW,2022-06-14 06:53,81.00,76.00,5.00,190.00,29.78,0.00,10.00,SCT
MDW,2022-06-14 07:53,78.00,74.00,4.00,350.00,29.79,0.00,7.00,FEW
MDW,2022-06-14 08:53,76.00,72.00,0.00,0.00,29.81,0.00,7.00,FEW
MDW,2022-06-14 09:53,78.00,74.00,4.00,190.00,29.83,0.00,9.00,FEW
MDW,2022-06-14 10:53,79.00,74.00,7.00,200.00,29.84,0.00,10.00,SCT
MDW,2022-06-14 11:53,80.00,75.00,8.00,210.00,29.85,0.00,10.00,FEW
MDW,2022-06-14 12:53,86.00,76.00,9.00,210.00,29.86,0.00,10.00,FEW
MDW,2022-06-14 13:53,89.00,76.00,10.00,220.00,29.87,0.00,10.00,FEW
MDW,2022-06-14 14:53,90.00,75.00,8.00,230.00,29.86,0.00,10.00,FEW
MDW,2022-06-14 15:53,92.00,75.00,12.00,220.00,29.86,0.00,10.00,FEW
MDW,2022-06-14 16:53,94.00,73.00,11.00,210.00,29.86,0.00,10.00,FEW
MDW,2022-06-14 17:53,96.00,72.00,12.00,240.00,29.85,0.00,10.00,FEW
MDW,2022-06-14 18:53,98.00,71.00,12.00,210.00,29.83,0.00,10.00,CLR
MDW,2022-06-14 19:53,99.00,69.00,14.00,210.00,29.83,0.00,10.00,CLR
MDW,2022-06-14 20:53,100.00,69.00,11.00,230.00,29.81,0.00,10.00,CLR
MDW,2022-06-14 21:53,100.00,70.00,16.00,220.00,29.81,0.00,10.00,CLR
MDW,2022-06-14 22:53,99.00,68.00,15.00,220.00,29.79,0.00,10.00,CLR
MDW,2022-06-14 23:53,99.00,68.00,13.00,190.00,29.79,0.00,10.00,CLR
MDW,2022-06-15 00:53,97.00,68.00,11.00,200.00,29.79,0.00,10.00,CLR
MDW,2022-06-15 01:53,95.00,68.00,8.00,200.00,29.80,0.00,10.00,CLR
MDW,2022-06-15 02:53,93.00,68.00,9.00,220.00,29.83,0.00,10.00,CLR
MDW,2022-06-15 03:53,92.00,68.00,10.00,210.00,29.84,0.00,10.00,CLR
MDW,2022-06-15 04:53,90.00,67.00,12.00,210.00,29.84,0.00,10.00,CLR
MDW,2022-06-15 05:53,88.00,68.00,9.00,220.00,29.84,0.00,10.00,CLR
MDW,2022-06-15 06:53,88.00,69.00,12.00,230.00,29.85,0.00,10.00,CLR
MDW,2022-06-15 07:53,87.00,70.00,11.00,240.00,29.86,0.00,10.00,CLR
MDW,2022-06-15 08:53,85.00,70.00,10.00,230.00,29.86,0.00,10.00,CLR
MDW,2022-06-15 09:53,84.00,70.00,10.00,230.00,29.87,0.00,10.00,FEW
MDW,2022-06-15 10:53,84.00,70.00,7.00,230.00,29.89,0.00,10.00,FEW
MDW,2022-06-15 11:53,84.00,70.00,12.00,240.00,29.91,0.00,10.00,SCT
MDW,2022-06-15 12:53,86.00,70.00,11.00,220.00,29.92,0.00,10.00,SCT
MDW,2022-06-15 13:53,87.00,70.00,11.00,240.00,29.93,0.00,10.00,SCT
MDW,2022-06-15 14:53,89.00,70.00,12.00,220.00,29.90,0.00,10.00,BKN
MDW,2022-06-15 15:53,91.00,70.00,14.00,260.00,29.90,0.00,10.00,FEW
MDW,2022-06-15 16:53,93.00,70.00,13.00,210.00,29.89,0.00,10.00,FEW
MDW,2022-06-15 17:53,95.00,69.00,15.00,240.00,29.89,0.00,10.00,FEW
MDW,2022-06-15 18:53,97.00,67.00,13.00,200.00,29.88,0.00,10.00,FEW
MDW,2022-06-15 19:53,98.00,66.00,15.00,210.00,29.86,0.00,9.00,FEW
MDW,2022-06-15 20:53,99.00,64.00,15.00,210.00,29.84,0.00,10.00,FEW
MDW,2022-06-15 21:53,99.00,59.00,21.00,210.00,29.81,0.00,10.00,BKN
MDW,2022-06-15 22:53,99.00,61.00,17.00,200.00,29.77,0.00,10.00,BKN
MDW,2022-06-15 23:53,97.00,61.00,20.00,200.00,29.77,0.00,10.00,BKN
MDW,2022-06-16 00:53,95.00,64.00,18.00,210.00,29.77,0.00,10.00,BKN
MDW,2022-06-16 01:53,93.00,64.00,13.00,220.00,29.81,0.00,10.00,SCT
MDW,2022-06-16 02:53,91.00,66.00,13.00,210.00,29.82,0.00,10.00,SCT
MDW,2022-06-16 03:53,90.00,65.00,14.00,220.00,29.82,0.00,10.00,SCT
MDW,2022-06-16 04:53,89.00,64.00,14.00,220.00,29.83,0.00,10.00,SCT
MDW,2022-06-16 05:53,88.00,65.00,11.00,230.00,29.84,0.00,10.00,BKN
MDW,2022-06-16 06:53,80.00,71.00,9.00,300.00,29.89,0.03,2.00,BKN
MDW,2022-06-16 07:53,78.00,72.00,3.00,260.00,29.90,0.03,10.00,BKN
MDW,2022-06-16 08:53,78.00,72.00,6.00,250.00,29.91,T,10.00,FEW
MDW,2022-06-16 09:53,77.00,71.00,6.00,250.00,29.90,0.00,10.00,FEW
MDW,2022-06-16 10:53,76.00,71.00,5.00,260.00,29.93,0.00,10.00,FEW
MDW,2022-06-16 11:53,76.00,71.00,6.00,240.00,29.94,0.00,10.00,FEW
MDW,2022-06-16 12:53,78.00,68.00,8.00,240.00,29.95,0.00,10.00,FEW
MDW,2022-06-16 13:53,81.00,65.00,8.00,230.00,29.97,0.00,10.00,FEW
MDW,2022-06-16 14:53,84.00,66.00,8.00,240.00,29.96,0.00,10.00,FEW
MDW,2022-06-16 15:53,88.00,61.00,11.00,230.00,29.95,0.00,10.00,FEW
MDW,2022-06-16 16:53,91.00,57.00,16.00,240.00,29.95,0.00,10.00,FEW
MDW,2022-06-16 17:53,94.00,56.00,13.00,240.00,29.94,0.00,10.00,FEW
MDW,2022-06-16 18:53,97.00,49.00,20.00,270.00,29.92,0.00,10.00,FEW
MDW,2022-06-16 19:53,96.00,54.00,16.00,250.00,29.91,0.00,10.00,FEW
MDW,2022-06-16 20:53,97.00,51.00,22.00,260.00,29.89,0.00,10.00,CLR
MDW,2022-06-16 21:53,97.00,52.00,20.00,240.00,29.88,0.00,10.00,CLR
MDW,2022-06-16 22:53,97.00,51.00,21.00,260.00,29.88,0.00,10.00,CLR
MDW,2022-06-16 23:53,94.00,47.00,17.00,280.00,29.88,0.00,10.00,CLR
MDW,2022-06-17 00:53,91.00,51.00,11.00,260.00,29.88,0.00,10.00,CLR
MDW,2022-06-17 01:53,89.00,54.00,7.00,270.00,29.89,0.00,10.00,FEW
MDW,2022-06-17 02:53,87.00,51.00,12.00,270.00,29.92,0.00,10.00,FEW
MDW,2022-06-17 03:53,85.00,51.00,11.00,270.00,29.93,0.00,10.00,CLR
MDW,2022-06-17 04:53,83.00,52.00,9.00,280.00,29.94,0.00,10.00,CLR
MDW,2022-06-17 05:53,80.00,54.00,6.00,280.00,29.95,0.00,10.00,CLR
MDW,2022-06-17 06:53,77.00,55.00,5.00,260.00,29.94,0.00,10.00,CLR
MDW,2022-06-17 07:53,75.00,55.00,5.00,270.00,29.94,0.00,10.00,CLR
MDW,2022-06-17 08:53,74.00,55.00,4.00,280.00,29.97,0.00,10.00,CLR
MDW,2022-06-17 09:53,72.00,55.00,5.00,260.00,29.98,0.00,10.00,BKN
MDW,2022-06-17 10:53,73.00,56.00,5.00,280.00,29.99,0.00,10.00,BKN
MDW,2022-06-17 11:53,75.00,57.00,6.00,270.00,30.03,0.00,10.00,BKN
MDW,2022-06-17 12:53,78.00,56.00,7.00,310.00,30.04,0.00,10.00,BKN
MDW,2022-06-17 13:53,80.00,55.00,8.00,310.00,30.04,0.00,10.00,BKN
MDW,2022-06-17 14:53,82.00,52.00,9.00,310.00,30.04,0.00,10.00,BKN
MDW,2022-06-17 15:53,83.00,51.00,11.00,330.00,30.04,0.00,10.00,BKN
MDW,2022-06-17 16:53,84.00,52.00,10.00,310.00,30.02,0.00,10.00,FEW
MDW,2022-06-17 17:53,85.00,52.00,8.00,280.00,30.01,0.00,10.00,FEW
MDW,2022-06-17 18:53,86.00,53.00,5.00,M,30.01,0.00,10.00,FEW
MDW,2022-06-17 19:53,87.00,52.00,8.00,300.00,30.01,0.00,10.00,FEW
MDW,2022-06-17 20:53,88.00,52.00,15.00,350.00,29.99,0.00,10.00,FEW
MDW,2022-06-17 21:53,87.00,51.00,14.00,330.00,29.99,0.00,10.00,FEW
MDW,2022-06-17 22:53,83.00,54.00,6.00,50.00,29.99,0.00,10.00,FEW
MDW,2022-06-17 23:53,82.00,54.00,7.00,60.00,30.01,0.00,10.00,FEW
MDW,2022-06-18 00:53,80.00,51.00,12.00,40.00,30.02,0.00,10.00,FEW
MDW,2022-06-18 01:53,79.00,51.00,13.00,30.00,30.04,0.00,10.00,FEW
MDW,2022-06-18 02:53,74.00,50.00,12.00,40.00,30.08,0.00,10.00,FEW
MDW,2022-06-18 03:53,73.00,49.00,10.00,20.00,30.09,0.00,10.00,FEW
MDW,2022-06-18 04:53,72.00,49.00,12.00,20.00,30.10,0.00,10.00,FEW
MDW,2022-06-18 05:53,69.00,49.00,11.00,20.00,30.12,0.00,10.00,CLR
MDW,2022-06-18 06:53,69.00,45.00,12.00,60.00,30.14,0.00,10.00,CLR
MDW,2022-06-18 07:53,68.00,44.00,10.00,50.00,30.14,0.00,10.00,CLR
MDW,2022-06-18 08:53,66.00,48.00,11.00,50.00,30.16,0.00,10.00,CLR
MDW,2022-06-18 09:53,64.00,50.00,8.00,60.00,30.17,0.00,10.00,CLR
MDW,2022-06-18 10:53,65.00,50.00,8.00,30.00,30.19,0.00,10.00,CLR
MDW,2022-06-18 11:53,67.00,46.00,9.00,40.00,30.21,0.00,10.00,CLR
MDW,2022-06-18 12:53,68.00,43.00,8.00,20.00,30.23,0.00,10.00,CLR
MDW,2022-06-18 13:53,70.00,43.00,9.00,30.00,30.25,0.00,10.00,FEW
MDW,2022-06-18 14:53,70.00,44.00,11.00,50.00,30.27,0.00,10.00,FEW
MDW,2022-06-18 15:53,72.00,43.00,10.00,360.00,30.28,0.00,10.00,FEW
MDW,2022-06-18 16:53,72.00,45.00,11.00,40.00,30.27,0.00,10.00,FEW
MDW,2022-06-18 17:53,72.00,41.00,11.00,60.00,30.28,0.00,10.00,FEW
MDW,2022-06-18 18:53,74.00,39.00,10.00,20.00,30.27,0.00,10.00,FEW
MDW,2022-06-18 19:53,74.00,35.00,12.00,20.00,30.26,0.00,10.00,FEW
MDW,2022-06-18 20:53,74.00,36.00,12.00,40.00,30.26,0.00,10.00,FEW
MDW,2022-06-18 21:53,72.00,37.00,10.00,20.00,30.25,0.00,10.00,FEW
MDW,2022-06-18 22:53,70.00,40.00,11.00,30.00,30.24,0.00,10.00,FEW
MDW,2022-06-18 23:53,68.00,36.00,11.00,20.00,30.24,0.00,10.00,FEW
MDW,2022-06-19 00:53,65.00,38.00,12.00,40.00,30.23,0.00,10.00,SCT
MDW,2022-06-19 01:53,62.00,40.00,9.00,50.00,30.23,0.00,10.00,SCT
MDW,2022-06-19 02:53,62.00,40.00,6.00,30.00,30.24,0.00,10.00,SCT
MDW,2022-06-19 03:53,61.00,40.00,6.00,20.00,30.25,0.00,10.00,FEW
MDW,2022-06-19 04:53,61.00,38.00,5.00,360.00,30.24,0.00,10.00,FEW
MDW,2022-06-19 05:53,60.00,40.00,5.00,20.00,30.24,0.00,10.00,FEW
MDW,2022-06-19 06:53,61.00,42.00,0.00,0.00,30.24,0.00,10.00,SCT
MDW,2022-06-19 07:53,58.00,43.00,0.00,0.00,30.24,0.00,10.00,SCT
MDW,2022-06-19 08:53,59.00,43.00,3.00,210.00,30.22,0.00,10.00,FEW
MDW,2022-06-19 09:53,58.00,45.00,0.00,0.00,30.24,0.00,10.00,SCT
MDW,2022-06-19 10:53,59.00,47.00,0.00,0.00,30.26,0.00,10.00,FEW
MDW,2022-06-19 11:53,60.00,47.00,0.00,0.00,30.28,0.00,10.00,FEW
MDW,2022-06-19 12:53,65.00,49.00,0.00,0.00,30.28,0.00,10.00,FEW
MDW,2022-06-19 13:53,71.00,47.00,6.00,200.00,30.27,0.00,10.00,FEW
MDW,2022-06-19 14:53,75.00,46.00,7.00,200.00,30.26,0.00,10.00,FEW
MDW,2022-06-19 15:53,77.00,44.00,9.00,190.00,30.26,0.00,10.00,BKN
MDW,2022-06-19 16:53,79.00,45.00,7.00,200.00,30.25,0.00,10.00,SCT
MDW,2022-06-19 17:53,82.00,45.00,10.00,190.00,30.23,0.00,10.00,FEW
MDW,2022-06-19 18:53,83.00,42.00,4.00,M,30.21,0.00,10.00,FEW
MDW,2022-06-19 19:53,85.00,41.00,8.00,180.00,30.19,0.00,10.00,FEW
MDW,2022-06-19 20:53,87.00,42.00,9.00,230.00,30.16,0.00,10.00,SCT
MDW,2022-06-19 21:53,88.00,43.00,11.00,240.00,30.14,0.00,10.00,SCT
MDW,2022-06-19 22:53,87.00,43.00,12.00,250.00,30.14,0.00,10.00,SCT
MDW,2022-06-19 23:53,86.00,42.00,8.00,240.00,30.12,0.00,10.00,SCT
MDW,2022-06-20 00:53,85.00,41.00,6.00,220.00,30.11,0.00,10.00,BKN
MDW,2022-06-20 01:53,83.00,42.00,5.00,190.00,30.11,0.00,10.00,BKN
MDW,2022-06-20 02:53,80.00,47.00,8.00,180.00,30.10,0.00,10.00,BKN
MDW,2022-06-20 03:53,78.00,49.00,6.00,200.00,30.09,0.00,10.00,BKN
MDW,2022-06-20 04:53,76.00,49.00,8.00,200.00,30.09,0.00,10.00,SCT
MDW,2022-06-20 05:53,74.00,50.00,6.00,210.00,30.11,0.00,10.00,FEW
MDW,2022-06-20 06:53,72.00,50.00,8.00,220.00,30.12,0.00,10.00,FEW
MDW,2022-06-20 07:53,70.00,51.00,7.00,210.00,30.12,0.00,10.00,FEW
MDW,2022-06-20 08:53,69.00,51.00,8.00,210.00,30.11,0.00,10.00,FEW
MDW,2022-06-20 09:53,68.00,51.00,7.00,200.00,30.12,0.00,10.00,FEW
MDW,2022-06-20 10:53,68.00,51.00,8.00,210.00,30.13,0.00,10.00,FEW
MDW,2022-06-20 11:53,70.00,52.00,5.00,200.00,30.15,0.00,10.00,FEW
MDW,2022-06-20 12:53,74.00,52.00,8.00,230.00,30.15,0.00,10.00,FEW
MDW,2022-06-20 13:53,77.00,53.00,11.00,230.00,30.14,0.00,10.00,FEW
MDW,2022-06-20 14:53,82.00,55.00,9.00,220.00,30.14,0.00,10.00,FEW
MDW,2022-06-20 15:53,85.00,56.00,6.00,260.00,30.14,0.00,10.00,FEW
MDW,2022-06-20 16:53,88.00,57.00,8.00,220.00,30.13,0.00,10.00,FEW
MDW,2022-06-20 17:53,91.00,55.00,10.00,210.00,30.12,0.00,10.00,FEW
MDW,2022-06-20 18:53,92.00,56.00,7.00,240.00,30.10,0.00,10.00,FEW
MDW,2022-06-20 19:53,95.00,53.00,10.00,240.00,30.10,0.00,10.00,SCT
MDW,2022-06-20 20:53,96.00,54.00,13.00,240.00,30.08,0.00,10.00,BKN
MDW,2022-06-20 21:53,96.00,51.00,13.00,220.00,30.07,0.00,10.00,BKN
MDW,2022-06-20 22:53,96.00,49.00,12.00,220.00,30.05,0.00,10.00,BKN
MDW,2022-06-20 23:53,95.00,48.00,14.00,220.00,30.04,0.00,10.00,SCT
MDW,2022-06-21 00:53,91.00,52.00,9.00,230.00,30.03,0.00,10.00,SCT
MDW,2022-06-21 01:53,88.00,53.00,9.00,230.00,30.03,0.00,10.00,FEW
MDW,2022-06-21 02:53,85.00,54.00,9.00,220.00,30.04,0.00,10.00,CLR
MDW,2022-06-21 03:53,82.00,55.00,7.00,220.00,30.04,0.00,10.00,CLR
MDW,2022-06-21 04:53,81.00,56.00,9.00,220.00,30.04,0.00,10.00,CLR
MDW,2022-06-21 05:53,80.00,56.00,10.00,230.00,30.03,0.00,10.00,CLR
MDW,2022-06-21 06:53,78.00,55.00,8.00,230.00,30.04,0.00,10.00,CLR
MDW,2022-06-21 07:53,78.00,56.00,8.00,220.00,30.06,0.00,10.00,CLR
MDW,2022-06-21 08:53,76.00,57.00,7.00,230.00,30.07,0.00,10.00,CLR
MDW,2022-06-21 09:53,74.00,57.00,7.00,210.00,30.07,0.00,10.00,FEW
MDW,2022-06-21 10:53,74.00,58.00,8.00,230.00,30.08,0.00,10.00,FEW
MDW,2022-06-21 11:53,77.00,60.00,8.00,230.00,30.09,0.00,10.00,FEW
MDW,2022-06-21 12:53,81.00,62.00,11.00,240.00,30.10,0.00,10.00,CLR
MDW,2022-06-21 13:53,85.00,63.00,12.00,230.00,30.07,0.00,10.00,CLR
MDW,2022-06-21 14:53,88.00,64.00,13.00,260.00,30.07,0.00,10.00,CLR
MDW,2022-06-21 15:53,92.00,64.00,9.00,270.00,30.06,0.00,10.00,CLR
MDW,2022-06-21 16:53,95.00,65.00,14.00,230.00,30.04,0.00,10.00,CLR
MDW,2022-06-21 17:53,96.00,66.00,11.00,240.00,30.04,0.00,10.00,CLR
MDW,2022-06-21 18:53,99.00,65.00,16.00,220.00,30.02,0.00,10.00,CLR
MDW,2022-06-21 19:53,99.00,66.00,15.00,230.00,29.99,0.00,10.00,CLR
MDW,2022-06-21 20:53,100.00,67.00,18.00,240.00,29.98,0.00,10.00,FEW
MDW,2022-06-21 21:53,101.00,67.00,16.00,240.00,29.97,0.00,10.00,FEW
MDW,2022-06-21 22:53,100.00,68.00,12.00,240.00,29.96,0.00,10.00,FEW
MDW,2022-06-21 23:53,98.00,68.00,15.00,240.00,29.96,0.00,10.00,FEW
MDW,2022-06-22 00:53,95.00,69.00,12.00,250.00,29.95,0.00,10.00,FEW
MDW,2022-06-22 01:53,93.00,70.00,12.00,250.00,29.97,0.00,10.00,FEW
MDW,2022-06-22 02:53,92.00,71.00,12.00,240.00,29.99,0.00,10.00,FEW
MDW,2022-06-22 03:53,91.00,72.00,11.00,240.00,29.99,0.00,10.00,FEW
MDW,2022-06-22 04:53,89.00,72.00,10.00,250.00,29.98,0.00,10.00,BKN
MDW,2022-06-22 05:53,88.00,71.00,7.00,280.00,29.98,0.00,10.00,BKN
MDW,2022-06-22 06:53,86.00,64.00,9.00,320.00,30.00,0.00,10.00,SCT
MDW,2022-06-22 07:53,84.00,64.00,7.00,320.00,30.01,0.00,10.00,SCT
MDW,2022-06-22 08:53,84.00,61.00,9.00,330.00,30.02,0.00,10.00,BKN
MDW,2022-06-22 09:53,83.00,58.00,7.00,340.00,30.02,0.00,10.00,BKN
MDW,2022-06-22 10:53,82.00,60.00,7.00,330.00,30.05,0.00,10.00,BKN
MDW,2022-06-22 11:53,82.00,59.00,7.00,340.00,30.06,0.00,10.00,FEW
MDW,2022-06-22 12:53,83.00,57.00,9.00,330.00,30.06,0.00,10.00,FEW
MDW,2022-06-22 13:53,83.00,55.00,9.00,360.00,30.06,0.00,10.00,FEW
MDW,2022-06-22 14:53,82.00,55.00,6.00,320.00,30.07,0.00,10.00,FEW
MDW,2022-06-22 15:53,82.00,54.00,7.00,300.00,30.07,0.00,10.00,FEW
MDW,2022-06-22 16:53,84.00,53.00,6.00,240.00,30.07,0.00,10.00,FEW
MDW,2022-06-22 17:53,88.00,54.00,5.00,300.00,30.05,0.00,10.00,FEW
MDW,2022-06-22 18:53,90.00,53.00,8.00,300.00,30.04,0.00,10.00,FEW
MDW,2022-06-22 19:53,90.00,53.00,9.00,300.00,30.03,0.00,10.00,FEW
MDW,2022-06-22 20:53,91.00,54.00,8.00,290.00,30.02,0.00,10.00,FEW
MDW,2022-06-22 21:53,91.00,52.00,15.00,310.00,30.01,0.00,10.00,FEW
MDW,2022-06-22 22:53,90.00,52.00,16.00,320.00,29.99,0.00,10.00,FEW
MDW,2022-06-22 23:53,88.00,53.00,9.00,310.00,30.00,0.00,10.00,FEW
MDW,2022-06-23 00:53,84.00,55.00,7.00,100.00,30.01,0.00,10.00,FEW
MDW,2022-06-23 01:53,82.00,55.00,5.00,80.00,30.02,0.00,10.00,FEW
MDW,2022-06-23 02:53,81.00,55.00,3.00,M,30.03,0.00,10.00,FEW
MDW,2022-06-23 03:53,79.00,55.00,0.00,0.00,30.04,0.00,10.00,CLR
MDW,2022-06-23 04:53,77.00,56.00,0.00,0.00,30.04,0.00,10.00,CLR
MDW,2022-06-23 05:53,78.00,56.00,0.00,0.00,30.03,0.00,10.00,CLR
MDW,2022-06-23 06:53,75.00,56.00,0.00,0.00,30.04,0.00,10.00,FEW
MDW,2022-06-23 07:53,72.00,58.00,5.00,330.00,30.04,0.00,10.00,FEW
MDW,2022-06-23 08:53,73.00,55.00,5.00,340.00,30.04,0.00,10.00,FEW
MDW,2022-06-23 09:53,72.00,53.00,6.00,10.00,30.04,0.00,10.00,SCT
MDW,2022-06-23 10:53,72.00,55.00,5.00,30.00,30.06,0.00,10.00,FEW
MDW,2022-06-23 11:53,74.00,56.00,8.00,50.00,30.07,0.00,10.00,FEW
MDW,2022-06-23 12:53,74.00,58.00,7.00,100.00,30.07,0.00,10.00,FEW
MDW,2022-06-23 13:53,77.00,57.00,6.00,100.00,30.08,0.00,10.00,FEW
MDW,2022-06-23 14:53,79.00,55.00,7.00,100.00,30.08,0.00,10.00,FEW
MDW,2022-06-23 15:53,81.00,53.00,5.00,100.00,30.07,0.00,10.00,FEW
MDW,2022-06-23 16:53,82.00,51.00,9.00,90.00,30.07,0.00,10.00,FEW
MDW,2022-06-23 17:53,83.00,49.00,5.00,50.00,30.06,0.00,10.00,FEW
MDW,2022-06-23 18:53,84.00,48.00,9.00,100.00,30.04,0.00,10.00,FEW
MDW,2022-06-23 19:53,83.00,46.00,9.00,90.00,30.03,0.00,10.00,FEW
MDW,2022-06-23 20:53,84.00,48.00,11.00,80.00,30.02,0.00,10.00,FEW
MDW,2022-06-23 21:53,83.00,47.00,10.00,90.00,30.02,0.00,10.00,FEW
MDW,2022-06-23 22:53,82.00,46.00,7.00,90.00,30.02,0.00,10.00,FEW
MDW,2022-06-23 23:53,81.00,47.00,8.00,100.00,30.01,0.00,10.00,FEW
MDW,2022-06-24 00:53,79.00,48.00,8.00,110.00,30.00,0.00,10.00,FEW
MDW,2022-06-24 01:53,76.00,48.00,7.00,110.00,30.00,0.00,10.00,FEW
MDW,2022-06-24 02:53,75.00,49.00,6.00,110.00,30.00,0.00,10.00,FEW
MDW,2022-06-24 03:53,75.00,50.00,3.00,130.00,30.00,0.00,10.00,CLR
MDW,2022-06-24 04:53,75.00,51.00,0.00,0.00,30.00,0.00,10.00,CLR
MDW,2022-06-24 05:53,73.00,51.00,3.00,130.00,30.00,0.00,10.00,CLR
MDW,2022-06-24 06:53,73.00,51.00,0.00,0.00,30.00,0.00,10.00,CLR
MDW,2022-06-24 07:53,70.00,51.00,0.00,0.00,29.99,0.00,10.00,CLR
MDW,2022-06-24 08:53,71.00,50.00,0.00,0.00,29.99,0.00,10.00,CLR
MDW,2022-06-24 09:53,71.00,48.00,0.00,0.00,30.02,0.00,10.00,FEW
MDW,2022-06-24 10:53,70.00,49.00,0.00,0.00,30.04,0.00,10.00,FEW
MDW,2022-06-24 11:53,73.00,48.00,5.00,200.00,30.03,0.00,10.00,FEW
MDW,2022-06-24 12:53,77.00,47.00,4.00,200.00,30.04,0.00,10.00,SCT
MDW,2022-06-24 13:53,81.00,48.00,6.00,240.00,30.05,0.00,10.00,BKN
MDW,2022-06-24 14:53,84.00,47.00,6.00,190.00,30.04,0.00,10.00,BKN
MDW,2022-06-24 15:53,86.00,51.00,4.00,310.00,30.04,0.00,10.00,BKN
MDW,2022-06-24 16:53,89.00,52.00,4.00,280.00,30.04,0.00,10.00,FEW
MDW,2022-06-24 17:53,90.00,52.00,5.00,20.00,30.04,0.00,10.00,FEW
MDW,2022-06-24 18:53,92.00,51.00,4.00,190.00,30.03,0.00,10.00,FEW
MDW,2022-06-24 19:53,92.00,52.00,3.00,100.00,30.02,0.00,10.00,FEW
MDW,2022-06-24 20:53,92.00,54.00,11.00,100.00,30.01,0.00,10.00,FEW
MDW,2022-06-24 21:53,90.00,54.00,11.00,110.00,30.00,0.00,10.00,FEW
MDW,2022-06-24 22:53,89.00,52.00,9.00,90.00,29.99,0.00,10.00,FEW
MDW,2022-06-24 23:53,88.00,53.00,9.00,100.00,29.99,0.00,10.00,FEW
MDW,2022-06-25 00:53,87.00,54.00,8.00,120.00,29.98,0.00,10.00,FEW
MDW,2022-06-25 01:53,84.00,54.00,7.00,90.00,29.99,0.00,10.00,FEW
MDW,2022-06-25 02:53,81.00,55.00,7.00,120.00,30.01,0.00,10.00,CLR
MDW,2022-06-25 03:53,80.00,55.00,6.00,130.00,30.00,0.00,10.00,CLR
MDW,2022-06-25 04:53,79.00,56.00,5.00,130.00,30.01,0.00,10.00,CLR
MDW,2022-06-25 05:53,78.00,56.00,5.00,120.00,30.00,0.00,10.00,CLR
MDW,2022-06-25 06:53,76.00,55.00,5.00,130.00,29.98,0.00,10.00,CLR
MDW,2022-06-25 07:53,76.00,53.00,5.00,170.00,29.99,0.00,10.00,FEW
MDW,2022-06-25 08:53,75.00,52.00,6.00,170.00,30.00,0.00,10.00,SCT
MDW,2022-06-25 09:53,75.00,52.00,5.00,160.00,30.00,0.00,10.00,FEW
MDW,2022-06-25 10:53,74.00,52.00,6.00,180.00,30.01,0.00,10.00,FEW
MDW,2022-06-25 11:53,76.00,53.00,6.00,180.00,29.99,0.00,10.00,FEW
MDW,2022-06-25 12:53,76.00,54.00,7.00,180.00,30.01,0.00,10.00,FEW
MDW,2022-06-25 13:53,76.00,56.00,8.00,220.00,30.04,0.00,10.00,FEW
MDW,2022-06-25 14:53,71.00,60.00,7.00,240.00,30.06,0.02,10.00,FEW
MDW,2022-06-25 15:53,69.00,63.00,6.00,200.00,30.05,0.12,9.00,FEW
MDW,2022-06-25 16:53,70.00,63.00,10.00,180.00,30.02,0.03,9.00,OVC
MDW,2022-06-25 17:53,69.00,63.00,10.00,220.00,30.01,0.06,7.00,FEW
MDW,2022-06-25 18:53,69.00,63.00,16.00,180.00,29.92,0.11,10.00,FEW
MDW,2022-06-25 19:53,76.00,63.00,18.00,200.00,29.93,0.00,10.00,FEW
MDW,2022-06-25 20:53,79.00,62.00,15.00,180.00,29.93,0.00,10.00,BKN
MDW,2022-06-25 21:53,81.00,62.00,11.00,190.00,29.93,0.00,10.00,BKN
MDW,2022-06-25 22:53,80.00,62.00,9.00,190.00,29.92,0.00,10.00,BKN
MDW,2022-06-25 23:53,80.00,63.00,8.00,210.00,29.92,0.00,10.00,SCT
MDW,2022-06-26 00:53,80.00,63.00,6.00,200.00,29.93,0.00,10.00,OVC
MDW,2022-06-26 01:53,80.00,64.00,5.00,170.00,29.93,0.00,10.00,BKN
MDW,2022-06-26 02:53,79.00,65.00,4.00,160.00,29.94,T,10.00,SCT
MDW,2022-06-26 03:53,78.00,66.00,6.00,190.00,29.93,0.00,10.00,SCT
MDW,2022-06-26 04:53,77.00,67.00,4.00,240.00,29.93,0.00,10.00,FEW
MDW,2022-06-26 05:53,77.00,69.00,6.00,200.00,29.95,0.00,10.00,OVC
MDW,2022-06-26 06:53,77.00,69.00,3.00,220.00,29.94,0.00,10.00,FEW
MDW,2022-06-26 07:53,75.00,69.00,3.00,250.00,29.95,0.00,10.00,FEW
MDW,2022-06-26 08:53,74.00,67.00,6.00,320.00,29.97,0.00,10.00,BKN
MDW,2022-06-26 09:53,72.00,67.00,4.00,310.00,29.97,0.00,10.00,SCT
MDW,2022-06-26 10:53,72.00,67.00,5.00,290.00,29.99,0.00,10.00,FEW
MDW,2022-06-26 11:53,73.00,67.00,9.00,300.00,30.01,0.00,10.00,SCT
MDW,2022-06-26 12:53,73.00,65.00,12.00,330.00,30.02,0.00,10.00,SCT
MDW,2022-06-26 13:53,72.00,64.00,11.00,310.00,30.04,0.00,10.00,SCT
MDW,2022-06-26 14:53,75.00,62.00,9.00,340.00,30.04,0.00,10.00,BKN
MDW,2022-06-26 15:53,78.00,61.00,11.00,280.00,30.06,0.00,10.00,SCT
MDW,2022-06-26 16:53,80.00,53.00,14.00,290.00,30.06,0.00,10.00,FEW
MDW,2022-06-26 17:53,81.00,47.00,16.00,310.00,30.05,0.00,10.00,FEW
MDW,2022-06-26 18:53,82.00,50.00,16.00,290.00,30.05,0.00,10.00,FEW
MDW,2022-06-26 19:53,81.00,51.00,17.00,300.00,30.05,0.00,10.00,FEW
MDW,2022-06-26 20:53,81.00,52.00,16.00,290.00,30.04,0.00,10.00,FEW
MDW,2022-06-26 21:53,81.00,51.00,15.00,290.00,30.04,0.00,10.00,FEW
MDW,2022-06-26 22:53,80.00,52.00,15.00,300.00,30.03,0.00,10.00,FEW
MDW,2022-06-26 23:53,79.00,50.00,15.00,330.00,30.05,0.00,10.00,FEW
MDW,2022-06-27 00:53,77.00,49.00,12.00,300.00,30.06,0.00,10.00,FEW
MDW,2022-06-27 01:53,76.00,48.00,11.00,330.00,30.09,0.00,10.00,FEW
MDW,2022-06-27 02:53,74.00,47.00,10.00,310.00,30.14,0.00,10.00,FEW
MDW,2022-06-27 03:53,71.00,47.00,7.00,320.00,30.15,0.00,10.00,FEW
MDW,2022-06-27 04:53,69.00,48.00,5.00,300.00,30.16,0.00,10.00,FEW
MDW,2022-06-27 05:53,68.00,48.00,4.00,280.00,30.17,0.00,10.00,FEW
MDW,2022-06-27 06:53,66.00,48.00,5.00,270.00,30.17,0.00,10.00,FEW
MDW,2022-06-27 07:53,65.00,48.00,6.00,270.00,30.16,0.00,10.00,FEW
MDW,2022-06-27 08:53,64.00,48.00,5.00,290.00,30.16,0.00,10.00,FEW
MDW,2022-06-27 09:53,64.00,48.00,7.00,310.00,30.17,0.00,10.00,FEW
MDW,2022-06-27 10:53,63.00,48.00,6.00,310.00,30.19,0.00,10.00,CLR
MDW,2022-06-27 11:53,67.00,47.00,7.00,330.00,30.21,0.00,10.00,CLR
MDW,2022-06-27 12:53,70.00,44.00,7.00,340.00,30.22,0.00,10.00,CLR
MDW,2022-06-27 13:53,72.00,43.00,11.00,330.00,30.23,0.00,10.00,CLR
MDW,2022-06-27 14:53,74.00,43.00,13.00,310.00,30.24,0.00,10.00,FEW
MDW,2022-06-27 15:53,75.00,43.00,14.00,300.00,30.25,0.00,10.00,FEW
MDW,2022-06-27 16:53,76.00,42.00,15.00,300.00,30.25,0.00,10.00,FEW
MDW,2022-06-27 17:53,77.00,41.00,12.00,340.00,30.24,0.00,10.00,FEW
MDW,2022-06-27 18:53,79.00,40.00,9.00,340.00,30.22,0.00,10.00,FEW
MDW,2022-06-27 19:53,80.00,43.00,8.00,350.00,30.21,0.00,10.00,FEW
MDW,2022-06-27 20:53,77.00,46.00,9.00,90.00,30.21,0.00,10.00,FEW
MDW,2022-06-27 21:53,76.00,48.00,9.00,60.00,30.20,0.00,10.00,FEW
MDW,2022-06-27 22:53,75.00,47.00,5.00,110.00,30.20,0.00,10.00,FEW
MDW,2022-06-27 23:53,74.00,48.00,8.00,80.00,30.21,0.00,10.00,FEW
MDW,2022-06-28 00:53,71.00,49.00,7.00,90.00,30.21,0.00,10.00,FEW
MDW,2022-06-28 01:53,69.00,49.00,7.00,100.00,30.21,0.00,10.00,FEW
MDW,2022-06-28 02:53,69.00,49.00,7.00,110.00,30.23,0.00,10.00,CLR
MDW,2022-06-28 03:53,69.00,49.00,4.00,130.00,30.23,0.00,10.00,CLR
MDW,2022-06-28 04:53,67.00,50.00,4.00,140.00,30.23,0.00,10.00,CLR
MDW,2022-06-28 05:53,67.00,48.00,4.00,160.00,30.22,0.00,10.00,CLR
MDW,2022-06-28 06:53,66.00,46.00,5.00,190.00,30.23,0.00,10.00,CLR
MDW,2022-06-28 07:53,64.00,47.00,5.00,190.00,30.23,0.00,10.00,CLR
MDW,2022-06-28 08:53,64.00,46.00,5.00,200.00,30.23,0.00,10.00,CLR
MDW,2022-06-28 09:53,63.00,46.00,5.00,200.00,30.24,0.00,10.00,CLR
MDW,2022-06-28 10:53,63.00,45.00,8.00,210.00,30.24,0.00,10.00,FEW
MDW,2022-06-28 11:53,66.00,46.00,8.00,210.00,30.24,0.00,10.00,FEW
MDW,2022-06-28 12:53,71.00,46.00,8.00,200.00,30.25,0.00,10.00,FEW
MDW,2022-06-28 13:53,74.00,48.00,9.00,200.00,30.24,0.00,10.00,FEW
MDW,2022-06-28 14:53,77.00,51.00,9.00,230.00,30.24,0.00,10.00,FEW
MDW,2022-06-28 15:53,80.00,52.00,8.00,220.00,30.23,0.00,10.00,CLR
MDW,2022-06-28 16:53,83.00,54.00,10.00,250.00,30.22,0.00,10.00,FEW
MDW,2022-06-28 17:53,85.00,53.00,7.00,220.00,30.20,0.00,10.00,FEW
MDW,2022-06-28 18:53,87.00,51.00,11.00,230.00,30.18,0.00,10.00,FEW
MDW,2022-06-28 19:53,87.00,48.00,10.00,250.00,30.16,0.00,10.00,SCT
MDW,2022-06-28 20:53,87.00,49.00,13.00,210.00,30.14,0.00,10.00,SCT
MDW,2022-06-28 21:53,87.00,49.00,14.00,200.00,30.12,0.00,10.00,SCT
MDW,2022-06-28 22:53,86.00,49.00,11.00,220.00,30.12,0.00,10.00,FEW
MDW,2022-06-28 23:53,84.00,49.00,11.00,240.00,30.11,0.00,10.00,FEW
MDW,2022-06-29 00:53,83.00,49.00,11.00,230.00,30.10,0.00,10.00,FEW
MDW,2022-06-29 01:53,80.00,51.00,9.00,230.00,30.10,0.00,10.00,FEW
MDW,2022-06-29 02:53,78.00,52.00,8.00,230.00,30.11,0.00,10.00,CLR
MDW,2022-06-29 03:53,76.00,53.00,7.00,240.00,30.13,0.00,10.00,CLR
MDW,2022-06-29 04:53,74.00,54.00,8.00,200.00,30.14,0.00,10.00,FEW
MDW,2022-06-29 05:53,73.00,55.00,7.00,210.00,30.13,0.00,10.00,SCT
MDW,2022-06-29 06:53,73.00,55.00,8.00,230.00,30.13,0.00,10.00,FEW
MDW,2022-06-29 07:53,74.00,55.00,9.00,220.00,30.13,0.00,10.00,BKN
MDW,2022-06-29 08:53,73.00,56.00,7.00,270.00,30.15,0.00,10.00,BKN
MDW,2022-06-29 09:53,70.00,58.00,5.00,220.00,30.14,0.02,10.00,BKN
MDW,2022-06-29 10:53,70.00,57.00,8.00,210.00,30.15,0.00,10.00,BKN
MDW,2022-06-29 11:53,72.00,56.00,8.00,220.00,30.15,0.00,10.00,SCT
MDW,2022-06-29 12:53,75.00,57.00,8.00,240.00,30.16,0.00,10.00,BKN
MDW,2022-06-29 13:53,78.00,55.00,8.00,250.00,30.16,0.00,10.00,FEW
MDW,2022-06-29 14:53,80.00,56.00,10.00,280.00,30.16,0.00,10.00,FEW
MDW,2022-06-29 15:53,82.00,57.00,5.00,260.00,30.18,0.00,10.00,FEW
MDW,2022-06-29 16:53,85.00,58.00,0.00,0.00,30.17,0.00,10.00,FEW
MDW,2022-06-29 17:53,86.00,59.00,3.00,240.00,30.16,0.00,10.00,FEW
MDW,2022-06-29 18:53,89.00,59.00,8.00,100.00,30.16,0.00,10.00,FEW
MDW,2022-06-29 19:53,87.00,58.00,10.00,90.00,30.15,0.00,10.00,FEW
MDW,2022-06-29 20:53,85.00,58.00,8.00,70.00,30.14,0.00,10.00,FEW
MDW,2022-06-29 21:53,85.00,60.00,10.00,100.00,30.14,0.00,10.00,FEW
MDW,2022-06-29 22:53,84.00,60.00,7.00,100.00,30.12,0.00,10.00,FEW
MDW,2022-06-29 23:53,82.00,59.00,8.00,90.00,30.11,0.00,10.00,FEW
MDW,2022-06-30 00:53,81.00,59.00,7.00,90.00,30.11,0.00,10.00,FEW
MDW,2022-06-30 01:53,79.00,60.00,6.00,90.00,30.12,0.00,10.00,CLR
MDW,2022-06-30 02:53,78.00,60.00,6.00,130.00,30.13,0.00,10.00,CLR
MDW,2022-06-30 03:53,79.00,60.00,3.00,140.00,30.13,0.00,10.00,CLR
MDW,2022-06-30 04:53,79.00,62.00,5.00,200.00,30.12,0.00,10.00,CLR
MDW,2022-06-30 05:53,80.00,63.00,8.00,210.00,30.12,0.00,10.00,CLR
MDW,2022-06-30 06:53,79.00,63.00,10.00,210.00,30.12,0.00,10.00,CLR
MDW,2022-06-30 07:53,77.00,62.00,9.00,220.00,30.12,0.00,10.00,CLR
MDW,2022-06-30 08:53,76.00,61.00,9.00,220.00,30.11,0.00,10.00,CLR
MDW,2022-06-30 09:53,74.00,60.00,7.00,210.00,30.11,0.00,10.00,FEW
MDW,2022-06-30 10:53,74.00,59.00,8.00,210.00,30.10,0.00,10.00,FEW
MDW,2022-06-30 11:53,77.00,58.00,12.00,200.00,30.07,0.00,10.00,FEW
MDW,2022-06-30 12:53,79.00,59.00,11.00,230.00,30.09,0.00,10.00,FEW
MDW,2022-06-30 13:53,82.00,59.00,14.00,230.00,30.09,0.00,10.00,FEW
MDW,2022-06-30 14:53,85.00,59.00,16.00,230.00,30.07,0.00,10.00,FEW
MDW,2022-06-30 15:53,87.00,59.00,13.00,230.00,30.06,0.00,10.00,SCT
MDW,2022-06-30 16:53,88.00,59.00,14.00,220.00,30.04,0.00,10.00,SCT
MDW,2022-06-30 17:53,91.00,60.00,13.00,220.00,30.01,0.00,10.00,SCT
MDW,2022-06-30 18:53,92.00,59.00,16.00,210.00,29.99,0.00,10.00,FEW
MDW,2022-06-30 19:53,93.00,58.00,15.00,230.00,29.97,0.00,10.00,FEW
MDW,2022-06-30 20:53,93.00,57.00,16.00,210.00,29.97,0.00,10.00,FEW
MDW,2022-06-30 21:53,93.00,55.00,13.00,240.00,29.95,0.00,10.00,FEW
MDW,2022-06-30 22:53,91.00,55.00,16.00,210.00,29.94,0.00,10.00,FEW
MDW,2022-06-30 23:53,91.00,54.00,13.00,210.00,29.94,0.00,10.00,FEW
MDW,2022-07-01 00:53,88.00,55.00,13.00,230.00,29.94,0.00,10.00,FEW
MDW,2022-07-01 01:53,86.00,56.00,9.00,220.00,29.94,0.00,10.00,FEW
MDW,2022-07-01 02:53,84.00,58.00,11.00,210.00,29.95,0.00,10.00,SCT
MDW,2022-07-01 03:53,82.00,58.00,7.00,210.00,29.95,0.00,10.00,FEW
MDW,2022-07-01 04:53,81.00,57.00,9.00,220.00,29.95,0.00,10.00,SCT
MDW,2022-07-01 05:53,80.00,57.00,7.00,210.00,29.95,0.00,10.00,SCT
MDW,2022-07-01 06:53,79.00,57.00,8.00,210.00,29.93,0.00,10.00,SCT
MDW,2022-07-01 07:53,79.00,57.00,9.00,220.00,29.92,0.00,10.00,BKN
MDW,2022-07-01 08:53,77.00,58.00,7.00,220.00,29.92,0.00,10.00,SCT
MDW,2022-07-01 09:53,76.00,59.00,8.00,210.00,29.91,0.00,10.00,FEW
MDW,2022-07-01 10:53,76.00,59.00,8.00,210.00,29.91,0.00,10.00,SCT
MDW,2022-07-01 11:53,78.00,59.00,8.00,250.00,29.92,0.00,10.00,BKN
MDW,2022-07-01 12:53,79.00,59.00,6.00,240.00,29.93,0.00,10.00,FEW
MDW,2022-07-01 13:53,80.00,60.00,5.00,250.00,29.93,0.00,10.00,SCT
MDW,2022-07-01 14:53,81.00,61.00,6.00,320.00,29.94,0.00,10.00,SCT
MDW,2022-07-01 15:53,85.00,61.00,7.00,40.00,29.95,0.00,10.00,FEW
MDW,2022-07-01 16:53,78.00,59.00,13.00,30.00,29.96,0.00,10.00,FEW
MDW,2022-07-01 17:53,75.00,56.00,9.00,40.00,29.99,0.00,10.00,BKN
MDW,2022-07-01 18:53,73.00,59.00,8.00,130.00,30.00,T,10.00,SCT
MDW,2022-07-01 19:53,73.00,59.00,6.00,110.00,29.97,T,10.00,FEW
MDW,2022-07-01 20:53,75.00,58.00,0.00,0.00,29.97,T,10.00,FEW
MDW,2022-07-01 21:53,76.00,58.00,0.00,0.00,29.97,0.00,10.00,FEW
MDW,2022-07-01 22:53,76.00,60.00,4.00,180.00,29.96,0.00,10.00,FEW
MDW,2022-07-01 23:53,76.00,61.00,0.00,0.00,29.97,0.00,10.00,FEW
MDW,2022-07-02 00:53,75.00,59.00,7.00,120.00,29.96,0.00,10.00,FEW
MDW,2022-07-02 01:53,73.00,60.00,4.00,130.00,29.97,0.00,10.00,FEW
MDW,2022-07-02 02:53,73.00,61.00,3.00,190.00,29.98,0.00,10.00,CLR
MDW,2022-07-02 03:53,72.00,61.00,0.00,0.00,29.99,0.00,10.00,CLR
MDW,2022-07-02 04:53,71.00,61.00,0.00,0.00,29.99,0.00,10.00,FEW
MDW,2022-07-02 05:53,71.00,61.00,0.00,0.00,30.00,0.00,10.00,FEW
MDW,2022-07-02 06:53,69.00,61.00,0.00,0.00,30.00,0.00,10.00,FEW
MDW,2022-07-02 07:53,69.00,62.00,3.00,220.00,30.00,0.00,6.00,FEW
MDW,2022-07-02 08:53,68.00,62.00,0.00,0.00,30.01,0.00,7.00,FEW
MDW,2022-07-02 09:53,67.00,61.00,0.00,0.00,30.01,0.00,9.00,FEW
MDW,2022-07-02 10:53,66.00,60.00,3.00,240.00,30.02,0.00,9.00,FEW
MDW,2022-07-02 11:53,71.00,60.00,0.00,0.00,30.03,0.00,10.00,FEW
MDW,2022-07-02 12:53,74.00,55.00,6.00,350.00,30.04,0.00,10.00,BKN
MDW,2022-07-02 13:53,78.00,50.00,5.00,340.00,30.04,0.00,10.00,SCT
MDW,2022-07-02 14:53,81.00,48.00,4.00,360.00,30.06,0.00,10.00,SCT
MDW,2022-07-02 15:53,85.00,45.00,8.00,30.00,30.06,0.00,10.00,BKN
MDW,2022-07-02 16:53,84.00,47.00,7.00,20.00,30.07,0.00,10.00,FEW
MDW,2022-07-02 17:53,84.00,48.00,8.00,80.00,30.07,0.00,10.00,FEW
MDW,2022-07-02 18:53,85.00,48.00,10.00,60.00,30.05,0.00,10.00,FEW
MDW,2022-07-02 19:53,85.00,47.00,11.00,100.00,30.04,0.00,10.00,FEW
MDW,2022-07-02 20:53,85.00,46.00,3.00,90.00,30.04,0.00,10.00,FEW
MDW,2022-07-02 21:53,84.00,45.00,10.00,120.00,30.04,0.00,10.00,FEW
MDW,2022-07-02 22:53,83.00,45.00,9.00,110.00,30.04,0.00,10.00,FEW
MDW,2022-07-02 23:53,82.00,45.00,7.00,120.00,30.04,0.00,10.00,FEW
MDW,2022-07-03 00:53,81.00,46.00,7.00,120.00,30.05,0.00,10.00,FEW
MDW,2022-07-03 01:53,80.00,46.00,5.00,160.00,30.05,0.00,10.00,FEW
MDW,2022-07-03 02:53,79.00,47.00,5.00,190.00,30.07,0.00,10.00,FEW
MDW,2022-07-03 03:53,77.00,48.00,5.00,200.00,30.06,0.00,10.00,SCT
MDW,2022-07-03 04:53,76.00,48.00,5.00,200.00,30.07,0.00,10.00,BKN
MDW,2022-07-03 05:53,76.00,49.00,6.00,210.00,30.08,0.00,10.00,BKN
MDW,2022-07-03 06:53,75.00,49.00,7.00,220.00,30.07,0.00,10.00,BKN
MDW,2022-07-03 07:53,74.00,50.00,4.00,240.00,30.07,0.00,10.00,SCT
MDW,2022-07-03 08:53,71.00,52.00,4.00,250.00,30.08,0.00,10.00,FEW
MDW,2022-07-03 09:53,71.00,53.00,4.00,250.00,30.10,0.00,10.00,FEW
MDW,2022-07-03 10:53,70.00,55.00,3.00,290.00,30.12,0.00,10.00,FEW
MDW,2022-07-03 11:53,74.00,56.00,5.00,330.00,30.14,0.00,10.00,FEW
MDW,2022-07-03 12:53,77.00,58.00,6.00,310.00,30.14,0.00,10.00,CLR
MDW,2022-07-03 13:53,80.00,58.00,0.00,0.00,30.14,0.00,10.00,CLR
MDW,2022-07-03 14:53,83.00,58.00,3.00,M,30.15,0.00,10.00,CLR
MDW,2022-07-03 15:53,85.00,57.00,0.00,0.00,30.14,0.00,10.00,FEW
MDW,2022-07-03 16:53,87.00,57.00,4.00,M,30.14,0.00,10.00,FEW
MDW,2022-07-03 17:53,86.00,59.00,11.00,80.00,30.13,0.00,10.00,FEW
MDW,2022-07-03 18:53,86.00,58.00,9.00,80.00,30.13,0.00,10.00,FEW
MDW,2022-07-03 19:53,87.00,58.00,8.00,80.00,30.12,0.00,10.00,SCT
MDW,2022-07-03 20:53,87.00,58.00,8.00,80.00,30.12,0.00,10.00,SCT
MDW,2022-07-03 21:53,86.00,58.00,9.00,70.00,30.11,0.00,10.00,FEW
MDW,2022-07-03 22:53,85.00,57.00,10.00,90.00,30.10,0.00,10.00,FEW
MDW,2022-07-03 23:53,84.00,57.00,8.00,90.00,30.10,0.00,10.00,FEW
MDW,2022-07-04 00:53,83.00,57.00,9.00,100.00,30.09,0.00,10.00,FEW
MDW,2022-07-04 01:53,81.00,57.00,8.00,120.00,30.10,0.00,10.00,FEW
MDW,2022-07-04 02:53,80.00,57.00,4.00,120.00,30.12,0.00,10.00,FEW
MDW,2022-07-04 03:53,80.00,58.00,5.00,120.00,30.11,0.00,10.00,CLR
MDW,2022-07-04 04:53,79.00,59.00,5.00,130.00,30.11,0.00,10.00,CLR
MDW,2022-07-04 05:53,78.00,59.00,5.00,140.00,30.10,0.00,10.00,CLR
MDW,2022-07-04 06:53,77.00,58.00,5.00,140.00,30.10,0.00,10.00,CLR
MDW,2022-07-04 07:53,76.00,58.00,4.00,150.00,30.09,0.00,10.00,CLR
MDW,2022-07-04 08:53,75.00,58.00,4.00,160.00,30.09,0.00,10.00,CLR
MDW,2022-07-04 09:53,74.00,58.00,0.00,0.00,30.10,0.00,10.00,FEW
MDW,2022-07-04 10:53,74.00,58.00,4.00,140.00,30.10,0.00,10.00,FEW
MDW,2022-07-04 11:53,76.00,58.00,9.00,180.00,30.09,0.00,10.00,BKN
MDW,2022-07-04 12:53,77.00,58.00,6.00,190.00,30.09,0.00,10.00,FEW
MDW,2022-07-04 13:53,82.00,60.00,5.00,190.00,30.09,0.00,10.00,FEW
MDW,2022-07-04 14:53,85.00,61.00,12.00,200.00,30.06,0.00,10.00,FEW
MDW,2022-07-04 15:53,88.00,60.00,15.00,210.00,30.06,0.00,10.00,FEW
MDW,2022-07-04 16:53,88.00,61.00,12.00,200.00,30.06,0.00,10.00,SCT
MDW,2022-07-04 17:53,88.00,62.00,9.00,200.00,30.04,0.00,10.00,CLR
MDW,2022-07-04 18:53,87.00,62.00,10.00,200.00,30.02,0.00,10.00,FEW
MDW,2022-07-04 19:53,84.00,67.00,8.00,190.00,29.98,0.01,10.00,FEW
MDW,2022-07-04 20:53,81.00,69.00,8.00,170.00,29.96,0.03,10.00,FEW
MDW,2022-07-04 21:53,83.00,70.00,5.00,170.00,29.96,T,10.00,FEW
MDW,2022-07-04 22:53,81.00,70.00,6.00,160.00,29.97,0.07,5.00,FEW
MDW,2022-07-04 23:53,83.00,71.00,11.00,210.00,29.94,0.01,10.00,FEW
MDW,2022-07-05 00:53,82.00,71.00,13.00,190.00,29.91,0.00,10.00,FEW
MDW,2022-07-05 01:53,81.00,71.00,10.00,190.00,29.88,0.00,9.00,FEW
MDW,2022-07-05 02:53,80.00,70.00,8.00,190.00,29.89,0.00,8.00,FEW
MDW,2022-07-05 03:53,81.00,69.00,12.00,210.00,29.90,0.00,8.00,FEW
MDW,2022-07-05 04:53,81.00,70.00,8.00,230.00,29.91,0.00,10.00,FEW
MDW,2022-07-05 05:53,79.00,68.00,11.00,310.00,29.95,0.06,1.75,BKN
MDW,2022-07-05 06:53,74.00,66.00,11.00,320.00,29.89,1.18,7.00,FEW
MDW,2022-07-05 07:53,73.00,68.00,9.00,200.00,29.87,0.11,10.00,BKN
MDW,2022-07-05 08:53,74.00,69.00,6.00,200.00,29.86,0.00,10.00,BKN
MDW,2022-07-05 09:53,76.00,70.00,7.00,200.00,29.87,0.00,10.00,FEW
MDW,2022-07-05 10:53,78.00,72.00,9.00,210.00,29.87,0.00,10.00,FEW
MDW,2022-07-05 11:53,80.00,73.00,11.00,220.00,29.88,0.00,10.00,SCT
MDW,2022-07-05 12:53,84.00,75.00,12.00,240.00,29.88,0.00,10.00,SCT
MDW,2022-07-05 13:53,85.00,75.00,7.00,270.00,29.88,0.00,10.00,SCT
MDW,2022-07-05 14:53,87.00,75.00,8.00,270.00,29.88,0.00,10.00,FEW
MDW,2022-07-05 15:53,91.00,74.00,8.00,290.00,29.88,0.00,10.00,FEW
MDW,2022-07-05 16:53,92.00,75.00,7.00,260.00,29.88,0.00,10.00,SCT
MDW,2022-07-05 17:53,95.00,76.00,5.00,M,29.86,0.00,10.00,SCT
MDW,2022-07-05 18:53,90.00,75.00,10.00,60.00,29.87,0.00,8.00,SCT
MDW,2022-07-05 19:53,92.00,75.00,9.00,80.00,29.85,0.00,9.00,SCT
MDW,2022-07-05 20:53,91.00,75.00,10.00,80.00,29.83,0.00,10.00,SCT
MDW,2022-07-05 21:53,86.00,75.00,7.00,100.00,29.83,0.01,9.00,SCT
MDW,2022-07-05 22:53,85.00,73.00,9.00,100.00,29.82,0.00,10.00,FEW
MDW,2022-07-05 23:53,81.00,71.00,8.00,70.00,29.82,0.00,10.00,FEW
MDW,2022-07-06 00:53,79.00,71.00,6.00,70.00,29.82,0.00,9.00,FEW
MDW,2022-07-06 01:53,79.00,70.00,7.00,360.00,29.87,0.00,9.00,FEW
MDW,2022-07-06 02:53,77.00,71.00,15.00,40.00,29.89,0.03,9.00,SCT
MDW,2022-07-06 03:53,75.00,67.00,9.00,10.00,29.91,T,10.00,FEW
MDW,2022-07-06 04:53,75.00,67.00,8.00,80.00,29.88,0.00,10.00,SCT
MDW,2022-07-06 05:53,75.00,68.00,6.00,M,29.89,0.00,10.00,FEW
MDW,2022-07-06 06:53,74.00,68.00,15.00,320.00,29.95,0.03,5.00,FEW
MDW,2022-07-06 07:53,73.00,69.00,7.00,120.00,29.87,0.23,6.00,FEW
MDW,2022-07-06 08:53,74.00,68.00,7.00,150.00,29.85,T,9.00,FEW
MDW,2022-07-06 09:53,74.00,69.00,9.00,360.00,29.88,T,8.00,FEW
MDW,2022-07-06 10:53,74.00,69.00,7.00,10.00,29.91,T,8.00,FEW
MDW,2022-07-06 11:53,74.00,69.00,7.00,30.00,29.92,0.00,9.00,BKN
MDW,2022-07-06 12:53,74.00,69.00,7.00,20.00,29.92,0.00,10.00,FEW
MDW,2022-07-06 13:53,74.00,68.00,10.00,10.00,29.94,0.00,10.00,BKN
MDW,2022-07-06 14:53,75.00,68.00,8.00,360.00,29.95,0.00,10.00,OVC
MDW,2022-07-06 15:53,79.00,68.00,11.00,10.00,29.96,0.00,10.00,FEW
MDW,2022-07-06 16:53,78.00,67.00,11.00,10.00,29.97,0.00,10.00,FEW
MDW,2022-07-06 17:53,80.00,67.00,8.00,40.00,29.97,0.00,10.00,FEW
MDW,2022-07-06 18:53,81.00,67.00,10.00,30.00,29.97,0.00,10.00,FEW
MDW,2022-07-06 19:53,78.00,67.00,9.00,10.00,29.99,0.00,10.00,BKN
MDW,2022-07-06 20:53,80.00,67.00,12.00,40.00,29.98,0.00,10.00,SCT
MDW,2022-07-06 21:53,80.00,67.00,8.00,10.00,29.99,0.00,10.00,SCT
MDW,2022-07-06 22:53,80.00,67.00,7.00,50.00,29.99,0.00,10.00,FEW
MDW,2022-07-06 23:53,77.00,67.00,8.00,40.00,29.99,0.00,10.00,SCT
MDW,2022-07-07 00:53,74.00,66.00,9.00,10.00,30.00,0.00,8.00,SCT
MDW,2022-07-07 01:53,73.00,65.00,10.00,40.00,30.00,0.00,9.00,FEW
MDW,2022-07-07 02:53,73.00,65.00,8.00,20.00,30.01,0.00,10.00,FEW
MDW,2022-07-07 03:53,72.00,65.00,7.00,360.00,30.02,0.00,10.00,FEW
MDW,2022-07-07 04:53,72.00,65.00,7.00,30.00,30.02,0.00,10.00,FEW
MDW,2022-07-07 05:53,72.00,65.00,7.00,10.00,30.02,0.00,10.00,SCT
MDW,2022-07-07 06:53,72.00,65.00,6.00,30.00,30.01,0.00,10.00,BKN
MDW,2022-07-07 07:53,72.00,66.00,6.00,30.00,30.01,0.00,10.00,BKN
MDW,2022-07-07 08:53,73.00,66.00,3.00,10.00,30.01,0.00,10.00,BKN
MDW,2022-07-07 09:53,73.00,67.00,4.00,40.00,30.01,0.00,10.00,BKN
MDW,2022-07-07 10:53,73.00,67.00,6.00,20.00,30.02,0.00,10.00,BKN
MDW,2022-07-07 11:53,75.00,69.00,4.00,80.00,30.03,0.00,7.00,SCT
MDW,2022-07-07 12:53,77.00,68.00,6.00,100.00,30.03,0.00,8.00,SCT
MDW,2022-07-07 13:53,79.00,67.00,7.00,120.00,30.01,0.00,10.00,FEW
MDW,2022-07-07 14:53,81.00,66.00,6.00,140.00,30.02,0.00,10.00,FEW
MDW,2022-07-07 15:53,83.00,68.00,4.00,M,30.03,0.00,10.00,SCT
MDW,2022-07-07 16:53,83.00,68.00,7.00,80.00,30.02,0.00,10.00,FEW
MDW,2022-07-07 17:53,83.00,68.00,6.00,110.00,30.02,0.00,10.00,FEW
MDW,2022-07-07 18:53,84.00,68.00,6.00,70.00,30.00,0.00,10.00,FEW
MDW,2022-07-07 19:53,84.00,68.00,10.00,90.00,29.98,0.00,10.00,FEW
MDW,2022-07-07 20:53,85.00,68.00,12.00,100.00,29.96,0.00,10.00,FEW
MDW,2022-07-07 21:53,86.00,68.00,13.00,90.00,29.95,0.00,10.00,FEW
MDW,2022-07-07 22:53,84.00,68.00,5.00,90.00,29.97,0.00,10.00,SCT
MDW,2022-07-07 23:53,84.00,68.00,8.00,100.00,29.96,0.00,10.00,FEW
MDW,2022-07-08 00:53,81.00,68.00,9.00,80.00,29.96,0.00,10.00,FEW
MDW,2022-07-08 01:53,79.00,68.00,8.00,90.00,29.98,0.00,10.00,FEW
MDW,2022-07-08 02:53,77.00,66.00,10.00,70.00,30.00,0.00,10.00,FEW
MDW,2022-07-08 03:53,77.00,66.00,8.00,80.00,30.00,0.00,10.00,BKN
MDW,2022-07-08 04:53,77.00,67.00,7.00,100.00,30.00,0.00,10.00,BKN
MDW,2022-07-08 05:53,77.00,68.00,6.00,110.00,29.98,0.00,10.00,BKN
MDW,2022-07-08 06:53,77.00,69.00,5.00,100.00,29.97,0.00,10.00,OVC
MDW,2022-07-08 07:53,77.00,69.00,4.00,100.00,29.97,0.00,10.00,FEW
MDW,2022-07-08 08:53,78.00,69.00,3.00,90.00,29.96,0.00,10.00,FEW
MDW,2022-07-08 09:53,78.00,69.00,5.00,110.00,29.96,0.00,10.00,BKN
MDW,2022-07-08 10:53,78.00,69.00,6.00,90.00,29.98,0.00,10.00,FEW
MDW,2022-07-08 11:53,78.00,69.00,5.00,70.00,29.99,0.00,10.00,SCT
MDW,2022-07-08 12:53,78.00,69.00,3.00,110.00,30.00,0.00,10.00,BKN
MDW,2022-07-08 13:53,79.00,70.00,9.00,60.00,29.99,0.00,10.00,FEW
MDW,2022-07-08 14:53,78.00,70.00,8.00,90.00,30.00,0.00,10.00,BKN
MDW,2022-07-08 15:53,79.00,70.00,10.00,70.00,30.01,0.00,10.00,SCT
MDW,2022-07-08 16:53,80.00,67.00,12.00,70.00,30.02,0.00,10.00,SCT
MDW,2022-07-08 17:53,78.00,69.00,11.00,80.00,30.02,T,10.00,FEW
MDW,2022-07-08 18:53,79.00,69.00,10.00,80.00,30.01,0.00,10.00,FEW
MDW,2022-07-08 19:53,79.00,68.00,10.00,70.00,30.01,0.00,10.00,FEW
MDW,2022-07-08 20:53,80.00,66.00,9.00,80.00,30.01,0.00,10.00,FEW
MDW,2022-07-08 21:53,79.00,68.00,11.00,50.00,30.03,0.00,7.00,FEW
MDW,2022-07-08 22:53,74.00,67.00,12.00,20.00,30.05,0.00,7.00,FEW
MDW,2022-07-08 23:53,75.00,66.00,9.00,20.00,30.05,0.00,7.00,FEW
MDW,2022-07-09 00:53,74.00,66.00,13.00,20.00,30.06,0.00,10.00,FEW
MDW,2022-07-09 01:53,72.00,65.00,14.00,30.00,30.06,0.00,7.00,FEW
MDW,2022-07-09 02:53,73.00,64.00,13.00,20.00,30.08,0.00,8.00,SCT
MDW,2022-07-09 03:53,73.00,65.00,11.00,20.00,30.09,0.00,10.00,BKN
MDW,2022-07-09 04:53,74.00,66.00,13.00,50.00,30.09,0.00,10.00,BKN
MDW,2022-07-09 05:53,73.00,65.00,12.00,50.00,30.08,0.00,10.00,SCT
MDW,2022-07-09 06:53,73.00,65.00,12.00,50.00,30.09,0.00,10.00,BKN
MDW,2022-07-09 07:53,72.00,64.00,11.00,60.00,30.10,0.00,10.00,SCT
MDW,2022-07-09 08:53,71.00,64.00,13.00,60.00,30.09,0.00,10.00,FEW
MDW,2022-07-09 09:53,70.00,62.00,12.00,70.00,30.10,0.00,10.00,FEW
MDW,2022-07-09 10:53,70.00,56.00,14.00,70.00,30.12,0.00,10.00,BKN
MDW,2022-07-09 11:53,72.00,55.00,10.00,70.00,30.14,0.00,10.00,SCT
MDW,2022-07-09 12:53,73.00,54.00,10.00,70.00,30.16,0.00,10.00,FEW
MDW,2022-07-09 13:53,74.00,55.00,12.00,60.00,30.17,0.00,10.00,FEW
MDW,2022-07-09 14:53,75.00,54.00,12.00,70.00,30.18,0.00,10.00,FEW
MDW,2022-07-09 15:53,76.00,56.00,10.00,60.00,30.19,0.00,10.00,FEW
MDW,2022-07-09 16:53,78.00,56.00,10.00,30.00,30.18,0.00,10.00,FEW
MDW,2022-07-09 17:53,77.00,56.00,13.00,70.00,30.18,0.00,10.00,FEW
MDW,2022-07-09 18:53,78.00,55.00,11.00,30.00,30.16,0.00,10.00,FEW
MDW,2022-07-09 19:53,78.00,53.00,14.00,20.00,30.17,0.00,10.00,FEW
MDW,2022-07-09 20:53,78.00,53.00,13.00,10.00,30.17,0.00,10.00,FEW
MDW,2022-07-09 21:53,78.00,55.00,12.00,50.00,30.17,0.00,10.00,FEW
MDW,2022-07-09 22:53,77.00,55.00,12.00,40.00,30.15,0.00,10.00,FEW
MDW,2022-07-09 23:53,76.00,54.00,11.00,30.00,30.15,0.00,10.00,CLR
MDW,2022-07-10 00:53,73.00,54.00,9.00,30.00,30.14,0.00,10.00,CLR
MDW,2022-07-10 01:53,72.00,55.00,8.00,10.00,30.15,0.00,10.00,CLR
MDW,2022-07-10 02:53,70.00,55.00,6.00,30.00,30.16,0.00,10.00,CLR
MDW,2022-07-10 03:53,70.00,56.00,7.00,40.00,30.16,0.00,10.00,CLR
MDW,2022-07-10 04:53,70.00,56.00,7.00,30.00,30.16,0.00,10.00,CLR
MDW,2022-07-10 05:53,69.00,56.00,5.00,360.00,30.16,0.00,10.00,CLR
MDW,2022-07-10 06:53,69.00,56.00,3.00,20.00,30.14,0.00,10.00,CLR
MDW,2022-07-10 07:53,67.00,56.00,4.00,350.00,30.14,0.00,10.00,CLR
MDW,2022-07-10 08:53,67.00,57.00,3.00,350.00,30.12,0.00,10.00,CLR
MDW,2022-07-10 09:53,64.00,57.00,3.00,330.00,30.11,0.00,10.00,CLR
MDW,2022-07-10 10:53,64.00,57.00,3.00,290.00,30.13,0.00,10.00,CLR
MDW,2022-07-10 11:53,69.00,60.00,0.00,0.00,30.14,0.00,10.00,FEW
MDW,2022-07-10 12:53,74.00,59.00,3.00,120.00,30.15,0.00,10.00,FEW
MDW,2022-07-10 13:53,77.00,56.00,4.00,170.00,30.15,0.00,10.00,FEW
MDW,2022-07-10 14:53,80.00,52.00,4.00,M,30.13,0.00,10.00,FEW
MDW,2022-07-10 15:53,81.00,51.00,0.00,0.00,30.11,0.00,10.00,FEW
MDW,2022-07-10 16:53,83.00,49.00,3.00,M,30.10,0.00,10.00,FEW
MDW,2022-07-10 17:53,85.00,49.00,7.00,210.00,30.07,0.00,10.00,FEW
MDW,2022-07-10 18:53,85.00,49.00,5.00,M,30.05,0.00,10.00,FEW
MDW,2022-07-10 19:53,87.00,50.00,7.00,150.00,30.02,0.00,10.00,FEW
MDW,2022-07-10 20:53,87.00,53.00,8.00,250.00,29.99,0.00,10.00,FEW
MDW,2022-07-10 21:53,86.00,50.00,8.00,220.00,29.98,0.00,10.00,FEW
MDW,2022-07-10 22:53,84.00,52.00,6.00,220.00,29.99,0.00,10.00,FEW
MDW,2022-07-10 23:53,84.00,53.00,7.00,200.00,29.97,0.00,10.00,FEW
MDW,2022-07-11 00:53,82.00,56.00,6.00,260.00,30.00,0.00,10.00,FEW
MDW,2022-07-11 01:53,82.00,56.00,12.00,180.00,29.88,T,10.00,FEW
MDW,2022-07-11 02:53,80.00,57.00,9.00,220.00,29.92,0.00,10.00,FEW
MDW,2022-07-11 03:53,78.00,58.00,8.00,240.00,29.93,0.00,10.00,BKN
MDW,2022-07-11 04:53,78.00,57.00,12.00,210.00,29.90,0.00,10.00,SCT
MDW,2022-07-11 05:53,77.00,57.00,9.00,230.00,29.89,0.00,10.00,BKN
MDW,2022-07-11 06:53,76.00,58.00,6.00,210.00,29.88,0.00,10.00,BKN
MDW,2022-07-11 07:53,75.00,58.00,7.00,200.00,29.86,0.00,10.00,SCT
MDW,2022-07-11 08:53,74.00,60.00,7.00,210.00,29.87,0.00,10.00,FEW
MDW,2022-07-11 09:53,73.00,59.00,9.00,220.00,29.87,0.00,10.00,SCT
MDW,2022-07-11 10:53,73.00,59.00,9.00,210.00,29.85,0.00,10.00,SCT
MDW,2022-07-11 11:53,74.00,58.00,11.00,220.00,29.83,0.00,10.00,SCT
MDW,2022-07-11 12:53,75.00,59.00,13.00,230.00,29.85,0.00,10.00,OVC
MDW,2022-07-11 13:53,78.00,62.00,14.00,230.00,29.84,0.00,10.00,FEW
MDW,2022-07-11 14:53,77.00,63.00,15.00,240.00,29.85,0.00,10.00,BKN
MDW,2022-07-11 15:53,78.00,65.00,10.00,260.00,29.83,0.00,10.00,FEW
MDW,2022-07-11 16:53,78.00,67.00,5.00,130.00,29.69,T,10.00,FEW
MDW,2022-07-11 17:53,79.00,67.00,15.00,210.00,29.82,0.00,10.00,BKN
MDW,2022-07-11 18:53,80.00,68.00,14.00,240.00,29.82,0.00,10.00,BKN
MDW,2022-07-11 19:53,84.00,69.00,14.00,210.00,29.77,0.00,10.00,FEW
MDW,2022-07-11 20:53,85.00,69.00,11.00,230.00,29.76,0.00,10.00,FEW
MDW,2022-07-11 21:53,87.00,70.00,12.00,220.00,29.76,0.00,10.00,FEW
MDW,2022-07-11 22:53,86.00,70.00,13.00,230.00,29.74,0.00,10.00,FEW
MDW,2022-07-11 23:53,86.00,70.00,13.00,250.00,29.74,0.00,10.00,BKN
MDW,2022-07-12 00:53,85.00,70.00,12.00,250.00,29.73,0.00,10.00,FEW
MDW,2022-07-12 01:53,84.00,71.00,10.00,240.00,29.74,0.00,10.00,FEW
MDW,2022-07-12 02:53,83.00,68.00,9.00,270.00,29.77,0.00,10.00,FEW
MDW,2022-07-12 03:53,82.00,64.00,12.00,270.00,29.78,0.00,10.00,SCT
MDW,2022-07-12 04:53,80.00,64.00,12.00,270.00,29.79,0.00,10.00,FEW
MDW,2022-07-12 05:53,78.00,64.00,9.00,270.00,29.79,0.00,10.00,CLR
MDW,2022-07-12 06:53,77.00,63.00,11.00,280.00,29.79,0.00,10.00,CLR
MDW,2022-07-12 07:53,75.00,61.00,8.00,270.00,29.79,0.00,10.00,CLR
MDW,2022-07-12 08:53,74.00,60.00,9.00,280.00,29.79,0.00,10.00,CLR
MDW,2022-07-12 09:53,73.00,59.00,9.00,280.00,29.79,0.00,10.00,FEW
MDW,2022-07-12 10:53,72.00,59.00,11.00,300.00,29.82,0.00,10.00,FEW
MDW,2022-07-12 11:53,72.00,58.00,11.00,310.00,29.83,0.00,10.00,FEW
MDW,2022-07-12 12:53,73.00,58.00,12.00,320.00,29.85,0.00,10.00,FEW
MDW,2022-07-12 13:53,76.00,59.00,13.00,310.00,29.86,0.00,10.00,FEW
MDW,2022-07-12 14:53,78.00,58.00,7.00,300.00,29.87,0.00,10.00,FEW
MDW,2022-07-12 15:53,81.00,57.00,11.00,300.00,29.88,0.00,10.00,FEW
MDW,2022-07-12 16:53,83.00,58.00,9.00,300.00,29.88,0.00,10.00,FEW
MDW,2022-07-12 17:53,84.00,58.00,11.00,320.00,29.88,0.00,10.00,FEW
MDW,2022-07-12 18:53,85.00,57.00,8.00,290.00,29.88,0.00,10.00,SCT
MDW,2022-07-12 19:53,87.00,56.00,12.00,310.00,29.88,0.00,10.00,BKN
MDW,2022-07-12 20:53,86.00,56.00,10.00,310.00,29.88,0.00,10.00,BKN
MDW,2022-07-12 21:53,87.00,55.00,13.00,310.00,29.87,0.00,10.00,SCT
MDW,2022-07-12 22:53,87.00,51.00,12.00,300.00,29.87,0.00,10.00,SCT
MDW,2022-07-12 23:53,84.00,53.00,12.00,300.00,29.87,0.00,10.00,FEW
MDW,2022-07-13 00:53,83.00,54.00,7.00,310.00,29.87,0.00,10.00,FEW
MDW,2022-07-13 01:53,81.00,56.00,5.00,300.00,29.88,0.00,10.00,FEW
MDW,2022-07-13 02:53,80.00,56.00,3.00,280.00,29.90,0.00,10.00,CLR
MDW,2022-07-13 03:53,78.00,57.00,5.00,270.00,29.91,0.00,10.00,CLR
MDW,2022-07-13 04:53,77.00,58.00,6.00,240.00,29.92,0.00,10.00,CLR
MDW,2022-07-13 05:53,75.00,59.00,8.00,250.00,29.93,0.00,10.00,FEW
MDW,2022-07-13 06:53,74.00,60.00,5.00,260.00,29.93,0.00,10.00,FEW
MDW,2022-07-13 07:53,72.00,60.00,5.00,230.00,29.93,0.00,10.00,FEW
MDW,2022-07-13 08:53,71.00,60.00,6.00,230.00,29.92,0.00,10.00,SCT
MDW,2022-07-13 09:53,70.00,61.00,8.00,250.00,29.93,0.00,10.00,BKN
MDW,2022-07-13 10:53,70.00,61.00,5.00,270.00,29.94,0.00,10.00,BKN
MDW,2022-07-13 11:53,72.00,61.00,6.00,260.00,29.95,0.00,10.00,BKN
MDW,2022-07-13 12:53,76.00,61.00,6.00,280.00,29.96,0.00,10.00,FEW
MDW,2022-07-13 13:53,79.00,59.00,11.00,310.00,29.97,0.00,10.00,FEW
MDW,2022-07-13 14:53,81.00,59.00,10.00,290.00,29.98,0.00,10.00,BKN
MDW,2022-07-13 15:53,82.00,60.00,8.00,320.00,29.98,0.00,10.00,SCT
MDW,2022-07-13 16:53,84.00,60.00,12.00,330.00,29.98,0.00,10.00,BKN
MDW,2022-07-13 17:53,79.00,64.00,13.00,30.00,29.99,0.00,10.00,SCT
MDW,2022-07-13 18:53,79.00,63.00,11.00,50.00,29.99,0.00,10.00,FEW
MDW,2022-07-13 19:53,81.00,62.00,9.00,70.00,30.00,0.00,10.00,FEW
MDW,2022-07-13 20:53,81.00,61.00,11.00,50.00,30.00,0.00,10.00,FEW
MDW,2022-07-13 21:53,78.00,60.00,12.00,40.00,30.01,0.00,10.00,FEW
MDW,2022-07-13 22:53,77.00,60.00,11.00,50.00,30.01,0.00,10.00,FEW
MDW,2022-07-13 23:53,75.00,58.00,11.00,20.00,30.02,0.00,10.00,FEW
MDW,2022-07-14 00:53,73.00,58.00,11.00,40.00,30.04,0.00,10.00,FEW
MDW,2022-07-14 01:53,72.00,56.00,8.00,40.00,30.05,0.00,10.00,FEW
MDW,2022-07-14 02:53,71.00,58.00,8.00,20.00,30.06,0.00,10.00,FEW
MDW,2022-07-14 03:53,71.00,58.00,7.00,10.00,30.07,0.00,10.00,CLR
MDW,2022-07-14 04:53,70.00,57.00,6.00,10.00,30.07,0.00,10.00,CLR
MDW,2022-07-14 05:53,70.00,53.00,6.00,10.00,30.07,0.00,10.00,CLR
MDW,2022-07-14 06:53,68.00,55.00,4.00,330.00,30.08,0.00,10.00,CLR
MDW,2022-07-14 07:53,66.00,55.00,5.00,300.00,30.09,0.00,10.00,CLR
MDW,2022-07-14 08:53,66.00,55.00,6.00,340.00,30.09,0.00,10.00,CLR
MDW,2022-07-14 09:53,65.00,55.00,6.00,330.00,30.10,0.00,10.00,FEW
MDW,2022-07-14 10:53,64.00,55.00,4.00,310.00,30.11,0.00,10.00,FEW
MDW,2022-07-14 11:53,67.00,56.00,5.00,330.00,30.12,0.00,10.00,FEW
MDW,2022-07-14 12:53,71.00,58.00,7.00,350.00,30.14,0.00,10.00,FEW
MDW,2022-07-14 13:53,73.00,59.00,5.00,330.00,30.16,0.00,10.00,FEW
MDW,2022-07-14 14:53,74.00,60.00,5.00,340.00,30.17,0.00,10.00,FEW
MDW,2022-07-14 15:53,77.00,60.00,6.00,30.00,30.16,0.00,10.00,SCT
MDW,2022-07-14 16:53,79.00,59.00,7.00,360.00,30.16,0.00,10.00,SCT
MDW,2022-07-14 17:53,81.00,60.00,6.00,40.00,30.17,0.00,10.00,SCT
MDW,2022-07-14 18:53,81.00,59.00,4.00,M,30.16,0.00,10.00,FEW
MDW,2022-07-14 19:53,81.00,58.00,3.00,40.00,30.14,0.00,10.00,FEW
MDW,2022-07-14 20:53,81.00,57.00,6.00,10.00,30.14,0.00,10.00,FEW
MDW,2022-07-14 21:53,81.00,56.00,5.00,20.00,30.13,0.00,10.00,FEW
MDW,2022-07-14 22:53,80.00,57.00,8.00,20.00,30.12,0.00,10.00,FEW
MDW,2022-07-14 23:53,77.00,59.00,9.00,80.00,30.12,0.00,10.00,FEW
MDW,2022-07-15 00:53,75.00,59.00,8.00,90.00,30.13,0.00,10.00,FEW
MDW,2022-07-15 01:53,73.00,60.00,6.00,80.00,30.14,0.00,10.00,FEW
MDW,2022-07-15 02:53,72.00,60.00,5.00,80.00,30.16,0.00,10.00,FEW
MDW,2022-07-15 03:53,71.00,61.00,6.00,90.00,30.15,0.00,10.00,FEW
MDW,2022-07-15 04:53,71.00,61.00,5.00,90.00,30.15,0.00,10.00,FEW
MDW,2022-07-15 05:53,71.00,61.00,5.00,90.00,30.15,0.00,10.00,FEW
MDW,2022-07-15 06:53,70.00,62.00,4.00,110.00,30.15,0.00,10.00,SCT
MDW,2022-07-15 07:53,71.00,62.00,3.00,80.00,30.14,0.00,10.00,BKN
MDW,2022-07-15 08:53,71.00,61.00,0.00,0.00,30.13,0.00,10.00,SCT
MDW,2022-07-15 09:53,71.00,62.00,6.00,150.00,30.10,0.00,10.00,SCT
MDW,2022-07-15 10:53,72.00,60.00,4.00,M,30.12,0.00,10.00,FEW
MDW,2022-07-15 11:53,73.00,57.00,3.00,180.00,30.12,0.00,10.00,BKN
MDW,2022-07-15 12:53,72.00,59.00,7.00,250.00,30.14,T,10.00,BKN
MDW,2022-07-15 13:53,69.00,62.00,4.00,160.00,30.14,0.09,8.00,SCT
MDW,2022-07-15 14:53,70.00,64.00,5.00,170.00,30.15,0.08,7.00,OVC
MDW,2022-07-15 15:53,70.00,64.00,6.00,210.00,30.16,0.02,9.00,OVC
MDW,2022-07-15 16:53,70.00,65.00,6.00,210.00,30.15,0.12,4.00,FEW
MDW,2022-07-15 17:53,70.00,66.00,7.00,180.00,30.08,0.14,3.00,FEW
MDW,2022-07-15 18:53,72.00,67.00,8.00,150.00,30.03,0.02,8.00,SCT
MDW,2022-07-15 19:53,75.00,68.00,5.00,240.00,30.05,T,10.00,FEW
MDW,2022-07-15 20:53,74.00,67.00,8.00,250.00,30.07,T,10.00,BKN
MDW,2022-07-15 21:53,73.00,68.00,7.00,200.00,30.06,0.11,5.00,SCT
MDW,2022-07-15 22:53,73.00,68.00,4.00,200.00,30.06,0.05,5.00,SCT
MDW,2022-07-15 23:53,72.00,67.00,6.00,180.00,30.04,0.07,9.00,FEW
MDW,2022-07-16 00:53,73.00,68.00,7.00,190.00,30.03,T,10.00,FEW
MDW,2022-07-16 01:53,73.00,68.00,3.00,190.00,30.04,T,10.00,FEW
MDW,2022-07-16 02:53,73.00,67.00,6.00,180.00,30.05,T,10.00,FEW
MDW,2022-07-16 03:53,73.00,68.00,5.00,40.00,30.04,T,9.00,FEW
MDW,2022-07-16 04:53,73.00,68.00,4.00,60.00,30.04,T,9.00,FEW
MDW,2022-07-16 05:53,73.00,68.00,5.00,90.00,30.04,T,6.00,OVC
MDW,2022-07-16 06:53,73.00,68.00,6.00,70.00,30.03,0.00,4.00,FEW
MDW,2022-07-16 07:53,73.00,68.00,8.00,80.00,30.01,T,3.00,SCT
MDW,2022-07-16 08:53,73.00,68.00,8.00,70.00,30.00,T,5.00,FEW
MDW,2022-07-16 09:53,73.00,68.00,10.00,70.00,30.00,0.00,5.00,FEW
MDW,2022-07-16 10:53,72.00,67.00,11.00,50.00,30.00,0.00,6.00,BKN
MDW,2022-07-16 11:53,71.00,66.00,11.00,50.00,30.01,0.00,8.00,OVC
MDW,2022-07-16 12:53,71.00,66.00,11.00,50.00,30.00,0.00,9.00,OVC
MDW,2022-07-16 13:53,73.00,66.00,12.00,70.00,29.99,0.00,8.00,OVC
MDW,2022-07-16 14:53,75.00,67.00,11.00,70.00,29.98,0.00,10.00,BKN
MDW,2022-07-16 15:53,75.00,67.00,10.00,50.00,29.97,0.00,10.00,OVC
MDW,2022-07-16 16:53,76.00,67.00,8.00,80.00,29.98,0.00,10.00,BKN
MDW,2022-07-16 17:53,76.00,67.00,8.00,70.00,29.97,0.00,10.00,BKN
MDW,2022-07-16 18:53,77.00,67.00,12.00,20.00,29.96,0.00,10.00,BKN
MDW,2022-07-16 19:53,77.00,66.00,12.00,20.00,29.96,0.00,10.00,BKN
MDW,2022-07-16 20:53,78.00,66.00,11.00,30.00,29.95,0.00,10.00,BKN
MDW,2022-07-16 21:53,76.00,65.00,12.00,20.00,29.95,0.00,10.00,BKN
MDW,2022-07-16 22:53,74.00,64.00,9.00,20.00,29.95,0.00,10.00,OVC
MDW,2022-07-16 23:53,74.00,64.00,11.00,50.00,29.94,0.00,10.00,SCT
MDW,2022-07-17 00:53,73.00,64.00,8.00,30.00,29.94,0.00,10.00,FEW
MDW,2022-07-17 01:53,72.00,65.00,8.00,20.00,29.93,0.00,10.00,FEW
MDW,2022-07-17 02:53,72.00,65.00,8.00,40.00,29.93,0.00,10.00,FEW
MDW,2022-07-17 03:53,73.00,65.00,5.00,30.00,29.92,0.00,10.00,SCT
MDW,2022-07-17 04:53,72.00,65.00,7.00,20.00,29.91,0.00,10.00,FEW
MDW,2022-07-17 05:53,73.00,66.00,6.00,20.00,29.89,0.00,10.00,BKN
MDW,2022-07-17 06:53,73.00,66.00,7.00,10.00,29.89,0.00,8.00,FEW
MDW,2022-07-17 07:53,72.00,67.00,4.00,40.00,29.87,0.27,2.00,FEW
MDW,2022-07-17 08:53,73.00,68.00,5.00,30.00,29.85,0.41,6.00,SCT
MDW,2022-07-17 09:53,72.00,69.00,9.00,10.00,29.84,1.31,3.00,SCT
MDW,2022-07-17 10:53,73.00,69.00,8.00,60.00,29.85,T,5.00,BKN
MDW,2022-07-17 11:53,74.00,70.00,4.00,10.00,29.85,T,10.00,SCT
MDW,2022-07-17 12:53,75.00,69.00,4.00,90.00,29.86,0.00,10.00,SCT
MDW,2022-07-17 13:53,77.00,68.00,0.00,0.00,29.87,0.00,10.00,SCT
MDW,2022-07-17 14:53,77.00,69.00,4.00,10.00,29.87,0.00,10.00,SCT
MDW,2022-07-17 15:53,77.00,70.00,7.00,20.00,29.87,0.00,10.00,SCT
MDW,2022-07-17 16:53,76.00,69.00,4.00,360.00,29.87,0.00,10.00,BKN
MDW,2022-07-17 17:53,76.00,69.00,7.00,10.00,29.86,0.00,8.00,BKN
MDW,2022-07-17 18:53,75.00,69.00,9.00,20.00,29.86,0.00,6.00,BKN
MDW,2022-07-17 19:53,75.00,68.00,7.00,20.00,29.87,0.00,6.00,OVC
MDW,2022-07-17 20:53,75.00,68.00,8.00,360.00,29.86,0.00,7.00,OVC
MDW,2022-07-17 21:53,76.00,68.00,7.00,20.00,29.86,0.00,10.00,OVC
MDW,2022-07-17 22:53,77.00,67.00,10.00,20.00,29.86,0.00,10.00,OVC
MDW,2022-07-17 23:53,76.00,67.00,10.00,40.00,29.86,0.00,10.00,BKN
MDW,2022-07-18 00:53,75.00,67.00,11.00,30.00,29.86,0.00,10.00,FEW
MDW,2022-07-18 01:53,75.00,68.00,6.00,20.00,29.86,0.00,10.00,BKN
MDW,2022-07-18 02:53,75.00,66.00,6.00,20.00,29.87,0.00,10.00,OVC
MDW,2022-07-18 03:53,74.00,65.00,5.00,20.00,29.87,0.00,10.00,OVC
MDW,2022-07-18 04:53,74.00,65.00,4.00,10.00,29.88,0.00,10.00,SCT
MDW,2022-07-18 05:53,73.00,65.00,4.00,360.00,29.87,0.00,10.00,BKN
MDW,2022-07-18 06:53,71.00,65.00,4.00,300.00,29.86,0.00,10.00,BKN
MDW,2022-07-18 07:53,73.00,66.00,3.00,290.00,29.87,0.00,10.00,BKN
MDW,2022-07-18 08:53,72.00,65.00,5.00,300.00,29.88,0.00,10.00,SCT
MDW,2022-07-18 09:53,72.00,65.00,4.00,310.00,29.89,0.00,10.00,SCT
MDW,2022-07-18 10:53,73.00,64.00,3.00,300.00,29.89,0.00,10.00,SCT
MDW,2022-07-18 11:53,73.00,64.00,7.00,300.00,29.91,0.00,10.00,FEW
MDW,2022-07-18 12:53,76.00,64.00,6.00,310.00,29.92,0.00,10.00,CLR
MDW,2022-07-18 13:53,79.00,62.00,9.00,330.00,29.93,0.00,10.00,CLR
MDW,2022-07-18 14:53,82.00,61.00,8.00,350.00,29.92,0.00,10.00,CLR
MDW,2022-07-18 15:53,84.00,61.00,5.00,340.00,29.91,0.00,10.00,FEW
MDW,2022-07-18 16:53,88.00,56.00,7.00,320.00,29.91,0.00,10.00,FEW
MDW,2022-07-18 17:53,87.00,58.00,5.00,10.00,29.89,0.00,10.00,FEW
MDW,2022-07-18 18:53,88.00,59.00,0.00,0.00,29.89,0.00,10.00,FEW
MDW,2022-07-18 19:53,89.00,61.00,7.00,120.00,29.87,0.00,10.00,FEW
MDW,2022-07-18 20:53,90.00,62.00,4.00,90.00,29.87,0.00,10.00,FEW
MDW,2022-07-18 21:53,88.00,61.00,8.00,90.00,29.86,0.00,10.00,FEW
MDW,2022-07-18 22:53,88.00,61.00,6.00,110.00,29.86,0.00,10.00,FEW
MDW,2022-07-18 23:53,89.00,62.00,3.00,110.00,29.86,0.00,10.00,FEW
MDW,2022-07-19 00:53,87.00,64.00,8.00,310.00,29.86,0.00,10.00,FEW
MDW,2022-07-19 01:53,85.00,63.00,5.00,290.00,29.87,0.00,10.00,FEW
MDW,2022-07-19 02:53,82.00,65.00,7.00,260.00,29.88,0.00,10.00,FEW
MDW,2022-07-19 03:53,80.00,66.00,8.00,250.00,29.87,0.00,10.00,CLR
MDW,2022-07-19 04:53,79.00,66.00,5.00,260.00,29.88,0.00,10.00,CLR
MDW,2022-07-19 05:53,78.00,66.00,3.00,240.00,29.89,0.00,10.00,CLR
MDW,2022-07-19 06:53,77.00,67.00,5.00,230.00,29.87,0.00,10.00,CLR
MDW,2022-07-19 07:53,76.00,66.00,6.00,230.00,29.87,0.00,10.00,CLR
MDW,2022-07-19 08:53,75.00,66.00,6.00,220.00,29.86,0.00,10.00,CLR
MDW,2022-07-19 09:53,75.00,66.00,4.00,230.00,29.88,0.00,10.00,FEW
MDW,2022-07-19 10:53,74.00,66.00,4.00,220.00,29.89,0.00,10.00,FEW
MDW,2022-07-19 11:53,75.00,66.00,5.00,230.00,29.90,0.00,10.00,FEW
MDW,2022-07-19 12:53,78.00,67.00,9.00,250.00,29.91,0.00,10.00,FEW
MDW,2022-07-19 13:53,82.00,67.00,11.00,250.00,29.90,0.00,10.00,FEW
MDW,2022-07-19 14:53,84.00,66.00,10.00,220.00,29.90,0.00,10.00,FEW
MDW,2022-07-19 15:53,86.00,65.00,8.00,230.00,29.89,0.00,10.00,FEW
MDW,2022-07-19 16:53,87.00,64.00,11.00,220.00,29.87,0.00,10.00,FEW
MDW,2022-07-19 17:53,89.00,66.00,10.00,240.00,29.86,0.00,10.00,FEW
MDW,2022-07-19 18:53,88.00,65.00,10.00,250.00,29.85,0.00,10.00,FEW
MDW,2022-07-19 19:53,89.00,65.00,10.00,220.00,29.82,0.00,10.00,FEW
MDW,2022-07-19 20:53,91.00,66.00,15.00,180.00,29.79,0.00,10.00,FEW
MDW,2022-07-19 21:53,89.00,64.00,18.00,210.00,29.78,0.00,10.00,FEW
MDW,2022-07-19 22:53,89.00,65.00,15.00,200.00,29.77,0.00,10.00,SCT
MDW,2022-07-19 23:53,87.00,65.00,16.00,210.00,29.76,0.00,10.00,FEW
MDW,2022-07-20 00:53,86.00,66.00,15.00,200.00,29.75,0.00,10.00,FEW
MDW,2022-07-20 01:53,85.00,66.00,13.00,200.00,29.74,0.00,10.00,FEW
MDW,2022-07-20 02:53,84.00,67.00,11.00,200.00,29.75,0.00,10.00,SCT
MDW,2022-07-20 03:53,83.00,67.00,13.00,210.00,29.75,0.00,10.00,FEW
MDW,2022-07-20 04:53,82.00,67.00,13.00,210.00,29.74,0.00,10.00,FEW
MDW,2022-07-20 05:53,81.00,67.00,10.00,200.00,29.73,0.00,10.00,FEW
MDW,2022-07-20 06:53,80.00,67.00,10.00,210.00,29.70,0.00,10.00,FEW
MDW,2022-07-20 07:53,80.00,68.00,11.00,200.00,29.68,0.00,10.00,FEW
MDW,2022-07-20 08:53,80.00,68.00,11.00,200.00,29.66,0.00,10.00,SCT
MDW,2022-07-20 09:53,79.00,69.00,8.00,210.00,29.65,0.00,10.00,BKN
MDW,2022-07-20 10:53,79.00,70.00,8.00,210.00,29.65,0.00,10.00,SCT
MDW,2022-07-20 11:53,79.00,71.00,12.00,200.00,29.62,0.00,10.00,FEW
MDW,2022-07-20 12:53,81.00,72.00,12.00,230.00,29.62,0.00,10.00,FEW
MDW,2022-07-20 13:53,84.00,71.00,13.00,230.00,29.62,0.00,10.00,FEW
MDW,2022-07-20 14:53,86.00,66.00,17.00,270.00,29.60,0.00,10.00,FEW
MDW,2022-07-20 15:53,88.00,64.00,14.00,280.00,29.60,0.00,10.00,FEW
MDW,2022-07-20 16:53,88.00,64.00,14.00,250.00,29.60,0.00,10.00,FEW
MDW,2022-07-20 17:53,88.00,64.00,16.00,270.00,29.61,0.00,10.00,FEW
MDW,2022-07-20 18:53,88.00,64.00,21.00,280.00,29.63,0.00,10.00,BKN
MDW,2022-07-20 19:53,87.00,64.00,20.00,260.00,29.62,0.00,10.00,BKN
MDW,2022-07-20 20:53,87.00,64.00,21.00,280.00,29.62,0.00,10.00,BKN
MDW,2022-07-20 21:53,86.00,64.00,15.00,260.00,29.63,0.00,10.00,BKN
MDW,2022-07-20 22:53,86.00,65.00,16.00,270.00,29.64,0.00,10.00,BKN
MDW,2022-07-20 23:53,86.00,64.00,15.00,290.00,29.65,0.00,10.00,FEW
MDW,2022-07-21 00:53,84.00,64.00,11.00,300.00,29.67,0.00,10.00,FEW
MDW,2022-07-21 01:53,83.00,65.00,9.00,270.00,29.68,0.00,10.00,FEW
MDW,2022-07-21 02:53,83.00,67.00,12.00,260.00,29.69,0.00,10.00,FEW
MDW,2022-07-21 03:53,82.00,66.00,9.00,280.00,29.69,0.00,10.00,FEW
MDW,2022-07-21 04:53,81.00,64.00,8.00,280.00,29.69,0.00,10.00,CLR
MDW,2022-07-21 05:53,79.00,63.00,9.00,280.00,29.69,0.00,10.00,CLR
MDW,2022-07-21 06:53,77.00,61.00,7.00,280.00,29.70,0.00,10.00,CLR
MDW,2022-07-21 07:53,76.00,60.00,7.00,280.00,29.71,0.00,10.00,CLR
MDW,2022-07-21 08:53,74.00,59.00,6.00,300.00,29.72,0.00,10.00,CLR
MDW,2022-07-21 09:53,73.00,58.00,5.00,280.00,29.73,0.00,10.00,CLR
MDW,2022-07-21 10:53,72.00,58.00,7.00,270.00,29.76,0.00,10.00,CLR
MDW,2022-07-21 11:53,74.00,59.00,9.00,280.00,29.78,0.00,10.00,CLR
MDW,2022-07-21 12:53,77.00,61.00,9.00,290.00,29.80,0.00,10.00,CLR
MDW,2022-07-21 13:53,82.00,62.00,8.00,280.00,29.81,0.00,10.00,FEW
MDW,2022-07-21 14:53,85.00,63.00,6.00,270.00,29.81,0.00,10.00,FEW
MDW,2022-07-21 15:53,88.00,63.00,10.00,260.00,29.80,0.00,10.00,FEW
MDW,2022-07-21 16:53,89.00,65.00,10.00,240.00,29.80,0.00,10.00,FEW
MDW,2022-07-21 17:53,91.00,63.00,13.00,260.00,29.80,0.00,10.00,FEW
MDW,2022-07-21 18:53,93.00,64.00,16.00,250.00,29.79,0.00,10.00,FEW
MDW,2022-07-21 19:53,93.00,64.00,14.00,260.00,29.78,0.00,10.00,FEW
MDW,2022-07-21 20:53,94.00,65.00,17.00,250.00,29.77,0.00,10.00,FEW
MDW,2022-07-21 21:53,93.00,66.00,19.00,240.00,29.77,0.00,10.00,BKN
MDW,2022-07-21 22:53,90.00,66.00,15.00,240.00,29.76,0.00,10.00,SCT
MDW,2022-07-21 23:53,90.00,66.00,18.00,240.00,29.75,0.00,10.00,SCT
MDW,2022-07-22 00:53,88.00,67.00,12.00,240.00,29.75,0.00,10.00,FEW
MDW,2022-07-22 01:53,87.00,69.00,10.00,270.00,29.77,0.00,10.00,FEW
MDW,2022-07-22 02:53,85.00,68.00,8.00,290.00,29.79,0.00,10.00,FEW
MDW,2022-07-22 03:53,83.00,66.00,8.00,270.00,29.81,0.00,10.00,FEW
MDW,2022-07-22 04:53,82.00,64.00,8.00,290.00,29.83,0.00,10.00,CLR
MDW,2022-07-22 05:53,80.00,64.00,6.00,290.00,29.85,0.00,10.00,CLR
MDW,2022-07-22 06:53,78.00,62.00,5.00,290.00,29.86,0.00,10.00,CLR
MDW,2022-07-22 07:53,77.00,62.00,6.00,310.00,29.87,0.00,10.00,CLR
MDW,2022-07-22 08:53,75.00,61.00,6.00,300.00,29.89,0.00,10.00,FEW
MDW,2022-07-22 09:53,73.00,61.00,4.00,310.00,29.90,0.00,10.00,FEW
MDW,2022-07-22 10:53,71.00,60.00,3.00,290.00,29.93,0.00,10.00,FEW
MDW,2022-07-22 11:53,74.00,60.00,7.00,290.00,29.96,0.00,10.00,FEW
MDW,2022-07-22 12:53,77.00,59.00,7.00,310.00,29.97,0.00,10.00,SCT
MDW,2022-07-22 13:53,80.00,58.00,3.00,330.00,29.96,0.00,10.00,BKN
MDW,2022-07-22 14:53,83.00,56.00,3.00,280.00,29.95,0.00,10.00,FEW
MDW,2022-07-22 19:53,91.00,56.00,5.00,220.00,29.94,0.00,10.00,FEW
MDW,2022-07-22 20:53,92.00,58.00,12.00,220.00,29.94,0.00,10.00,FEW
MDW,2022-07-22 21:53,90.00,57.00,11.00,210.00,29.94,0.00,10.00,FEW
MDW,2022-07-22 22:53,90.00,57.00,14.00,210.00,29.95,0.00,10.00,FEW
MDW,2022-07-22 23:53,88.00,63.00,8.00,220.00,29.94,0.00,10.00,FEW
MDW,2022-07-23 00:53,86.00,60.00,9.00,210.00,29.94,0.00,10.00,FEW
MDW,2022-07-23 01:53,85.00,62.00,5.00,200.00,29.94,T,10.00,SCT
MDW,2022-07-23 02:53,84.00,64.00,7.00,200.00,29.94,0.00,10.00,SCT
MDW,2022-07-23 03:53,83.00,66.00,6.00,190.00,29.93,0.00,10.00,FEW
MDW,2022-07-23 04:53,81.00,66.00,4.00,180.00,29.93,0.00,10.00,FEW
MDW,2022-07-23 05:53,82.00,66.00,13.00,220.00,29.90,0.00,10.00,SCT
MDW,2022-07-23 06:53,81.00,67.00,8.00,210.00,29.92,0.00,10.00,FEW
MDW,2022-07-23 07:53,81.00,68.00,7.00,160.00,29.89,0.00,10.00,FEW
MDW,2022-07-23 08:53,80.00,70.00,6.00,230.00,29.87,0.00,10.00,SCT
MDW,2022-07-23 09:53,76.00,64.00,21.00,60.00,29.90,0.00,10.00,BKN
MDW,2022-07-23 10:53,71.00,67.00,13.00,330.00,30.03,0.47,0.75,FEW
MDW,2022-07-23 11:53,71.00,67.00,9.00,120.00,29.94,0.64,10.00,FEW
MDW,2022-07-23 12:53,71.00,67.00,7.00,110.00,29.98,0.00,10.00,FEW
MDW,2022-07-23 13:53,76.00,69.00,11.00,150.00,29.97,0.00,10.00,FEW
MDW,2022-07-23 14:53,77.00,70.00,12.00,170.00,29.98,0.00,10.00,FEW
MDW,2022-07-23 15:53,73.00,67.00,11.00,190.00,29.98,0.01,10.00,FEW
MDW,2022-07-23 16:53,78.00,69.00,11.00,210.00,29.98,T,10.00,FEW
MDW,2022-07-23 17:53,75.00,69.00,11.00,200.00,29.96,0.02,10.00,FEW
MDW,2022-07-23 18:53,78.00,71.00,10.00,200.00,29.94,T,10.00,FEW
MDW,2022-07-23 19:53,84.00,68.00,14.00,200.00,29.93,0.00,10.00,FEW
MDW,2022-07-23 20:53,87.00,69.00,17.00,220.00,29.94,0.00,10.00,FEW
MDW,2022-07-23 21:53,88.00,67.00,18.00,230.00,29.93,0.00,10.00,FEW
MDW,2022-07-23 22:53,83.00,65.00,13.00,220.00,29.90,0.00,10.00,FEW
MDW,2022-07-23 23:53,83.00,65.00,12.00,220.00,29.88,0.00,10.00,FEW
MDW,2022-07-24 00:53,83.00,66.00,12.00,220.00,29.87,0.00,10.00,FEW
MDW,2022-07-24 01:53,82.00,67.00,10.00,200.00,29.90,0.00,10.00,SCT
MDW,2022-07-24 02:53,81.00,68.00,10.00,210.00,29.90,0.00,10.00,FEW
MDW,2022-07-24 03:53,80.00,69.00,6.00,190.00,29.87,0.00,10.00,FEW
MDW,2022-07-24 04:53,80.00,70.00,7.00,180.00,29.84,0.00,10.00,BKN
MDW,2022-07-24 05:53,82.00,71.00,8.00,190.00,29.84,0.00,10.00,BKN
MDW,2022-07-24 06:53,82.00,72.00,10.00,210.00,29.85,0.00,10.00,SCT
MDW,2022-07-24 07:53,82.00,71.00,10.00,210.00,29.82,0.00,10.00,FEW
MDW,2022-07-24 08:53,82.00,70.00,10.00,230.00,29.83,T,10.00,SCT
MDW,2022-07-24 09:53,81.00,71.00,6.00,240.00,29.82,T,9.00,FEW
MDW,2022-07-24 10:53,80.00,72.00,8.00,310.00,29.91,0.01,9.00,SCT
MDW,2022-07-24 11:53,78.00,70.00,15.00,220.00,29.87,0.12,6.00,FEW
MDW,2022-07-24 12:53,75.00,70.00,19.00,220.00,29.89,0.18,3.00,BKN
MDW,2022-07-24 13:53,75.00,71.00,14.00,190.00,29.84,0.05,10.00,FEW
MDW,2022-07-24 14:53,77.00,69.00,12.00,200.00,29.84,0.00,10.00,BKN
MDW,2022-07-24 15:53,78.00,70.00,14.00,200.00,29.85,0.00,10.00,FEW
MDW,2022-07-24 16:53,81.00,71.00,15.00,210.00,29.85,0.00,10.00,FEW
MDW,2022-07-24 17:53,84.00,71.00,17.00,220.00,29.84,0.00,10.00,SCT
MDW,2022-07-24 18:53,83.00,72.00,12.00,220.00,29.84,0.00,10.00,SCT
MDW,2022-07-24 19:53,84.00,73.00,10.00,250.00,29.84,0.00,10.00,SCT
MDW,2022-07-24 20:53,86.00,72.00,6.00,260.00,29.83,0.00,10.00,FEW
MDW,2022-07-24 21:53,87.00,69.00,12.00,280.00,29.84,0.00,10.00,SCT
MDW,2022-07-24 22:53,87.00,68.00,14.00,280.00,29.84,0.00,10.00,SCT
MDW,2022-07-24 23:53,86.00,64.00,11.00,300.00,29.85,0.00,10.00,SCT
MDW,2022-07-25 00:53,84.00,65.00,13.00,310.00,29.88,0.00,10.00,SCT
MDW,2022-07-25 01:53,81.00,63.00,9.00,300.00,29.90,0.00,10.00,FEW
MDW,2022-07-25 02:53,79.00,62.00,6.00,300.00,29.92,0.00,10.00,FEW
MDW,2022-07-25 03:53,78.00,62.00,7.00,330.00,29.95,0.00,10.00,FEW
MDW,2022-07-25 04:53,76.00,60.00,5.00,320.00,29.95,0.00,10.00,FEW
MDW,2022-07-25 05:53,75.00,59.00,6.00,310.00,29.96,0.00,10.00,FEW
MDW,2022-07-25 06:53,73.00,61.00,5.00,310.00,29.97,0.00,10.00,SCT
MDW,2022-07-25 07:53,72.00,59.00,4.00,320.00,29.96,0.00,10.00,FEW
MDW,2022-07-25 08:53,70.00,58.00,3.00,310.00,29.97,0.00,10.00,FEW
MDW,2022-07-25 09:53,70.00,57.00,5.00,350.00,29.98,0.00,10.00,FEW
MDW,2022-07-25 10:53,70.00,57.00,5.00,350.00,30.00,0.00,10.00,FEW
MDW,2022-07-25 11:53,71.00,59.00,3.00,330.00,30.01,0.00,10.00,FEW
MDW,2022-07-25 12:53,75.00,59.00,4.00,50.00,30.03,0.00,10.00,FEW
MDW,2022-07-25 13:53,76.00,57.00,5.00,360.00,30.05,0.00,10.00,FEW
MDW,2022-07-25 14:53,78.00,56.00,6.00,360.00,30.06,0.00,10.00,FEW
MDW,2022-07-25 15:53,77.00,58.00,4.00,90.00,30.06,0.00,10.00,BKN
MDW,2022-07-25 16:53,76.00,60.00,11.00,50.00,30.07,0.00,10.00,BKN
MDW,2022-07-25 17:53,76.00,59.00,10.00,80.00,30.07,0.00,10.00,BKN
MDW,2022-07-25 18:53,75.00,58.00,11.00,90.00,30.06,0.00,10.00,SCT
MDW,2022-07-25 19:53,75.00,58.00,9.00,70.00,30.05,0.00,10.00,FEW
MDW,2022-07-25 20:53,77.00,59.00,8.00,100.00,30.04,0.00,10.00,FEW
MDW,2022-07-25 21:53,76.00,58.00,7.00,90.00,30.03,0.00,10.00,SCT
MDW,2022-07-25 22:53,75.00,57.00,9.00,90.00,30.03,0.00,10.00,SCT
MDW,2022-07-25 23:53,74.00,57.00,6.00,100.00,30.03,0.00,10.00,FEW
MDW,2022-07-26 00:53,73.00,58.00,6.00,90.00,30.04,0.00,10.00,FEW
MDW,2022-07-26 01:53,72.00,58.00,7.00,110.00,30.04,0.00,10.00,FEW
MDW,2022-07-26 02:53,72.00,58.00,5.00,120.00,30.06,0.00,10.00,FEW
MDW,2022-07-26 03:53,72.00,57.00,4.00,130.00,30.06,0.00,10.00,FEW
MDW,2022-07-26 04:53,70.00,57.00,5.00,150.00,30.06,0.00,10.00,FEW
MDW,2022-07-26 05:53,70.00,56.00,5.00,140.00,30.05,0.00,10.00,FEW
MDW,2022-07-26 06:53,70.00,55.00,3.00,140.00,30.03,0.00,10.00,FEW
MDW,2022-07-26 07:53,69.00,55.00,3.00,160.00,30.02,0.00,10.00,FEW
MDW,2022-07-26 08:53,69.00,56.00,0.00,0.00,30.01,0.00,10.00,FEW
MDW,2022-07-26 09:53,69.00,54.00,0.00,0.00,30.01,0.00,10.00,FEW
MDW,2022-07-26 10:53,69.00,54.00,4.00,M,30.01,0.00,10.00,FEW
MDW,2022-07-26 11:53,70.00,52.00,6.00,160.00,30.02,0.00,10.00,SCT
MDW,2022-07-26 12:53,72.00,51.00,4.00,140.00,30.02,0.00,10.00,FEW
MDW,2022-07-26 13:53,75.00,51.00,7.00,140.00,30.02,0.00,10.00,FEW
MDW,2022-07-26 14:53,77.00,53.00,4.00,140.00,30.01,0.00,10.00,FEW
MDW,2022-07-26 15:53,79.00,56.00,5.00,M,30.01,0.00,10.00,FEW
MDW,2022-07-26 16:53,80.00,55.00,0.00,0.00,30.00,0.00,10.00,FEW
MDW,2022-07-26 17:53,81.00,57.00,3.00,140.00,29.99,0.00,10.00,SCT
MDW,2022-07-26 18:53,82.00,58.00,8.00,120.00,29.97,0.00,10.00,FEW
MDW,2022-07-26 19:53,80.00,58.00,6.00,110.00,29.96,0.00,10.00,SCT
MDW,2022-07-26 20:53,81.00,59.00,8.00,140.00,29.95,0.00,10.00,BKN
MDW,2022-07-26 21:53,80.00,60.00,10.00,110.00,29.93,0.00,10.00,BKN
MDW,2022-07-26 22:53,80.00,60.00,8.00,90.00,29.92,0.00,10.00,SCT
MDW,2022-07-26 23:53,78.00,61.00,8.00,100.00,29.92,0.00,10.00,FEW
MDW,2022-07-27 00:53,78.00,61.00,7.00,120.00,29.93,0.00,10.00,FEW
MDW,2022-07-27 01:53,77.00,62.00,6.00,140.00,29.93,0.00,10.00,FEW
MDW,2022-07-27 02:53,77.00,65.00,5.00,220.00,29.95,0.00,10.00,BKN
MDW,2022-07-27 03:53,75.00,66.00,8.00,200.00,29.94,0.00,10.00,SCT
MDW,2022-07-27 04:53,75.00,65.00,4.00,220.00,29.94,0.00,10.00,FEW
MDW,2022-07-27 05:53,74.00,66.00,4.00,170.00,29.92,0.00,10.00,BKN
MDW,2022-07-27 06:53,74.00,65.00,6.00,200.00,29.90,0.00,10.00,FEW
MDW,2022-07-27 07:53,73.00,66.00,6.00,200.00,29.88,0.00,10.00,SCT
MDW,2022-07-27 08:53,73.00,66.00,4.00,230.00,29.88,0.00,10.00,FEW
MDW,2022-07-27 09:53,72.00,67.00,4.00,260.00,29.87,T,5.00,FEW
MDW,2022-07-27 10:53,72.00,67.00,5.00,270.00,29.88,T,8.00,FEW
MDW,2022-07-27 11:53,73.00,68.00,5.00,230.00,29.87,0.00,10.00,FEW
MDW,2022-07-27 12:53,73.00,67.00,7.00,250.00,29.87,0.00,10.00,FEW
MDW,2022-07-27 13:53,76.00,67.00,9.00,260.00,29.87,0.00,10.00,BKN
MDW,2022-07-27 14:53,76.00,66.00,11.00,270.00,29.88,0.00,10.00,BKN
MDW,2022-07-27 15:53,78.00,66.00,10.00,300.00,29.89,0.00,10.00,BKN
MDW,2022-07-27 16:53,80.00,66.00,9.00,270.00,29.88,0.00,10.00,FEW
MDW,2022-07-27 17:53,82.00,67.00,7.00,220.00,29.87,0.00,10.00,SCT
MDW,2022-07-27 18:53,84.00,68.00,11.00,220.00,29.84,0.00,10.00,BKN
MDW,2022-07-27 19:53,84.00,68.00,12.00,240.00,29.83,0.00,10.00,SCT
MDW,2022-07-27 20:53,77.00,71.00,5.00,340.00,29.85,0.56,10.00,FEW
MDW,2022-07-27 21:53,84.00,70.00,6.00,350.00,29.83,T,10.00,FEW
MDW,2022-07-27 22:53,84.00,68.00,7.00,250.00,29.83,0.00,10.00,SCT
MDW,2022-07-27 23:53,84.00,68.00,8.00,270.00,29.84,0.00,10.00,FEW
MDW,2022-07-28 00:53,83.00,63.00,10.00,290.00,29.84,0.00,10.00,FEW
MDW,2022-07-28 01:53,80.00,62.00,8.00,290.00,29.86,0.00,10.00,FEW
MDW,2022-07-28 02:53,78.00,60.00,6.00,290.00,29.86,0.00,10.00,FEW
MDW,2022-07-28 03:53,76.00,60.00,7.00,270.00,29.87,0.00,10.00,FEW
MDW,2022-07-28 04:53,74.00,60.00,6.00,260.00,29.88,0.00,10.00,CLR
MDW,2022-07-28 05:53,73.00,60.00,5.00,260.00,29.87,0.00,10.00,CLR
MDW,2022-07-28 06:53,72.00,60.00,6.00,270.00,29.87,0.00,10.00,CLR
MDW,2022-07-28 07:53,73.00,60.00,5.00,230.00,29.85,0.00,10.00,CLR
MDW,2022-07-28 08:53,72.00,60.00,5.00,240.00,29.85,0.00,10.00,SCT
MDW,2022-07-28 09:53,72.00,60.00,4.00,270.00,29.85,0.00,10.00,BKN
MDW,2022-07-28 10:53,74.00,60.00,9.00,290.00,29.88,0.00,10.00,SCT
MDW,2022-07-28 11:53,73.00,61.00,6.00,230.00,29.86,0.00,10.00,BKN
MDW,2022-07-28 12:53,72.00,61.00,8.00,280.00,29.91,T,10.00,BKN
MDW,2022-07-28 13:53,72.00,62.00,7.00,290.00,29.90,T,10.00,FEW
MDW,2022-07-28 14:53,76.00,61.00,8.00,280.00,29.90,T,10.00,FEW
MDW,2022-07-28 15:53,78.00,59.00,7.00,270.00,29.91,0.00,10.00,FEW
MDW,2022-07-28 16:53,80.00,55.00,10.00,280.00,29.92,0.00,10.00,FEW
MDW,2022-07-28 17:53,81.00,55.00,7.00,290.00,29.93,0.00,10.00,FEW
MDW,2022-07-28 18:53,81.00,53.00,11.00,290.00,29.92,0.00,10.00,FEW
MDW,2022-07-28 19:53,83.00,57.00,14.00,260.00,29.91,0.00,10.00,FEW
MDW,2022-07-28 20:53,82.00,52.00,13.00,310.00,29.90,0.00,10.00,FEW
MDW,2022-07-28 21:53,82.00,55.00,9.00,290.00,29.90,0.00,10.00,SCT
MDW,2022-07-28 22:53,80.00,56.00,14.00,270.00,29.91,0.00,10.00,SCT
MDW,2022-07-28 23:53,79.00,55.00,10.00,290.00,29.91,0.00,10.00,SCT
MDW,2022-07-29 00:53,78.00,56.00,12.00,300.00,29.92,0.00,10.00,FEW
MDW,2022-07-29 01:53,76.00,55.00,6.00,300.00,29.94,0.00,10.00,FEW
MDW,2022-07-29 02:53,74.00,55.00,5.00,270.00,29.96,0.00,10.00,FEW
MDW,2022-07-29 03:53,73.00,56.00,6.00,280.00,29.96,0.00,10.00,SCT
MDW,2022-07-29 04:53,72.00,56.00,6.00,280.00,29.97,0.00,10.00,FEW
MDW,2022-07-29 05:53,70.00,56.00,5.00,300.00,29.97,0.00,10.00,FEW
MDW,2022-07-29 06:53,69.00,56.00,7.00,290.00,29.97,0.00,10.00,CLR
MDW,2022-07-29 07:53,68.00,55.00,5.00,300.00,29.98,0.00,10.00,CLR
MDW,2022-07-29 08:53,67.00,55.00,4.00,290.00,29.98,0.00,10.00,CLR
MDW,2022-07-29 09:53,66.00,54.00,4.00,280.00,29.99,0.00,10.00,CLR
MDW,2022-07-29 10:53,65.00,55.00,4.00,300.00,29.99,0.00,10.00,FEW
MDW,2022-07-29 11:53,67.00,56.00,6.00,280.00,30.01,0.00,10.00,FEW
MDW,2022-07-29 12:53,70.00,56.00,6.00,310.00,30.01,0.00,10.00,FEW
MDW,2022-07-29 13:53,74.00,56.00,0.00,0.00,30.03,0.00,10.00,FEW
MDW,2022-07-29 14:53,77.00,56.00,5.00,320.00,30.03,0.00,10.00,FEW
MDW,2022-07-29 15:53,79.00,56.00,7.00,320.00,30.04,0.00,10.00,FEW
MDW,2022-07-29 16:53,78.00,53.00,8.00,330.00,30.04,0.00,10.00,SCT
MDW,2022-07-29 17:53,80.00,53.00,9.00,280.00,30.04,0.00,10.00,SCT
MDW,2022-07-29 18:53,80.00,53.00,10.00,290.00,30.04,0.00,10.00,FEW
MDW,2022-07-29 19:53,82.00,53.00,13.00,320.00,30.04,0.00,10.00,SCT
MDW,2022-07-29 20:53,83.00,54.00,11.00,300.00,30.03,0.00,10.00,SCT
MDW,2022-07-29 21:53,80.00,53.00,14.00,300.00,30.04,0.00,10.00,SCT
MDW,2022-07-29 22:53,81.00,55.00,10.00,300.00,30.04,0.00,10.00,SCT
MDW,2022-07-29 23:53,80.00,56.00,8.00,320.00,30.05,0.00,10.00,FEW
MDW,2022-07-30 00:53,78.00,54.00,5.00,310.00,30.05,0.00,10.00,FEW
MDW,2022-07-30 01:53,76.00,55.00,5.00,310.00,30.07,0.00,10.00,FEW
MDW,2022-07-30 02:53,76.00,55.00,4.00,300.00,30.10,0.00,10.00,FEW
MDW,2022-07-30 03:53,74.00,56.00,4.00,300.00,30.11,0.00,10.00,FEW
MDW,2022-07-30 04:53,72.00,56.00,3.00,300.00,30.12,0.00,10.00,CLR
MDW,2022-07-30 05:53,72.00,57.00,0.00,0.00,30.13,0.00,10.00,CLR
MDW,2022-07-30 06:53,70.00,57.00,3.00,310.00,30.14,0.00,10.00,CLR
MDW,2022-07-30 07:53,70.00,58.00,3.00,230.00,30.15,0.00,10.00,CLR
MDW,2022-07-30 08:53,68.00,58.00,0.00,0.00,30.15,0.00,10.00,CLR
MDW,2022-07-30 09:53,68.00,58.00,0.00,0.00,30.16,0.00,10.00,CLR
MDW,2022-07-30 10:53,67.00,58.00,0.00,0.00,30.18,0.00,10.00,FEW
MDW,2022-07-30 11:53,68.00,60.00,0.00,0.00,30.18,0.00,10.00,FEW
MDW,2022-07-30 12:53,74.00,58.00,0.00,0.00,30.19,0.00,10.00,FEW
MDW,2022-07-30 13:53,78.00,57.00,0.00,0.00,30.20,0.00,10.00,FEW
MDW,2022-07-30 14:53,79.00,55.00,0.00,0.00,30.20,0.00,10.00,FEW
MDW,2022-07-30 15:53,80.00,55.00,5.00,290.00,30.20,0.00,10.00,SCT
MDW,2022-07-30 16:53,82.00,54.00,3.00,M,30.19,0.00,10.00,SCT
MDW,2022-07-30 17:53,83.00,55.00,4.00,190.00,30.18,0.00,10.00,SCT
MDW,2022-07-30 18:53,83.00,55.00,4.00,310.00,30.17,0.00,10.00,SCT
MDW,2022-07-30 19:53,84.00,55.00,10.00,230.00,30.16,0.00,10.00,BKN
MDW,2022-07-30 20:53,84.00,55.00,7.00,220.00,30.15,0.00,10.00,SCT
MDW,2022-07-30 21:53,84.00,56.00,5.00,M,30.14,0.00,10.00,SCT
MDW,2022-07-30 22:53,83.00,57.00,3.00,M,30.12,0.00,10.00,SCT
MDW,2022-07-30 23:53,81.00,57.00,6.00,240.00,30.12,0.00,10.00,SCT
MDW,2022-07-31 00:53,81.00,56.00,6.00,220.00,30.11,0.00,10.00,FEW
MDW,2022-07-31 01:53,80.00,57.00,4.00,200.00,30.11,0.00,10.00,FEW
MDW,2022-07-31 02:53,79.00,57.00,5.00,190.00,30.12,0.00,10.00,FEW
MDW,2022-07-31 03:53,77.00,58.00,5.00,200.00,30.14,0.00,10.00,FEW
MDW,2022-07-31 04:53,75.00,58.00,4.00,190.00,30.15,0.00,10.00,FEW
MDW,2022-07-31 05:53,75.00,58.00,4.00,190.00,30.15,0.00,10.00,FEW
MDW,2022-07-31 06:53,74.00,59.00,3.00,200.00,30.14,0.00,10.00,SCT
MDW,2022-07-31 07:53,73.00,59.00,0.00,0.00,30.12,0.00,10.00,FEW
MDW,2022-07-31 08:53,72.00,59.00,0.00,0.00,30.11,0.00,10.00,SCT
MDW,2022-07-31 09:53,71.00,59.00,0.00,0.00,30.11,0.00,10.00,FEW
MDW,2022-07-31 10:53,69.00,58.00,0.00,0.00,30.10,0.00,10.00,SCT
MDW,2022-07-31 11:53,72.00,60.00,0.00,0.00,30.10,0.00,10.00,SCT
MDW,2022-07-31 12:53,77.00,60.00,0.00,0.00,30.11,0.00,10.00,SCT
MDW,2022-07-31 13:53,79.00,59.00,0.00,0.00,30.10,0.00,10.00,FEW
MDW,2022-07-31 14:53,81.00,58.00,0.00,0.00,30.09,0.00,10.00,SCT
MDW,2022-07-31 15:53,83.00,58.00,6.00,210.00,30.08,0.00,10.00,SCT
MDW,2022-07-31 16:53,84.00,57.00,8.00,190.00,30.07,0.00,10.00,SCT
MDW,2022-07-31 17:53,84.00,56.00,12.00,210.00,30.06,0.00,10.00,SCT
MDW,2022-07-31 18:53,85.00,59.00,12.00,240.00,30.04,0.00,10.00,SCT
MDW,2022-07-31 19:53,86.00,58.00,12.00,210.00,30.02,0.00,10.00,SCT
MDW,2022-07-31 20:53,85.00,59.00,13.00,210.00,30.01,0.00,10.00,SCT
MDW,2022-07-31 21:53,86.00,60.00,12.00,200.00,29.98,0.00,10.00,SCT
MDW,2022-07-31 22:53,84.00,61.00,14.00,240.00,29.97,0.00,10.00,SCT
MDW,2022-07-31 23:53,84.00,61.00,11.00,200.00,29.96,0.00,10.00,FEW
MDW,2022-08-01 00:53,82.00,61.00,10.00,210.00,29.96,0.00,10.00,FEW
MDW,2022-08-01 01:53,81.00,62.00,9.00,200.00,29.95,0.00,10.00,SCT
MDW,2022-08-01 02:53,80.00,63.00,7.00,210.00,29.95,0.00,10.00,SCT
MDW,2022-08-01 03:53,80.00,62.00,12.00,210.00,29.94,0.00,10.00,SCT
MDW,2022-08-01 04:53,79.00,63.00,11.00,210.00,29.93,0.00,10.00,SCT
MDW,2022-08-01 05:53,77.00,64.00,11.00,210.00,29.92,0.00,10.00,BKN
MDW,2022-08-01 06:53,77.00,66.00,9.00,210.00,29.90,0.00,10.00,SCT
MDW,2022-08-01 07:53,75.00,67.00,8.00,210.00,29.88,0.00,10.00,FEW
MDW,2022-08-01 08:53,75.00,68.00,7.00,210.00,29.86,0.00,10.00,FEW
MDW,2022-08-01 09:53,75.00,69.00,11.00,200.00,29.82,0.00,10.00,FEW
MDW,2022-08-01 10:53,75.00,69.00,10.00,190.00,29.80,T,8.00,SCT
MDW,2022-08-01 11:53,76.00,68.00,14.00,210.00,29.82,0.00,10.00,FEW
MDW,2022-08-01 12:53,77.00,66.00,13.00,250.00,29.82,0.00,10.00,FEW
MDW,2022-08-01 13:53,77.00,65.00,16.00,240.00,29.82,0.00,10.00,FEW
MDW,2022-08-01 14:53,82.00,67.00,13.00,270.00,29.82,0.00,10.00,FEW
MDW,2022-08-01 15:53,84.00,67.00,14.00,280.00,29.83,0.00,10.00,BKN
MDW,2022-08-01 16:53,84.00,67.00,11.00,290.00,29.85,0.00,10.00,BKN
MDW,2022-08-01 17:53,86.00,64.00,14.00,280.00,29.85,0.00,10.00,BKN
MDW,2022-08-01 18:53,86.00,64.00,15.00,270.00,29.84,0.00,10.00,BKN
MDW,2022-08-01 19:53,88.00,63.00,13.00,280.00,29.85,0.00,10.00,BKN
MDW,2022-08-01 20:53,88.00,63.00,15.00,300.00,29.85,0.00,10.00,BKN
MDW,2022-08-01 21:53,87.00,61.00,15.00,270.00,29.85,0.00,10.00,BKN
MDW,2022-08-01 22:53,87.00,61.00,14.00,290.00,29.86,0.00,10.00,BKN
MDW,2022-08-01 23:53,85.00,61.00,11.00,310.00,29.85,0.00,10.00,SCT
MDW,2022-08-02 00:53,83.00,62.00,11.00,290.00,29.86,0.00,10.00,SCT
MDW,2022-08-02 01:53,81.00,63.00,6.00,300.00,29.88,0.00,10.00,FEW
MDW,2022-08-02 02:53,80.00,63.00,6.00,290.00,29.90,0.00,10.00,CLR
MDW,2022-08-02 03:53,78.00,63.00,5.00,300.00,29.91,0.00,10.00,CLR
MDW,2022-08-02 04:53,77.00,62.00,4.00,310.00,29.91,0.00,10.00,CLR
MDW,2022-08-02 05:53,76.00,62.00,3.00,300.00,29.92,0.00,10.00,CLR
MDW,2022-08-02 06:53,74.00,62.00,3.00,260.00,29.93,0.00,10.00,CLR
MDW,2022-08-02 07:53,73.00,62.00,4.00,280.00,29.93,0.00,10.00,CLR
MDW,2022-08-02 08:53,73.00,63.00,0.00,0.00,29.94,0.00,10.00,CLR
MDW,2022-08-02 09:53,73.00,63.00,0.00,0.00,29.95,0.00,10.00,CLR
MDW,2022-08-02 10:53,71.00,63.00,0.00,0.00,29.96,0.00,10.00,FEW
MDW,2022-08-02 11:53,75.00,63.00,0.00,0.00,29.97,0.00,10.00,FEW
MDW,2022-08-02 12:53,77.00,62.00,4.00,120.00,29.97,0.00,10.00,FEW
MDW,2022-08-02 13:53,80.00,61.00,0.00,0.00,29.98,0.00,10.00,FEW
MDW,2022-08-02 14:53,81.00,62.00,5.00,150.00,29.99,0.00,10.00,FEW
MDW,2022-08-02 15:53,82.00,61.00,5.00,150.00,29.99,0.00,10.00,FEW
MDW,2022-08-02 16:53,85.00,62.00,7.00,170.00,29.98,0.00,10.00,FEW
MDW,2022-08-02 17:53,86.00,64.00,10.00,170.00,29.96,0.00,10.00,FEW
MDW,2022-08-02 18:53,88.00,65.00,4.00,M,29.95,0.00,10.00,FEW
MDW,2022-08-02 19:53,90.00,67.00,8.00,190.00,29.92,0.00,10.00,FEW
MDW,2022-08-02 20:53,89.00,70.00,10.00,210.00,29.91,0.00,10.00,FEW
MDW,2022-08-02 21:53,89.00,71.00,8.00,230.00,29.89,0.00,10.00,FEW
MDW,2022-08-02 22:53,89.00,68.00,9.00,200.00,29.87,0.00,10.00,FEW
MDW,2022-08-02 23:53,88.00,67.00,10.00,200.00,29.85,0.00,10.00,FEW
MDW,2022-08-03 00:53,85.00,67.00,12.00,220.00,29.87,0.00,10.00,FEW
MDW,2022-08-03 01:53,84.00,67.00,8.00,190.00,29.88,0.00,10.00,FEW
MDW,2022-08-03 02:53,81.00,67.00,9.00,190.00,29.88,0.00,10.00,FEW
MDW,2022-08-03 03:53,80.00,66.00,13.00,200.00,29.87,0.00,10.00,FEW
MDW,2022-08-03 04:53,79.00,65.00,12.00,200.00,29.86,0.00,10.00,FEW
MDW,2022-08-03 05:53,78.00,65.00,13.00,190.00,29.86,0.00,10.00,FEW
MDW,2022-08-03 06:53,77.00,66.00,12.00,200.00,29.87,0.00,10.00,SCT
MDW,2022-08-03 07:53,77.00,67.00,11.00,200.00,29.86,0.00,10.00,BKN
MDW,2022-08-03 08:53,77.00,68.00,14.00,200.00,29.83,0.00,10.00,BKN
MDW,2022-08-03 09:53,77.00,69.00,13.00,220.00,29.80,0.00,10.00,BKN
MDW,2022-08-03 10:53,77.00,69.00,10.00,210.00,29.81,0.00,10.00,FEW
MDW,2022-08-03 11:53,78.00,70.00,8.00,210.00,29.83,0.00,10.00,FEW
MDW,2022-08-03 12:53,79.00,71.00,13.00,220.00,29.82,0.00,10.00,FEW
MDW,2022-08-03 13:53,82.00,72.00,12.00,220.00,29.80,0.00,10.00,FEW
MDW,2022-08-03 14:53,86.00,73.00,13.00,210.00,29.80,0.00,10.00,FEW
MDW,2022-08-03 15:53,88.00,74.00,15.00,220.00,29.79,0.00,10.00,FEW
MDW,2022-08-03 16:53,92.00,75.00,14.00,210.00,29.78,0.00,10.00,FEW
MDW,2022-08-03 17:53,94.00,74.00,19.00,260.00,29.80,0.00,10.00,FEW
MDW,2022-08-03 18:53,83.00,72.00,14.00,290.00,29.80,0.11,9.00,FEW
MDW,2022-08-03 19:53,86.00,72.00,7.00,260.00,29.78,T,10.00,FEW
MDW,2022-08-03 20:53,88.00,70.00,9.00,240.00,29.78,0.00,10.00,FEW
MDW,2022-08-03 21:53,86.00,66.00,11.00,240.00,29.80,0.00,10.00,FEW
MDW,2022-08-03 22:53,86.00,68.00,10.00,230.00,29.81,0.00,10.00,FEW
MDW,2022-08-03 23:53,85.00,68.00,10.00,220.00,29.82,0.00,10.00,FEW
MDW,2022-08-04 00:53,86.00,69.00,7.00,180.00,29.82,T,10.00,BKN
MDW,2022-08-04 01:53,82.00,71.00,9.00,210.00,29.86,0.00,10.00,BKN
MDW,2022-08-04 02:53,80.00,69.00,12.00,220.00,29.90,0.00,10.00,BKN
MDW,2022-08-04 03:53,79.00,68.00,9.00,220.00,29.91,0.00,10.00,SCT
MDW,2022-08-04 04:53,77.00,68.00,13.00,220.00,29.91,0.00,10.00,FEW
MDW,2022-08-04 05:53,77.00,69.00,10.00,210.00,29.91,0.00,10.00,FEW
MDW,2022-08-04 06:53,76.00,68.00,8.00,220.00,29.90,0.00,10.00,FEW
MDW,2022-08-04 07:53,75.00,68.00,8.00,220.00,29.91,0.00,10.00,FEW
MDW,2022-08-04 08:53,76.00,69.00,6.00,210.00,29.92,0.00,10.00,BKN
MDW,2022-08-04 09:53,75.00,69.00,7.00,210.00,29.92,0.00,10.00,FEW
MDW,2022-08-04 10:53,75.00,68.00,9.00,220.00,29.95,0.00,10.00,FEW
MDW,2022-08-04 11:53,75.00,69.00,7.00,240.00,29.95,0.00,10.00,FEW
MDW,2022-08-04 12:53,77.00,69.00,10.00,230.00,29.96,0.00,10.00,FEW
MDW,2022-08-04 13:53,77.00,69.00,8.00,260.00,29.97,0.00,10.00,OVC
MDW,2022-08-04 14:53,79.00,70.00,6.00,290.00,29.97,0.00,10.00,OVC
MDW,2022-08-04 15:53,82.00,70.00,0.00,0.00,29.98,0.00,10.00,FEW
MDW,2022-08-04 16:53,85.00,71.00,6.00,M,29.99,0.00,10.00,BKN
MDW,2022-08-04 17:53,80.00,70.00,10.00,70.00,30.00,0.00,10.00,OVC
MDW,2022-08-04 18:53,82.00,71.00,7.00,50.00,29.99,0.00,10.00,BKN
MDW,2022-08-04 19:53,84.00,71.00,3.00,100.00,29.99,0.00,10.00,FEW
MDW,2022-08-04 20:53,84.00,71.00,10.00,30.00,29.98,0.00,10.00,FEW
MDW,2022-08-04 21:53,81.00,69.00,13.00,40.00,29.99,0.00,10.00,FEW
MDW,2022-08-04 22:53,80.00,68.00,13.00,30.00,30.00,0.00,10.00,FEW
MDW,2022-08-04 23:53,78.00,67.00,11.00,20.00,30.00,0.00,10.00,FEW
MDW,2022-08-05 00:53,77.00,66.00,9.00,50.00,30.01,0.00,10.00,SCT
MDW,2022-08-05 01:53,76.00,64.00,9.00,40.00,30.03,0.00,10.00,FEW
MDW,2022-08-05 02:53,76.00,64.00,9.00,40.00,30.04,0.00,10.00,FEW
MDW,2022-08-05 03:53,75.00,66.00,6.00,40.00,30.05,0.00,10.00,FEW
MDW,2022-08-05 04:53,76.00,64.00,7.00,80.00,30.06,0.00,10.00,FEW
MDW,2022-08-05 05:53,75.00,65.00,6.00,70.00,30.06,0.00,10.00,BKN
MDW,2022-08-05 06:53,75.00,66.00,3.00,360.00,30.06,0.00,10.00,SCT
MDW,2022-08-05 07:53,74.00,66.00,4.00,360.00,30.05,0.00,10.00,FEW
MDW,2022-08-05 08:53,74.00,66.00,3.00,360.00,30.06,0.00,10.00,SCT
MDW,2022-08-05 09:53,74.00,66.00,5.00,20.00,30.06,0.00,10.00,FEW
MDW,2022-08-05 10:53,74.00,66.00,0.00,0.00,30.07,0.00,10.00,FEW
MDW,2022-08-05 11:53,75.00,66.00,0.00,0.00,30.08,0.00,10.00,FEW
MDW,2022-08-05 12:53,78.00,67.00,0.00,0.00,30.09,0.00,10.00,FEW
MDW,2022-08-05 13:53,80.00,67.00,3.00,140.00,30.09,0.00,10.00,FEW
MDW,2022-08-05 14:53,82.00,69.00,5.00,80.00,30.09,0.00,10.00,FEW
MDW,2022-08-05 15:53,84.00,70.00,6.00,60.00,30.09,0.00,10.00,FEW
MDW,2022-08-05 16:53,85.00,70.00,7.00,100.00,30.09,0.00,10.00,FEW
MDW,2022-08-05 17:53,85.00,71.00,8.00,90.00,30.09,0.00,10.00,FEW
MDW,2022-08-05 18:53,86.00,71.00,9.00,60.00,30.08,0.00,10.00,FEW
MDW,2022-08-05 19:53,88.00,71.00,10.00,90.00,30.07,0.00,10.00,FEW
MDW,2022-08-05 20:53,87.00,72.00,8.00,120.00,30.05,0.00,10.00,FEW
MDW,2022-08-05 21:53,87.00,72.00,8.00,160.00,30.04,0.00,10.00,SCT
MDW,2022-08-05 22:53,88.00,71.00,4.00,210.00,30.03,0.00,10.00,FEW
MDW,2022-08-05 23:53,88.00,69.00,7.00,180.00,30.03,0.00,10.00,FEW
MDW,2022-08-06 00:53,85.00,72.00,4.00,110.00,30.03,0.00,10.00,FEW
MDW,2022-08-06 01:53,83.00,72.00,7.00,90.00,30.05,0.00,10.00,FEW
MDW,2022-08-06 02:53,81.00,73.00,6.00,120.00,30.06,0.00,10.00,FEW
MDW,2022-08-06 03:53,81.00,73.00,7.00,130.00,30.05,0.00,10.00,CLR
MDW,2022-08-06 04:53,80.00,73.00,3.00,150.00,30.05,0.00,9.00,CLR
MDW,2022-08-06 05:53,81.00,72.00,4.00,190.00,30.07,0.00,9.00,CLR
MDW,2022-08-06 06:53,80.00,71.00,4.00,180.00,30.05,0.00,9.00,CLR
MDW,2022-08-06 07:53,79.00,71.00,6.00,200.00,30.07,0.00,9.00,CLR
MDW,2022-08-06 08:53,78.00,70.00,5.00,210.00,30.07,0.00,10.00,CLR
MDW,2022-08-06 09:53,78.00,70.00,5.00,220.00,30.07,0.00,10.00,CLR
MDW,2022-08-06 10:53,77.00,70.00,6.00,210.00,30.08,0.00,10.00,FEW
MDW,2022-08-06 11:53,78.00,71.00,4.00,220.00,30.07,0.00,10.00,FEW
MDW,2022-08-06 12:53,81.00,71.00,6.00,220.00,30.08,0.00,10.00,FEW
MDW,2022-08-06 13:53,84.00,72.00,5.00,230.00,30.07,0.00,10.00,FEW
MDW,2022-08-06 14:53,87.00,72.00,8.00,240.00,30.08,0.00,10.00,FEW
MDW,2022-08-06 15:53,90.00,72.00,8.00,200.00,30.09,0.00,10.00,FEW
MDW,2022-08-06 16:53,91.00,72.00,8.00,230.00,30.08,0.00,10.00,SCT
MDW,2022-08-06 17:53,93.00,72.00,7.00,210.00,30.05,0.00,10.00,SCT
MDW,2022-08-06 18:53,93.00,72.00,10.00,190.00,30.04,0.00,10.00,SCT
MDW,2022-08-06 19:53,93.00,72.00,10.00,190.00,30.03,0.00,10.00,BKN
MDW,2022-08-06 20:53,94.00,73.00,12.00,190.00,30.02,0.00,10.00,SCT
MDW,2022-08-06 21:53,94.00,73.00,14.00,210.00,30.00,0.00,10.00,SCT
MDW,2022-08-06 22:53,93.00,72.00,15.00,230.00,30.01,0.00,10.00,FEW
MDW,2022-08-06 23:53,91.00,73.00,9.00,200.00,30.00,0.00,10.00,FEW
MDW,2022-08-07 00:53,89.00,74.00,9.00,200.00,30.01,0.00,10.00,FEW
MDW,2022-08-07 01:53,88.00,75.00,8.00,190.00,30.02,0.00,10.00,SCT
MDW,2022-08-07 02:53,87.00,75.00,10.00,190.00,30.05,0.00,10.00,SCT
MDW,2022-08-07 03:53,86.00,75.00,8.00,180.00,30.05,0.00,10.00,FEW
MDW,2022-08-07 04:53,86.00,75.00,10.00,210.00,30.04,0.00,10.00,SCT
MDW,2022-08-07 05:53,85.00,75.00,10.00,220.00,30.04,0.00,10.00,FEW
MDW,2022-08-07 06:53,84.00,74.00,9.00,220.00,30.03,0.00,10.00,OVC
MDW,2022-08-07 07:53,83.00,74.00,7.00,220.00,30.04,0.00,10.00,SCT
MDW,2022-08-07 08:53,82.00,74.00,9.00,210.00,30.03,0.00,10.00,SCT
MDW,2022-08-07 09:53,83.00,73.00,3.00,250.00,30.05,0.00,10.00,FEW
MDW,2022-08-07 10:53,81.00,70.00,8.00,330.00,30.05,0.00,10.00,FEW
MDW,2022-08-07 11:53,81.00,70.00,4.00,170.00,30.04,0.00,10.00,FEW
MDW,2022-08-07 12:53,82.00,70.00,3.00,200.00,30.06,0.00,10.00,FEW
MDW,2022-08-07 13:53,82.00,74.00,7.00,210.00,30.05,T,10.00,FEW
MDW,2022-08-07 14:53,82.00,71.00,9.00,230.00,30.07,0.00,10.00,FEW
MDW,2022-08-07 15:53,81.00,72.00,6.00,210.00,30.09,T,10.00,BKN
MDW,2022-08-07 16:53,80.00,72.00,10.00,260.00,30.09,T,10.00,FEW
MDW,2022-08-07 17:53,78.00,73.00,9.00,200.00,30.08,0.05,8.00,FEW
MDW,2022-08-07 18:53,79.00,73.00,6.00,200.00,30.04,0.02,10.00,FEW
MDW,2022-08-07 19:53,80.00,73.00,5.00,200.00,30.00,0.00,10.00,FEW
MDW,2022-08-07 20:53,81.00,74.00,6.00,190.00,29.98,T,10.00,FEW
MDW,2022-08-07 21:53,82.00,73.00,6.00,240.00,30.00,0.00,10.00,SCT
MDW,2022-08-07 22:53,82.00,73.00,9.00,240.00,30.01,0.00,10.00,BKN
MDW,2022-08-07 23:53,82.00,73.00,8.00,240.00,30.01,0.00,10.00,FEW
MDW,2022-08-08 00:53,81.00,72.00,6.00,210.00,30.01,0.00,10.00,FEW
MDW,2022-08-08 01:53,80.00,73.00,3.00,230.00,30.02,0.00,10.00,BKN
MDW,2022-08-08 02:53,81.00,73.00,5.00,160.00,30.02,0.00,10.00,SCT
MDW,2022-08-08 03:53,80.00,74.00,6.00,150.00,30.00,T,9.00,FEW
MDW,2022-08-08 04:53,80.00,74.00,6.00,140.00,29.99,0.00,10.00,SCT
MDW,2022-08-08 05:53,80.00,74.00,4.00,170.00,29.98,0.00,10.00,FEW
MDW,2022-08-08 06:53,80.00,74.00,6.00,180.00,29.95,0.00,10.00,FEW
MDW,2022-08-08 07:53,79.00,74.00,8.00,190.00,29.93,0.00,10.00,FEW
MDW,2022-08-08 08:53,80.00,74.00,8.00,210.00,29.91,0.00,10.00,BKN
MDW,2022-08-08 09:53,81.00,74.00,7.00,220.00,29.90,0.00,10.00,BKN
MDW,2022-08-08 10:53,81.00,74.00,8.00,220.00,29.91,0.00,10.00,FEW
MDW,2022-08-08 11:53,82.00,74.00,14.00,270.00,29.94,0.00,10.00,FEW
MDW,2022-08-08 12:53,80.00,70.00,9.00,300.00,29.94,0.00,10.00,SCT
MDW,2022-08-08 13:53,78.00,70.00,12.00,210.00,29.90,0.03,10.00,FEW
MDW,2022-08-08 14:53,78.00,69.00,13.00,260.00,29.91,0.02,10.00,FEW
MDW,2022-08-08 15:53,80.00,72.00,15.00,250.00,29.92,0.01,10.00,FEW
MDW,2022-08-08 16:53,78.00,72.00,10.00,240.00,29.90,0.03,10.00,FEW
MDW,2022-08-08 17:53,80.00,72.00,14.00,260.00,29.91,0.01,10.00,FEW
MDW,2022-08-08 18:53,83.00,73.00,9.00,270.00,29.92,0.00,10.00,BKN
MDW,2022-08-08 19:53,82.00,73.00,10.00,290.00,29.92,T,10.00,FEW
MDW,2022-08-08 20:53,73.00,68.00,13.00,10.00,29.94,T,4.00,OVC
MDW,2022-08-08 21:53,71.00,66.00,11.00,10.00,29.95,0.01,7.00,OVC
MDW,2022-08-08 22:53,69.00,64.00,9.00,10.00,29.97,T,5.00,OVC
MDW,2022-08-08 23:53,69.00,63.00,11.00,10.00,29.99,T,10.00,BKN
MDW,2022-08-09 00:53,70.00,62.00,12.00,30.00,30.00,0.00,10.00,BKN
MDW,2022-08-09 01:53,70.00,61.00,13.00,30.00,30.02,0.00,10.00,SCT
MDW,2022-08-09 02:53,70.00,61.00,10.00,40.00,30.03,0.00,10.00,FEW
MDW,2022-08-09 03:53,70.00,61.00,7.00,40.00,30.05,0.00,10.00,FEW
MDW,2022-08-09 04:53,71.00,60.00,9.00,30.00,30.04,0.00,10.00,FEW
MDW,2022-08-09 05:53,71.00,60.00,8.00,30.00,30.05,0.00,10.00,BKN
MDW,2022-08-09 06:53,71.00,60.00,6.00,20.00,30.05,0.00,10.00,OVC
MDW,2022-08-09 07:53,69.00,61.00,6.00,340.00,30.04,0.00,10.00,FEW
MDW,2022-08-09 08:53,69.00,61.00,5.00,360.00,30.05,0.00,10.00,SCT
MDW,2022-08-09 09:53,67.00,60.00,7.00,350.00,30.06,0.00,10.00,FEW
MDW,2022-08-09 10:53,66.00,58.00,6.00,340.00,30.07,0.00,10.00,FEW
MDW,2022-08-09 11:53,67.00,59.00,7.00,350.00,30.09,0.00,10.00,FEW
MDW,2022-08-09 12:53,68.00,60.00,7.00,10.00,30.10,0.00,10.00,FEW
MDW,2022-08-09 13:53,72.00,61.00,8.00,20.00,30.12,0.00,10.00,FEW
MDW,2022-08-09 14:53,74.00,58.00,13.00,60.00,30.13,0.00,10.00,BKN
MDW,2022-08-09 15:53,73.00,57.00,10.00,30.00,30.13,0.00,10.00,SCT
MDW,2022-08-09 16:53,75.00,57.00,8.00,40.00,30.13,0.00,10.00,SCT
MDW,2022-08-09 17:53,76.00,57.00,9.00,40.00,30.12,0.00,10.00,FEW
MDW,2022-08-09 18:53,76.00,56.00,11.00,70.00,30.11,0.00,10.00,FEW
MDW,2022-08-09 19:53,77.00,56.00,13.00,30.00,30.11,0.00,10.00,FEW
MDW,2022-08-09 20:53,77.00,56.00,10.00,60.00,30.10,0.00,10.00,FEW
MDW,2022-08-09 21:53,76.00,56.00,9.00,50.00,30.09,0.00,10.00,FEW
MDW,2022-08-09 22:53,76.00,55.00,8.00,50.00,30.09,0.00,10.00,FEW
MDW,2022-08-09 23:53,75.00,54.00,6.00,30.00,30.09,0.00,10.00,FEW
MDW,2022-08-10 00:53,72.00,51.00,7.00,30.00,30.09,0.00,10.00,FEW
MDW,2022-08-10 01:53,71.00,55.00,4.00,80.00,30.10,0.00,10.00,FEW
MDW,2022-08-10 02:53,70.00,57.00,6.00,110.00,30.11,0.00,10.00,CLR
MDW,2022-08-10 03:53,70.00,58.00,5.00,100.00,30.12,0.00,10.00,CLR
MDW,2022-08-10 04:53,70.00,58.00,0.00,0.00,30.13,0.00,10.00,CLR
MDW,2022-08-10 05:53,66.00,57.00,3.00,300.00,30.13,0.00,10.00,CLR
MDW,2022-08-10 06:53,65.00,56.00,3.00,310.00,30.14,0.00,10.00,CLR
MDW,2022-08-10 07:53,64.00,57.00,3.00,310.00,30.14,0.00,10.00,CLR
MDW,2022-08-10 08:53,63.00,56.00,3.00,310.00,30.14,0.00,10.00,CLR
MDW,2022-08-10 09:53,63.00,56.00,0.00,0.00,30.14,0.00,10.00,CLR
MDW,2022-08-10 10:53,63.00,55.00,0.00,0.00,30.15,0.00,10.00,FEW
MDW,2022-08-10 11:53,65.00,56.00,0.00,0.00,30.17,0.00,10.00,FEW
MDW,2022-08-10 12:53,69.00,55.00,0.00,0.00,30.18,0.00,10.00,FEW
MDW,2022-08-10 13:53,74.00,54.00,0.00,0.00,30.19,0.00,10.00,FEW
MDW,2022-08-10 14:53,77.00,57.00,3.00,300.00,30.19,0.00,10.00,FEW
MDW,2022-08-10 15:53,79.00,58.00,3.00,310.00,30.19,0.00,10.00,FEW
MDW,2022-08-10 16:53,81.00,57.00,3.00,140.00,30.17,0.00,10.00,FEW
MDW,2022-08-10 17:53,84.00,58.00,6.00,320.00,30.15,0.00,10.00,FEW
MDW,2022-08-10 18:53,85.00,57.00,3.00,30.00,30.14,0.00,10.00,FEW
MDW,2022-08-10 19:53,84.00,59.00,6.00,110.00,30.12,0.00,10.00,FEW
MDW,2022-08-10 20:53,85.00,60.00,8.00,90.00,30.11,0.00,10.00,FEW
MDW,2022-08-10 21:53,85.00,59.00,7.00,130.00,30.10,0.00,10.00,FEW
MDW,2022-08-10 22:53,85.00,60.00,4.00,120.00,30.09,0.00,10.00,FEW
MDW,2022-08-10 23:53,85.00,57.00,5.00,310.00,30.08,0.00,10.00,FEW
MDW,2022-08-11 00:53,82.00,60.00,6.00,290.00,30.08,0.00,10.00,FEW
MDW,2022-08-11 01:53,81.00,60.00,3.00,M,30.10,0.00,10.00,CLR
MDW,2022-08-11 02:53,79.00,62.00,4.00,330.00,30.10,0.00,10.00,CLR
MDW,2022-08-11 03:53,77.00,63.00,5.00,290.00,30.11,0.00,10.00,CLR
MDW,2022-08-11 04:53,76.00,64.00,5.00,260.00,30.12,0.00,10.00,CLR
MDW,2022-08-11 05:53,76.00,64.00,5.00,270.00,30.11,0.00,10.00,CLR
MDW,2022-08-11 06:53,74.00,64.00,5.00,260.00,30.11,0.00,10.00,FEW
MDW,2022-08-11 07:53,74.00,64.00,4.00,270.00,30.10,0.00,10.00,FEW
MDW,2022-08-11 08:53,74.00,64.00,5.00,310.00,30.10,0.00,10.00,SCT
MDW,2022-08-11 09:53,74.00,66.00,10.00,350.00,30.10,0.00,10.00,FEW
MDW,2022-08-11 10:53,75.00,68.00,10.00,360.00,30.11,0.00,10.00,BKN
MDW,2022-08-11 11:53,75.00,64.00,12.00,40.00,30.13,0.00,10.00,BKN
MDW,2022-08-11 12:53,77.00,58.00,14.00,50.00,30.14,0.00,10.00,FEW
MDW,2022-08-11 13:53,78.00,55.00,16.00,40.00,30.16,0.00,10.00,FEW
MDW,2022-08-11 14:53,78.00,53.00,15.00,60.00,30.18,0.00,10.00,FEW
MDW,2022-08-11 15:53,79.00,53.00,15.00,40.00,30.19,0.00,10.00,FEW
MDW,2022-08-11 16:53,79.00,52.00,13.00,60.00,30.19,0.00,10.00,FEW
MDW,2022-08-11 17:53,79.00,50.00,15.00,50.00,30.18,0.00,10.00,FEW
MDW,2022-08-11 18:53,80.00,51.00,14.00,30.00,30.18,0.00,10.00,FEW
MDW,2022-08-11 19:53,79.00,51.00,13.00,60.00,30.18,0.00,10.00,FEW
MDW,2022-08-11 20:53,79.00,54.00,16.00,40.00,30.17,0.00,10.00,FEW
MDW,2022-08-11 21:53,78.00,51.00,16.00,30.00,30.17,0.00,10.00,FEW
MDW,2022-08-11 22:53,76.00,53.00,14.00,40.00,30.16,0.00,10.00,FEW
MDW,2022-08-11 23:53,76.00,50.00,12.00,20.00,30.16,0.00,10.00,FEW
MDW,2022-08-12 00:53,72.00,54.00,10.00,20.00,30.17,0.00,10.00,FEW
MDW,2022-08-12 01:53,71.00,55.00,11.00,20.00,30.18,0.00,10.00,FEW
MDW,2022-08-12 02:53,71.00,53.00,7.00,10.00,30.20,0.00,10.00,CLR
MDW,2022-08-12 03:53,70.00,50.00,8.00,10.00,30.20,0.00,10.00,CLR
MDW,2022-08-12 04:53,69.00,51.00,8.00,10.00,30.20,0.00,10.00,CLR
MDW,2022-08-12 05:53,68.00,53.00,5.00,350.00,30.20,0.00,10.00,FEW
MDW,2022-08-12 06:53,66.00,53.00,6.00,330.00,30.19,0.00,10.00,FEW
MDW,2022-08-12 07:53,65.00,55.00,6.00,330.00,30.20,0.00,10.00,FEW
MDW,2022-08-12 08:53,65.00,55.00,4.00,340.00,30.20,0.00,10.00,SCT
MDW,2022-08-12 09:53,65.00,55.00,0.00,0.00,30.20,0.00,10.00,SCT
MDW,2022-08-12 10:53,65.00,55.00,4.00,340.00,30.22,0.00,10.00,FEW
MDW,2022-08-12 11:53,67.00,57.00,0.00,0.00,30.23,0.00,10.00,FEW
MDW,2022-08-12 12:53,72.00,56.00,3.00,120.00,30.24,0.00,10.00,FEW
MDW,2022-08-12 13:53,73.00,55.00,7.00,160.00,30.23,0.00,10.00,FEW
MDW,2022-08-12 14:53,75.00,55.00,5.00,190.00,30.25,0.00,10.00,FEW
MDW,2022-08-12 15:53,78.00,55.00,3.00,320.00,30.27,0.00,10.00,FEW
MDW,2022-08-12 16:53,79.00,53.00,3.00,340.00,30.26,0.00,10.00,SCT
MDW,2022-08-12 17:53,77.00,54.00,6.00,310.00,30.24,0.00,10.00,BKN
MDW,2022-08-12 18:53,79.00,56.00,6.00,270.00,30.21,0.00,10.00,FEW
MDW,2022-08-12 19:53,80.00,55.00,3.00,240.00,30.20,0.00,10.00,SCT
MDW,2022-08-12 20:53,79.00,55.00,0.00,0.00,30.19,0.00,10.00,SCT
MDW,2022-08-12 21:53,77.00,54.00,8.00,70.00,30.17,0.00,10.00,SCT
MDW,2022-08-12 22:53,77.00,54.00,9.00,100.00,30.16,0.00,10.00,SCT
MDW,2022-08-12 23:53,76.00,55.00,3.00,M,30.15,0.00,10.00,SCT
MDW,2022-08-13 00:53,75.00,55.00,5.00,230.00,30.15,0.00,10.00,FEW
MDW,2022-08-13 01:53,76.00,54.00,5.00,200.00,30.16,0.00,10.00,BKN
MDW,2022-08-13 02:53,75.00,55.00,4.00,190.00,30.17,0.00,10.00,BKN
MDW,2022-08-13 03:53,74.00,55.00,6.00,170.00,30.17,0.00,10.00,SCT
MDW,2022-08-13 04:53,73.00,53.00,6.00,170.00,30.15,0.00,10.00,SCT
MDW,2022-08-13 05:53,72.00,53.00,7.00,160.00,30.15,0.00,10.00,BKN
MDW,2022-08-13 06:53,71.00,52.00,6.00,150.00,30.15,0.00,10.00,OVC
MDW,2022-08-13 07:53,71.00,53.00,6.00,180.00,30.15,0.00,10.00,OVC
MDW,2022-08-13 08:53,71.00,53.00,6.00,170.00,30.14,0.00,10.00,OVC
MDW,2022-08-13 09:53,70.00,53.00,8.00,170.00,30.14,0.00,10.00,SCT
MDW,2022-08-13 10:53,70.00,52.00,6.00,170.00,30.14,0.00,10.00,FEW
MDW,2022-08-13 11:53,70.00,52.00,6.00,180.00,30.14,0.00,10.00,BKN
MDW,2022-08-13 12:53,71.00,52.00,9.00,180.00,30.13,0.00,10.00,SCT
MDW,2022-08-13 13:53,74.00,54.00,10.00,190.00,30.13,0.00,10.00,FEW
MDW,2022-08-13 14:53,77.00,54.00,10.00,180.00,30.09,0.00,10.00,FEW
MDW,2022-08-13 15:53,78.00,54.00,15.00,200.00,30.08,0.00,10.00,FEW
MDW,2022-08-13 16:53,77.00,56.00,13.00,200.00,30.08,0.00,10.00,FEW
MDW,2022-08-13 17:53,78.00,56.00,13.00,190.00,30.05,0.00,10.00,FEW
MDW,2022-08-13 18:53,78.00,56.00,15.00,190.00,30.01,0.00,10.00,FEW
MDW,2022-08-13 19:53,78.00,56.00,14.00,190.00,29.97,0.00,10.00,FEW
MDW,2022-08-13 20:53,79.00,56.00,10.00,190.00,29.98,0.00,10.00,SCT
MDW,2022-08-13 21:53,79.00,59.00,13.00,190.00,29.96,0.00,10.00,FEW
MDW,2022-08-13 22:53,80.00,61.00,9.00,180.00,29.96,0.00,10.00,FEW
MDW,2022-08-13 23:53,79.00,60.00,8.00,180.00,29.96,0.00,10.00,BKN
MDW,2022-08-14 00:53,79.00,60.00,8.00,180.00,29.95,0.00,10.00,SCT
MDW,2022-08-14 01:53,78.00,60.00,9.00,170.00,29.94,0.00,10.00,BKN
MDW,2022-08-14 02:53,77.00,61.00,8.00,170.00,29.94,0.00,10.00,BKN
MDW,2022-08-14 03:53,76.00,61.00,8.00,170.00,29.93,0.00,10.00,BKN
MDW,2022-08-14 04:53,75.00,62.00,8.00,180.00,29.91,0.00,10.00,FEW
MDW,2022-08-14 05:53,75.00,62.00,10.00,200.00,29.90,0.00,10.00,FEW
MDW,2022-08-14 06:53,73.00,63.00,7.00,190.00,29.88,0.00,10.00,FEW
MDW,2022-08-14 07:53,73.00,63.00,6.00,190.00,29.87,0.00,10.00,FEW
MDW,2022-08-14 08:53,72.00,63.00,7.00,190.00,29.86,0.00,10.00,FEW
MDW,2022-08-14 09:53,72.00,63.00,3.00,210.00,29.85,0.00,10.00,BKN
MDW,2022-08-14 10:53,73.00,63.00,4.00,M,29.87,0.00,10.00,FEW
MDW,2022-08-14 11:53,73.00,63.00,3.00,150.00,29.87,0.00,10.00,BKN
MDW,2022-08-14 12:53,73.00,64.00,3.00,M,29.88,0.00,10.00,FEW
MDW,2022-08-14 13:53,74.00,64.00,4.00,50.00,29.88,0.00,10.00,FEW
MDW,2022-08-14 14:53,77.00,65.00,5.00,70.00,29.88,0.00,10.00,SCT
MDW,2022-08-14 15:53,80.00,66.00,7.00,50.00,29.88,0.00,10.00,FEW
MDW,2022-08-14 16:53,78.00,64.00,9.00,20.00,29.90,0.00,10.00,BKN
MDW,2022-08-14 17:53,76.00,64.00,11.00,40.00,29.91,0.00,10.00,BKN
MDW,2022-08-14 18:53,74.00,63.00,15.00,20.00,29.92,0.00,10.00,BKN
MDW,2022-08-14 19:53,72.00,63.00,15.00,20.00,29.94,0.00,10.00,OVC
MDW,2022-08-14 20:53,72.00,62.00,12.00,20.00,29.94,0.00,10.00,OVC
MDW,2022-08-14 21:53,72.00,62.00,12.00,50.00,29.96,0.00,10.00,OVC
MDW,2022-08-14 22:53,71.00,62.00,10.00,20.00,29.96,0.00,10.00,OVC
MDW,2022-08-14 23:53,71.00,61.00,11.00,20.00,29.96,0.00,10.00,OVC
MDW,2022-08-15 00:53,71.00,61.00,12.00,30.00,29.97,0.00,10.00,OVC
MDW,2022-08-15 01:53,72.00,61.00,11.00,30.00,29.99,0.00,10.00,BKN
MDW,2022-08-15 02:53,72.00,62.00,12.00,40.00,29.99,0.00,10.00,SCT
MDW,2022-08-15 03:53,71.00,62.00,8.00,50.00,30.00,0.00,10.00,OVC
MDW,2022-08-15 04:53,71.00,62.00,11.00,60.00,30.00,0.00,10.00,OVC
MDW,2022-08-15 05:53,72.00,61.00,10.00,60.00,29.99,0.00,10.00,FEW
MDW,2022-08-15 06:53,72.00,61.00,6.00,60.00,30.00,0.00,10.00,FEW
MDW,2022-08-15 07:53,72.00,61.00,8.00,60.00,29.99,0.00,10.00,FEW
MDW,2022-08-15 08:53,72.00,61.00,8.00,60.00,29.99,0.00,10.00,BKN
MDW,2022-08-15 09:53,72.00,62.00,9.00,50.00,30.00,0.00,10.00,SCT
MDW,2022-08-15 10:53,72.00,63.00,8.00,70.00,30.01,0.00,10.00,SCT
MDW,2022-08-15 11:53,73.00,62.00,11.00,60.00,30.02,0.00,10.00,FEW
MDW,2022-08-15 12:53,74.00,62.00,11.00,70.00,30.04,0.00,10.00,FEW
MDW,2022-08-15 13:53,75.00,61.00,11.00,80.00,30.04,0.00,10.00,FEW
MDW,2022-08-15 14:53,76.00,59.00,12.00,60.00,30.05,0.00,10.00,FEW
MDW,2022-08-15 15:53,78.00,58.00,11.00,50.00,30.05,0.00,10.00,FEW
MDW,2022-08-15 16:53,80.00,58.00,10.00,60.00,30.05,0.00,10.00,FEW
MDW,2022-08-15 17:53,79.00,58.00,10.00,20.00,30.06,0.00,10.00,SCT
MDW,2022-08-15 18:53,81.00,57.00,13.00,40.00,30.06,0.00,10.00,FEW
MDW,2022-08-15 19:53,79.00,56.00,11.00,40.00,30.06,0.00,10.00,FEW
MDW,2022-08-15 20:53,78.00,56.00,12.00,40.00,30.05,0.00,10.00,FEW
MDW,2022-08-15 21:53,76.00,56.00,10.00,40.00,30.05,0.00,10.00,FEW
MDW,2022-08-15 22:53,76.00,57.00,10.00,50.00,30.06,0.00,10.00,FEW
MDW,2022-08-15 23:53,75.00,56.00,8.00,10.00,30.06,0.00,10.00,FEW
MDW,2022-08-16 00:53,74.00,58.00,8.00,20.00,30.07,0.00,10.00,FEW
MDW,2022-08-16 01:53,72.00,59.00,6.00,20.00,30.08,0.00,10.00,FEW
MDW,2022-08-16 02:53,72.00,59.00,11.00,30.00,30.09,0.00,10.00,FEW
MDW,2022-08-16 03:53,71.00,61.00,8.00,30.00,30.08,0.00,10.00,FEW
MDW,2022-08-16 04:53,71.00,61.00,7.00,10.00,30.08,0.00,10.00,FEW
MDW,2022-08-16 05:53,71.00,61.00,6.00,10.00,30.06,0.00,10.00,FEW
MDW,2022-08-16 06:53,70.00,61.00,5.00,360.00,30.05,0.00,10.00,FEW
MDW,2022-08-16 07:53,70.00,62.00,6.00,360.00,30.05,0.00,10.00,FEW
MDW,2022-08-16 08:53,69.00,63.00,6.00,350.00,30.06,0.00,10.00,CLR
MDW,2022-08-16 09:53,68.00,63.00,5.00,360.00,30.07,0.00,10.00,CLR
MDW,2022-08-16 10:53,67.00,62.00,4.00,30.00,30.07,0.00,10.00,FEW
MDW,2022-08-16 11:53,71.00,60.00,5.00,70.00,30.08,0.00,10.00,FEW
MDW,2022-08-16 12:53,74.00,60.00,7.00,90.00,30.10,0.00,10.00,FEW
MDW,2022-08-16 13:53,76.00,58.00,8.00,60.00,30.10,0.00,10.00,FEW
MDW,2022-08-16 14:53,78.00,58.00,6.00,80.00,30.11,0.00,10.00,SCT
MDW,2022-08-16 15:53,80.00,55.00,9.00,80.00,30.11,0.00,10.00,FEW
MDW,2022-08-16 16:53,80.00,54.00,9.00,60.00,30.11,0.00,10.00,FEW
MDW,2022-08-16 17:53,82.00,53.00,10.00,70.00,30.11,0.00,10.00,FEW
MDW,2022-08-16 18:53,83.00,52.00,12.00,60.00,30.11,0.00,10.00,FEW
MDW,2022-08-16 19:53,83.00,51.00,13.00,30.00,30.10,0.00,10.00,FEW
MDW,2022-08-16 20:53,82.00,50.00,13.00,20.00,30.09,0.00,10.00,FEW
MDW,2022-08-16 21:53,81.00,48.00,14.00,30.00,30.09,0.00,10.00,FEW
MDW,2022-08-16 22:53,79.00,49.00,13.00,40.00,30.09,0.00,10.00,FEW
MDW,2022-08-16 23:53,77.00,48.00,11.00,40.00,30.09,0.00,10.00,FEW
MDW,2022-08-17 00:53,75.00,48.00,11.00,10.00,30.10,0.00,10.00,FEW
MDW,2022-08-17 01:53,73.00,51.00,9.00,10.00,30.10,0.00,10.00,CLR
MDW,2022-08-17 02:53,72.00,57.00,8.00,20.00,30.11,0.00,10.00,CLR
MDW,2022-08-17 03:53,71.00,59.00,6.00,10.00,30.11,0.00,10.00,CLR
MDW,2022-08-17 04:53,71.00,60.00,7.00,360.00,30.11,0.00,10.00,CLR
MDW,2022-08-17 05:53,70.00,61.00,5.00,330.00,30.10,0.00,10.00,CLR
MDW,2022-08-17 06:53,68.00,60.00,5.00,350.00,30.10,0.00,10.00,CLR
MDW,2022-08-17 07:53,68.00,61.00,4.00,320.00,30.09,0.00,10.00,CLR
MDW,2022-08-17 08:53,65.00,59.00,3.00,320.00,30.09,0.00,10.00,CLR
MDW,2022-08-17 09:53,65.00,59.00,3.00,320.00,30.09,0.00,10.00,CLR
MDW,2022-08-17 10:53,66.00,59.00,5.00,350.00,30.11,0.00,10.00,FEW
MDW,2022-08-17 11:53,68.00,60.00,4.00,10.00,30.12,0.00,10.00,FEW
MDW,2022-08-17 12:53,73.00,63.00,5.00,20.00,30.13,0.00,10.00,FEW
MDW,2022-08-17 13:53,76.00,64.00,3.00,50.00,30.13,0.00,10.00,FEW
MDW,2022-08-17 14:53,80.00,62.00,3.00,80.00,30.13,0.00,10.00,FEW
MDW,2022-08-17 15:53,81.00,61.00,8.00,70.00,30.14,0.00,10.00,FEW
MDW,2022-08-17 16:53,82.00,56.00,9.00,70.00,30.13,0.00,10.00,FEW
MDW,2022-08-17 17:53,83.00,56.00,10.00,80.00,30.12,0.00,10.00,FEW
MDW,2022-08-17 18:53,83.00,55.00,9.00,90.00,30.12,0.00,10.00,FEW
MDW,2022-08-17 19:53,83.00,55.00,9.00,90.00,30.11,0.00,10.00,FEW
MDW,2022-08-17 20:53,82.00,55.00,9.00,70.00,30.10,0.00,10.00,FEW
MDW,2022-08-17 21:53,81.00,54.00,7.00,70.00,30.09,0.00,10.00,FEW
MDW,2022-08-17 22:53,82.00,55.00,10.00,30.00,30.08,0.00,10.00,FEW
MDW,2022-08-17 23:53,79.00,56.00,8.00,50.00,30.08,0.00,10.00,FEW
MDW,2022-08-18 00:53,76.00,57.00,6.00,30.00,30.07,0.00,10.00,FEW
MDW,2022-08-18 01:53,74.00,58.00,5.00,40.00,30.08,0.00,10.00,FEW
MDW,2022-08-18 02:53,73.00,60.00,3.00,10.00,30.08,0.00,10.00,CLR
MDW,2022-08-18 03:53,71.00,60.00,3.00,30.00,30.08,0.00,10.00,CLR
MDW,2022-08-18 04:53,72.00,60.00,0.00,0.00,30.07,0.00,10.00,FEW
MDW,2022-08-18 05:53,69.00,60.00,3.00,290.00,30.07,0.00,10.00,CLR
MDW,2022-08-18 06:53,66.00,59.00,0.00,0.00,30.06,0.00,10.00,CLR
MDW,2022-08-18 07:53,67.00,60.00,0.00,0.00,30.05,0.00,10.00,CLR
MDW,2022-08-18 08:53,67.00,60.00,0.00,0.00,30.05,0.00,10.00,FEW
MDW,2022-08-18 09:53,65.00,58.00,3.00,270.00,30.06,0.00,10.00,FEW
MDW,2022-08-18 10:53,65.00,58.00,0.00,0.00,30.06,0.00,10.00,FEW
MDW,2022-08-18 11:53,66.00,59.00,0.00,0.00,30.06,0.00,10.00,FEW
MDW,2022-08-18 12:53,71.00,60.00,0.00,0.00,30.06,0.00,10.00,FEW
MDW,2022-08-18 13:53,74.00,56.00,4.00,230.00,30.05,0.00,10.00,FEW
MDW,2022-08-18 14:53,78.00,53.00,4.00,M,30.04,0.00,10.00,FEW
MDW,2022-08-18 15:53,80.00,55.00,4.00,170.00,30.04,0.00,10.00,FEW
MDW,2022-08-18 16:53,82.00,55.00,0.00,0.00,30.03,0.00,10.00,FEW
MDW,2022-08-18 17:53,84.00,53.00,5.00,280.00,30.02,0.00,10.00,SCT
MDW,2022-08-18 18:53,83.00,54.00,8.00,280.00,30.01,0.00,10.00,SCT
MDW,2022-08-18 19:53,85.00,56.00,13.00,240.00,29.99,0.00,10.00,SCT
MDW,2022-08-18 20:53,86.00,54.00,11.00,230.00,29.98,0.00,10.00,FEW
MDW,2022-08-18 21:53,85.00,55.00,9.00,220.00,29.96,0.00,10.00,FEW
MDW,2022-08-18 22:53,84.00,55.00,9.00,240.00,29.96,0.00,10.00,FEW
MDW,2022-08-18 23:53,83.00,57.00,8.00,220.00,29.95,0.00,10.00,FEW
MDW,2022-08-19 00:53,80.00,58.00,5.00,230.00,29.94,0.00,10.00,FEW
MDW,2022-08-19 01:53,80.00,58.00,6.00,220.00,29.94,0.00,10.00,FEW
MDW,2022-08-19 02:53,78.00,59.00,7.00,200.00,29.94,0.00,10.00,FEW
MDW,2022-08-19 03:53,77.00,59.00,5.00,180.00,29.94,0.00,10.00,FEW
MDW,2022-08-19 04:53,75.00,59.00,6.00,200.00,29.95,0.00,10.00,FEW
MDW,2022-08-19 05:53,73.00,59.00,6.00,190.00,29.95,0.00,10.00,FEW
MDW,2022-08-19 06:53,72.00,60.00,6.00,200.00,29.96,0.00,10.00,FEW
MDW,2022-08-19 07:53,71.00,59.00,6.00,190.00,29.96,0.00,10.00,FEW
MDW,2022-08-19 08:53,70.00,59.00,5.00,180.00,29.95,0.00,10.00,FEW
MDW,2022-08-19 09:53,69.00,59.00,5.00,200.00,29.96,0.00,10.00,SCT
MDW,2022-08-19 10:53,69.00,58.00,6.00,190.00,29.97,0.00,10.00,SCT
MDW,2022-08-19 11:53,70.00,59.00,6.00,200.00,29.97,0.00,10.00,FEW
MDW,2022-08-19 12:53,74.00,61.00,9.00,210.00,29.98,0.00,10.00,FEW
MDW,2022-08-19 13:53,78.00,61.00,9.00,230.00,29.98,0.00,10.00,FEW
MDW,2022-08-19 14:53,80.00,60.00,11.00,220.00,29.98,0.00,10.00,FEW
MDW,2022-08-19 15:53,82.00,60.00,12.00,230.00,29.98,0.00,10.00,FEW
MDW,2022-08-19 16:53,85.00,59.00,13.00,230.00,29.96,0.00,10.00,SCT
MDW,2022-08-19 17:53,85.00,58.00,12.00,230.00,29.95,0.00,10.00,SCT
MDW,2022-08-19 18:53,86.00,58.00,11.00,190.00,29.94,0.00,10.00,SCT
MDW,2022-08-19 19:53,85.00,58.00,11.00,210.00,29.93,0.00,10.00,SCT
MDW,2022-08-19 20:53,86.00,57.00,8.00,180.00,29.92,0.00,10.00,SCT
MDW,2022-08-19 21:53,85.00,59.00,11.00,190.00,29.91,0.00,10.00,FEW
MDW,2022-08-19 22:53,85.00,58.00,12.00,170.00,29.92,0.00,10.00,SCT
MDW,2022-08-19 23:53,84.00,59.00,11.00,190.00,29.91,0.00,10.00,FEW
MDW,2022-08-20 00:53,82.00,59.00,8.00,170.00,29.92,0.00,10.00,FEW
MDW,2022-08-20 01:53,82.00,58.00,11.00,180.00,29.93,0.00,10.00,FEW
MDW,2022-08-20 02:53,81.00,59.00,7.00,180.00,29.94,0.00,10.00,FEW
MDW,2022-08-20 03:53,80.00,59.00,8.00,180.00,29.93,T,10.00,BKN
MDW,2022-08-20 04:53,79.00,59.00,10.00,180.00,29.93,0.00,10.00,BKN
MDW,2022-08-20 05:53,78.00,60.00,9.00,200.00,29.95,0.00,10.00,BKN
MDW,2022-08-20 06:53,76.00,61.00,10.00,260.00,29.97,0.00,10.00,BKN
MDW,2022-08-20 07:53,71.00,63.00,9.00,300.00,29.98,0.03,7.00,FEW
MDW,2022-08-20 08:53,68.00,63.00,7.00,280.00,29.99,0.15,4.00,FEW
MDW,2022-08-20 09:53,68.00,63.00,4.00,200.00,29.99,0.14,5.00,FEW
MDW,2022-08-20 10:53,69.00,64.00,6.00,150.00,29.98,0.06,7.00,OVC
MDW,2022-08-20 11:53,68.00,62.00,8.00,190.00,29.98,0.01,10.00,BKN
MDW,2022-08-20 12:53,68.00,63.00,7.00,190.00,29.98,0.01,10.00,FEW
MDW,2022-08-20 13:53,70.00,64.00,7.00,180.00,29.97,T,10.00,FEW
MDW,2022-08-20 14:53,74.00,64.00,11.00,210.00,29.99,0.00,10.00,BKN
MDW,2022-08-20 15:53,72.00,64.00,11.00,200.00,29.99,T,9.00,FEW
MDW,2022-08-20 16:53,72.00,64.00,11.00,210.00,30.00,0.01,10.00,FEW
MDW,2022-08-20 17:53,70.00,64.00,13.00,180.00,29.97,0.10,7.00,FEW
MDW,2022-08-20 18:53,73.00,66.00,9.00,220.00,29.97,0.03,10.00,FEW
MDW,2022-08-20 19:53,76.00,66.00,12.00,230.00,29.96,T,10.00,BKN
MDW,2022-08-20 20:53,73.00,66.00,7.00,210.00,29.91,0.01,10.00,FEW
MDW,2022-08-20 21:53,79.00,66.00,9.00,190.00,29.92,0.00,10.00,FEW
MDW,2022-08-20 22:53,77.00,66.00,6.00,200.00,29.92,0.00,10.00,FEW
MDW,2022-08-20 23:53,76.00,67.00,5.00,140.00,29.91,0.01,10.00,FEW
MDW,2022-08-21 00:53,75.00,67.00,3.00,130.00,29.92,0.00,10.00,FEW
MDW,2022-08-21 01:53,74.00,67.00,0.00,0.00,29.92,0.00,10.00,FEW
MDW,2022-08-21 02:53,73.00,66.00,0.00,0.00,29.93,0.00,10.00,FEW
MDW,2022-08-21 03:53,73.00,67.00,0.00,0.00,29.92,0.00,10.00,FEW
MDW,2022-08-21 04:53,72.00,67.00,3.00,250.00,29.92,0.00,8.00,BKN
MDW,2022-08-21 05:53,73.00,68.00,5.00,240.00,29.92,0.00,7.00,SCT
MDW,2022-08-21 06:53,70.00,65.00,7.00,250.00,29.91,0.28,9.00,SCT
MDW,2022-08-21 07:53,70.00,66.00,4.00,230.00,29.92,T,6.00,SCT
MDW,2022-08-21 08:53,70.00,65.00,3.00,220.00,29.91,0.00,6.00,SCT
MDW,2022-08-21 09:53,69.00,65.00,4.00,220.00,29.91,0.00,5.00,SCT
MDW,2022-08-21 10:53,69.00,64.00,5.00,290.00,29.92,0.00,6.00,BKN
MDW,2022-08-21 11:53,70.00,66.00,3.00,300.00,29.93,0.00,3.00,OVC
MDW,2022-08-21 12:53,72.00,67.00,7.00,350.00,29.96,0.00,8.00,BKN
MDW,2022-08-21 13:53,72.00,66.00,10.00,10.00,29.97,0.00,10.00,OVC
MDW,2022-08-21 14:53,76.00,67.00,10.00,10.00,29.98,0.00,10.00,SCT
MDW,2022-08-21 15:53,76.00,65.00,11.00,30.00,29.99,0.00,10.00,SCT
MDW,2022-08-21 16:53,75.00,67.00,11.00,50.00,29.99,T,10.00,SCT
MDW,2022-08-21 17:53,77.00,65.00,13.00,40.00,29.99,0.00,10.00,SCT
MDW,2022-08-21 18:53,78.00,65.00,10.00,50.00,29.99,0.00,10.00,SCT
MDW,2022-08-21 19:53,80.00,65.00,11.00,60.00,29.98,0.00,10.00,SCT
MDW,2022-08-21 20:53,80.00,64.00,10.00,20.00,29.98,0.00,10.00,SCT
MDW,2022-08-21 21:53,78.00,64.00,9.00,40.00,29.98,0.00,10.00,SCT
MDW,2022-08-21 22:53,78.00,64.00,9.00,40.00,29.99,0.00,10.00,SCT
MDW,2022-08-21 23:53,75.00,63.00,10.00,30.00,29.99,0.00,10.00,FEW
MDW,2022-08-22 00:53,73.00,63.00,10.00,30.00,30.01,0.00,10.00,FEW
MDW,2022-08-22 01:53,72.00,62.00,7.00,40.00,30.02,0.00,10.00,FEW
MDW,2022-08-22 02:53,72.00,63.00,4.00,350.00,30.03,0.00,10.00,FEW
MDW,2022-08-22 03:53,72.00,64.00,5.00,10.00,30.02,0.00,10.00,CLR
MDW,2022-08-22 04:53,71.00,64.00,7.00,340.00,30.02,0.00,10.00,CLR
MDW,2022-08-22 05:53,69.00,64.00,6.00,310.00,30.02,0.00,10.00,CLR
MDW,2022-08-22 06:53,69.00,63.00,3.00,320.00,30.02,0.00,10.00,CLR
MDW,2022-08-22 07:53,67.00,62.00,4.00,300.00,30.02,0.00,10.00,CLR
MDW,2022-08-22 08:53,66.00,61.00,3.00,280.00,30.03,0.00,10.00,CLR
MDW,2022-08-22 09:53,66.00,61.00,4.00,320.00,30.03,0.00,10.00,FEW
MDW,2022-08-22 10:53,66.00,61.00,6.00,320.00,30.03,0.00,10.00,FEW
MDW,2022-08-22 11:53,68.00,62.00,4.00,330.00,30.04,0.00,10.00,FEW
MDW,2022-08-22 12:53,71.00,62.00,5.00,350.00,30.05,0.00,10.00,FEW
MDW,2022-08-22 13:53,76.00,62.00,7.00,360.00,30.05,0.00,10.00,FEW
MDW,2022-08-22 14:53,78.00,61.00,5.00,350.00,30.05,0.00,10.00,FEW
MDW,2022-08-22 15:53,80.00,60.00,9.00,30.00,30.06,0.00,10.00,SCT
MDW,2022-08-22 16:53,81.00,59.00,5.00,70.00,30.05,0.00,10.00,SCT
MDW,2022-08-22 17:53,80.00,59.00,5.00,70.00,30.04,0.00,10.00,BKN
MDW,2022-08-22 18:53,80.00,60.00,9.00,120.00,30.03,0.00,10.00,SCT
MDW,2022-08-22 19:53,81.00,59.00,8.00,90.00,30.02,0.00,10.00,SCT
MDW,2022-08-22 20:53,82.00,58.00,3.00,80.00,30.01,0.00,10.00,SCT
MDW,2022-08-22 21:53,81.00,59.00,10.00,110.00,30.00,0.00,10.00,SCT
MDW,2022-08-22 22:53,79.00,60.00,10.00,60.00,30.01,0.00,10.00,FEW
MDW,2022-08-22 23:53,77.00,60.00,7.00,90.00,30.01,0.00,10.00,SCT
MDW,2022-08-23 00:53,76.00,59.00,8.00,90.00,30.02,0.00,10.00,SCT
MDW,2022-08-23 01:53,74.00,60.00,6.00,80.00,30.03,0.00,10.00,FEW
MDW,2022-08-23 02:53,73.00,59.00,3.00,50.00,30.03,0.00,10.00,CLR
MDW,2022-08-23 03:53,73.00,59.00,0.00,0.00,30.02,0.00,10.00,CLR
MDW,2022-08-23 04:53,71.00,59.00,3.00,230.00,30.03,0.00,10.00,CLR
MDW,2022-08-23 05:53,69.00,60.00,0.00,0.00,30.01,0.00,10.00,SCT
MDW,2022-08-23 06:53,68.00,59.00,3.00,250.00,30.01,0.00,10.00,SCT
MDW,2022-08-23 07:53,67.00,59.00,3.00,260.00,30.00,0.00,10.00,FEW
MDW,2022-08-23 08:53,66.00,58.00,0.00,0.00,30.01,0.00,10.00,FEW
MDW,2022-08-23 09:53,66.00,59.00,0.00,0.00,30.00,0.00,10.00,BKN
MDW,2022-08-23 10:53,65.00,58.00,3.00,260.00,30.00,0.00,10.00,FEW
MDW,2022-08-23 11:53,67.00,59.00,3.00,270.00,30.00,0.00,10.00,FEW
MDW,2022-08-23 12:53,70.00,59.00,6.00,270.00,30.02,0.00,10.00,FEW
MDW,2022-08-23 13:53,75.00,60.00,7.00,260.00,30.02,0.00,10.00,FEW
MDW,2022-08-23 14:53,79.00,59.00,6.00,300.00,30.02,0.00,10.00,FEW
MDW,2022-08-23 15:53,82.00,58.00,5.00,340.00,30.02,0.00,10.00,FEW
MDW,2022-08-23 16:53,83.00,56.00,5.00,320.00,30.01,0.00,10.00,SCT
MDW,2022-08-23 17:53,84.00,55.00,5.00,290.00,30.00,0.00,10.00,SCT
MDW,2022-08-23 18:53,83.00,58.00,8.00,120.00,29.99,0.00,10.00,SCT
MDW,2022-08-23 19:53,84.00,58.00,4.00,M,29.99,0.00,10.00,SCT
MDW,2022-08-23 20:53,85.00,58.00,8.00,110.00,29.98,0.00,10.00,FEW
MDW,2022-08-23 21:53,84.00,57.00,8.00,100.00,29.98,0.00,10.00,FEW
MDW,2022-08-23 22:53,82.00,56.00,8.00,80.00,29.98,0.00,10.00,FEW
MDW,2022-08-23 23:53,80.00,55.00,7.00,110.00,29.98,0.00,10.00,FEW
MDW,2022-08-24 00:53,79.00,55.00,6.00,110.00,29.98,0.00,10.00,FEW
MDW,2022-08-24 01:53,78.00,55.00,4.00,130.00,30.00,0.00,10.00,FEW
MDW,2022-08-24 02:53,77.00,55.00,3.00,160.00,30.01,0.00,10.00,FEW
MDW,2022-08-24 03:53,76.00,56.00,0.00,0.00,30.01,0.00,10.00,FEW
MDW,2022-08-24 04:53,76.00,56.00,4.00,160.00,30.01,0.00,10.00,CLR
MDW,2022-08-24 05:53,71.00,57.00,0.00,0.00,30.03,0.00,10.00,CLR
MDW,2022-08-24 06:53,70.00,58.00,0.00,0.00,30.03,0.00,10.00,CLR
MDW,2022-08-24 07:53,69.00,58.00,3.00,250.00,30.04,0.00,10.00,CLR
MDW,2022-08-24 08:53,69.00,59.00,0.00,0.00,30.04,0.00,10.00,CLR
MDW,2022-08-24 09:53,68.00,59.00,0.00,0.00,30.05,0.00,10.00,CLR
MDW,2022-08-24 10:53,69.00,59.00,3.00,290.00,30.05,0.00,10.00,FEW
MDW,2022-08-24 11:53,69.00,59.00,0.00,0.00,30.06,0.00,10.00,FEW
MDW,2022-08-24 12:53,73.00,60.00,0.00,0.00,30.07,0.00,10.00,CLR
MDW,2022-08-24 13:53,79.00,59.00,0.00,0.00,30.08,0.00,10.00,CLR
MDW,2022-08-24 14:53,81.00,58.00,0.00,0.00,30.08,0.00,10.00,CLR
MDW,2022-08-24 15:53,84.00,57.00,3.00,60.00,30.08,0.00,10.00,FEW
MDW,2022-08-24 16:53,83.00,57.00,3.00,330.00,30.08,0.00,10.00,SCT
MDW,2022-08-24 17:53,85.00,57.00,4.00,300.00,30.07,0.00,10.00,SCT
MDW,2022-08-24 18:53,86.00,57.00,0.00,0.00,30.06,0.00,10.00,SCT
MDW,2022-08-24 19:53,84.00,58.00,4.00,320.00,30.05,0.00,10.00,SCT
MDW,2022-08-24 20:53,84.00,60.00,7.00,90.00,30.04,0.00,10.00,SCT
MDW,2022-08-24 21:53,86.00,59.00,6.00,250.00,30.03,0.00,10.00,SCT
MDW,2022-08-24 22:53,85.00,58.00,11.00,250.00,30.02,0.00,10.00,SCT
MDW,2022-08-24 23:53,83.00,58.00,8.00,230.00,30.02,0.00,10.00,FEW
MDW,2022-08-25 00:53,81.00,58.00,6.00,220.00,30.02,0.00,10.00,FEW
MDW,2022-08-25 01:53,79.00,59.00,4.00,240.00,30.03,0.00,10.00,CLR
MDW,2022-08-25 02:53,79.00,59.00,5.00,190.00,30.04,0.00,10.00,CLR
MDW,2022-08-25 03:53,77.00,60.00,4.00,200.00,30.05,0.00,10.00,CLR
MDW,2022-08-25 04:53,75.00,60.00,4.00,210.00,30.05,0.00,10.00,CLR
MDW,2022-08-25 05:53,74.00,60.00,5.00,210.00,30.04,0.00,10.00,BKN
MDW,2022-08-25 06:53,73.00,60.00,6.00,210.00,30.03,0.00,10.00,OVC
MDW,2022-08-25 07:53,72.00,59.00,5.00,200.00,30.01,0.00,10.00,OVC
MDW,2022-08-25 08:53,72.00,59.00,5.00,190.00,30.01,0.00,10.00,BKN
MDW,2022-08-25 09:53,71.00,59.00,5.00,190.00,30.01,0.00,10.00,FEW
MDW,2022-08-25 10:53,71.00,59.00,7.00,250.00,30.02,0.00,10.00,SCT
MDW,2022-08-25 11:53,69.00,61.00,5.00,240.00,30.02,0.02,8.00,SCT
MDW,2022-08-25 12:53,69.00,62.00,7.00,200.00,30.01,0.02,10.00,SCT
MDW,2022-08-25 13:53,69.00,63.00,8.00,220.00,30.02,0.06,2.50,SCT
MDW,2022-08-25 14:53,70.00,64.00,9.00,190.00,30.01,0.11,10.00,FEW
MDW,2022-08-25 15:53,74.00,66.00,9.00,200.00,30.00,0.00,10.00,FEW
MDW,2022-08-25 16:53,76.00,66.00,9.00,230.00,29.99,0.00,10.00,BKN
MDW,2022-08-25 17:53,76.00,66.00,12.00,230.00,29.98,0.00,10.00,OVC
MDW,2022-08-25 18:53,77.00,67.00,9.00,240.00,29.97,0.00,10.00,OVC
MDW,2022-08-25 19:53,78.00,68.00,8.00,240.00,29.96,0.00,10.00,SCT
MDW,2022-08-25 20:53,81.00,68.00,8.00,240.00,29.95,0.00,10.00,SCT
MDW,2022-08-25 21:53,81.00,68.00,8.00,250.00,29.94,0.00,10.00,SCT
MDW,2022-08-25 22:53,82.00,67.00,8.00,280.00,29.94,0.00,10.00,FEW
MDW,2022-08-25 23:53,81.00,66.00,6.00,290.00,29.93,0.00,10.00,FEW
MDW,2022-08-26 00:53,80.00,67.00,8.00,260.00,29.94,0.00,10.00,FEW
MDW,2022-08-26 01:53,75.00,67.00,8.00,20.00,29.97,T,9.00,FEW
MDW,2022-08-26 02:53,75.00,67.00,4.00,330.00,29.98,0.00,10.00,FEW
MDW,2022-08-26 03:53,75.00,68.00,5.00,360.00,30.00,0.00,10.00,SCT
MDW,2022-08-26 04:53,74.00,66.00,8.00,20.00,30.01,0.00,10.00,FEW
MDW,2022-08-26 05:53,73.00,66.00,8.00,10.00,30.02,0.00,10.00,FEW
MDW,2022-08-26 06:53,73.00,66.00,6.00,10.00,30.01,0.00,10.00,FEW
MDW,2022-08-26 07:53,72.00,65.00,7.00,10.00,30.01,0.00,10.00,FEW
MDW,2022-08-26 08:53,71.00,64.00,7.00,10.00,30.01,0.00,10.00,FEW
MDW,2022-08-26 09:53,71.00,65.00,5.00,350.00,30.02,0.00,10.00,SCT
MDW,2022-08-26 10:53,71.00,64.00,4.00,330.00,30.03,0.00,10.00,FEW
MDW,2022-08-26 11:53,70.00,64.00,6.00,330.00,30.04,0.00,10.00,FEW
MDW,2022-08-26 12:53,69.00,64.00,9.00,350.00,30.06,0.00,10.00,BKN
MDW,2022-08-26 13:53,70.00,62.00,10.00,10.00,30.07,0.00,10.00,BKN
MDW,2022-08-26 14:53,75.00,61.00,9.00,20.00,30.08,0.00,10.00,BKN
MDW,2022-08-26 15:53,75.00,61.00,7.00,20.00,30.08,0.00,10.00,SCT
MDW,2022-08-26 16:53,77.00,60.00,8.00,30.00,30.09,0.00,10.00,SCT
MDW,2022-08-26 17:53,78.00,61.00,10.00,50.00,30.08,0.00,10.00,FEW
MDW,2022-08-26 18:53,78.00,60.00,7.00,60.00,30.08,0.00,10.00,FEW
MDW,2022-08-26 19:53,79.00,60.00,11.00,30.00,30.07,0.00,10.00,BKN
MDW,2022-08-26 20:53,79.00,60.00,3.00,M,30.06,0.00,10.00,BKN
MDW,2022-08-26 21:53,77.00,60.00,9.00,60.00,30.05,0.00,10.00,SCT
MDW,2022-08-26 22:53,76.00,59.00,9.00,50.00,30.05,0.00,10.00,FEW
MDW,2022-08-26 23:53,72.00,60.00,12.00,70.00,30.05,0.00,10.00,FEW
MDW,2022-08-27 00:53,72.00,60.00,8.00,70.00,30.06,0.00,10.00,FEW
MDW,2022-08-27 01:53,71.00,59.00,5.00,70.00,30.08,0.00,10.00,FEW
MDW,2022-08-27 02:53,70.00,59.00,3.00,50.00,30.08,0.00,10.00,SCT
MDW,2022-08-27 03:53,69.00,59.00,5.00,40.00,30.08,0.00,10.00,FEW
MDW,2022-08-27 04:53,69.00,58.00,3.00,110.00,30.08,0.00,10.00,FEW
MDW,2022-08-27 05:53,67.00,58.00,0.00,0.00,30.08,0.00,10.00,CLR
MDW,2022-08-27 06:53,66.00,59.00,0.00,0.00,30.06,0.00,10.00,CLR
MDW,2022-08-27 07:53,65.00,58.00,0.00,0.00,30.08,0.00,10.00,CLR
MDW,2022-08-27 08:53,64.00,58.00,3.00,220.00,30.07,0.00,10.00,FEW
MDW,2022-08-27 09:53,64.00,58.00,0.00,0.00,30.07,0.00,10.00,CLR
MDW,2022-08-27 10:53,64.00,58.00,0.00,0.00,30.08,0.00,10.00,FEW
MDW,2022-08-27 11:53,65.00,59.00,0.00,0.00,30.08,0.00,10.00,FEW
MDW,2022-08-27 12:53,68.00,60.00,4.00,160.00,30.08,0.00,10.00,FEW
MDW,2022-08-27 13:53,71.00,60.00,3.00,190.00,30.08,0.00,10.00,FEW
MDW,2022-08-27 14:53,75.00,57.00,0.00,0.00,30.08,0.00,10.00,FEW
MDW,2022-08-27 15:53,78.00,59.00,3.00,210.00,30.07,0.00,10.00,FEW
MDW,2022-08-27 16:53,80.00,60.00,4.00,M,30.05,0.00,10.00,FEW
MDW,2022-08-27 17:53,83.00,60.00,3.00,M,30.04,0.00,10.00,FEW
MDW,2022-08-27 18:53,83.00,59.00,4.00,240.00,30.03,0.00,10.00,SCT
MDW,2022-08-27 19:53,82.00,61.00,9.00,110.00,30.01,0.00,10.00,SCT
MDW,2022-08-27 20:53,83.00,62.00,8.00,100.00,30.00,0.00,10.00,SCT
MDW,2022-08-27 21:53,83.00,61.00,9.00,70.00,30.00,0.00,10.00,SCT
MDW,2022-08-27 22:53,82.00,61.00,9.00,80.00,29.99,0.00,10.00,FEW
MDW,2022-08-27 23:53,79.00,62.00,9.00,90.00,29.98,0.00,10.00,FEW
MDW,2022-08-28 00:53,77.00,63.00,7.00,80.00,29.97,0.00,10.00,FEW
MDW,2022-08-28 01:53,76.00,64.00,6.00,100.00,29.97,0.00,10.00,BKN
MDW,2022-08-28 02:53,75.00,65.00,8.00,110.00,29.97,0.00,10.00,SCT
MDW,2022-08-28 03:53,75.00,65.00,6.00,130.00,29.95,0.00,10.00,BKN
MDW,2022-08-28 04:53,76.00,61.00,7.00,160.00,29.94,0.00,10.00,BKN
MDW,2022-08-28 05:53,75.00,61.00,7.00,160.00,29.94,0.00,10.00,SCT
MDW,2022-08-28 06:53,74.00,61.00,6.00,160.00,29.94,0.00,10.00,SCT
MDW,2022-08-28 07:53,73.00,61.00,4.00,160.00,29.93,0.00,10.00,SCT
MDW,2022-08-28 08:53,73.00,61.00,6.00,160.00,29.92,0.00,10.00,FEW
MDW,2022-08-28 09:53,72.00,61.00,6.00,150.00,29.90,0.00,10.00,FEW
MDW,2022-08-28 10:53,72.00,61.00,7.00,160.00,29.92,0.00,10.00,FEW
MDW,2022-08-28 11:53,72.00,62.00,7.00,150.00,29.93,0.00,10.00,FEW
MDW,2022-08-28 12:53,75.00,64.00,8.00,160.00,29.93,0.00,10.00,FEW
MDW,2022-08-28 13:53,78.00,66.00,9.00,200.00,29.91,0.00,10.00,FEW
MDW,2022-08-28 14:53,82.00,68.00,9.00,200.00,29.90,0.00,10.00,FEW
MDW,2022-08-28 15:53,85.00,68.00,13.00,190.00,29.89,0.00,10.00,FEW
MDW,2022-08-28 16:53,88.00,68.00,14.00,200.00,29.89,0.00,10.00,FEW
MDW,2022-08-28 17:53,89.00,69.00,13.00,200.00,29.86,0.00,10.00,SCT
MDW,2022-08-28 18:53,90.00,68.00,12.00,190.00,29.84,0.00,10.00,SCT
MDW,2022-08-28 19:53,90.00,67.00,13.00,190.00,29.80,0.00,10.00,FEW
MDW,2022-08-28 20:53,91.00,69.00,12.00,190.00,29.78,0.00,10.00,FEW
MDW,2022-08-28 21:53,89.00,69.00,14.00,190.00,29.78,0.00,10.00,SCT
MDW,2022-08-28 22:53,88.00,69.00,15.00,190.00,29.78,0.00,10.00,SCT
MDW,2022-08-28 23:53,88.00,69.00,10.00,200.00,29.78,0.00,10.00,FEW
MDW,2022-08-29 00:53,87.00,70.00,12.00,200.00,29.79,0.00,10.00,SCT
MDW,2022-08-29 01:53,83.00,71.00,9.00,200.00,29.82,0.00,10.00,BKN
MDW,2022-08-29 02:53,83.00,71.00,12.00,200.00,29.81,0.00,10.00,FEW
MDW,2022-08-29 03:53,82.00,70.00,11.00,210.00,29.81,0.00,10.00,FEW
MDW,2022-08-29 04:53,80.00,67.00,12.00,180.00,29.83,0.00,10.00,FEW
MDW,2022-08-29 05:53,77.00,67.00,9.00,210.00,29.83,0.00,10.00,FEW
MDW,2022-08-29 06:53,76.00,67.00,12.00,210.00,29.82,0.00,10.00,FEW
MDW,2022-08-29 07:53,76.00,67.00,13.00,200.00,29.82,0.00,10.00,FEW
MDW,2022-08-29 08:53,76.00,68.00,11.00,210.00,29.82,0.00,10.00,FEW
MDW,2022-08-29 09:53,75.00,68.00,6.00,210.00,29.83,0.00,10.00,FEW
MDW,2022-08-29 10:53,75.00,69.00,10.00,210.00,29.84,0.00,10.00,FEW
MDW,2022-08-29 11:53,75.00,69.00,8.00,220.00,29.84,0.00,10.00,FEW
MDW,2022-08-29 12:53,78.00,70.00,11.00,200.00,29.83,0.00,10.00,FEW
MDW,2022-08-29 13:53,81.00,71.00,11.00,220.00,29.84,0.00,10.00,FEW
MDW,2022-08-29 14:53,84.00,72.00,14.00,240.00,29.84,0.00,10.00,FEW
MDW,2022-08-29 15:53,86.00,72.00,13.00,230.00,29.83,0.00,10.00,BKN
MDW,2022-08-29 16:53,86.00,73.00,11.00,220.00,29.85,0.00,10.00,BKN
MDW,2022-08-29 17:53,72.00,64.00,6.00,330.00,29.90,0.24,1.50,BKN
MDW,2022-08-29 18:53,72.00,66.00,8.00,220.00,29.88,0.22,10.00,BKN
MDW,2022-08-29 19:53,73.00,67.00,9.00,90.00,29.75,0.02,10.00,FEW
MDW,2022-08-29 20:53,80.00,69.00,7.00,220.00,29.83,T,10.00,FEW
MDW,2022-08-29 21:53,84.00,69.00,7.00,240.00,29.81,0.00,10.00,FEW
MDW,2022-08-29 22:53,85.00,68.00,11.00,240.00,29.84,0.00,10.00,FEW
MDW,2022-08-29 23:53,83.00,68.00,8.00,250.00,29.84,0.00,10.00,FEW
MDW,2022-08-30 00:53,81.00,68.00,6.00,230.00,29.84,0.00,10.00,FEW
MDW,2022-08-30 01:53,80.00,67.00,7.00,290.00,29.85,0.00,10.00,FEW
MDW,2022-08-30 02:53,80.00,66.00,7.00,250.00,29.88,0.00,10.00,FEW
MDW,2022-08-30 03:53,79.00,61.00,5.00,290.00,29.90,0.00,10.00,FEW
MDW,2022-08-30 04:53,77.00,60.00,8.00,250.00,29.93,0.00,10.00,FEW
MDW,2022-08-30 05:53,76.00,61.00,8.00,220.00,29.95,0.00,10.00,FEW
MDW,2022-08-30 06:53,74.00,61.00,8.00,240.00,29.93,0.00,10.00,FEW
MDW,2022-08-30 07:53,72.00,61.00,8.00,240.00,29.90,0.00,10.00,SCT
MDW,2022-08-30 08:53,71.00,61.00,8.00,240.00,29.90,0.00,10.00,SCT
MDW,2022-08-30 09:53,70.00,62.00,9.00,250.00,29.90,0.00,10.00,CLR
MDW,2022-08-30 10:53,69.00,60.00,7.00,250.00,29.91,0.00,10.00,FEW
MDW,2022-08-30 11:53,69.00,60.00,7.00,260.00,29.91,0.00,10.00,CLR
MDW,2022-08-30 12:53,72.00,57.00,10.00,300.00,29.93,0.00,10.00,CLR
MDW,2022-08-30 13:53,74.00,57.00,12.00,290.00,29.93,0.00,10.00,CLR
MDW,2022-08-30 14:53,77.00,57.00,10.00,300.00,29.95,0.00,10.00,CLR
MDW,2022-08-30 15:53,79.00,56.00,14.00,320.00,29.96,0.00,10.00,FEW
MDW,2022-08-30 16:53,81.00,56.00,10.00,290.00,29.95,0.00,10.00,SCT
MDW,2022-08-30 17:53,81.00,52.00,17.00,270.00,29.95,0.00,10.00,SCT
MDW,2022-08-30 18:53,81.00,52.00,14.00,300.00,29.95,0.00,10.00,FEW
MDW,2022-08-30 19:53,81.00,54.00,13.00,270.00,29.94,0.00,10.00,FEW
MDW,2022-08-30 20:53,81.00,53.00,17.00,300.00,29.94,0.00,10.00,FEW
MDW,2022-08-30 21:53,81.00,54.00,15.00,280.00,29.94,0.00,10.00,FEW
MDW,2022-08-30 22:53,80.00,54.00,10.00,300.00,29.94,0.00,10.00,FEW
MDW,2022-08-30 23:53,79.00,53.00,14.00,310.00,29.95,0.00,10.00,FEW
MDW,2022-08-31 00:53,77.00,52.00,10.00,320.00,29.97,0.00,10.00,CLR
MDW,2022-08-31 01:53,74.00,53.00,6.00,300.00,29.98,0.00,10.00,CLR
MDW,2022-08-31 02:53,72.00,54.00,4.00,280.00,29.99,0.00,10.00,CLR
MDW,2022-08-31 03:53,71.00,54.00,6.00,270.00,30.01,0.00,10.00,CLR
MDW,2022-08-31 04:53,69.00,54.00,5.00,270.00,30.01,0.00,10.00,CLR
MDW,2022-08-31 05:53,68.00,54.00,5.00,270.00,30.03,0.00,10.00,CLR
MDW,2022-08-31 06:53,67.00,54.00,5.00,270.00,30.02,0.00,10.00,CLR
MDW,2022-08-31 07:53,66.00,55.00,7.00,270.00,30.02,0.00,10.00,CLR
MDW,2022-08-31 08:53,65.00,54.00,5.00,280.00,30.02,0.00,10.00,CLR
MDW,2022-08-31 09:53,64.00,54.00,6.00,280.00,30.02,0.00,10.00,CLR
MDW,2022-08-31 10:53,64.00,53.00,6.00,270.00,30.03,0.00,10.00,CLR
MDW,2022-08-31 11:53,65.00,54.00,6.00,270.00,30.04,0.00,10.00,CLR
MDW,2022-08-31 12:53,69.00,54.00,6.00,270.00,30.04,0.00,10.00,CLR
MDW,2022-08-31 13:53,73.00,55.00,8.00,300.00,30.04,0.00,10.00,CLR
MDW,2022-08-31 14:53,77.00,56.00,9.00,280.00,30.05,0.00,10.00,CLR
MDW,2022-08-31 15:53,80.00,56.00,8.00,310.00,30.04,0.00,10.00,CLR
MDW,2022-08-31 16:53,82.00,56.00,9.00,290.00,30.03,0.00,10.00,FEW
MDW,2022-08-31 17:53,85.00,56.00,14.00,280.00,30.01,0.00,10.00,FEW
MDW,2022-08-31 18:53,86.00,57.00,12.00,290.00,30.01,0.00,10.00,FEW
MDW,2022-08-31 19:53,86.00,58.00,12.00,290.00,30.00,0.00,10.00,FEW
MDW,2022-08-31 20:53,86.00,58.00,11.00,280.00,29.99,0.00,10.00,FEW
MDW,2022-08-31 21:53,86.00,58.00,13.00,290.00,29.98,0.00,10.00,SCT
MDW,2022-08-31 22:53,86.00,58.00,5.00,280.00,29.98,0.00,10.00,FEW
MDW,2022-08-31 23:53,84.00,58.00,8.00,270.00,29.97,0.00,10.00,FEW
MDW,2022-09-01 00:53,81.00,61.00,8.00,260.00,29.98,0.00,10.00,CLR
MDW,2022-09-01 01:53,79.00,61.00,7.00,250.00,30.00,0.00,10.00,CLR
MDW,2022-09-01 02:53,77.00,63.00,6.00,240.00,30.01,0.00,10.00,CLR
MDW,2022-09-01 03:53,76.00,63.00,7.00,250.00,30.02,0.00,10.00,CLR
MDW,2022-09-01 04:53,75.00,64.00,7.00,250.00,30.01,0.00,10.00,CLR
MDW,2022-09-01 05:53,74.00,63.00,6.00,260.00,30.01,0.00,10.00,CLR
MDW,2022-09-01 06:53,73.00,63.00,6.00,250.00,30.01,0.00,10.00,CLR
MDW,2022-09-01 07:53,73.00,62.00,3.00,250.00,30.01,0.00,10.00,CLR
MDW,2022-09-01 08:53,71.00,62.00,6.00,250.00,30.02,0.00,10.00,CLR
MDW,2022-09-01 09:53,70.00,62.00,3.00,260.00,30.02,0.00,10.00,CLR
MDW,2022-09-01 10:53,70.00,61.00,5.00,230.00,30.03,0.00,10.00,CLR
MDW,2022-09-01 11:53,70.00,61.00,4.00,240.00,30.04,0.00,10.00,FEW
MDW,2022-09-01 12:53,73.00,62.00,3.00,270.00,30.05,0.00,10.00,FEW
MDW,2022-09-01 13:53,77.00,62.00,4.00,230.00,30.06,0.00,10.00,FEW
MDW,2022-09-01 14:53,82.00,61.00,4.00,250.00,30.06,0.00,10.00,FEW
MDW,2022-09-01 15:53,85.00,59.00,0.00,0.00,30.06,0.00,10.00,FEW
MDW,2022-09-01 16:53,88.00,59.00,6.00,240.00,30.05,0.00,10.00,FEW
MDW,2022-09-01 17:53,88.00,59.00,10.00,200.00,30.04,0.00,10.00,FEW
MDW,2022-09-01 18:53,89.00,59.00,7.00,240.00,30.04,0.00,10.00,FEW
MDW,2022-09-01 19:53,88.00,60.00,8.00,260.00,30.02,0.00,10.00,FEW
MDW,2022-09-01 20:53,88.00,60.00,11.00,230.00,30.01,0.00,10.00,FEW
MDW,2022-09-01 21:53,87.00,63.00,12.00,250.00,30.00,0.00,10.00,FEW
MDW,2022-09-01 22:53,85.00,62.00,11.00,220.00,30.00,0.00,10.00,FEW
MDW,2022-09-01 23:53,84.00,62.00,8.00,220.00,30.00,0.00,10.00,FEW
MDW,2022-09-02 00:53,83.00,63.00,13.00,210.00,30.00,0.00,10.00,SCT
MDW,2022-09-02 01:53,81.00,64.00,9.00,210.00,30.01,0.00,10.00,BKN
MDW,2022-09-02 02:53,79.00,64.00,6.00,200.00,30.01,0.00,10.00,FEW
MDW,2022-09-02 03:53,79.00,63.00,7.00,200.00,30.02,0.00,10.00,FEW
MDW,2022-09-02 04:53,79.00,63.00,6.00,200.00,30.02,0.00,10.00,BKN
MDW,2022-09-02 05:53,77.00,64.00,5.00,200.00,30.03,0.00,10.00,FEW
MDW,2022-09-02 06:53,76.00,64.00,4.00,210.00,30.02,0.00,10.00,SCT
MDW,2022-09-02 07:53,76.00,64.00,6.00,200.00,30.02,0.00,10.00,FEW
MDW,2022-09-02 08:53,75.00,64.00,5.00,200.00,30.03,0.00,10.00,SCT
MDW,2022-09-02 09:53,74.00,64.00,5.00,170.00,30.03,0.00,10.00,SCT
MDW,2022-09-02 10:53,72.00,63.00,4.00,240.00,30.05,0.00,10.00,FEW
MDW,2022-09-02 11:53,73.00,63.00,6.00,200.00,30.06,0.00,10.00,FEW
MDW,2022-09-02 12:53,75.00,64.00,4.00,190.00,30.06,0.00,10.00,FEW
MDW,2022-09-02 13:53,78.00,64.00,6.00,M,30.06,0.00,10.00,FEW
MDW,2022-09-02 14:53,81.00,63.00,9.00,190.00,30.07,0.00,10.00,FEW
MDW,2022-09-02 15:53,84.00,62.00,9.00,180.00,30.06,0.00,10.00,FEW
MDW,2022-09-02 16:53,85.00,62.00,11.00,210.00,30.06,0.00,10.00,FEW
MDW,2022-09-02 17:53,86.00,61.00,13.00,180.00,30.05,0.00,10.00,FEW
MDW,2022-09-02 18:53,86.00,61.00,12.00,190.00,30.04,0.00,10.00,FEW
MDW,2022-09-02 19:53,87.00,61.00,13.00,210.00,30.03,0.00,10.00,FEW
MDW,2022-09-02 20:53,86.00,61.00,13.00,190.00,30.02,0.00,10.00,FEW
MDW,2022-09-02 21:53,86.00,60.00,10.00,170.00,30.01,0.00,10.00,FEW
MDW,2022-09-02 22:53,85.00,61.00,9.00,200.00,30.01,0.00,10.00,FEW
MDW,2022-09-02 23:53,84.00,61.00,13.00,200.00,30.02,0.00,10.00,FEW
MDW,2022-09-03 00:53,82.00,63.00,7.00,200.00,30.02,0.00,10.00,FEW
MDW,2022-09-03 01:53,81.00,63.00,5.00,200.00,30.03,0.00,10.00,SCT
MDW,2022-09-03 02:53,79.00,63.00,5.00,210.00,30.04,0.00,10.00,FEW
MDW,2022-09-03 03:53,78.00,63.00,8.00,210.00,30.06,0.00,10.00,FEW
MDW,2022-09-03 04:53,76.00,64.00,8.00,210.00,30.07,0.00,10.00,FEW
MDW,2022-09-03 05:53,75.00,64.00,7.00,220.00,30.07,0.00,10.00,BKN
MDW,2022-09-03 06:53,74.00,64.00,6.00,210.00,30.06,0.00,10.00,SCT
MDW,2022-09-03 07:53,74.00,65.00,7.00,230.00,30.07,0.00,10.00,SCT
MDW,2022-09-03 08:53,73.00,65.00,5.00,270.00,30.06,0.00,10.00,SCT
MDW,2022-09-03 09:53,73.00,64.00,6.00,220.00,30.06,0.00,10.00,SCT
MDW,2022-09-03 10:53,72.00,65.00,7.00,190.00,30.08,0.00,10.00,FEW
MDW,2022-09-03 11:53,71.00,65.00,6.00,200.00,30.09,0.00,10.00,FEW
MDW,2022-09-03 12:53,74.00,66.00,5.00,230.00,30.10,0.00,10.00,FEW
MDW,2022-09-03 13:53,78.00,64.00,10.00,270.00,30.10,0.00,10.00,FEW
MDW,2022-09-03 14:53,81.00,61.00,8.00,260.00,30.10,0.00,10.00,FEW
MDW,2022-09-03 15:53,85.00,62.00,7.00,280.00,30.10,0.00,10.00,FEW
MDW,2022-09-03 16:53,87.00,62.00,6.00,250.00,30.10,0.00,10.00,FEW
MDW,2022-09-03 17:53,89.00,63.00,5.00,250.00,30.09,0.00,10.00,FEW
MDW,2022-09-03 18:53,89.00,63.00,4.00,230.00,30.08,0.00,10.00,SCT
MDW,2022-09-03 19:53,86.00,63.00,11.00,70.00,30.07,0.00,10.00,SCT
MDW,2022-09-03 20:53,85.00,63.00,11.00,70.00,30.06,0.00,10.00,SCT
MDW,2022-09-03 21:53,82.00,66.00,10.00,30.00,30.07,0.00,10.00,FEW
MDW,2022-09-03 22:53,80.00,68.00,11.00,20.00,30.08,0.00,10.00,SCT
MDW,2022-09-03 23:53,77.00,68.00,12.00,20.00,30.09,0.00,10.00,BKN
MDW,2022-09-04 00:53,75.00,66.00,12.00,20.00,30.11,0.00,10.00,BKN
MDW,2022-09-04 01:53,74.00,64.00,14.00,20.00,30.12,0.00,10.00,OVC
MDW,2022-09-04 02:53,73.00,63.00,11.00,30.00,30.13,0.00,10.00,OVC
MDW,2022-09-04 03:53,73.00,63.00,12.00,20.00,30.14,0.00,10.00,OVC
MDW,2022-09-04 04:53,73.00,64.00,10.00,10.00,30.12,0.00,10.00,OVC
MDW,2022-09-04 05:53,73.00,64.00,9.00,30.00,30.11,0.00,10.00,OVC
MDW,2022-09-04 06:53,73.00,64.00,11.00,10.00,30.10,0.00,10.00,OVC
MDW,2022-09-04 07:53,73.00,64.00,8.00,10.00,30.09,0.00,10.00,OVC
MDW,2022-09-04 08:53,73.00,65.00,8.00,20.00,30.08,0.00,10.00,OVC
MDW,2022-09-04 09:53,73.00,65.00,11.00,30.00,30.08,0.00,10.00,OVC
MDW,2022-09-04 10:53,72.00,66.00,10.00,10.00,30.09,0.00,10.00,OVC
MDW,2022-09-04 11:53,72.00,65.00,10.00,20.00,30.10,0.00,10.00,OVC
MDW,2022-09-04 12:53,74.00,67.00,6.00,10.00,30.10,0.00,10.00,BKN
MDW,2022-09-04 13:53,75.00,66.00,10.00,60.00,30.10,0.00,10.00,BKN
MDW,2022-09-04 14:53,73.00,68.00,8.00,40.00,30.11,0.14,7.00,BKN
MDW,2022-09-04 15:53,73.00,67.00,9.00,60.00,30.12,0.02,10.00,FEW
MDW,2022-09-04 16:53,74.00,67.00,7.00,60.00,30.11,0.00,10.00,FEW
MDW,2022-09-04 17:53,75.00,66.00,10.00,50.00,30.10,0.00,10.00,FEW
MDW,2022-09-04 18:53,74.00,66.00,10.00,50.00,30.09,0.00,10.00,SCT
MDW,2022-09-04 19:53,74.00,66.00,11.00,50.00,30.08,0.00,10.00,BKN
MDW,2022-09-04 20:53,73.00,65.00,13.00,30.00,30.06,0.00,10.00,OVC
MDW,2022-09-04 21:53,73.00,64.00,13.00,40.00,30.06,0.00,10.00,OVC
MDW,2022-09-04 22:53,72.00,64.00,13.00,30.00,30.07,0.00,10.00,OVC
MDW,2022-09-04 23:53,72.00,63.00,15.00,20.00,30.06,0.00,10.00,OVC
MDW,2022-09-05 00:53,71.00,63.00,14.00,30.00,30.07,0.00,10.00,OVC
MDW,2022-09-05 01:53,72.00,63.00,13.00,40.00,30.08,0.00,10.00,OVC
MDW,2022-09-05 02:53,72.00,63.00,11.00,50.00,30.07,0.00,10.00,OVC
MDW,2022-09-05 03:53,71.00,63.00,11.00,40.00,30.07,0.00,10.00,OVC
MDW,2022-09-05 04:53,71.00,63.00,11.00,60.00,30.06,0.00,10.00,OVC
MDW,2022-09-05 05:53,71.00,63.00,12.00,50.00,30.07,0.00,10.00,OVC
MDW,2022-09-05 06:53,71.00,63.00,10.00,50.00,30.05,0.00,10.00,OVC
MDW,2022-09-05 07:53,70.00,63.00,9.00,50.00,30.05,0.00,10.00,OVC
MDW,2022-09-05 08:53,70.00,64.00,8.00,50.00,30.05,0.01,10.00,OVC
MDW,2022-09-05 09:53,70.00,63.00,9.00,30.00,30.05,0.00,10.00,OVC
MDW,2022-09-05 10:53,69.00,63.00,9.00,40.00,30.06,0.00,10.00,OVC
MDW,2022-09-05 11:53,69.00,62.00,11.00,30.00,30.07,0.00,10.00,OVC
MDW,2022-09-05 12:53,70.00,62.00,9.00,30.00,30.08,0.00,10.00,OVC
MDW,2022-09-05 13:53,70.00,62.00,10.00,40.00,30.08,0.00,10.00,OVC
MDW,2022-09-05 14:53,70.00,62.00,10.00,40.00,30.09,0.00,10.00,OVC
MDW,2022-09-05 15:53,71.00,62.00,11.00,30.00,30.10,0.00,10.00,OVC
MDW,2022-09-05 16:53,71.00,62.00,10.00,30.00,30.10,0.00,10.00,OVC
MDW,2022-09-05 17:53,71.00,62.00,9.00,40.00,30.10,0.00,10.00,OVC
MDW,2022-09-05 18:53,71.00,62.00,10.00,20.00,30.10,0.00,10.00,OVC
MDW,2022-09-05 19:53,72.00,62.00,9.00,30.00,30.08,0.00,10.00,OVC
MDW,2022-09-05 20:53,73.00,63.00,10.00,20.00,30.08,0.00,10.00,OVC
MDW,2022-09-05 21:53,73.00,63.00,11.00,20.00,30.07,0.00,10.00,OVC
MDW,2022-09-05 22:53,72.00,62.00,9.00,30.00,30.07,0.00,10.00,OVC
MDW,2022-09-05 23:53,72.00,63.00,10.00,30.00,30.07,0.00,10.00,OVC
MDW,2022-09-06 00:53,72.00,63.00,7.00,20.00,30.07,0.00,10.00,OVC
MDW,2022-09-06 01:53,72.00,63.00,8.00,20.00,30.09,0.00,10.00,BKN
MDW,2022-09-06 02:53,72.00,63.00,7.00,20.00,30.09,0.00,10.00,BKN
MDW,2022-09-06 03:53,72.00,63.00,7.00,20.00,30.09,0.00,10.00,BKN
MDW,2022-09-06 04:53,72.00,64.00,8.00,30.00,30.09,0.00,10.00,BKN
MDW,2022-09-06 05:53,71.00,64.00,6.00,350.00,30.09,0.00,10.00,FEW
MDW,2022-09-06 06:53,70.00,64.00,7.00,350.00,30.08,0.00,10.00,BKN
MDW,2022-09-06 07:53,70.00,64.00,6.00,360.00,30.08,0.00,10.00,BKN
MDW,2022-09-06 08:53,70.00,64.00,6.00,340.00,30.08,0.00,10.00,BKN
MDW,2022-09-06 09:53,71.00,64.00,5.00,350.00,30.08,0.00,10.00,BKN
MDW,2022-09-06 10:53,71.00,64.00,3.00,360.00,30.09,0.00,10.00,BKN
MDW,2022-09-06 11:53,71.00,64.00,3.00,50.00,30.12,0.00,9.00,BKN
MDW,2022-09-06 12:53,73.00,65.00,5.00,90.00,30.12,0.00,10.00,SCT
MDW,2022-09-06 13:53,74.00,66.00,5.00,60.00,30.13,0.00,10.00,FEW
MDW,2022-09-06 14:53,75.00,65.00,5.00,M,30.14,0.00,10.00,FEW
MDW,2022-09-06 15:53,78.00,64.00,6.00,40.00,30.14,0.00,10.00,FEW
MDW,2022-09-06 16:53,78.00,64.00,8.00,50.00,30.14,0.00,10.00,FEW
MDW,2022-09-06 17:53,79.00,63.00,6.00,360.00,30.13,0.00,10.00,SCT
MDW,2022-09-06 18:53,80.00,63.00,7.00,50.00,30.12,0.00,10.00,FEW
MDW,2022-09-06 19:53,80.00,63.00,9.00,80.00,30.10,0.00,10.00,FEW
MDW,2022-09-06 20:53,80.00,62.00,6.00,M,30.10,0.00,10.00,FEW
MDW,2022-09-06 21:53,80.00,62.00,8.00,70.00,30.10,0.00,10.00,FEW
MDW,2022-09-06 22:53,78.00,62.00,9.00,70.00,30.10,0.00,10.00,FEW
MDW,2022-09-06 23:53,76.00,62.00,7.00,90.00,30.11,0.00,10.00,BKN
MDW,2022-09-07 00:53,75.00,63.00,7.00,100.00,30.12,0.00,10.00,BKN
MDW,2022-09-07 01:53,74.00,63.00,7.00,80.00,30.13,0.00,10.00,SCT
MDW,2022-09-07 02:53,73.00,64.00,5.00,20.00,30.14,0.00,10.00,SCT
MDW,2022-09-07 03:53,72.00,63.00,4.00,40.00,30.15,0.00,10.00,FEW
MDW,2022-09-07 04:53,73.00,63.00,3.00,30.00,30.14,0.00,10.00,BKN
MDW,2022-09-07 05:53,73.00,64.00,4.00,20.00,30.14,0.00,10.00,BKN
MDW,2022-09-07 06:53,70.00,63.00,5.00,330.00,30.13,0.00,10.00,SCT
MDW,2022-09-07 07:53,70.00,64.00,6.00,350.00,30.13,0.00,10.00,SCT
MDW,2022-09-07 08:53,70.00,64.00,3.00,330.00,30.13,0.00,10.00,BKN
MDW,2022-09-07 09:53,68.00,64.00,5.00,320.00,30.13,0.00,10.00,BKN
MDW,2022-09-07 10:53,69.00,64.00,5.00,330.00,30.14,0.00,10.00,BKN
MDW,2022-09-07 11:53,69.00,63.00,3.00,320.00,30.15,0.00,8.00,FEW
MDW,2022-09-07 12:53,71.00,63.00,7.00,340.00,30.17,0.00,10.00,FEW
MDW,2022-09-07 13:53,72.00,62.00,5.00,360.00,30.17,0.00,10.00,FEW
MDW,2022-09-07 14:53,75.00,61.00,7.00,360.00,30.18,0.00,10.00,FEW
MDW,2022-09-07 15:53,78.00,58.00,6.00,50.00,30.18,0.00,10.00,FEW
MDW,2022-09-07 16:53,79.00,56.00,9.00,60.00,30.16,0.00,10.00,SCT
MDW,2022-09-07 17:53,81.00,57.00,10.00,60.00,30.14,0.00,10.00,SCT
MDW,2022-09-07 18:53,81.00,57.00,8.00,60.00,30.13,0.00,10.00,SCT
MDW,2022-09-07 19:53,81.00,56.00,9.00,50.00,30.12,0.00,10.00,SCT
MDW,2022-09-07 20:53,82.00,56.00,11.00,30.00,30.10,0.00,10.00,FEW
MDW,2022-09-07 21:53,81.00,53.00,11.00,20.00,30.09,0.00,10.00,FEW
MDW,2022-09-07 22:53,79.00,54.00,11.00,40.00,30.09,0.00,10.00,FEW
MDW,2022-09-07 23:53,77.00,56.00,7.00,70.00,30.08,0.00,10.00,FEW
MDW,2022-09-08 00:53,75.00,56.00,5.00,100.00,30.08,0.00,10.00,CLR
MDW,2022-09-08 01:53,74.00,56.00,4.00,100.00,30.08,0.00,10.00,CLR
MDW,2022-09-08 02:53,72.00,56.00,3.00,60.00,30.08,0.00,10.00,CLR
MDW,2022-09-08 03:53,72.00,56.00,0.00,0.00,30.07,0.00,10.00,CLR
MDW,2022-09-08 04:53,72.00,56.00,0.00,0.00,30.06,0.00,10.00,CLR
MDW,2022-09-08 05:53,71.00,56.00,0.00,0.00,30.06,0.00,10.00,SCT
MDW,2022-09-08 06:53,68.00,57.00,0.00,0.00,30.05,0.00,10.00,CLR
MDW,2022-09-08 07:53,67.00,58.00,0.00,0.00,30.05,0.00,10.00,FEW
MDW,2022-09-08 08:53,67.00,58.00,0.00,0.00,30.05,0.00,10.00,CLR
MDW,2022-09-08 09:53,65.00,58.00,0.00,0.00,30.05,0.00,10.00,CLR
MDW,2022-09-08 10:53,65.00,57.00,3.00,290.00,30.05,0.00,10.00,CLR
MDW,2022-09-08 11:53,65.00,57.00,0.00,0.00,30.06,0.00,10.00,FEW
MDW,2022-09-08 12:53,69.00,57.00,0.00,0.00,30.06,0.00,10.00,FEW
MDW,2022-09-08 13:53,72.00,59.00,0.00,0.00,30.06,0.00,10.00,FEW
MDW,2022-09-08 14:53,76.00,59.00,3.00,220.00,30.04,0.00,10.00,FEW
MDW,2022-09-08 15:53,78.00,58.00,5.00,210.00,30.03,0.00,10.00,FEW
MDW,2022-09-08 16:53,81.00,54.00,5.00,190.00,30.01,0.00,10.00,FEW
MDW,2022-09-08 17:53,82.00,55.00,6.00,200.00,29.99,0.00,10.00,FEW
MDW,2022-09-08 18:53,84.00,54.00,5.00,190.00,29.96,0.00,10.00,FEW
MDW,2022-09-08 19:53,85.00,54.00,4.00,200.00,29.93,0.00,10.00,FEW
MDW,2022-09-08 20:53,85.00,54.00,6.00,140.00,29.92,0.00,10.00,FEW
MDW,2022-09-08 21:53,85.00,54.00,5.00,190.00,29.90,0.00,10.00,FEW
MDW,2022-09-08 22:53,84.00,54.00,3.00,M,29.89,0.00,10.00,FEW
MDW,2022-09-08 23:53,81.00,54.00,8.00,200.00,29.89,0.00,10.00,SCT
MDW,2022-09-09 00:53,80.00,55.00,6.00,200.00,29.88,0.00,10.00,FEW
MDW,2022-09-09 01:53,79.00,55.00,4.00,180.00,29.89,0.00,10.00,FEW
MDW,2022-09-09 02:53,75.00,55.00,6.00,180.00,29.90,0.00,10.00,CLR
MDW,2022-09-09 03:53,74.00,55.00,5.00,190.00,29.91,0.00,10.00,CLR
MDW,2022-09-09 04:53,73.00,55.00,4.00,180.00,29.91,0.00,10.00,CLR
MDW,2022-09-09 05:53,70.00,55.00,5.00,200.00,29.92,0.00,10.00,CLR
MDW,2022-09-09 06:53,69.00,55.00,4.00,200.00,29.92,0.00,10.00,CLR
MDW,2022-09-09 07:53,68.00,55.00,5.00,170.00,29.92,0.00,10.00,CLR
MDW,2022-09-09 08:53,67.00,55.00,4.00,180.00,29.93,0.00,10.00,CLR
MDW,2022-09-09 09:53,66.00,55.00,3.00,180.00,29.93,0.00,10.00,CLR
MDW,2022-09-09 10:53,66.00,54.00,4.00,180.00,29.93,0.00,10.00,CLR
MDW,2022-09-09 11:53,66.00,54.00,0.00,0.00,29.95,0.00,10.00,CLR
MDW,2022-09-09 12:53,68.00,55.00,6.00,190.00,29.97,0.00,10.00,CLR
MDW,2022-09-09 13:53,73.00,56.00,7.00,210.00,29.97,0.00,10.00,CLR
MDW,2022-09-09 14:53,76.00,58.00,6.00,190.00,29.97,0.00,10.00,CLR
MDW,2022-09-09 15:53,79.00,56.00,11.00,180.00,29.96,0.00,10.00,CLR
MDW,2022-09-09 16:53,81.00,56.00,9.00,190.00,29.95,0.00,10.00,CLR
MDW,2022-09-09 17:53,83.00,55.00,10.00,190.00,29.93,0.00,10.00,CLR
MDW,2022-09-09 18:53,83.00,56.00,8.00,180.00,29.92,0.00,10.00,CLR
MDW,2022-09-09 19:53,84.00,56.00,5.00,M,29.90,0.00,10.00,CLR
MDW,2022-09-09 20:53,86.00,55.00,8.00,170.00,29.90,0.00,10.00,CLR
MDW,2022-09-09 21:53,85.00,55.00,11.00,180.00,29.90,0.00,10.00,CLR
MDW,2022-09-09 22:53,84.00,56.00,10.00,210.00,29.91,0.00,10.00,FEW
MDW,2022-09-09 23:53,82.00,56.00,9.00,170.00,29.92,0.00,10.00,FEW
MDW,2022-09-10 00:53,80.00,58.00,5.00,180.00,29.93,0.00,10.00,FEW
MDW,2022-09-10 01:53,78.00,58.00,5.00,200.00,29.96,0.00,10.00,CLR
MDW,2022-09-10 02:53,78.00,58.00,4.00,190.00,29.96,0.00,10.00,CLR
MDW,2022-09-10 03:53,75.00,58.00,3.00,220.00,29.98,0.00,10.00,CLR
MDW,2022-09-10 04:53,74.00,59.00,3.00,230.00,29.99,0.00,10.00,FEW
MDW,2022-09-10 05:53,72.00,59.00,0.00,0.00,29.99,0.00,10.00,FEW
MDW,2022-09-10 06:53,71.00,59.00,0.00,0.00,29.99,0.00,10.00,FEW
MDW,2022-09-10 07:53,71.00,59.00,0.00,0.00,29.99,0.00,10.00,FEW
MDW,2022-09-10 08:53,69.00,59.00,0.00,0.00,29.99,0.00,10.00,FEW
MDW,2022-09-10 09:53,68.00,58.00,3.00,170.00,29.98,0.00,10.00,CLR
MDW,2022-09-10 10:53,69.00,59.00,3.00,210.00,30.00,0.00,10.00,FEW
MDW,2022-09-10 11:53,67.00,58.00,0.00,0.00,30.03,0.00,10.00,SCT
MDW,2022-09-10 12:53,70.00,60.00,0.00,0.00,30.04,0.00,10.00,SCT
MDW,2022-09-10 13:53,74.00,60.00,6.00,190.00,30.05,0.00,10.00,BKN
MDW,2022-09-10 14:53,78.00,59.00,5.00,210.00,30.06,0.00,10.00,SCT
MDW,2022-09-10 15:53,82.00,57.00,3.00,M,30.05,0.00,10.00,FEW
MDW,2022-09-10 16:53,82.00,57.00,6.00,M,30.04,0.00,10.00,BKN
MDW,2022-09-10 17:53,83.00,57.00,8.00,240.00,30.03,0.00,10.00,BKN
MDW,2022-09-10 18:53,84.00,55.00,8.00,240.00,30.02,0.00,10.00,BKN
MDW,2022-09-10 19:53,86.00,56.00,7.00,250.00,30.01,0.00,10.00,SCT
MDW,2022-09-10 20:53,86.00,56.00,9.00,250.00,29.99,0.00,10.00,SCT
MDW,2022-09-10 21:53,86.00,55.00,8.00,240.00,29.99,0.00,10.00,SCT
MDW,2022-09-10 22:53,84.00,55.00,6.00,240.00,29.99,0.00,10.00,FEW
MDW,2022-09-10 23:53,82.00,55.00,5.00,230.00,29.99,0.00,10.00,FEW
MDW,2022-09-11 00:53,80.00,55.00,4.00,230.00,30.00,0.00,10.00,FEW
MDW,2022-09-11 01:53,76.00,62.00,5.00,50.00,30.01,0.00,10.00,FEW
MDW,2022-09-11 02:53,77.00,63.00,6.00,100.00,30.02,0.00,10.00,FEW
MDW,2022-09-11 03:53,76.00,64.00,4.00,60.00,30.02,0.00,10.00,FEW
MDW,2022-09-11 04:53,75.00,63.00,0.00,0.00,30.01,0.00,10.00,FEW
MDW,2022-09-11 05:53,74.00,65.00,6.00,350.00,30.00,0.00,10.00,FEW
MDW,2022-09-11 06:53,73.00,66.00,6.00,10.00,29.99,0.00,10.00,FEW
MDW,2022-09-11 07:53,73.00,67.00,7.00,30.00,29.98,0.00,10.00,FEW
MDW,2022-09-11 08:53,74.00,67.00,6.00,80.00,29.97,0.00,10.00,FEW
MDW,2022-09-11 09:53,72.00,64.00,4.00,140.00,29.96,0.00,10.00,FEW
MDW,2022-09-11 10:53,73.00,64.00,3.00,350.00,29.95,0.00,10.00,FEW
MDW,2022-09-11 11:53,73.00,64.00,3.00,160.00,29.94,0.00,10.00,FEW
MDW,2022-09-11 12:53,72.00,66.00,7.00,100.00,29.93,0.06,6.00,BKN
MDW,2022-09-11 13:53,72.00,66.00,3.00,160.00,29.91,0.05,10.00,SCT
MDW,2022-09-11 14:53,66.00,61.00,8.00,320.00,29.93,0.49,2.00,BKN
MDW,2022-09-11 15:53,67.00,62.00,6.00,40.00,29.91,0.19,10.00,FEW
MDW,2022-09-11 16:53,69.00,64.00,7.00,20.00,29.88,0.06,8.00,FEW
MDW,2022-09-11 17:53,70.00,63.00,11.00,40.00,29.85,T,10.00,SCT
MDW,2022-09-11 18:53,70.00,64.00,3.00,300.00,29.84,0.05,10.00,BKN
MDW,2022-09-11 19:53,64.00,61.00,14.00,300.00,29.85,0.33,2.00,FEW
MDW,2022-09-11 20:53,64.00,61.00,12.00,300.00,29.84,0.15,4.00,SCT
MDW,2022-09-11 21:53,66.00,61.00,15.00,310.00,29.81,0.02,10.00,BKN
MDW,2022-09-11 22:53,65.00,60.00,16.00,280.00,29.84,T,10.00,BKN
MDW,2022-09-11 23:53,64.00,57.00,16.00,290.00,29.86,0.00,10.00,OVC
MDW,2022-09-12 00:53,63.00,55.00,10.00,300.00,29.87,0.00,10.00,OVC
MDW,2022-09-12 01:53,63.00,54.00,12.00,300.00,29.88,0.00,10.00,OVC
MDW,2022-09-12 02:53,62.00,53.00,13.00,300.00,29.87,0.00,10.00,OVC
MDW,2022-09-12 03:53,62.00,53.00,11.00,280.00,29.87,0.00,10.00,OVC
MDW,2022-09-12 04:53,61.00,53.00,12.00,270.00,29.86,0.00,10.00,OVC
MDW,2022-09-12 05:53,61.00,52.00,10.00,260.00,29.86,0.00,10.00,OVC
MDW,2022-09-12 06:53,60.00,51.00,12.00,260.00,29.84,0.00,10.00,OVC
MDW,2022-09-12 07:53,60.00,52.00,10.00,260.00,29.83,0.00,10.00,OVC
MDW,2022-09-12 08:53,60.00,51.00,14.00,260.00,29.82,0.00,10.00,OVC
MDW,2022-09-12 09:53,59.00,50.00,13.00,270.00,29.81,0.00,10.00,BKN
MDW,2022-09-12 10:53,58.00,49.00,12.00,270.00,29.79,0.00,10.00,BKN
MDW,2022-09-12 11:53,57.00,51.00,10.00,240.00,29.79,T,4.00,BKN
MDW,2022-09-12 12:53,57.00,50.00,12.00,240.00,29.78,T,10.00,BKN
MDW,2022-09-12 13:53,56.00,52.00,12.00,230.00,29.76,0.02,1.50,OVC
MDW,2022-09-12 14:53,57.00,52.00,12.00,240.00,29.76,T,7.00,OVC
MDW,2022-09-12 15:53,58.00,52.00,6.00,250.00,29.76,0.00,10.00,OVC
MDW,2022-09-12 16:53,59.00,54.00,6.00,230.00,29.75,0.01,1.00,BKN
MDW,2022-09-12 17:53,60.00,54.00,9.00,270.00,29.75,0.01,7.00,BKN
MDW,2022-09-12 18:53,62.00,55.00,9.00,260.00,29.74,0.00,10.00,FEW
MDW,2022-09-12 19:53,63.00,54.00,7.00,260.00,29.74,0.00,10.00,BKN
MDW,2022-09-12 20:53,65.00,54.00,4.00,330.00,29.74,0.00,10.00,BKN
MDW,2022-09-12 21:53,65.00,53.00,9.00,20.00,29.75,0.00,10.00,SCT
MDW,2022-09-12 22:53,66.00,51.00,10.00,20.00,29.77,0.00,10.00,FEW
MDW,2022-09-12 23:53,64.00,51.00,9.00,10.00,29.78,0.00,10.00,FEW
MDW,2022-09-13 00:53,62.00,51.00,6.00,330.00,29.79,0.00,10.00,FEW
MDW,2022-09-13 01:53,61.00,51.00,5.00,320.00,29.80,0.00,10.00,FEW
MDW,2022-09-13 02:53,60.00,51.00,4.00,310.00,29.80,0.00,10.00,FEW
MDW,2022-09-13 03:53,60.00,52.00,3.00,260.00,29.80,0.00,10.00,BKN
MDW,2022-09-13 04:53,59.00,52.00,5.00,260.00,29.80,0.00,10.00,BKN
MDW,2022-09-13 05:53,61.00,54.00,5.00,260.00,29.79,0.00,10.00,BKN
MDW,2022-09-13 06:53,62.00,56.00,5.00,270.00,29.80,0.00,10.00,OVC
MDW,2022-09-13 07:53,63.00,57.00,6.00,260.00,29.80,0.00,10.00,BKN
MDW,2022-09-13 08:53,63.00,57.00,5.00,290.00,29.80,0.00,10.00,FEW
MDW,2022-09-13 09:53,63.00,58.00,5.00,270.00,29.81,0.00,10.00,SCT
MDW,2022-09-13 10:53,63.00,58.00,8.00,290.00,29.81,0.00,9.00,OVC
MDW,2022-09-13 11:53,63.00,59.00,8.00,290.00,29.83,0.00,8.00,OVC
MDW,2022-09-13 12:53,64.00,59.00,6.00,310.00,29.85,0.00,10.00,OVC
MDW,2022-09-13 13:53,65.00,58.00,7.00,320.00,29.87,0.00,10.00,OVC
MDW,2022-09-13 14:53,68.00,59.00,6.00,310.00,29.88,0.00,10.00,BKN
MDW,2022-09-13 15:53,72.00,59.00,7.00,320.00,29.90,0.00,10.00,SCT
MDW,2022-09-13 16:53,75.00,58.00,10.00,340.00,29.90,0.00,10.00,SCT
MDW,2022-09-13 17:53,76.00,58.00,7.00,350.00,29.91,0.00,10.00,BKN
MDW,2022-09-13 18:53,77.00,57.00,8.00,350.00,29.91,0.00,10.00,BKN
MDW,2022-09-13 19:53,78.00,58.00,6.00,360.00,29.91,0.00,10.00,SCT
MDW,2022-09-13 20:53,79.00,58.00,6.00,330.00,29.91,0.00,10.00,SCT
MDW,2022-09-13 21:53,76.00,61.00,8.00,90.00,29.92,0.00,10.00,FEW
MDW,2022-09-13 22:53,74.00,61.00,6.00,130.00,29.94,0.00,10.00,SCT
MDW,2022-09-13 23:53,73.00,60.00,4.00,90.00,29.95,0.00,10.00,FEW
MDW,2022-09-14 00:53,72.00,60.00,4.00,120.00,29.97,0.00,10.00,CLR
MDW,2022-09-14 01:53,71.00,60.00,0.00,0.00,29.99,0.00,10.00,CLR
MDW,2022-09-14 02:53,69.00,60.00,0.00,0.00,29.99,0.00,10.00,CLR
MDW,2022-09-14 03:53,67.00,60.00,0.00,0.00,30.00,0.00,10.00,CLR
MDW,2022-09-14 04:53,65.00,58.00,0.00,0.00,30.01,0.00,10.00,CLR
MDW,2022-09-14 05:53,65.00,58.00,3.00,230.00,30.01,0.00,10.00,CLR
MDW,2022-09-14 06:53,64.00,57.00,0.00,0.00,30.02,0.00,10.00,CLR
MDW,2022-09-14 07:53,63.00,56.00,0.00,0.00,30.03,0.00,10.00,FEW
MDW,2022-09-14 08:53,62.00,55.00,0.00,0.00,30.04,0.00,10.00,FEW
MDW,2022-09-14 09:53,60.00,54.00,0.00,0.00,30.06,0.00,10.00,FEW
MDW,2022-09-14 10:53,59.00,53.00,0.00,0.00,30.08,0.00,10.00,FEW
MDW,2022-09-14 11:53,60.00,53.00,0.00,0.00,30.11,0.00,10.00,FEW
MDW,2022-09-14 12:53,63.00,55.00,0.00,0.00,30.12,0.00,10.00,FEW
MDW,2022-09-14 13:53,69.00,56.00,0.00,0.00,30.13,0.00,10.00,CLR
MDW,2022-09-14 14:53,73.00,56.00,0.00,0.00,30.14,0.00,10.00,CLR
MDW,2022-09-14 15:53,77.00,56.00,0.00,0.00,30.14,0.00,10.00,CLR
MDW,2022-09-14 16:53,78.00,54.00,3.00,270.00,30.15,0.00,10.00,FEW
MDW,2022-09-14 17:53,81.00,54.00,3.00,M,30.15,0.00,10.00,FEW
MDW,2022-09-14 18:53,80.00,58.00,3.00,40.00,30.14,0.00,10.00,FEW
MDW,2022-09-14 19:53,77.00,62.00,7.00,50.00,30.14,0.00,10.00,FEW
MDW,2022-09-14 20:53,76.00,62.00,10.00,60.00,30.13,0.00,10.00,FEW
MDW,2022-09-14 21:53,75.00,61.00,8.00,50.00,30.13,0.00,10.00,FEW
MDW,2022-09-14 22:53,72.00,62.00,9.00,70.00,30.14,0.00,10.00,FEW
MDW,2022-09-14 23:53,71.00,61.00,9.00,90.00,30.15,0.00,10.00,FEW
MDW,2022-09-15 00:53,70.00,61.00,8.00,70.00,30.16,0.00,10.00,FEW
MDW,2022-09-15 01:53,69.00,61.00,9.00,50.00,30.18,0.00,10.00,SCT
MDW,2022-09-15 02:53,69.00,61.00,8.00,60.00,30.18,0.00,10.00,SCT
MDW,2022-09-15 03:53,69.00,61.00,7.00,80.00,30.19,0.00,10.00,SCT
MDW,2022-09-15 04:53,68.00,60.00,6.00,80.00,30.19,0.00,10.00,SCT
MDW,2022-09-15 05:53,67.00,60.00,4.00,60.00,30.20,0.00,10.00,FEW
MDW,2022-09-15 06:53,66.00,60.00,3.00,80.00,30.20,0.00,10.00,CLR
MDW,2022-09-15 07:53,65.00,59.00,0.00,0.00,30.21,0.00,10.00,CLR
MDW,2022-09-15 08:53,64.00,59.00,0.00,0.00,30.21,0.00,10.00,CLR
MDW,2022-09-15 09:53,64.00,59.00,0.00,0.00,30.22,0.00,10.00,FEW
MDW,2022-09-15 10:53,65.00,60.00,3.00,140.00,30.23,0.00,5.00,CLR
MDW,2022-09-15 11:53,65.00,59.00,3.00,150.00,30.24,0.00,7.00,FEW
MDW,2022-09-15 12:53,66.00,59.00,6.00,170.00,30.24,0.00,10.00,FEW
MDW,2022-09-15 13:53,70.00,60.00,4.00,180.00,30.23,0.00,10.00,FEW
MDW,2022-09-15 14:53,73.00,60.00,6.00,190.00,30.23,0.00,10.00,FEW
MDW,2022-09-15 15:53,77.00,61.00,6.00,200.00,30.23,0.00,10.00,FEW
MDW,2022-09-15 16:53,80.00,61.00,8.00,240.00,30.21,0.00,10.00,FEW
MDW,2022-09-15 17:53,81.00,61.00,8.00,230.00,30.19,0.00,10.00,FEW
MDW,2022-09-15 18:53,82.00,61.00,9.00,250.00,30.18,0.00,10.00,SCT
MDW,2022-09-15 19:53,83.00,61.00,9.00,210.00,30.16,0.00,10.00,SCT
MDW,2022-09-15 20:53,84.00,60.00,6.00,240.00,30.14,0.00,10.00,FEW
MDW,2022-09-15 21:53,83.00,59.00,7.00,240.00,30.12,0.00,10.00,FEW
MDW,2022-09-15 22:53,83.00,60.00,6.00,200.00,30.12,0.00,10.00,FEW
MDW,2022-09-15 23:53,81.00,60.00,7.00,180.00,30.12,0.00,10.00,BKN
MDW,2022-09-16 00:53,79.00,60.00,6.00,190.00,30.12,0.00,10.00,BKN
MDW,2022-09-16 01:53,77.00,61.00,7.00,180.00,30.13,0.00,10.00,BKN
MDW,2022-09-16 02:53,76.00,61.00,7.00,180.00,30.13,0.00,10.00,BKN
MDW,2022-09-16 03:53,75.00,61.00,6.00,200.00,30.13,0.00,10.00,BKN
MDW,2022-09-16 04:53,73.00,61.00,5.00,180.00,30.13,0.00,10.00,BKN
MDW,2022-09-16 05:53,72.00,61.00,6.00,200.00,30.13,0.00,10.00,BKN
MDW,2022-09-16 06:53,70.00,61.00,4.00,190.00,30.14,0.00,10.00,SCT
MDW,2022-09-16 07:53,68.00,60.00,4.00,230.00,30.14,0.00,10.00,BKN
MDW,2022-09-16 08:53,68.00,61.00,4.00,190.00,30.15,0.00,10.00,BKN
MDW,2022-09-16 09:53,67.00,60.00,4.00,200.00,30.15,0.00,10.00,BKN
MDW,2022-09-16 10:53,67.00,60.00,4.00,190.00,30.14,0.00,10.00,BKN
MDW,2022-09-16 11:53,67.00,60.00,5.00,190.00,30.15,0.00,10.00,BKN
MDW,2022-09-16 12:53,69.00,60.00,4.00,190.00,30.16,0.00,10.00,BKN
MDW,2022-09-16 13:53,73.00,61.00,7.00,200.00,30.15,0.00,10.00,BKN
MDW,2022-09-16 14:53,77.00,62.00,9.00,220.00,30.16,0.00,10.00,BKN
MDW,2022-09-16 15:53,79.00,62.00,7.00,230.00,30.15,0.00,10.00,BKN
MDW,2022-09-16 16:53,81.00,61.00,7.00,200.00,30.13,0.00,10.00,FEW
MDW,2022-09-16 17:53,82.00,62.00,6.00,220.00,30.12,0.00,10.00,FEW
MDW,2022-09-16 18:53,84.00,60.00,9.00,220.00,30.10,0.00,10.00,SCT
MDW,2022-09-16 19:53,84.00,59.00,10.00,190.00,30.08,0.00,10.00,FEW
MDW,2022-09-16 20:53,85.00,60.00,14.00,170.00,30.06,0.00,10.00,FEW
MDW,2022-09-16 21:53,85.00,59.00,12.00,180.00,30.06,0.00,10.00,FEW
MDW,2022-09-16 22:53,83.00,58.00,11.00,190.00,30.07,0.00,10.00,FEW
MDW,2022-09-16 23:53,82.00,60.00,7.00,180.00,30.07,0.00,10.00,FEW
MDW,2022-09-17 00:53,80.00,59.00,8.00,180.00,30.06,0.00,10.00,FEW
MDW,2022-09-17 01:53,79.00,59.00,8.00,170.00,30.07,0.00,10.00,SCT
MDW,2022-09-17 02:53,78.00,59.00,8.00,190.00,30.07,0.00,10.00,SCT
MDW,2022-09-17 03:53,76.00,60.00,7.00,180.00,30.07,0.00,10.00,FEW
MDW,2022-09-17 04:53,74.00,60.00,6.00,170.00,30.07,0.00,10.00,FEW
MDW,2022-09-17 05:53,73.00,60.00,5.00,190.00,30.06,0.00,10.00,FEW
MDW,2022-09-17 06:53,72.00,61.00,5.00,180.00,30.06,0.00,10.00,BKN
MDW,2022-09-17 07:53,72.00,61.00,5.00,190.00,30.07,0.00,10.00,FEW
MDW,2022-09-17 08:53,71.00,61.00,5.00,200.00,30.07,0.00,10.00,FEW
MDW,2022-09-17 09:53,71.00,61.00,5.00,190.00,30.06,0.00,10.00,BKN
MDW,2022-09-17 10:53,71.00,60.00,6.00,180.00,30.05,0.00,10.00,OVC
MDW,2022-09-17 11:53,72.00,60.00,5.00,180.00,30.05,0.00,10.00,FEW
MDW,2022-09-17 12:53,72.00,61.00,7.00,190.00,30.06,0.00,10.00,SCT
MDW,2022-09-17 13:53,73.00,61.00,6.00,200.00,30.06,0.00,10.00,SCT
MDW,2022-09-17 14:53,76.00,62.00,9.00,220.00,30.07,0.00,10.00,FEW
MDW,2022-09-17 15:53,81.00,62.00,9.00,200.00,30.06,0.00,10.00,FEW
MDW,2022-09-17 16:53,84.00,62.00,15.00,210.00,30.04,0.00,10.00,FEW
MDW,2022-09-17 17:53,85.00,60.00,20.00,210.00,30.02,0.00,10.00,SCT
MDW,2022-09-17 18:53,87.00,60.00,17.00,200.00,30.01,0.00,10.00,SCT
MDW,2022-09-17 19:53,87.00,59.00,14.00,230.00,29.99,0.00,10.00,SCT
MDW,2022-09-17 20:53,85.00,60.00,15.00,210.00,29.99,0.00,10.00,FEW
MDW,2022-09-17 21:53,85.00,60.00,12.00,200.00,29.97,T,10.00,FEW
MDW,2022-09-17 22:53,85.00,60.00,8.00,200.00,29.96,0.00,10.00,FEW
MDW,2022-09-17 23:53,83.00,60.00,10.00,170.00,29.94,0.00,10.00,FEW
MDW,2022-09-18 00:53,81.00,60.00,7.00,190.00,29.95,0.00,10.00,SCT
MDW,2022-09-18 01:53,81.00,60.00,10.00,190.00,29.96,0.00,10.00,BKN
MDW,2022-09-18 02:53,80.00,60.00,14.00,210.00,29.96,0.00,10.00,BKN
MDW,2022-09-18 03:53,79.00,59.00,11.00,200.00,29.95,0.00,10.00,BKN
MDW,2022-09-18 04:53,77.00,60.00,13.00,210.00,29.95,0.00,10.00,FEW
MDW,2022-09-18 05:53,77.00,59.00,14.00,210.00,29.94,0.00,10.00,SCT
MDW,2022-09-18 06:53,76.00,60.00,10.00,220.00,29.95,0.00,10.00,FEW
MDW,2022-09-18 07:53,75.00,60.00,9.00,200.00,29.94,0.00,10.00,FEW
MDW,2022-09-18 08:53,74.00,60.00,7.00,210.00,29.94,0.00,10.00,BKN
MDW,2022-09-18 09:53,73.00,60.00,6.00,200.00,29.94,0.00,10.00,SCT
MDW,2022-09-18 10:53,72.00,60.00,9.00,210.00,29.96,0.00,10.00,OVC
MDW,2022-09-18 11:53,72.00,60.00,7.00,250.00,29.97,0.00,10.00,SCT
MDW,2022-09-18 12:53,73.00,61.00,4.00,190.00,29.95,0.00,10.00,SCT
MDW,2022-09-18 13:53,73.00,61.00,7.00,200.00,29.97,0.00,10.00,FEW
MDW,2022-09-18 14:53,75.00,62.00,7.00,200.00,29.97,0.00,10.00,FEW
MDW,2022-09-18 15:53,79.00,62.00,7.00,210.00,29.97,0.00,10.00,FEW
MDW,2022-09-18 16:53,82.00,62.00,8.00,240.00,29.95,0.00,10.00,FEW
MDW,2022-09-18 17:53,84.00,62.00,8.00,220.00,29.95,0.00,10.00,FEW
MDW,2022-09-18 18:53,84.00,63.00,12.00,230.00,29.93,0.00,10.00,FEW
MDW,2022-09-18 19:53,85.00,64.00,8.00,250.00,29.92,0.00,10.00,FEW
MDW,2022-09-18 20:53,86.00,62.00,7.00,230.00,29.91,0.00,10.00,FEW
MDW,2022-09-18 21:53,86.00,63.00,7.00,240.00,29.90,0.00,10.00,FEW
MDW,2022-09-18 22:53,86.00,63.00,8.00,230.00,29.90,0.00,10.00,FEW
MDW,2022-09-18 23:53,85.00,63.00,4.00,210.00,29.89,0.00,10.00,FEW
MDW,2022-09-19 00:53,84.00,63.00,6.00,160.00,29.87,0.00,10.00,SCT
MDW,2022-09-19 01:53,83.00,64.00,4.00,300.00,29.90,0.00,10.00,BKN
MDW,2022-09-19 02:53,83.00,64.00,0.00,0.00,29.90,0.00,10.00,BKN
MDW,2022-09-19 03:53,82.00,65.00,4.00,180.00,29.88,0.00,10.00,BKN
MDW,2022-09-19 04:53,77.00,69.00,6.00,290.00,29.87,0.02,8.00,FEW
MDW,2022-09-19 05:53,74.00,68.00,6.00,30.00,29.89,0.06,8.00,FEW
MDW,2022-09-19 06:53,73.00,67.00,0.00,0.00,29.89,T,10.00,FEW
MDW,2022-09-19 07:53,73.00,67.00,0.00,0.00,29.90,0.00,10.00,SCT
MDW,2022-09-19 08:53,71.00,67.00,0.00,0.00,29.88,0.00,10.00,FEW
MDW,2022-09-19 09:53,71.00,66.00,3.00,340.00,29.91,0.00,10.00,SCT
MDW,2022-09-19 10:53,72.00,65.00,4.00,300.00,29.94,0.00,10.00,SCT
MDW,2022-09-19 11:53,72.00,66.00,6.00,360.00,29.96,0.00,10.00,BKN
MDW,2022-09-19 12:53,73.00,65.00,8.00,10.00,29.98,0.00,10.00,FEW
MDW,2022-09-19 13:53,74.00,64.00,9.00,30.00,29.99,0.00,10.00,SCT
MDW,2022-09-19 14:53,75.00,64.00,9.00,30.00,30.00,0.00,10.00,FEW
MDW,2022-09-19 15:53,75.00,62.00,10.00,30.00,30.01,0.00,10.00,FEW
MDW,2022-09-19 16:53,77.00,61.00,8.00,50.00,30.00,0.00,10.00,FEW
MDW,2022-09-19 17:53,79.00,57.00,10.00,40.00,30.00,0.00,10.00,FEW
MDW,2022-09-19 18:53,79.00,56.00,8.00,30.00,29.99,0.00,10.00,FEW
MDW,2022-09-19 19:53,78.00,57.00,8.00,40.00,29.98,0.00,10.00,FEW
MDW,2022-09-19 20:53,78.00,53.00,8.00,60.00,29.99,0.00,10.00,FEW
MDW,2022-09-19 21:53,78.00,54.00,6.00,40.00,29.99,0.00,10.00,FEW
MDW,2022-09-19 22:53,77.00,56.00,7.00,90.00,30.01,0.00,10.00,FEW
MDW,2022-09-19 23:53,74.00,58.00,7.00,90.00,30.00,0.00,10.00,FEW
MDW,2022-09-20 00:53,71.00,58.00,7.00,110.00,30.00,0.00,10.00,FEW
MDW,2022-09-20 01:53,70.00,60.00,5.00,110.00,30.01,0.00,10.00,CLR
MDW,2022-09-20 02:53,69.00,60.00,4.00,90.00,30.02,0.00,10.00,CLR
MDW,2022-09-20 03:53,69.00,60.00,0.00,0.00,30.03,0.00,10.00,FEW
MDW,2022-09-20 04:53,69.00,60.00,3.00,90.00,30.03,0.00,10.00,CLR
MDW,2022-09-20 05:53,67.00,59.00,5.00,140.00,30.01,0.00,10.00,FEW
MDW,2022-09-20 06:53,67.00,60.00,3.00,200.00,30.01,0.00,10.00,FEW
MDW,2022-09-20 07:53,66.00,60.00,0.00,0.00,30.01,0.00,10.00,FEW
MDW,2022-09-20 08:53,66.00,59.00,5.00,150.00,30.01,0.00,10.00,FEW
MDW,2022-09-20 09:53,66.00,58.00,7.00,160.00,29.98,0.00,10.00,SCT
MDW,2022-09-20 10:53,66.00,57.00,5.00,190.00,29.99,0.00,10.00,SCT
MDW,2022-09-20 11:53,66.00,57.00,5.00,M,30.00,0.00,10.00,SCT
MDW,2022-09-20 12:53,68.00,56.00,6.00,180.00,29.99,0.00,10.00,SCT
MDW,2022-09-20 13:53,72.00,56.00,10.00,180.00,29.98,0.00,10.00,SCT
MDW,2022-09-20 14:53,76.00,61.00,9.00,180.00,29.97,0.00,10.00,SCT
MDW,2022-09-20 15:53,80.00,66.00,9.00,190.00,29.96,0.00,10.00,FEW
MDW,2022-09-20 16:53,85.00,68.00,12.00,220.00,29.93,0.00,10.00,FEW
MDW,2022-09-20 17:53,88.00,69.00,3.00,M,29.94,0.00,10.00,FEW
MDW,2022-09-20 18:53,85.00,67.00,14.00,90.00,29.92,0.00,10.00,FEW
MDW,2022-09-20 19:53,84.00,66.00,9.00,110.00,29.89,0.00,10.00,FEW
MDW,2022-09-20 20:53,90.00,69.00,5.00,100.00,29.86,0.00,10.00,FEW
MDW,2022-09-20 21:53,94.00,68.00,6.00,220.00,29.85,0.00,10.00,FEW
MDW,2022-09-20 22:53,88.00,70.00,5.00,30.00,29.87,0.00,10.00,FEW
MDW,2022-09-20 23:53,78.00,67.00,30.00,270.00,29.94,0.10,2.50,SCT
MDW,2022-09-21 00:53,79.00,67.00,6.00,200.00,29.86,0.15,10.00,FEW
MDW,2022-09-21 01:53,79.00,68.00,6.00,210.00,29.86,0.00,10.00,CLR
MDW,2022-09-21 02:53,79.00,68.00,6.00,210.00,29.85,0.00,10.00,CLR
MDW,2022-09-21 03:53,80.00,66.00,7.00,220.00,29.84,0.00,10.00,CLR
MDW,2022-09-21 04:53,81.00,65.00,8.00,220.00,29.83,0.00,10.00,CLR
MDW,2022-09-21 05:53,79.00,65.00,6.00,210.00,29.83,0.00,10.00,CLR
MDW,2022-09-21 06:53,78.00,65.00,7.00,220.00,29.82,0.00,10.00,CLR
MDW,2022-09-21 07:53,77.00,65.00,6.00,210.00,29.81,0.00,10.00,FEW
MDW,2022-09-21 08:53,77.00,65.00,6.00,210.00,29.80,0.00,10.00,SCT
MDW,2022-09-21 09:53,77.00,64.00,7.00,210.00,29.79,0.00,10.00,SCT
MDW,2022-09-21 10:53,77.00,64.00,9.00,210.00,29.80,0.00,10.00,SCT
MDW,2022-09-21 11:53,76.00,64.00,6.00,210.00,29.81,0.00,10.00,SCT
MDW,2022-09-21 12:53,78.00,64.00,6.00,240.00,29.83,0.00,10.00,FEW
MDW,2022-09-21 13:53,81.00,63.00,9.00,290.00,29.85,0.00,10.00,FEW
MDW,2022-09-21 14:53,84.00,63.00,15.00,290.00,29.85,0.00,10.00,FEW
MDW,2022-09-21 15:53,88.00,65.00,15.00,290.00,29.85,0.00,10.00,FEW
MDW,2022-09-21 16:53,88.00,67.00,10.00,290.00,29.86,0.00,10.00,FEW
MDW,2022-09-21 17:53,88.00,66.00,10.00,350.00,29.86,0.00,10.00,SCT
MDW,2022-09-21 18:53,87.00,67.00,9.00,300.00,29.85,0.00,10.00,SCT
MDW,2022-09-21 19:53,86.00,68.00,3.00,360.00,29.85,0.00,10.00,SCT
MDW,2022-09-21 20:53,88.00,61.00,5.00,M,29.84,0.00,10.00,FEW
MDW,2022-09-21 21:53,85.00,53.00,15.00,340.00,29.85,0.00,10.00,FEW
MDW,2022-09-21 22:53,81.00,54.00,9.00,310.00,29.88,0.00,10.00,FEW
MDW,2022-09-21 23:53,78.00,50.00,13.00,340.00,29.91,0.00,10.00,BKN
MDW,2022-09-22 00:53,75.00,50.00,16.00,330.00,29.94,0.00,10.00,BKN
MDW,2022-09-22 01:53,72.00,47.00,12.00,320.00,29.94,0.00,10.00,BKN
MDW,2022-09-22 02:53,69.00,47.00,12.00,330.00,29.97,0.00,10.00,SCT
MDW,2022-09-22 03:53,67.00,46.00,16.00,330.00,29.99,0.00,10.00,FEW
MDW,2022-09-22 04:53,65.00,46.00,13.00,320.00,30.00,0.00,10.00,SCT
MDW,2022-09-22 05:53,64.00,46.00,11.00,330.00,30.00,0.00,10.00,BKN
MDW,2022-09-22 06:53,63.00,46.00,11.00,330.00,30.02,0.00,10.00,SCT
MDW,2022-09-22 07:53,61.00,46.00,10.00,330.00,30.03,0.00,10.00,FEW
MDW,2022-09-22 08:53,60.00,45.00,15.00,330.00,30.03,0.00,10.00,FEW
MDW,2022-09-22 09:53,59.00,46.00,15.00,350.00,30.05,0.00,10.00,SCT
MDW,2022-09-22 10:53,58.00,44.00,13.00,340.00,30.07,0.00,10.00,FEW
MDW,2022-09-22 11:53,57.00,42.00,17.00,350.00,30.11,0.00,10.00,FEW
MDW,2022-09-22 12:53,57.00,43.00,12.00,350.00,30.13,0.00,10.00,FEW
MDW,2022-09-22 13:53,59.00,41.00,14.00,360.00,30.15,0.00,10.00,FEW
MDW,2022-09-22 14:53,61.00,40.00,12.00,360.00,30.18,0.00,10.00,FEW
MDW,2022-09-22 15:53,63.00,37.00,13.00,10.00,30.20,0.00,10.00,FEW
MDW,2022-09-22 16:53,64.00,38.00,10.00,350.00,30.20,0.00,10.00,FEW
MDW,2022-09-22 17:53,64.00,40.00,6.00,20.00,30.20,0.00,10.00,SCT
MDW,2022-09-22 18:53,66.00,41.00,9.00,350.00,30.19,0.00,10.00,BKN
MDW,2022-09-22 19:53,64.00,40.00,4.00,340.00,30.19,0.00,10.00,BKN
MDW,2022-09-22 20:53,64.00,43.00,12.00,30.00,30.19,0.00,10.00,BKN
MDW,2022-09-22 21:53,64.00,43.00,14.00,40.00,30.20,0.00,10.00,BKN
MDW,2022-09-22 22:53,62.00,41.00,10.00,50.00,30.21,0.00,10.00,FEW
MDW,2022-09-22 23:53,60.00,41.00,10.00,40.00,30.21,0.00,10.00,FEW
MDW,2022-09-23 00:53,60.00,42.00,7.00,30.00,30.21,0.00,10.00,FEW
MDW,2022-09-23 01:53,60.00,43.00,6.00,10.00,30.22,0.00,10.00,FEW
MDW,2022-09-23 02:53,59.00,43.00,5.00,10.00,30.22,0.00,10.00,FEW
MDW,2022-09-23 03:53,58.00,43.00,5.00,10.00,30.23,0.00,10.00,FEW
MDW,2022-09-23 04:53,58.00,43.00,5.00,20.00,30.22,0.00,10.00,FEW
MDW,2022-09-23 05:53,57.00,43.00,3.00,350.00,30.23,0.00,10.00,FEW
MDW,2022-09-23 06:53,53.00,44.00,6.00,290.00,30.24,0.00,10.00,SCT
MDW,2022-09-23 07:53,54.00,45.00,4.00,310.00,30.23,0.00,10.00,BKN
MDW,2022-09-23 08:53,53.00,44.00,0.00,0.00,30.23,0.00,10.00,SCT
MDW,2022-09-23 09:53,55.00,45.00,3.00,160.00,30.24,0.00,10.00,FEW
MDW,2022-09-23 10:53,56.00,44.00,8.00,180.00,30.25,0.00,10.00,FEW
MDW,2022-09-23 11:53,55.00,42.00,5.00,170.00,30.27,0.00,10.00,FEW
MDW,2022-09-23 12:53,56.00,41.00,8.00,170.00,30.28,0.00,10.00,FEW
MDW,2022-09-23 13:53,56.00,40.00,9.00,150.00,30.27,0.00,10.00,FEW
MDW,2022-09-23 14:53,58.00,40.00,7.00,120.00,30.27,0.00,10.00,FEW
MDW,2022-09-23 15:53,61.00,42.00,5.00,140.00,30.24,0.00,10.00,FEW
MDW,2022-09-23 16:53,63.00,42.00,7.00,180.00,30.24,0.00,10.00,FEW
MDW,2022-09-23 17:53,64.00,42.00,9.00,120.00,30.21,0.00,10.00,FEW
MDW,2022-09-23 18:53,64.00,40.00,5.00,M,30.20,0.00,10.00,FEW
MDW,2022-09-23 19:53,64.00,38.00,7.00,180.00,30.16,0.00,10.00,BKN
MDW,2022-09-23 20:53,64.00,37.00,5.00,210.00,30.17,0.00,10.00,BKN
MDW,2022-09-23 21:53,63.00,37.00,5.00,160.00,30.13,0.00,10.00,FEW
MDW,2022-09-23 22:53,63.00,36.00,7.00,180.00,30.11,0.00,10.00,OVC
MDW,2022-09-23 23:53,63.00,38.00,7.00,160.00,30.07,0.00,10.00,OVC
MDW,2022-09-24 00:53,62.00,39.00,6.00,190.00,30.09,0.00,10.00,OVC
MDW,2022-09-24 01:53,62.00,40.00,7.00,220.00,30.10,0.00,10.00,OVC
MDW,2022-09-24 02:53,61.00,41.00,6.00,180.00,30.08,0.00,10.00,OVC
MDW,2022-09-24 03:53,62.00,42.00,7.00,170.00,30.07,0.00,10.00,OVC
MDW,2022-09-24 04:53,61.00,43.00,6.00,180.00,30.07,0.00,10.00,OVC
MDW,2022-09-24 05:53,59.00,45.00,6.00,200.00,30.06,T,10.00,BKN
MDW,2022-09-24 06:53,57.00,47.00,11.00,210.00,30.05,T,10.00,FEW
MDW,2022-09-24 07:53,55.00,50.00,5.00,190.00,30.02,T,4.00,FEW
MDW,2022-09-24 08:53,55.00,50.00,5.00,140.00,29.99,T,10.00,FEW
MDW,2022-09-24 09:53,57.00,47.00,6.00,160.00,29.97,0.00,10.00,OVC
MDW,2022-09-24 10:53,57.00,45.00,8.00,170.00,29.96,0.00,10.00,OVC
MDW,2022-09-24 11:53,58.00,46.00,7.00,180.00,29.96,0.00,10.00,OVC
MDW,2022-09-24 12:53,58.00,47.00,7.00,190.00,29.95,0.00,10.00,BKN
MDW,2022-09-24 13:53,59.00,47.00,12.00,210.00,29.94,0.00,10.00,OVC
MDW,2022-09-24 14:53,62.00,49.00,11.00,220.00,29.94,0.00,10.00,BKN
MDW,2022-09-24 15:53,63.00,50.00,10.00,260.00,29.92,0.00,10.00,BKN
MDW,2022-09-24 16:53,65.00,51.00,7.00,230.00,29.90,0.00,10.00,SCT
MDW,2022-09-24 17:53,68.00,52.00,8.00,230.00,29.88,0.00,10.00,FEW
MDW,2022-09-24 18:53,70.00,53.00,10.00,220.00,29.85,0.00,10.00,FEW
MDW,2022-09-24 19:53,72.00,54.00,10.00,250.00,29.82,0.00,10.00,FEW
MDW,2022-09-24 20:53,74.00,55.00,8.00,240.00,29.80,0.00,10.00,FEW
MDW,2022-09-24 21:53,74.00,55.00,7.00,270.00,29.79,0.00,10.00,FEW
MDW,2022-09-24 22:53,73.00,55.00,9.00,280.00,29.78,0.00,10.00,FEW
MDW,2022-09-24 23:53,70.00,55.00,11.00,330.00,29.80,0.00,10.00,SCT
MDW,2022-09-25 00:53,67.00,55.00,8.00,310.00,29.81,0.00,10.00,FEW
MDW,2022-09-25 01:53,65.00,54.00,5.00,320.00,29.80,0.00,10.00,FEW
MDW,2022-09-25 02:53,65.00,54.00,6.00,230.00,29.79,0.00,10.00,SCT
MDW,2022-09-25 03:53,64.00,56.00,0.00,0.00,29.76,0.03,10.00,BKN
MDW,2022-09-25 04:53,63.00,57.00,3.00,190.00,29.74,0.01,9.00,BKN
MDW,2022-09-25 05:53,63.00,57.00,13.00,340.00,29.74,T,7.00,FEW
MDW,2022-09-25 06:53,62.00,57.00,3.00,280.00,29.71,T,8.00,FEW
MDW,2022-09-25 07:53,62.00,55.00,9.00,280.00,29.70,0.00,8.00,SCT
MDW,2022-09-25 08:53,61.00,53.00,10.00,280.00,29.70,0.00,10.00,SCT
MDW,2022-09-25 09:53,61.00,52.00,11.00,290.00,29.70,0.00,10.00,BKN
MDW,2022-09-25 10:53,61.00,52.00,10.00,300.00,29.71,0.00,10.00,BKN
MDW,2022-09-25 11:53,61.00,53.00,11.00,300.00,29.73,0.00,10.00,SCT
MDW,2022-09-25 12:53,61.00,53.00,9.00,300.00,29.75,0.00,10.00,SCT
MDW,2022-09-25 13:53,62.00,54.00,7.00,290.00,29.76,0.00,10.00,SCT
MDW,2022-09-25 14:53,63.00,54.00,10.00,290.00,29.76,0.00,10.00,BKN
MDW,2022-09-25 15:53,65.00,53.00,13.00,290.00,29.77,0.00,10.00,BKN
MDW,2022-09-25 16:53,66.00,54.00,8.00,300.00,29.78,0.00,10.00,FEW
MDW,2022-09-25 17:53,69.00,53.00,12.00,300.00,29.78,0.00,10.00,SCT
MDW,2022-09-25 18:53,67.00,53.00,12.00,270.00,29.78,0.00,10.00,SCT
MDW,2022-09-25 19:53,67.00,53.00,11.00,270.00,29.77,0.00,10.00,SCT
MDW,2022-09-25 20:53,66.00,53.00,13.00,270.00,29.78,0.00,10.00,SCT
MDW,2022-09-25 21:53,67.00,51.00,13.00,280.00,29.78,T,10.00,SCT
MDW,2022-09-25 22:53,67.00,51.00,12.00,280.00,29.77,0.00,10.00,FEW
MDW,2022-09-25 23:53,65.00,51.00,7.00,250.00,29.78,0.00,10.00,FEW
MDW,2022-09-26 00:53,64.00,50.00,5.00,250.00,29.77,0.00,10.00,FEW
MDW,2022-09-26 01:53,60.00,49.00,14.00,350.00,29.81,0.01,10.00,FEW
MDW,2022-09-26 02:53,59.00,50.00,8.00,310.00,29.83,0.07,10.00,SCT
MDW,2022-09-26 03:53,60.00,48.00,12.00,310.00,29.81,0.00,10.00,FEW
MDW,2022-09-26 04:53,59.00,47.00,8.00,310.00,29.80,0.00,10.00,FEW
MDW,2022-09-26 05:53,58.00,47.00,9.00,300.00,29.80,0.00,10.00,CLR
MDW,2022-09-26 06:53,57.00,46.00,7.00,280.00,29.80,0.00,10.00,CLR
MDW,2022-09-26 07:53,55.00,46.00,7.00,280.00,29.79,0.00,10.00,CLR
MDW,2022-09-26 08:53,55.00,44.00,8.00,290.00,29.80,0.00,10.00,CLR
MDW,2022-09-26 09:53,54.00,43.00,7.00,290.00,29.81,0.00,10.00,CLR
MDW,2022-09-26 10:53,53.00,43.00,10.00,280.00,29.81,0.00,10.00,FEW
MDW,2022-09-26 11:53,53.00,42.00,10.00,290.00,29.83,0.00,10.00,FEW
MDW,2022-09-26 12:53,54.00,43.00,10.00,300.00,29.84,0.00,10.00,FEW
MDW,2022-09-26 13:53,57.00,43.00,11.00,310.00,29.85,0.00,10.00,FEW
MDW,2022-09-26 14:53,59.00,44.00,13.00,300.00,29.86,0.00,10.00,FEW
MDW,2022-09-26 15:53,61.00,45.00,11.00,310.00,29.87,0.00,10.00,SCT
MDW,2022-09-26 16:53,62.00,44.00,13.00,310.00,29.88,0.00,10.00,SCT
MDW,2022-09-26 17:53,63.00,43.00,14.00,290.00,29.89,0.00,10.00,SCT
MDW,2022-09-26 18:53,65.00,42.00,15.00,310.00,29.89,0.00,10.00,BKN
MDW,2022-09-26 19:53,64.00,41.00,13.00,320.00,29.89,0.00,10.00,BKN
MDW,2022-09-26 20:53,64.00,41.00,15.00,320.00,29.90,0.00,10.00,FEW
MDW,2022-09-26 21:53,63.00,42.00,14.00,330.00,29.91,0.00,10.00,BKN
MDW,2022-09-26 22:53,62.00,40.00,14.00,330.00,29.93,0.00,10.00,BKN
MDW,2022-09-26 23:53,60.00,42.00,8.00,330.00,29.94,0.00,10.00,FEW
MDW,2022-09-27 00:53,58.00,40.00,6.00,310.00,29.95,0.00,10.00,SCT
MDW,2022-09-27 01:53,58.00,40.00,6.00,300.00,29.96,0.00,10.00,FEW
MDW,2022-09-27 02:53,57.00,40.00,7.00,310.00,29.96,0.00,10.00,BKN
MDW,2022-09-27 03:53,55.00,40.00,4.00,280.00,29.96,0.00,10.00,SCT
MDW,2022-09-27 04:53,55.00,41.00,8.00,300.00,29.96,0.00,10.00,SCT
MDW,2022-09-27 05:53,54.00,41.00,5.00,290.00,29.96,0.00,10.00,SCT
MDW,2022-09-27 06:53,52.00,41.00,6.00,300.00,29.96,0.00,10.00,FEW
MDW,2022-09-27 07:53,51.00,40.00,8.00,300.00,29.96,0.00,10.00,FEW
MDW,2022-09-27 08:53,50.00,40.00,7.00,300.00,29.97,0.00,10.00,FEW
MDW,2022-09-27 09:53,49.00,40.00,7.00,290.00,29.98,0.00,10.00,CLR
MDW,2022-09-27 10:53,49.00,39.00,8.00,290.00,30.00,0.00,10.00,FEW
MDW,2022-09-27 11:53,49.00,39.00,6.00,300.00,30.02,0.00,10.00,FEW
MDW,2022-09-27 12:53,50.00,39.00,8.00,300.00,30.04,0.00,10.00,FEW
MDW,2022-09-27 13:53,54.00,39.00,12.00,330.00,30.05,0.00,10.00,FEW
MDW,2022-09-27 14:53,56.00,38.00,11.00,310.00,30.07,0.00,10.00,FEW
MDW,2022-09-27 15:53,57.00,37.00,13.00,310.00,30.09,0.00,10.00,SCT
MDW,2022-09-27 16:53,59.00,35.00,16.00,320.00,30.10,0.00,10.00,SCT
MDW,2022-09-27 17:53,60.00,34.00,16.00,330.00,30.12,0.00,10.00,FEW
MDW,2022-09-27 18:53,61.00,34.00,11.00,330.00,30.12,0.00,10.00,FEW
MDW,2022-09-27 19:53,62.00,34.00,15.00,320.00,30.13,0.00,10.00,BKN
MDW,2022-09-27 20:53,61.00,35.00,11.00,310.00,30.15,0.00,10.00,BKN
MDW,2022-09-27 21:53,60.00,34.00,14.00,350.00,30.16,0.00,10.00,FEW
MDW,2022-09-27 22:53,59.00,35.00,10.00,340.00,30.18,0.00,10.00,FEW
MDW,2022-09-27 23:53,57.00,36.00,11.00,350.00,30.21,0.00,10.00,FEW
MDW,2022-09-28 00:53,57.00,37.00,8.00,340.00,30.22,0.00,10.00,BKN
MDW,2022-09-28 01:53,57.00,37.00,12.00,350.00,30.24,0.00,10.00,BKN
MDW,2022-09-28 02:53,55.00,38.00,12.00,350.00,30.25,0.00,10.00,SCT
MDW,2022-09-28 03:53,53.00,38.00,9.00,330.00,30.27,0.00,10.00,FEW
MDW,2022-09-28 04:53,53.00,39.00,8.00,330.00,30.29,0.00,10.00,BKN
MDW,2022-09-28 05:53,52.00,40.00,9.00,330.00,30.29,0.00,10.00,BKN
MDW,2022-09-28 06:53,51.00,40.00,7.00,330.00,30.30,0.00,10.00,FEW
MDW,2022-09-28 07:53,51.00,41.00,7.00,320.00,30.31,0.00,10.00,SCT
MDW,2022-09-28 08:53,51.00,41.00,10.00,330.00,30.32,0.00,10.00,FEW
MDW,2022-09-28 09:53,50.00,40.00,9.00,330.00,30.34,0.00,10.00,FEW
MDW,2022-09-28 10:53,50.00,40.00,12.00,340.00,30.36,0.00,10.00,SCT
MDW,2022-09-28 11:53,49.00,40.00,11.00,340.00,30.38,0.00,10.00,FEW
MDW,2022-09-28 12:53,50.00,39.00,11.00,350.00,30.40,0.00,10.00,FEW
MDW,2022-09-28 13:53,53.00,40.00,13.00,350.00,30.42,0.00,10.00,FEW
MDW,2022-09-28 14:53,56.00,42.00,10.00,10.00,30.45,0.00,10.00,FEW
MDW,2022-09-28 15:53,59.00,42.00,10.00,30.00,30.46,0.00,10.00,SCT
MDW,2022-09-28 16:53,59.00,44.00,9.00,10.00,30.46,0.00,10.00,BKN
MDW,2022-09-28 17:53,61.00,42.00,9.00,360.00,30.46,0.00,10.00,SCT
MDW,2022-09-28 18:53,61.00,41.00,11.00,20.00,30.45,0.00,10.00,SCT
MDW,2022-09-28 19:53,62.00,40.00,11.00,40.00,30.45,0.00,10.00,BKN
MDW,2022-09-28 20:53,62.00,38.00,10.00,50.00,30.46,0.00,10.00,BKN
MDW,2022-09-28 21:53,60.00,41.00,12.00,50.00,30.47,0.00,10.00,FEW
MDW,2022-09-28 22:53,58.00,40.00,13.00,40.00,30.47,0.00,10.00,SCT
MDW,2022-09-28 23:53,56.00,39.00,8.00,10.00,30.48,0.00,10.00,FEW
MDW,2022-09-29 00:53,56.00,39.00,6.00,20.00,30.48,0.00,10.00,FEW
MDW,2022-09-29 01:53,55.00,39.00,6.00,10.00,30.49,0.00,10.00,FEW
MDW,2022-09-29 02:53,54.00,39.00,8.00,30.00,30.49,0.00,10.00,FEW
MDW,2022-09-29 03:53,53.00,39.00,6.00,60.00,30.49,0.00,10.00,FEW
MDW,2022-09-29 04:53,52.00,39.00,4.00,70.00,30.49,0.00,10.00,FEW
MDW,2022-09-29 05:53,53.00,40.00,3.00,60.00,30.49,0.00,10.00,FEW
MDW,2022-09-29 06:53,48.00,40.00,5.00,310.00,30.49,0.00,10.00,FEW
MDW,2022-09-29 07:53,49.00,41.00,6.00,310.00,30.49,0.00,10.00,BKN
MDW,2022-09-29 08:53,50.00,41.00,0.00,0.00,30.49,0.00,10.00,BKN
MDW,2022-09-29 09:53,48.00,40.00,3.00,250.00,30.49,0.00,10.00,BKN
MDW,2022-09-29 10:53,50.00,42.00,0.00,0.00,30.50,0.00,10.00,OVC
MDW,2022-09-29 11:53,50.00,42.00,0.00,0.00,30.51,0.00,10.00,OVC
MDW,2022-09-29 12:53,52.00,42.00,0.00,0.00,30.52,0.00,10.00,OVC
MDW,2022-09-29 13:53,54.00,42.00,3.00,190.00,30.52,0.00,10.00,BKN
MDW,2022-09-29 14:53,56.00,41.00,4.00,M,30.52,0.00,10.00,BKN
MDW,2022-09-29 15:53,59.00,42.00,3.00,130.00,30.52,0.00,10.00,BKN
MDW,2022-09-29 16:53,58.00,41.00,3.00,M,30.50,0.00,10.00,BKN
MDW,2022-09-29 17:53,62.00,42.00,5.00,130.00,30.48,0.00,10.00,FEW
MDW,2022-09-29 18:53,64.00,43.00,6.00,100.00,30.45,0.00,10.00,FEW
MDW,2022-09-29 19:53,64.00,44.00,7.00,50.00,30.42,0.00,10.00,FEW
MDW,2022-09-29 20:53,64.00,43.00,5.00,30.00,30.40,0.00,10.00,SCT
MDW,2022-09-29 21:53,63.00,44.00,6.00,90.00,30.38,0.00,10.00,FEW
MDW,2022-09-29 22:53,61.00,44.00,6.00,60.00,30.37,0.00,10.00,FEW
MDW,2022-09-29 23:53,59.00,45.00,7.00,100.00,30.36,0.00,10.00,FEW
MDW,2022-09-30 00:53,59.00,46.00,6.00,70.00,30.35,0.00,10.00,FEW
MDW,2022-09-30 01:53,59.00,47.00,6.00,90.00,30.35,0.00,10.00,SCT
MDW,2022-09-30 02:53,58.00,48.00,5.00,80.00,30.35,0.00,10.00,SCT
MDW,2022-09-30 03:53,59.00,49.00,5.00,90.00,30.35,0.00,10.00,SCT
MDW,2022-09-30 04:53,57.00,47.00,6.00,140.00,30.34,0.00,10.00,SCT
MDW,2022-09-30 05:53,56.00,45.00,7.00,140.00,30.32,0.00,10.00,FEW
MDW,2022-09-30 06:53,54.00,44.00,3.00,160.00,30.32,0.00,10.00,CLR
MDW,2022-09-30 07:53,53.00,43.00,0.00,0.00,30.32,0.00,10.00,CLR
MDW,2022-09-30 08:53,50.00,42.00,0.00,0.00,30.32,0.00,10.00,CLR
MDW,2022-09-30 09:53,50.00,42.00,0.00,0.00,30.33,0.00,10.00,CLR
MDW,2022-09-30 10:53,52.00,43.00,3.00,130.00,30.34,0.00,10.00,CLR
MDW,2022-09-30 11:53,51.00,43.00,3.00,140.00,30.34,0.00,10.00,FEW
MDW,2022-09-30 12:53,52.00,44.00,4.00,130.00,30.35,0.00,10.00,FEW
MDW,2022-09-30 13:53,57.00,45.00,4.00,130.00,30.35,0.00,10.00,FEW
MDW,2022-09-30 14:53,61.00,45.00,5.00,180.00,30.34,0.00,10.00,FEW
MDW,2022-09-30 15:53,63.00,45.00,4.00,150.00,30.33,0.00,10.00,FEW
MDW,2022-09-30 16:53,65.00,45.00,6.00,120.00,30.32,0.00,10.00,FEW
MDW,2022-09-30 17:53,66.00,43.00,5.00,110.00,30.30,0.00,10.00,FEW
MDW,2022-09-30 18:53,65.00,43.00,9.00,40.00,30.26,0.00,10.00,CLR
MDW,2022-09-30 19:53,65.00,44.00,9.00,90.00,30.24,0.00,10.00,CLR
MDW,2022-09-30 20:53,66.00,44.00,10.00,50.00,30.22,0.00,10.00,CLR
MDW,2022-09-30 21:53,64.00,45.00,9.00,60.00,30.20,0.00,10.00,CLR
MDW,2022-09-30 22:53,63.00,46.00,8.00,40.00,30.18,0.00,10.00,CLR
MDW,2022-09-30 23:53,61.00,46.00,6.00,40.00,30.18,0.00,10.00,FEW
MDW,2022-10-01 00:53,59.00,47.00,5.00,40.00,30.18,0.00,10.00,FEW
MDW,2022-10-01 01:53,60.00,48.00,8.00,50.00,30.19,0.00,10.00,FEW
MDW,2022-10-01 02:53,60.00,49.00,6.00,50.00,30.19,0.00,10.00,FEW
MDW,2022-10-01 03:53,60.00,51.00,7.00,60.00,30.18,0.00,10.00,FEW
MDW,2022-10-01 04:53,59.00,50.00,4.00,350.00,30.17,0.00,10.00,FEW
MDW,2022-10-01 05:53,59.00,52.00,4.00,20.00,30.16,0.00,10.00,SCT
MDW,2022-10-01 06:53,56.00,49.00,3.00,20.00,30.17,0.00,10.00,SCT
MDW,2022-10-01 07:53,54.00,49.00,3.00,330.00,30.17,0.00,10.00,FEW
MDW,2022-10-01 08:53,54.00,50.00,4.00,330.00,30.17,0.00,9.00,CLR
MDW,2022-10-01 09:53,55.00,50.00,3.00,320.00,30.18,0.00,10.00,CLR
MDW,2022-10-01 10:53,54.00,49.00,3.00,330.00,30.19,0.00,10.00,FEW
MDW,2022-10-01 11:53,54.00,49.00,3.00,320.00,30.20,0.00,10.00,FEW
MDW,2022-10-01 12:53,56.00,50.00,4.00,320.00,30.21,0.00,10.00,FEW
MDW,2022-10-01 13:53,63.00,52.00,5.00,340.00,30.22,0.00,10.00,FEW
MDW,2022-10-01 14:53,67.00,49.00,11.00,30.00,30.22,0.00,10.00,FEW
MDW,2022-10-01 15:53,67.00,47.00,12.00,10.00,30.23,0.00,10.00,FEW
MDW,2022-10-01 16:53,68.00,45.00,13.00,40.00,30.23,0.00,10.00,FEW
MDW,2022-10-01 17:53,69.00,46.00,14.00,50.00,30.22,0.00,10.00,CLR
MDW,2022-10-01 18:53,69.00,44.00,15.00,40.00,30.22,0.00,10.00,CLR
MDW,2022-10-01 19:53,69.00,44.00,15.00,30.00,30.20,0.00,10.00,CLR
MDW,2022-10-01 20:53,69.00,44.00,11.00,40.00,30.20,0.00,10.00,CLR
MDW,2022-10-01 21:53,68.00,43.00,13.00,30.00,30.20,0.00,10.00,CLR
MDW,2022-10-01 22:53,66.00,44.00,14.00,40.00,30.20,0.00,10.00,CLR
MDW,2022-10-01 23:53,63.00,46.00,8.00,10.00,30.21,0.00,10.00,CLR
MDW,2022-10-02 00:53,62.00,48.00,8.00,360.00,30.22,0.00,10.00,CLR
MDW,2022-10-02 01:53,61.00,50.00,8.00,10.00,30.22,0.00,10.00,CLR
MDW,2022-10-02 02:53,61.00,51.00,9.00,10.00,30.23,0.00,10.00,CLR
MDW,2022-10-02 03:53,61.00,52.00,8.00,10.00,30.24,0.00,10.00,CLR
MDW,2022-10-02 04:53,60.00,52.00,6.00,360.00,30.24,0.00,10.00,CLR
MDW,2022-10-02 05:53,60.00,53.00,5.00,360.00,30.24,0.00,10.00,CLR
MDW,2022-10-02 06:53,59.00,53.00,4.00,30.00,30.25,0.00,10.00,CLR
MDW,2022-10-02 07:53,61.00,48.00,8.00,70.00,30.25,0.00,10.00,CLR
MDW,2022-10-02 08:53,61.00,51.00,9.00,70.00,30.26,0.00,10.00,CLR
MDW,2022-10-02 09:53,60.00,52.00,8.00,60.00,30.27,0.00,10.00,FEW
MDW,2022-10-02 10:53,60.00,53.00,8.00,60.00,30.28,0.00,10.00,BKN
MDW,2022-10-02 11:53,61.00,53.00,9.00,70.00,30.30,0.00,10.00,BKN
MDW,2022-10-02 12:53,61.00,53.00,11.00,50.00,30.32,0.00,10.00,BKN
MDW,2022-10-02 13:53,62.00,52.00,9.00,60.00,30.33,0.00,10.00,BKN
MDW,2022-10-02 14:53,63.00,53.00,10.00,70.00,30.35,0.00,10.00,BKN
MDW,2022-10-02 15:53,65.00,53.00,10.00,50.00,30.37,0.00,10.00,BKN
MDW,2022-10-02 16:53,65.00,52.00,11.00,10.00,30.38,0.00,10.00,BKN
MDW,2022-10-02 17:53,67.00,52.00,12.00,40.00,30.37,0.00,10.00,BKN
MDW,2022-10-02 18:53,68.00,51.00,12.00,10.00,30.35,0.00,10.00,FEW
MDW,2022-10-02 19:53,67.00,49.00,12.00,20.00,30.34,0.00,10.00,FEW
MDW,2022-10-02 20:53,66.00,49.00,13.00,20.00,30.34,0.00,10.00,FEW
MDW,2022-10-02 21:53,64.00,48.00,14.00,50.00,30.34,0.00,10.00,FEW
MDW,2022-10-02 22:53,62.00,47.00,12.00,20.00,30.34,0.00,10.00,FEW
MDW,2022-10-02 23:53,60.00,47.00,10.00,20.00,30.34,0.00,10.00,CLR
MDW,2022-10-03 00:53,59.00,48.00,8.00,10.00,30.34,0.00,10.00,CLR
MDW,2022-10-03 01:53,59.00,49.00,6.00,30.00,30.34,0.00,10.00,CLR
MDW,2022-10-03 02:53,60.00,49.00,10.00,50.00,30.34,0.00,10.00,CLR
MDW,2022-10-03 03:53,61.00,50.00,9.00,60.00,30.34,0.00,10.00,CLR
MDW,2022-10-03 04:53,61.00,48.00,8.00,80.00,30.34,0.00,10.00,CLR
MDW,2022-10-03 05:53,59.00,45.00,5.00,90.00,30.34,0.00,10.00,CLR
MDW,2022-10-03 06:53,57.00,45.00,5.00,100.00,30.34,0.00,10.00,CLR
MDW,2022-10-03 07:53,55.00,45.00,0.00,0.00,30.35,0.00,10.00,CLR
MDW,2022-10-03 08:53,53.00,44.00,0.00,0.00,30.35,0.00,10.00,CLR
MDW,2022-10-03 09:53,53.00,43.00,0.00,0.00,30.36,0.00,10.00,CLR
MDW,2022-10-03 10:53,52.00,39.00,3.00,160.00,30.37,0.00,10.00,CLR
MDW,2022-10-03 11:53,51.00,38.00,5.00,140.00,30.38,0.00,10.00,FEW
MDW,2022-10-03 12:53,54.00,39.00,4.00,130.00,30.39,0.00,10.00,CLR
MDW,2022-10-03 13:53,56.00,40.00,4.00,M,30.39,0.00,10.00,FEW
MDW,2022-10-03 14:53,59.00,40.00,4.00,120.00,30.40,0.00,10.00,FEW
MDW,2022-10-03 15:53,62.00,39.00,0.00,0.00,30.40,0.00,10.00,FEW
MDW,2022-10-03 16:53,65.00,39.00,0.00,0.00,30.38,0.00,10.00,FEW
MDW,2022-10-03 17:53,68.00,36.00,6.00,350.00,30.36,0.00,10.00,FEW
MDW,2022-10-03 18:53,68.00,43.00,7.00,80.00,30.35,0.00,10.00,FEW
MDW,2022-10-03 19:53,68.00,40.00,6.00,50.00,30.33,0.00,10.00,FEW
MDW,2022-10-03 20:53,68.00,40.00,7.00,70.00,30.31,0.00,10.00,FEW
MDW,2022-10-03 21:53,66.00,42.00,7.00,60.00,30.31,0.00,10.00,FEW
MDW,2022-10-03 22:53,63.00,44.00,8.00,80.00,30.30,0.00,10.00,FEW
MDW,2022-10-03 23:53,60.00,44.00,6.00,90.00,30.30,0.00,10.00,FEW
MDW,2022-10-04 00:53,60.00,45.00,5.00,90.00,30.29,0.00,10.00,CLR
MDW,2022-10-04 01:53,60.00,46.00,0.00,0.00,30.29,0.00,10.00,CLR
MDW,2022-10-04 02:53,56.00,44.00,4.00,40.00,30.29,0.00,10.00,CLR
MDW,2022-10-04 03:53,55.00,45.00,0.00,0.00,30.28,0.00,10.00,CLR
MDW,2022-10-04 04:53,54.00,45.00,0.00,0.00,30.28,0.00,10.00,CLR
MDW,2022-10-04 05:53,51.00,44.00,0.00,0.00,30.28,0.00,10.00,CLR
MDW,2022-10-04 06:53,51.00,43.00,0.00,0.00,30.26,0.00,10.00,CLR
MDW,2022-10-04 07:53,52.00,44.00,0.00,0.00,30.26,0.00,10.00,CLR
MDW,2022-10-04 08:53,51.00,44.00,0.00,0.00,30.25,0.00,10.00,CLR
MDW,2022-10-04 09:53,49.00,42.00,0.00,0.00,30.26,0.00,10.00,CLR
MDW,2022-10-04 10:53,48.00,42.00,0.00,0.00,30.27,0.00,10.00,CLR
MDW,2022-10-04 11:53,49.00,43.00,0.00,0.00,30.27,0.00,10.00,FEW
MDW,2022-10-04 12:53,52.00,46.00,0.00,0.00,30.27,0.00,10.00,FEW
MDW,2022-10-04 13:53,56.00,44.00,4.00,240.00,30.27,0.00,10.00,FEW
MDW,2022-10-04 14:53,62.00,42.00,5.00,260.00,30.27,0.00,10.00,FEW
MDW,2022-10-04 15:53,66.00,41.00,6.00,250.00,30.26,0.00,10.00,FEW
MDW,2022-10-04 16:53,70.00,40.00,5.00,270.00,30.24,0.00,10.00,FEW
MDW,2022-10-04 17:53,72.00,36.00,4.00,280.00,30.23,0.00,10.00,FEW
MDW,2022-10-04 18:53,73.00,35.00,3.00,M,30.20,0.00,10.00,FEW
MDW,2022-10-04 19:53,74.00,34.00,4.00,M,30.18,0.00,10.00,SCT
MDW,2022-10-04 20:53,75.00,34.00,0.00,0.00,30.16,0.00,10.00,BKN
MDW,2022-10-04 21:53,74.00,41.00,7.00,70.00,30.15,0.00,10.00,BKN
MDW,2022-10-04 22:53,69.00,43.00,7.00,100.00,30.16,0.00,10.00,BKN
MDW,2022-10-04 23:53,67.00,41.00,5.00,100.00,30.16,0.00,10.00,SCT
MDW,2022-10-05 00:53,66.00,40.00,3.00,100.00,30.16,0.00,10.00,FEW
MDW,2022-10-05 01:53,64.00,44.00,0.00,0.00,30.16,0.00,10.00,FEW
MDW,2022-10-05 02:53,61.00,43.00,0.00,0.00,30.15,0.00,10.00,SCT
MDW,2022-10-05 03:53,60.00,43.00,0.00,0.00,30.16,0.00,10.00,BKN
MDW,2022-10-05 04:53,58.00,42.00,0.00,0.00,30.15,0.00,10.00,BKN
MDW,2022-10-05 05:53,58.00,43.00,0.00,0.00,30.14,0.00,10.00,BKN
MDW,2022-10-05 06:53,57.00,43.00,0.00,0.00,30.13,0.00,10.00,BKN
MDW,2022-10-05 07:53,55.00,43.00,0.00,0.00,30.13,0.00,10.00,SCT
MDW,2022-10-05 08:53,54.00,42.00,0.00,0.00,30.13,0.00,10.00,BKN
MDW,2022-10-05 09:53,53.00,41.00,4.00,210.00,30.13,0.00,10.00,BKN
MDW,2022-10-05 10:53,53.00,41.00,4.00,220.00,30.14,0.00,10.00,FEW
MDW,2022-10-05 11:53,52.00,39.00,3.00,220.00,30.14,0.00,10.00,FEW
MDW,2022-10-05 12:53,55.00,40.00,0.00,0.00,30.14,0.00,10.00,FEW
MDW,2022-10-05 13:53,57.00,39.00,5.00,250.00,30.14,0.00,10.00,FEW
MDW,2022-10-05 14:53,64.00,39.00,4.00,260.00,30.15,0.00,10.00,FEW
MDW,2022-10-05 15:53,69.00,40.00,6.00,250.00,30.14,0.00,10.00,FEW
MDW,2022-10-05 16:53,74.00,40.00,4.00,260.00,30.12,0.00,10.00,FEW
MDW,2022-10-05 17:53,75.00,35.00,6.00,240.00,30.11,0.00,10.00,FEW
MDW,2022-10-05 18:53,76.00,34.00,5.00,230.00,30.08,0.00,10.00,FEW
MDW,2022-10-05 19:53,77.00,32.00,8.00,170.00,30.06,0.00,10.00,SCT
MDW,2022-10-05 20:53,77.00,32.00,10.00,240.00,30.05,0.00,10.00,SCT
MDW,2022-10-05 21:53,76.00,35.00,7.00,230.00,30.04,0.00,10.00,FEW
MDW,2022-10-05 22:53,74.00,30.90,5.00,230.00,30.04,0.00,10.00,FEW
MDW,2022-10-05 23:53,75.00,30.00,0.00,0.00,30.04,0.00,10.00,FEW
MDW,2022-10-06 00:53,72.00,34.00,5.00,130.00,30.04,0.00,10.00,FEW
MDW,2022-10-06 01:53,71.00,34.00,5.00,190.00,30.04,0.00,10.00,FEW
MDW,2022-10-06 02:53,69.00,36.00,6.00,210.00,30.04,0.00,10.00,FEW
MDW,2022-10-06 03:53,68.00,35.00,3.00,250.00,30.03,T,10.00,BKN
MDW,2022-10-06 04:53,67.00,36.00,6.00,260.00,30.03,0.00,10.00,BKN
MDW,2022-10-06 05:53,66.00,38.00,6.00,240.00,30.03,T,10.00,BKN
MDW,2022-10-06 06:53,63.00,47.00,4.00,260.00,30.02,T,10.00,BKN
MDW,2022-10-06 07:53,63.00,45.00,6.00,270.00,30.03,0.00,10.00,BKN
MDW,2022-10-06 08:53,63.00,47.00,7.00,290.00,30.03,T,10.00,BKN
MDW,2022-10-06 09:53,63.00,49.00,0.00,0.00,30.01,0.00,10.00,BKN
MDW,2022-10-06 10:53,62.00,49.00,0.00,0.00,30.01,0.00,10.00,BKN
MDW,2022-10-06 11:53,61.00,49.00,4.00,230.00,30.01,0.00,10.00,BKN
MDW,2022-10-06 12:53,62.00,49.00,6.00,230.00,30.01,0.00,10.00,BKN
MDW,2022-10-06 13:53,64.00,50.00,7.00,210.00,30.02,0.00,10.00,BKN
MDW,2022-10-06 14:53,67.00,49.00,9.00,270.00,30.03,0.00,10.00,SCT
MDW,2022-10-06 15:53,70.00,49.00,7.00,250.00,30.02,0.00,10.00,SCT
MDW,2022-10-06 16:53,72.00,49.00,7.00,270.00,30.01,0.00,10.00,SCT
MDW,2022-10-06 17:53,74.00,49.00,12.00,260.00,30.00,0.00,10.00,FEW
MDW,2022-10-06 18:53,76.00,50.00,8.00,270.00,29.98,0.00,10.00,FEW
MDW,2022-10-06 19:53,76.00,49.00,12.00,260.00,29.98,0.00,10.00,FEW
MDW,2022-10-06 20:53,75.00,48.00,12.00,310.00,29.98,0.00,10.00,FEW
MDW,2022-10-06 21:53,66.00,58.00,16.00,20.00,30.03,0.01,10.00,FEW
MDW,2022-10-06 22:53,59.00,53.00,14.00,360.00,30.09,0.08,2.50,BKN
MDW,2022-10-06 23:53,59.00,50.00,11.00,20.00,30.10,0.00,10.00,FEW
MDW,2022-10-07 00:53,60.00,52.00,5.00,350.00,30.13,0.00,10.00,FEW
MDW,2022-10-07 01:53,59.00,53.00,8.00,330.00,30.15,0.00,10.00,FEW
MDW,2022-10-07 02:53,58.00,49.00,14.00,30.00,30.17,T,10.00,BKN
MDW,2022-10-07 03:53,58.00,45.00,19.00,30.00,30.18,T,10.00,FEW
MDW,2022-10-07 04:53,56.00,42.00,17.00,20.00,30.21,T,10.00,FEW
MDW,2022-10-07 05:53,55.00,40.00,13.00,10.00,30.22,0.00,10.00,FEW
MDW,2022-10-07 06:53,54.00,42.00,14.00,20.00,30.24,0.00,10.00,FEW
MDW,2022-10-07 07:53,54.00,40.00,13.00,20.00,30.25,0.00,10.00,SCT
MDW,2022-10-07 08:53,49.00,39.00,12.00,340.00,30.27,0.00,10.00,BKN
MDW,2022-10-07 09:53,49.00,42.00,10.00,340.00,30.28,T,10.00,SCT
MDW,2022-10-07 10:53,48.00,39.00,10.00,340.00,30.30,T,10.00,SCT
MDW,2022-10-07 11:53,47.00,38.00,10.00,340.00,30.31,0.00,10.00,FEW
MDW,2022-10-07 12:53,47.00,37.00,13.00,340.00,30.34,0.00,10.00,BKN
MDW,2022-10-07 13:53,48.00,38.00,10.00,360.00,30.36,0.00,10.00,SCT
MDW,2022-10-07 14:53,51.00,39.00,14.00,350.00,30.37,0.00,10.00,FEW
MDW,2022-10-07 15:53,52.00,40.00,12.00,350.00,30.39,0.00,10.00,BKN
MDW,2022-10-07 16:53,55.00,41.00,16.00,20.00,30.39,T,10.00,BKN
MDW,2022-10-07 17:53,54.00,39.00,11.00,10.00,30.38,T,10.00,SCT
MDW,2022-10-07 18:53,55.00,37.00,12.00,30.00,30.36,0.00,10.00,BKN
MDW,2022-10-07 19:53,57.00,37.00,12.00,30.00,30.36,0.00,10.00,SCT
MDW,2022-10-07 20:53,54.00,35.00,10.00,10.00,30.36,0.00,10.00,FEW
MDW,2022-10-07 21:53,54.00,35.00,11.00,20.00,30.36,0.00,10.00,SCT
MDW,2022-10-07 22:53,52.00,35.00,10.00,30.00,30.37,0.00,10.00,FEW
MDW,2022-10-07 23:53,51.00,35.00,10.00,20.00,30.38,0.00,10.00,FEW
MDW,2022-10-08 00:53,50.00,35.00,5.00,10.00,30.40,0.00,10.00,FEW
MDW,2022-10-08 01:53,49.00,34.00,8.00,350.00,30.41,0.00,10.00,FEW
MDW,2022-10-08 02:53,47.00,33.00,6.00,350.00,30.42,0.00,10.00,FEW
MDW,2022-10-08 03:53,46.00,32.00,5.00,340.00,30.42,0.00,10.00,FEW
MDW,2022-10-08 04:53,43.00,33.00,4.00,300.00,30.42,0.00,10.00,FEW
MDW,2022-10-08 05:53,42.00,32.00,5.00,290.00,30.41,0.00,10.00,CLR
MDW,2022-10-08 06:53,42.00,32.00,5.00,290.00,30.41,0.00,10.00,CLR
MDW,2022-10-08 07:53,40.00,30.90,3.00,280.00,30.40,0.00,10.00,CLR
MDW,2022-10-08 08:53,40.00,30.90,5.00,270.00,30.40,0.00,10.00,CLR
MDW,2022-10-08 09:53,39.00,30.90,4.00,260.00,30.40,0.00,10.00,CLR
MDW,2022-10-08 10:53,39.00,30.90,5.00,240.00,30.40,0.00,10.00,FEW
MDW,2022-10-08 11:53,39.00,30.90,6.00,250.00,30.41,0.00,10.00,FEW
MDW,2022-10-08 12:53,41.00,33.00,6.00,250.00,30.41,0.00,10.00,FEW
MDW,2022-10-08 13:53,45.00,34.00,9.00,240.00,30.42,0.00,10.00,FEW
MDW,2022-10-08 14:53,49.00,35.00,9.00,250.00,30.41,0.00,10.00,FEW
MDW,2022-10-08 15:53,53.00,33.00,12.00,250.00,30.40,0.00,10.00,FEW
MDW,2022-10-08 16:53,55.00,30.00,14.00,240.00,30.37,0.00,10.00,SCT
MDW,2022-10-08 17:53,56.00,30.90,17.00,240.00,30.34,0.00,10.00,SCT
MDW,2022-10-08 18:53,58.00,30.00,18.00,270.00,30.29,0.00,10.00,FEW
MDW,2022-10-08 19:53,59.00,28.90,14.00,250.00,30.25,0.00,10.00,FEW
MDW,2022-10-08 20:53,60.00,27.00,15.00,250.00,30.23,0.00,10.00,FEW
MDW,2022-10-08 21:53,60.00,27.00,14.00,250.00,30.21,0.00,10.00,FEW
MDW,2022-10-08 22:53,58.00,27.00,12.00,250.00,30.21,0.00,10.00,SCT
MDW,2022-10-08 23:53,55.00,28.00,7.00,250.00,30.21,0.00,10.00,SCT
MDW,2022-10-09 00:53,54.00,28.00,6.00,240.00,30.20,0.00,10.00,FEW
MDW,2022-10-09 01:53,52.00,28.90,6.00,230.00,30.20,0.00,10.00,CLR
MDW,2022-10-09 02:53,50.00,30.00,5.00,230.00,30.20,0.00,10.00,CLR
MDW,2022-10-09 03:53,50.00,30.00,8.00,240.00,30.19,0.00,10.00,CLR
MDW,2022-10-09 04:53,49.00,30.00,7.00,240.00,30.18,0.00,10.00,CLR
MDW,2022-10-09 05:53,48.00,30.90,8.00,240.00,30.18,0.00,10.00,FEW
MDW,2022-10-09 06:53,48.00,30.90,8.00,240.00,30.17,0.00,10.00,FEW
MDW,2022-10-09 07:53,48.00,30.90,10.00,240.00,30.16,0.00,10.00,FEW
MDW,2022-10-09 08:53,46.00,30.90,6.00,230.00,30.15,0.00,10.00,FEW
MDW,2022-10-09 09:53,46.00,30.90,6.00,230.00,30.15,0.00,10.00,FEW
MDW,2022-10-09 10:53,46.00,30.90,7.00,230.00,30.14,0.00,10.00,FEW
MDW,2022-10-09 11:53,46.00,30.90,8.00,230.00,30.15,0.00,10.00,FEW
MDW,2022-10-09 12:53,47.00,32.00,8.00,230.00,30.15,0.00,10.00,FEW
MDW,2022-10-09 13:53,51.00,33.00,12.00,240.00,30.16,0.00,10.00,FEW
MDW,2022-10-09 14:53,55.00,34.00,9.00,260.00,30.16,0.00,10.00,FEW
MDW,2022-10-09 15:53,60.00,36.00,6.00,240.00,30.15,0.00,10.00,FEW
MDW,2022-10-09 16:53,63.00,37.00,8.00,240.00,30.15,0.00,10.00,FEW
MDW,2022-10-09 17:53,67.00,37.00,9.00,230.00,30.13,0.00,10.00,FEW
MDW,2022-10-09 18:53,69.00,37.00,10.00,240.00,30.10,0.00,10.00,FEW
MDW,2022-10-09 19:53,70.00,37.00,8.00,270.00,30.09,0.00,10.00,FEW
MDW,2022-10-09 20:53,71.00,36.00,11.00,240.00,30.07,0.00,10.00,FEW
MDW,2022-10-09 21:53,70.00,36.00,8.00,250.00,30.07,0.00,10.00,FEW
MDW,2022-10-09 22:53,68.00,37.00,5.00,280.00,30.08,0.00,10.00,BKN
MDW,2022-10-09 23:53,67.00,37.00,4.00,240.00,30.08,0.00,10.00,BKN
MDW,2022-10-10 00:53,65.00,37.00,4.00,240.00,30.09,0.00,10.00,SCT
MDW,2022-10-10 01:53,64.00,40.00,5.00,230.00,30.10,0.00,10.00,BKN
MDW,2022-10-10 02:53,60.00,39.00,5.00,220.00,30.11,0.00,10.00,FEW
MDW,2022-10-10 03:53,59.00,40.00,0.00,0.00,30.11,0.00,10.00,FEW
MDW,2022-10-10 04:53,57.00,40.00,0.00,0.00,30.11,0.00,10.00,FEW
MDW,2022-10-10 05:53,55.00,40.00,0.00,0.00,30.11,0.00,10.00,FEW
MDW,2022-10-10 06:53,55.00,41.00,0.00,0.00,30.11,0.00,10.00,BKN
MDW,2022-10-10 07:53,53.00,41.00,3.00,150.00,30.12,0.00,10.00,SCT
MDW,2022-10-10 08:53,55.00,42.00,4.00,170.00,30.12,0.00,10.00,BKN
MDW,2022-10-10 09:53,54.00,42.00,0.00,0.00,30.13,0.00,10.00,BKN
MDW,2022-10-10 10:53,51.00,41.00,0.00,0.00,30.14,0.00,10.00,FEW
MDW,2022-10-10 11:53,53.00,41.00,6.00,190.00,30.15,0.00,10.00,FEW
MDW,2022-10-10 12:53,54.00,41.00,4.00,170.00,30.16,0.00,10.00,FEW
MDW,2022-10-10 13:53,57.00,42.00,5.00,190.00,30.17,0.00,10.00,FEW
MDW,2022-10-10 14:53,62.00,42.00,5.00,200.00,30.17,0.00,10.00,CLR
MDW,2022-10-10 15:53,65.00,43.00,4.00,200.00,30.18,0.00,10.00,CLR
MDW,2022-10-10 16:53,70.00,43.00,3.00,170.00,30.18,0.00,10.00,CLR
MDW,2022-10-10 17:53,73.00,44.00,8.00,290.00,30.15,0.00,10.00,CLR
MDW,2022-10-10 18:53,74.00,43.00,6.00,250.00,30.14,0.00,10.00,FEW
MDW,2022-10-10 19:53,76.00,41.00,3.00,280.00,30.13,0.00,10.00,FEW
MDW,2022-10-10 20:53,75.00,40.00,8.00,250.00,30.12,0.00,10.00,FEW
MDW,2022-10-10 21:53,74.00,41.00,7.00,270.00,30.11,0.00,10.00,FEW
MDW,2022-10-10 22:53,66.00,48.00,10.00,40.00,30.11,0.00,10.00,FEW
MDW,2022-10-10 23:53,62.00,50.00,8.00,40.00,30.12,0.00,10.00,FEW
MDW,2022-10-11 00:53,61.00,52.00,5.00,360.00,30.14,0.00,10.00,CLR
MDW,2022-10-11 01:53,60.00,52.00,5.00,110.00,30.14,0.00,10.00,CLR
MDW,2022-10-11 02:53,61.00,53.00,4.00,90.00,30.14,0.00,10.00,CLR
MDW,2022-10-11 03:53,59.00,52.00,4.00,150.00,30.14,0.00,10.00,CLR
MDW,2022-10-11 04:53,57.00,51.00,0.00,0.00,30.13,0.00,10.00,CLR
MDW,2022-10-11 05:53,57.00,51.00,3.00,170.00,30.12,0.00,8.00,CLR
MDW,2022-10-11 06:53,56.00,50.00,0.00,0.00,30.12,0.00,7.00,CLR
MDW,2022-10-11 07:53,57.00,48.00,5.00,180.00,30.11,0.00,10.00,CLR
MDW,2022-10-11 08:53,57.00,45.00,5.00,190.00,30.11,0.00,10.00,CLR
MDW,2022-10-11 09:53,57.00,42.00,6.00,190.00,30.11,0.00,10.00,FEW
MDW,2022-10-11 10:53,58.00,42.00,7.00,180.00,30.11,0.00,10.00,SCT
MDW,2022-10-11 11:53,59.00,42.00,7.00,180.00,30.10,0.00,10.00,FEW
MDW,2022-10-11 12:53,60.00,41.00,7.00,190.00,30.10,0.00,10.00,BKN
MDW,2022-10-11 13:53,64.00,42.00,14.00,190.00,30.10,0.00,10.00,FEW
MDW,2022-10-11 14:53,64.00,43.00,9.00,200.00,30.10,0.00,10.00,FEW
MDW,2022-10-11 15:53,70.00,45.00,13.00,220.00,30.09,0.00,10.00,FEW
MDW,2022-10-11 16:53,69.00,46.00,13.00,190.00,30.08,0.00,10.00,FEW
MDW,2022-10-11 17:53,70.00,52.00,14.00,210.00,30.07,0.00,10.00,FEW
MDW,2022-10-11 18:53,68.00,56.00,15.00,200.00,30.04,0.00,10.00,FEW
MDW,2022-10-11 19:53,64.00,57.00,12.00,200.00,30.04,0.01,9.00,OVC
MDW,2022-10-11 20:53,63.00,58.00,12.00,180.00,30.02,0.05,9.00,BKN
MDW,2022-10-11 21:53,63.00,58.00,12.00,160.00,29.98,0.12,4.00,BKN
MDW,2022-10-11 22:53,62.00,57.00,16.00,180.00,29.97,0.08,5.00,BKN
MDW,2022-10-11 23:53,60.00,54.00,12.00,180.00,29.96,0.06,4.00,BKN
MDW,2022-10-12 00:53,61.00,54.00,12.00,190.00,29.94,0.15,9.00,SCT
MDW,2022-10-12 01:53,62.00,53.00,11.00,200.00,29.94,T,10.00,OVC
MDW,2022-10-12 02:53,64.00,52.00,12.00,180.00,29.92,T,10.00,OVC
MDW,2022-10-12 03:53,64.00,52.00,13.00,200.00,29.92,0.01,10.00,BKN
MDW,2022-10-12 04:53,65.00,53.00,14.00,190.00,29.90,0.01,10.00,FEW
MDW,2022-10-12 05:53,64.00,54.00,14.00,190.00,29.89,0.03,10.00,BKN
MDW,2022-10-12 06:53,64.00,54.00,14.00,200.00,29.86,0.06,6.00,BKN
MDW,2022-10-12 07:53,63.00,55.00,15.00,190.00,29.84,0.01,10.00,BKN
MDW,2022-10-12 08:53,62.00,55.00,12.00,180.00,29.82,0.03,10.00,FEW
MDW,2022-10-12 09:53,63.00,53.00,11.00,190.00,29.79,T,10.00,FEW
MDW,2022-10-12 10:53,62.00,52.00,15.00,200.00,29.78,0.01,9.00,BKN
MDW,2022-10-12 11:53,62.00,53.00,13.00,190.00,29.74,0.03,8.00,BKN
MDW,2022-10-12 12:53,60.00,54.00,12.00,190.00,29.73,0.15,6.00,OVC
MDW,2022-10-12 13:53,61.00,54.00,14.00,190.00,29.72,0.02,10.00,OVC
MDW,2022-10-12 14:53,62.00,53.00,11.00,190.00,29.70,0.00,10.00,OVC
MDW,2022-10-12 15:53,64.00,54.00,16.00,190.00,29.66,0.00,10.00,OVC
MDW,2022-10-12 16:53,65.00,54.00,13.00,220.00,29.65,0.00,10.00,FEW
MDW,2022-10-12 17:53,65.00,54.00,13.00,210.00,29.65,0.00,10.00,SCT
MDW,2022-10-12 18:53,64.00,56.00,12.00,230.00,29.64,0.01,3.00,SCT
MDW,2022-10-12 19:53,55.00,50.00,6.00,310.00,29.68,0.11,10.00,FEW
MDW,2022-10-12 20:53,58.00,50.00,9.00,290.00,29.71,0.00,10.00,FEW
MDW,2022-10-12 21:53,60.00,47.00,7.00,280.00,29.71,0.00,10.00,FEW
MDW,2022-10-12 22:53,59.00,46.00,8.00,270.00,29.73,0.00,10.00,FEW
MDW,2022-10-12 23:53,56.00,46.00,5.00,230.00,29.72,0.00,10.00,FEW
MDW,2022-10-13 00:53,55.00,46.00,6.00,210.00,29.71,0.00,10.00,FEW
MDW,2022-10-13 01:53,55.00,46.00,6.00,200.00,29.71,0.00,10.00,BKN
MDW,2022-10-13 02:53,56.00,36.00,18.00,290.00,29.77,T,10.00,OVC
MDW,2022-10-13 03:53,53.00,39.00,8.00,210.00,29.74,T,10.00,BKN
MDW,2022-10-13 04:53,52.00,40.00,9.00,230.00,29.74,T,10.00,FEW
MDW,2022-10-13 05:53,51.00,39.00,10.00,250.00,29.72,0.00,10.00,BKN
MDW,2022-10-13 06:53,50.00,39.00,12.00,270.00,29.71,0.00,10.00,SCT
MDW,2022-10-13 07:53,49.00,36.00,9.00,270.00,29.71,0.00,10.00,FEW
MDW,2022-10-13 08:53,47.00,37.00,10.00,250.00,29.70,0.00,10.00,CLR
MDW,2022-10-13 09:53,46.00,36.00,9.00,240.00,29.70,0.00,10.00,CLR
MDW,2022-10-13 10:53,46.00,36.00,10.00,250.00,29.69,0.00,10.00,CLR
MDW,2022-10-13 11:53,45.00,35.00,9.00,240.00,29.69,0.00,10.00,FEW
MDW,2022-10-13 12:53,46.00,35.00,9.00,240.00,29.69,0.00,10.00,FEW
MDW,2022-10-13 13:53,48.00,35.00,10.00,260.00,29.70,0.00,10.00,FEW
MDW,2022-10-13 14:53,51.00,33.00,10.00,270.00,29.68,0.00,10.00,FEW
MDW,2022-10-13 15:53,53.00,32.00,9.00,250.00,29.67,0.00,10.00,FEW
MDW,2022-10-13 16:53,56.00,32.00,12.00,240.00,29.65,0.00,10.00,FEW
MDW,2022-10-13 17:53,58.00,25.00,20.00,230.00,29.63,0.00,10.00,FEW
MDW,2022-10-13 18:53,56.00,25.00,20.00,260.00,29.64,0.00,10.00,SCT
MDW,2022-10-13 19:53,53.00,27.00,22.00,270.00,29.68,0.00,10.00,FEW
MDW,2022-10-13 20:53,52.00,25.00,16.00,280.00,29.71,0.00,10.00,BKN
MDW,2022-10-13 21:53,51.00,26.10,19.00,260.00,29.73,0.00,10.00,FEW
MDW,2022-10-13 22:53,48.00,28.00,9.00,280.00,29.75,0.00,10.00,FEW
MDW,2022-10-13 23:53,48.00,25.00,11.00,290.00,29.76,0.00,10.00,FEW
MDW,2022-10-14 00:53,46.00,26.10,8.00,270.00,29.78,0.00,10.00,FEW
MDW,2022-10-14 01:53,44.00,27.00,4.00,270.00,29.78,0.00,10.00,CLR
MDW,2022-10-14 02:53,43.00,27.00,5.00,230.00,29.77,0.00,10.00,CLR
MDW,2022-10-14 03:53,42.00,28.00,6.00,210.00,29.75,0.00,10.00,CLR
MDW,2022-10-14 04:53,41.00,28.00,5.00,220.00,29.75,0.00,10.00,SCT
MDW,2022-10-14 05:53,42.00,28.90,7.00,210.00,29.74,0.00,10.00,OVC
MDW,2022-10-14 06:53,42.00,28.90,8.00,240.00,29.73,0.00,10.00,OVC
MDW,2022-10-14 07:53,43.00,28.90,7.00,250.00,29.73,0.00,10.00,OVC
MDW,2022-10-14 08:53,43.00,28.90,8.00,230.00,29.71,0.00,10.00,OVC
MDW,2022-10-14 09:53,42.00,28.90,6.00,210.00,29.72,0.00,10.00,SCT
MDW,2022-10-14 10:53,41.00,28.90,4.00,190.00,29.71,0.00,10.00,SCT
MDW,2022-10-14 11:53,41.00,28.90,5.00,190.00,29.70,0.00,10.00,BKN
MDW,2022-10-14 12:53,42.00,28.90,6.00,200.00,29.70,0.00,10.00,BKN
MDW,2022-10-14 13:53,44.00,28.90,7.00,220.00,29.70,0.00,10.00,FEW
MDW,2022-10-14 14:53,48.00,28.00,9.00,230.00,29.70,0.00,10.00,FEW
MDW,2022-10-14 15:53,51.00,26.10,7.00,220.00,29.68,0.00,10.00,FEW
MDW,2022-10-14 16:53,55.00,24.10,11.00,210.00,29.67,0.00,10.00,FEW
MDW,2022-10-14 17:53,57.00,23.00,15.00,220.00,29.64,0.00,10.00,FEW
MDW,2022-10-14 18:53,60.00,21.00,16.00,210.00,29.60,0.00,10.00,FEW
MDW,2022-10-14 19:53,61.00,19.00,14.00,200.00,29.57,0.00,10.00,FEW
MDW,2022-10-14 20:53,62.00,21.90,15.00,230.00,29.58,0.00,10.00,FEW
MDW,2022-10-14 21:53,61.00,25.00,14.00,240.00,29.59,0.00,10.00,SCT
MDW,2022-10-14 22:53,60.00,26.10,11.00,250.00,29.61,0.00,10.00,BKN
MDW,2022-10-14 23:53,52.00,38.00,15.00,270.00,29.67,0.01,9.00,BKN
MDW,2022-10-15 00:53,50.00,38.00,9.00,290.00,29.69,T,10.00,FEW
MDW,2022-10-15 01:53,48.00,41.00,5.00,270.00,29.69,0.08,9.00,FEW
MDW,2022-10-15 02:53,47.00,39.00,7.00,290.00,29.71,T,10.00,FEW
MDW,2022-10-15 03:53,47.00,38.00,9.00,280.00,29.71,0.00,10.00,FEW
MDW,2022-10-15 04:53,45.00,36.00,11.00,290.00,29.73,0.00,10.00,FEW
MDW,2022-10-15 05:53,43.00,35.00,7.00,280.00,29.75,0.00,10.00,FEW
MDW,2022-10-15 06:53,42.00,35.00,7.00,270.00,29.77,0.00,10.00,FEW
MDW,2022-10-15 07:53,41.00,34.00,7.00,280.00,29.79,0.00,10.00,CLR
MDW,2022-10-15 08:53,40.00,33.00,7.00,280.00,29.81,0.00,10.00,FEW
MDW,2022-10-15 09:53,39.00,32.00,7.00,270.00,29.84,0.00,10.00,CLR
MDW,2022-10-15 10:53,38.00,32.00,4.00,260.00,29.86,0.00,10.00,CLR
MDW,2022-10-15 11:53,37.00,30.90,5.00,250.00,29.88,0.00,10.00,FEW
MDW,2022-10-15 12:53,38.00,30.90,4.00,250.00,29.90,0.00,10.00,FEW
MDW,2022-10-15 13:53,40.00,32.00,6.00,240.00,29.92,0.00,10.00,FEW
MDW,2022-10-15 14:53,44.00,34.00,10.00,230.00,29.94,0.00,10.00,FEW
MDW,2022-10-15 15:53,47.00,33.00,11.00,250.00,29.96,0.00,10.00,FEW
MDW,2022-10-15 16:53,49.00,33.00,11.00,250.00,29.96,0.00,10.00,FEW
MDW,2022-10-15 17:53,51.00,33.00,12.00,250.00,29.95,0.00,10.00,FEW
MDW,2022-10-15 18:53,53.00,32.00,15.00,250.00,29.93,0.00,10.00,FEW
MDW,2022-10-15 19:53,54.00,33.00,12.00,230.00,29.93,0.00,10.00,FEW
MDW,2022-10-15 20:53,54.00,33.00,13.00,240.00,29.93,0.00,10.00,FEW
MDW,2022-10-15 21:53,54.00,32.00,14.00,220.00,29.93,0.00,10.00,FEW
MDW,2022-10-15 22:53,52.00,32.00,10.00,210.00,29.92,0.00,10.00,FEW
MDW,2022-10-15 23:53,52.00,33.00,12.00,220.00,29.93,0.00,10.00,SCT
MDW,2022-10-16 00:53,52.00,34.00,9.00,220.00,29.95,0.00,10.00,SCT
MDW,2022-10-16 01:53,52.00,35.00,9.00,230.00,29.94,0.00,10.00,FEW
MDW,2022-10-16 02:53,51.00,35.00,8.00,210.00,29.94,0.00,10.00,FEW
MDW,2022-10-16 03:53,51.00,35.00,9.00,220.00,29.92,0.00,10.00,FEW
MDW,2022-10-16 04:53,50.00,35.00,7.00,210.00,29.91,0.00,10.00,FEW
MDW,2022-10-16 05:53,49.00,35.00,6.00,220.00,29.90,0.00,10.00,FEW
MDW,2022-10-16 06:53,49.00,35.00,5.00,210.00,29.91,0.00,10.00,FEW
MDW,2022-10-16 07:53,48.00,36.00,6.00,260.00,29.92,0.00,10.00,FEW
MDW,2022-10-16 08:53,47.00,35.00,5.00,270.00,29.93,0.00,10.00,CLR
MDW,2022-10-16 09:53,43.00,35.00,4.00,270.00,29.94,0.00,10.00,CLR
MDW,2022-10-16 10:53,44.00,35.00,3.00,290.00,29.94,0.00,10.00,CLR
MDW,2022-10-16 11:53,42.00,34.00,3.00,300.00,29.94,0.00,10.00,FEW
MDW,2022-10-16 12:53,44.00,36.00,0.00,0.00,29.95,0.00,10.00,FEW
MDW,2022-10-16 13:53,49.00,37.00,4.00,270.00,29.97,0.00,10.00,FEW
MDW,2022-10-16 14:53,53.00,36.00,6.00,300.00,29.97,0.00,10.00,FEW
MDW,2022-10-16 15:53,56.00,36.00,7.00,280.00,29.96,0.00,10.00,FEW
MDW,2022-10-16 16:53,55.00,36.00,8.00,300.00,29.96,0.00,10.00,BKN
MDW,2022-10-16 17:53,57.00,36.00,13.00,270.00,29.94,0.00,10.00,SCT
MDW,2022-10-16 18:53,57.00,34.00,15.00,300.00,29.93,0.00,10.00,BKN
MDW,2022-10-16 19:53,56.00,34.00,10.00,280.00,29.92,0.00,10.00,BKN
MDW,2022-10-16 20:53,54.00,36.00,12.00,310.00,29.93,0.00,10.00,FEW
MDW,2022-10-16 21:53,54.00,34.00,10.00,290.00,29.93,0.00,10.00,FEW
MDW,2022-10-16 22:53,53.00,28.90,14.00,280.00,29.93,0.00,10.00,FEW
MDW,2022-10-16 23:53,51.00,28.00,13.00,300.00,29.93,0.00,10.00,BKN
MDW,2022-10-17 00:53,50.00,28.00,16.00,290.00,29.93,0.00,10.00,OVC
MDW,2022-10-17 01:53,50.00,28.90,12.00,300.00,29.92,0.00,10.00,BKN
MDW,2022-10-17 02:53,48.00,30.90,19.00,320.00,29.92,0.00,10.00,FEW
MDW,2022-10-17 03:53,47.00,30.00,11.00,310.00,29.91,0.00,10.00,FEW
MDW,2022-10-17 04:53,46.00,30.90,11.00,300.00,29.90,0.00,10.00,FEW
MDW,2022-10-17 05:53,44.00,30.00,12.00,310.00,29.88,0.00,10.00,FEW
MDW,2022-10-17 06:53,43.00,30.90,12.00,290.00,29.87,0.00,10.00,FEW
MDW,2022-10-17 07:53,42.00,30.00,10.00,290.00,29.86,0.00,10.00,SCT
MDW,2022-10-17 08:53,43.00,30.00,10.00,300.00,29.84,0.00,10.00,SCT
MDW,2022-10-17 09:53,42.00,28.90,12.00,300.00,29.84,0.00,10.00,SCT
MDW,2022-10-17 10:53,41.00,27.00,10.00,300.00,29.84,0.00,10.00,BKN
MDW,2022-10-17 11:53,41.00,27.00,15.00,300.00,29.84,0.00,10.00,BKN
MDW,2022-10-17 12:53,40.00,25.00,15.00,300.00,29.84,0.00,10.00,BKN
MDW,2022-10-17 13:53,41.00,25.00,14.00,300.00,29.85,0.00,10.00,OVC
MDW,2022-10-17 14:53,42.00,25.00,17.00,310.00,29.85,0.00,10.00,OVC
MDW,2022-10-17 15:53,42.00,26.10,24.00,320.00,29.87,0.00,10.00,OVC
MDW,2022-10-17 16:53,42.00,27.00,16.00,320.00,29.87,0.00,10.00,OVC
MDW,2022-10-17 17:53,43.00,27.00,13.00,300.00,29.88,0.00,10.00,OVC
MDW,2022-10-17 18:53,42.00,28.00,16.00,310.00,29.89,0.00,10.00,OVC
MDW,2022-10-17 19:53,43.00,28.00,13.00,310.00,29.90,0.00,10.00,OVC
MDW,2022-10-17 20:53,43.00,28.90,12.00,300.00,29.91,0.00,10.00,OVC
MDW,2022-10-17 21:53,44.00,28.00,14.00,300.00,29.93,0.00,10.00,OVC
MDW,2022-10-17 22:53,44.00,28.00,16.00,310.00,29.95,0.00,10.00,SCT
MDW,2022-10-17 23:53,43.00,27.00,15.00,310.00,29.96,0.00,10.00,FEW
MDW,2022-10-18 00:53,42.00,27.00,11.00,310.00,29.96,0.00,10.00,SCT
MDW,2022-10-18 01:53,42.00,27.00,14.00,310.00,29.96,0.00,10.00,FEW
MDW,2022-10-18 02:53,42.00,26.10,17.00,330.00,29.96,0.00,10.00,FEW
MDW,2022-10-18 03:53,42.00,26.10,21.00,330.00,29.97,0.00,10.00,BKN
MDW,2022-10-18 04:53,40.00,26.10,19.00,320.00,29.97,0.00,10.00,OVC
MDW,2022-10-18 05:53,39.00,26.10,14.00,310.00,29.97,0.00,10.00,OVC
MDW,2022-10-18 06:53,40.00,26.10,15.00,320.00,29.98,0.00,10.00,OVC
MDW,2022-10-18 07:53,40.00,24.10,18.00,330.00,29.97,0.00,10.00,OVC
MDW,2022-10-18 08:53,40.00,24.10,15.00,330.00,29.98,0.00,10.00,OVC
MDW,2022-10-18 09:53,39.00,24.10,16.00,320.00,29.99,0.00,10.00,OVC
MDW,2022-10-18 10:53,38.00,24.10,16.00,320.00,30.00,0.00,10.00,BKN
MDW,2022-10-18 11:53,38.00,24.10,14.00,320.00,30.01,0.00,10.00,BKN
MDW,2022-10-18 12:53,37.00,24.10,15.00,320.00,30.01,0.00,10.00,BKN
MDW,2022-10-18 13:53,38.00,23.00,15.00,330.00,30.03,0.00,10.00,OVC
MDW,2022-10-18 14:53,39.00,24.10,17.00,320.00,30.03,0.00,10.00,BKN
MDW,2022-10-18 15:53,41.00,25.00,14.00,320.00,30.03,0.00,10.00,BKN
MDW,2022-10-18 16:53,43.00,26.10,14.00,290.00,30.02,0.00,10.00,BKN
MDW,2022-10-18 17:53,46.00,27.00,9.00,300.00,30.01,0.00,10.00,BKN
MDW,2022-10-18 18:53,47.00,26.10,13.00,300.00,29.99,0.00,10.00,BKN
MDW,2022-10-18 19:53,48.00,27.00,19.00,300.00,29.98,0.00,10.00,BKN
MDW,2022-10-18 20:53,48.00,27.00,17.00,310.00,29.97,0.00,10.00,BKN
MDW,2022-10-18 21:53,48.00,26.10,20.00,330.00,29.99,0.00,10.00,BKN
MDW,2022-10-18 22:53,48.00,26.10,17.00,320.00,29.99,0.00,10.00,BKN
MDW,2022-10-18 23:53,48.00,25.00,14.00,320.00,30.00,0.00,10.00,BKN
MDW,2022-10-19 00:53,48.00,24.10,13.00,320.00,30.01,0.00,10.00,OVC
MDW,2022-10-19 01:53,48.00,24.10,14.00,320.00,30.00,0.00,10.00,OVC
MDW,2022-10-19 02:53,47.00,26.10,18.00,340.00,30.01,0.00,10.00,OVC
MDW,2022-10-19 03:53,46.00,26.10,17.00,320.00,30.01,0.00,10.00,OVC
MDW,2022-10-19 04:53,45.00,26.10,13.00,330.00,30.01,0.00,10.00,OVC
MDW,2022-10-19 05:53,43.00,26.10,15.00,320.00,30.01,0.00,10.00,SCT
MDW,2022-10-19 06:53,42.00,25.00,11.00,310.00,30.01,0.00,10.00,FEW
MDW,2022-10-19 07:53,40.00,26.10,14.00,320.00,30.01,0.00,10.00,FEW
MDW,2022-10-19 08:53,39.00,26.10,11.00,310.00,30.00,0.00,10.00,CLR
MDW,2022-10-19 09:53,37.00,25.00,9.00,300.00,30.00,0.00,10.00,CLR
MDW,2022-10-19 10:53,36.00,25.00,7.00,320.00,30.02,0.00,10.00,CLR
MDW,2022-10-19 11:53,36.00,25.00,10.00,310.00,30.01,0.00,10.00,FEW
MDW,2022-10-19 12:53,36.00,25.00,8.00,300.00,30.02,0.00,10.00,FEW
MDW,2022-10-19 13:53,39.00,25.00,9.00,300.00,30.03,0.00,10.00,FEW
MDW,2022-10-19 14:53,41.00,26.10,9.00,290.00,30.03,0.00,10.00,FEW
MDW,2022-10-19 15:53,44.00,26.10,10.00,270.00,30.02,0.00,10.00,FEW
MDW,2022-10-19 16:53,47.00,25.00,13.00,300.00,30.01,0.00,10.00,FEW
MDW,2022-10-19 17:53,48.00,25.00,12.00,270.00,29.98,0.00,10.00,FEW
MDW,2022-10-19 18:53,49.00,21.00,15.00,270.00,29.96,0.00,10.00,FEW
MDW,2022-10-19 19:53,50.00,21.90,15.00,270.00,29.94,0.00,10.00,FEW
MDW,2022-10-19 20:53,50.00,19.00,14.00,280.00,29.93,0.00,10.00,FEW
MDW,2022-10-19 21:53,49.00,18.00,12.00,250.00,29.92,0.00,10.00,FEW
MDW,2022-10-19 22:53,47.00,17.10,14.00,280.00,29.92,0.00,10.00,FEW
MDW,2022-10-19 23:53,45.00,19.00,8.00,260.00,29.93,0.00,10.00,BKN
MDW,2022-10-20 00:53,43.00,19.00,7.00,260.00,29.93,0.00,10.00,BKN
MDW,2022-10-20 01:53,42.00,19.00,8.00,250.00,29.93,0.00,10.00,SCT
MDW,2022-10-20 02:53,41.00,19.90,8.00,240.00,29.93,0.00,10.00,FEW
MDW,2022-10-20 03:53,39.00,19.00,7.00,250.00,29.93,0.00,10.00,FEW
MDW,2022-10-20 04:53,39.00,18.00,8.00,250.00,29.91,0.00,10.00,FEW
MDW,2022-10-20 05:53,38.00,18.00,10.00,250.00,29.89,0.00,10.00,BKN
MDW,2022-10-20 06:53,37.00,18.00,9.00,250.00,29.88,0.00,10.00,BKN
MDW,2022-10-20 07:53,36.00,18.00,9.00,250.00,29.86,0.00,10.00,BKN
MDW,2022-10-20 08:53,35.00,18.00,8.00,250.00,29.84,0.00,10.00,FEW
MDW,2022-10-20 09:53,35.00,18.00,7.00,240.00,29.83,0.00,10.00,BKN
MDW,2022-10-20 10:53,35.00,18.00,7.00,240.00,29.83,0.00,10.00,SCT
MDW,2022-10-20 11:53,35.00,18.00,7.00,230.00,29.82,0.00,10.00,BKN
MDW,2022-10-20 12:53,36.00,18.00,6.00,230.00,29.82,0.00,10.00,BKN
MDW,2022-10-20 13:53,39.00,18.00,9.00,230.00,29.81,0.00,10.00,BKN
MDW,2022-10-20 14:53,45.00,18.00,11.00,220.00,29.79,0.00,10.00,FEW
MDW,2022-10-20 15:53,48.00,16.00,9.00,230.00,29.80,0.00,10.00,BKN
MDW,2022-10-20 16:53,50.00,18.00,9.00,240.00,29.80,0.00,10.00,OVC
MDW,2022-10-20 17:53,56.00,19.00,9.00,210.00,29.78,0.00,10.00,SCT
MDW,2022-10-20 18:53,60.00,19.90,11.00,250.00,29.75,0.00,10.00,SCT
MDW,2022-10-20 19:53,62.00,21.90,7.00,230.00,29.74,0.00,10.00,FEW
MDW,2022-10-20 20:53,63.00,24.10,10.00,220.00,29.74,0.00,10.00,FEW
MDW,2022-10-20 21:53,63.00,26.10,9.00,260.00,29.75,0.00,10.00,FEW
MDW,2022-10-20 22:53,61.00,26.10,6.00,210.00,29.75,0.00,10.00,FEW
MDW,2022-10-20 23:53,60.00,27.00,5.00,170.00,29.77,0.00,10.00,FEW
MDW,2022-10-21 00:53,58.00,28.00,5.00,180.00,29.78,0.00,10.00,SCT
MDW,2022-10-21 01:53,55.00,28.90,4.00,180.00,29.77,0.00,10.00,SCT
MDW,2022-10-21 02:53,54.00,30.00,6.00,190.00,29.78,0.00,10.00,SCT
MDW,2022-10-21 03:53,52.00,30.90,4.00,200.00,29.78,0.00,10.00,FEW
MDW,2022-10-21 04:53,50.00,30.90,4.00,190.00,29.77,0.00,10.00,FEW
MDW,2022-10-21 05:53,49.00,32.00,6.00,210.00,29.76,0.00,10.00,SCT
MDW,2022-10-21 06:53,47.00,32.00,6.00,220.00,29.76,0.00,10.00,BKN
MDW,2022-10-21 07:53,47.00,33.00,6.00,210.00,29.77,0.00,10.00,BKN
MDW,2022-10-21 08:53,47.00,33.00,6.00,200.00,29.76,0.00,10.00,OVC
MDW,2022-10-21 09:53,46.00,33.00,6.00,190.00,29.77,0.00,10.00,OVC
MDW,2022-10-21 10:53,47.00,33.00,9.00,200.00,29.77,0.00,10.00,BKN
MDW,2022-10-21 11:53,46.00,33.00,8.00,200.00,29.78,0.00,10.00,FEW
MDW,2022-10-21 12:53,47.00,33.00,6.00,200.00,29.78,0.00,10.00,BKN
MDW,2022-10-21 13:53,51.00,34.00,10.00,210.00,29.80,0.00,10.00,BKN
MDW,2022-10-21 14:53,56.00,35.00,9.00,200.00,29.79,0.00,10.00,BKN
MDW,2022-10-21 15:53,61.00,36.00,11.00,200.00,29.78,0.00,10.00,BKN
MDW,2022-10-21 16:53,66.00,37.00,14.00,210.00,29.76,0.00,10.00,FEW
MDW,2022-10-21 17:53,71.00,38.00,11.00,200.00,29.74,0.00,10.00,FEW
MDW,2022-10-21 18:53,76.00,39.00,12.00,190.00,29.70,0.00,10.00,FEW
MDW,2022-10-21 19:53,77.00,38.00,16.00,200.00,29.69,0.00,10.00,FEW
MDW,2022-10-21 20:53,78.00,37.00,14.00,210.00,29.68,0.00,10.00,FEW
MDW,2022-10-21 21:53,77.00,37.00,13.00,200.00,29.68,0.00,10.00,FEW
MDW,2022-10-21 22:53,75.00,37.00,14.00,200.00,29.68,0.00,10.00,FEW
MDW,2022-10-21 23:53,73.00,38.00,10.00,200.00,29.71,0.00,10.00,CLR
MDW,2022-10-22 00:53,71.00,38.00,13.00,200.00,29.73,0.00,10.00,CLR
MDW,2022-10-22 01:53,70.00,37.00,12.00,210.00,29.75,0.00,10.00,CLR
MDW,2022-10-22 02:53,68.00,37.00,14.00,210.00,29.77,0.00,10.00,CLR
MDW,2022-10-22 03:53,66.00,38.00,10.00,210.00,29.78,0.00,10.00,CLR
MDW,2022-10-22 04:53,64.00,37.00,10.00,210.00,29.78,0.00,10.00,CLR
MDW,2022-10-22 05:53,63.00,37.00,11.00,210.00,29.79,0.00,10.00,FEW
MDW,2022-10-22 06:53,62.00,39.00,10.00,210.00,29.78,0.00,10.00,FEW
MDW,2022-10-22 07:53,61.00,41.00,12.00,210.00,29.77,0.00,10.00,FEW
MDW,2022-10-22 08:53,61.00,42.00,10.00,210.00,29.77,0.00,10.00,FEW
MDW,2022-10-22 09:53,60.00,43.00,11.00,210.00,29.78,0.00,10.00,FEW
MDW,2022-10-22 10:53,60.00,44.00,10.00,190.00,29.79,0.00,10.00,FEW
MDW,2022-10-22 11:53,59.00,44.00,7.00,180.00,29.79,0.00,10.00,FEW
MDW,2022-10-22 12:53,58.00,44.00,9.00,190.00,29.81,0.00,10.00,FEW
MDW,2022-10-22 13:53,61.00,46.00,11.00,200.00,29.83,0.00,10.00,SCT
MDW,2022-10-22 14:53,65.00,47.00,15.00,190.00,29.83,0.00,10.00,SCT
MDW,2022-10-22 15:53,70.00,47.00,12.00,200.00,29.84,0.00,10.00,FEW
MDW,2022-10-22 16:53,74.00,48.00,12.00,190.00,29.83,0.00,10.00,FEW
MDW,2022-10-22 17:53,77.00,48.00,12.00,200.00,29.82,0.00,10.00,FEW
MDW,2022-10-22 18:53,79.00,49.00,12.00,180.00,29.80,0.00,10.00,FEW
MDW,2022-10-22 19:53,81.00,50.00,16.00,170.00,29.79,0.00,10.00,FEW
MDW,2022-10-22 20:53,82.00,50.00,15.00,190.00,29.79,0.00,10.00,FEW
MDW,2022-10-22 21:53,81.00,50.00,13.00,180.00,29.79,0.00,10.00,FEW
MDW,2022-10-22 22:53,78.00,51.00,14.00,170.00,29.81,0.00,10.00,FEW
MDW,2022-10-22 23:53,75.00,51.00,12.00,190.00,29.83,0.00,10.00,FEW
MDW,2022-10-23 00:53,74.00,52.00,11.00,170.00,29.85,0.00,10.00,FEW
MDW,2022-10-23 01:53,72.00,52.00,12.00,180.00,29.87,0.00,10.00,FEW
MDW,2022-10-23 02:53,71.00,52.00,12.00,190.00,29.89,0.00,10.00,FEW
MDW,2022-10-23 03:53,69.00,53.00,11.00,190.00,29.92,0.00,10.00,FEW
MDW,2022-10-23 04:53,68.00,53.00,12.00,200.00,29.94,0.00,10.00,FEW
MDW,2022-10-23 05:53,67.00,52.00,9.00,190.00,29.94,0.00,10.00,FEW
MDW,2022-10-23 06:53,65.00,52.00,10.00,180.00,29.93,0.00,10.00,FEW
MDW,2022-10-23 07:53,65.00,51.00,9.00,180.00,29.92,0.00,10.00,FEW
MDW,2022-10-23 08:53,65.00,50.00,11.00,170.00,29.91,0.00,10.00,FEW
MDW,2022-10-23 09:53,66.00,50.00,9.00,180.00,29.92,0.00,10.00,SCT
MDW,2022-10-23 10:53,65.00,50.00,12.00,170.00,29.92,0.00,10.00,FEW
MDW,2022-10-23 11:53,65.00,50.00,11.00,170.00,29.93,0.00,10.00,FEW
MDW,2022-10-23 12:53,65.00,51.00,9.00,160.00,29.93,0.00,10.00,SCT
MDW,2022-10-23 13:53,67.00,51.00,13.00,160.00,29.95,0.00,10.00,SCT
MDW,2022-10-23 14:53,70.00,52.00,14.00,180.00,29.94,0.00,10.00,FEW
MDW,2022-10-23 15:53,74.00,53.00,15.00,180.00,29.93,0.00,10.00,FEW
MDW,2022-10-23 16:53,76.00,54.00,15.00,190.00,29.91,0.00,10.00,FEW
MDW,2022-10-23 17:53,79.00,55.00,18.00,170.00,29.88,0.00,10.00,FEW
MDW,2022-10-23 18:53,80.00,55.00,20.00,180.00,29.87,0.00,10.00,SCT
MDW,2022-10-23 19:53,81.00,54.00,18.00,180.00,29.85,0.00,10.00,FEW
MDW,2022-10-23 20:53,80.00,54.00,15.00,160.00,29.84,0.00,10.00,FEW
MDW,2022-10-23 21:53,80.00,53.00,21.00,170.00,29.84,0.00,10.00,FEW
MDW,2022-10-23 22:53,79.00,51.00,13.00,170.00,29.85,0.00,10.00,FEW
MDW,2022-10-23 23:53,78.00,51.00,22.00,170.00,29.86,0.00,10.00,SCT
MDW,2022-10-24 00:53,76.00,51.00,13.00,180.00,29.89,0.00,10.00,FEW
MDW,2022-10-24 01:53,75.00,50.00,13.00,180.00,29.89,0.00,10.00,FEW
MDW,2022-10-24 02:53,74.00,49.00,15.00,180.00,29.87,0.00,10.00,FEW
MDW,2022-10-24 03:53,73.00,48.00,14.00,190.00,29.90,0.00,10.00,FEW
MDW,2022-10-24 04:53,73.00,47.00,10.00,190.00,29.91,0.00,10.00,FEW
MDW,2022-10-24 05:53,72.00,47.00,14.00,180.00,29.91,0.00,10.00,FEW
MDW,2022-10-24 06:53,71.00,47.00,12.00,190.00,29.91,0.00,10.00,FEW
MDW,2022-10-24 07:53,69.00,48.00,13.00,180.00,29.91,0.00,10.00,FEW
MDW,2022-10-24 08:53,67.00,52.00,16.00,200.00,29.93,0.01,10.00,FEW
MDW,2022-10-24 09:53,65.00,53.00,11.00,180.00,29.93,0.01,10.00,FEW
MDW,2022-10-24 10:53,65.00,51.00,9.00,170.00,29.92,T,10.00,FEW
MDW,2022-10-24 11:53,66.00,49.00,10.00,160.00,29.92,0.00,10.00,FEW
MDW,2022-10-24 12:53,66.00,47.00,11.00,170.00,29.92,0.00,10.00,FEW
MDW,2022-10-24 13:53,68.00,47.00,13.00,180.00,29.92,0.00,10.00,FEW
MDW,2022-10-24 14:53,69.00,48.00,12.00,200.00,29.91,0.00,10.00,FEW
MDW,2022-10-24 15:53,71.00,50.00,13.00,190.00,29.91,0.00,10.00,FEW
MDW,2022-10-24 16:53,75.00,52.00,15.00,180.00,29.90,0.00,10.00,FEW
MDW,2022-10-24 17:53,75.00,54.00,12.00,170.00,29.87,0.00,10.00,FEW
MDW,2022-10-24 18:53,77.00,55.00,15.00,170.00,29.83,0.00,10.00,FEW
MDW,2022-10-24 19:53,77.00,54.00,17.00,180.00,29.81,0.00,10.00,FEW
MDW,2022-10-24 20:53,79.00,54.00,17.00,180.00,29.81,0.00,10.00,SCT
MDW,2022-10-24 21:53,77.00,53.00,17.00,180.00,29.80,0.00,10.00,FEW
MDW,2022-10-24 22:53,76.00,54.00,16.00,170.00,29.80,0.00,10.00,BKN
MDW,2022-10-24 23:53,76.00,53.00,19.00,170.00,29.79,0.00,10.00,BKN
MDW,2022-10-25 00:53,75.00,52.00,13.00,180.00,29.80,0.00,10.00,BKN
MDW,2022-10-25 01:53,74.00,50.00,15.00,170.00,29.78,0.00,10.00,SCT
MDW,2022-10-25 02:53,74.00,47.00,16.00,170.00,29.78,0.00,10.00,SCT
MDW,2022-10-25 03:53,73.00,44.00,15.00,180.00,29.79,0.00,10.00,BKN
MDW,2022-10-25 04:53,72.00,43.00,12.00,180.00,29.78,0.00,10.00,SCT
MDW,2022-10-25 05:53,71.00,42.00,15.00,180.00,29.77,0.00,10.00,SCT
MDW,2022-10-25 06:53,69.00,42.00,10.00,190.00,29.75,0.00,10.00,FEW
MDW,2022-10-25 07:53,68.00,42.00,8.00,190.00,29.75,0.00,10.00,FEW
MDW,2022-10-25 08:53,66.00,45.00,6.00,190.00,29.73,T,10.00,FEW
MDW,2022-10-25 09:53,64.00,48.00,6.00,190.00,29.74,T,10.00,FEW
MDW,2022-10-25 10:53,63.00,48.00,4.00,190.00,29.73,T,10.00,FEW
MDW,2022-10-25 11:53,64.00,48.00,7.00,180.00,29.73,0.00,10.00,BKN
MDW,2022-10-25 12:53,60.00,53.00,7.00,190.00,29.74,0.01,6.00,OVC
MDW,2022-10-25 13:53,59.00,54.00,6.00,170.00,29.74,0.08,3.00,BKN
MDW,2022-10-25 14:53,60.00,55.00,6.00,160.00,29.74,0.02,5.00,BKN
MDW,2022-10-25 15:53,61.00,56.00,7.00,180.00,29.73,0.08,5.00,SCT
MDW,2022-10-25 16:53,62.00,57.00,8.00,170.00,29.70,0.02,5.00,BKN
MDW,2022-10-25 17:53,62.00,57.00,5.00,120.00,29.66,0.04,4.00,OVC
MDW,2022-10-25 18:53,62.00,57.00,7.00,130.00,29.65,0.05,2.00,BKN
MDW,2022-10-25 19:53,61.00,57.00,8.00,90.00,29.61,0.10,3.00,OVC
MDW,2022-10-25 20:53,61.00,57.00,4.00,70.00,29.60,0.23,2.00,BKN
MDW,2022-10-25 21:53,61.00,56.00,5.00,60.00,29.61,0.08,2.50,OVC
MDW,2022-10-25 22:53,60.00,56.00,4.00,350.00,29.63,0.05,1.50,OVC
MDW,2022-10-25 23:53,56.00,51.00,18.00,360.00,29.62,0.09,4.00,OVC
MDW,2022-10-26 00:53,55.00,49.00,14.00,10.00,29.62,T,10.00,BKN
MDW,2022-10-26 01:53,53.00,47.00,14.00,10.00,29.65,0.00,10.00,OVC
MDW,2022-10-26 02:53,52.00,46.00,12.00,30.00,29.68,0.00,10.00,OVC
MDW,2022-10-26 03:53,52.00,46.00,13.00,360.00,29.67,0.00,10.00,OVC
MDW,2022-10-26 04:53,50.00,44.00,18.00,340.00,29.69,T,8.00,OVC
MDW,2022-10-26 05:53,49.00,42.00,19.00,330.00,29.68,0.02,10.00,OVC
MDW,2022-10-26 06:53,48.00,41.00,19.00,330.00,29.70,0.01,10.00,BKN
MDW,2022-10-26 07:53,47.00,40.00,18.00,340.00,29.71,T,10.00,OVC
MDW,2022-10-26 08:53,46.00,40.00,12.00,340.00,29.72,0.02,10.00,OVC
MDW,2022-10-26 09:53,46.00,40.00,14.00,340.00,29.75,T,10.00,BKN
MDW,2022-10-26 10:53,46.00,39.00,10.00,320.00,29.79,0.00,10.00,BKN
MDW,2022-10-26 11:53,46.00,38.00,13.00,320.00,29.82,0.00,10.00,BKN
MDW,2022-10-26 12:53,46.00,37.00,10.00,320.00,29.87,0.00,10.00,BKN
MDW,2022-10-26 13:53,46.00,36.00,13.00,310.00,29.90,0.00,10.00,FEW
MDW,2022-10-26 14:53,48.00,36.00,10.00,320.00,29.93,0.00,10.00,FEW
MDW,2022-10-26 15:53,50.00,36.00,11.00,330.00,29.95,0.00,10.00,FEW
MDW,2022-10-26 16:53,52.00,35.00,13.00,340.00,29.97,0.00,10.00,FEW
MDW,2022-10-26 17:53,54.00,36.00,11.00,330.00,29.98,0.00,10.00,FEW
MDW,2022-10-26 18:53,55.00,36.00,7.00,280.00,29.99,0.00,10.00,FEW
MDW,2022-10-26 19:53,55.00,36.00,5.00,300.00,30.00,0.00,10.00,FEW
MDW,2022-10-26 20:53,56.00,35.00,6.00,300.00,30.02,0.00,10.00,FEW
MDW,2022-10-26 21:53,56.00,34.00,0.00,0.00,30.04,0.00,10.00,FEW
MDW,2022-10-26 22:53,53.00,34.00,6.00,300.00,30.07,0.00,10.00,FEW
MDW,2022-10-26 23:53,50.00,34.00,4.00,310.00,30.09,0.00,10.00,FEW
MDW,2022-10-27 00:53,49.00,38.00,4.00,100.00,30.12,0.00,10.00,CLR
MDW,2022-10-27 01:53,49.00,38.00,4.00,150.00,30.13,0.00,10.00,CLR
MDW,2022-10-27 02:53,49.00,39.00,0.00,0.00,30.15,0.00,10.00,CLR
MDW,2022-10-27 03:53,46.00,38.00,0.00,0.00,30.17,0.00,10.00,FEW
MDW,2022-10-27 04:53,44.00,37.00,4.00,220.00,30.19,0.00,10.00,FEW
MDW,2022-10-27 05:53,44.00,37.00,0.00,0.00,30.19,0.00,10.00,SCT
MDW,2022-10-27 06:53,42.00,37.00,0.00,0.00,30.21,0.00,10.00,SCT
MDW,2022-10-27 07:53,44.00,38.00,0.00,0.00,30.23,0.00,10.00,BKN
MDW,2022-10-27 08:53,42.00,37.00,0.00,0.00,30.24,0.00,10.00,BKN
MDW,2022-10-27 09:53,43.00,37.00,0.00,0.00,30.26,0.00,10.00,CLR
MDW,2022-10-27 10:53,43.00,37.00,0.00,0.00,30.28,0.00,10.00,FEW
MDW,2022-10-27 11:53,44.00,37.00,3.00,180.00,30.31,0.00,10.00,BKN
MDW,2022-10-27 12:53,45.00,37.00,6.00,140.00,30.33,0.00,10.00,BKN
MDW,2022-10-27 13:53,46.00,36.00,7.00,180.00,30.36,0.00,10.00,BKN
MDW,2022-10-27 14:53,48.00,36.00,8.00,160.00,30.36,0.00,10.00,SCT
MDW,2022-10-27 15:53,50.00,35.00,5.00,160.00,30.37,0.00,10.00,SCT
MDW,2022-10-27 16:53,53.00,36.00,9.00,130.00,30.37,0.00,10.00,FEW
MDW,2022-10-27 17:53,53.00,36.00,5.00,90.00,30.36,0.00,10.00,FEW
MDW,2022-10-27 18:53,53.00,35.00,10.00,80.00,30.34,0.00,10.00,FEW
MDW,2022-10-27 19:53,54.00,36.00,9.00,50.00,30.34,0.00,10.00,FEW
MDW,2022-10-27 20:53,52.00,35.00,10.00,60.00,30.34,0.00,10.00,SCT
MDW,2022-10-27 21:53,52.00,36.00,11.00,80.00,30.34,0.00,10.00,SCT
MDW,2022-10-27 22:53,52.00,37.00,10.00,70.00,30.34,0.00,10.00,FEW
MDW,2022-10-27 23:53,52.00,38.00,9.00,70.00,30.34,0.00,10.00,FEW
MDW,2022-10-28 00:53,52.00,40.00,8.00,70.00,30.35,0.00,10.00,FEW
MDW,2022-10-28 01:53,52.00,38.00,7.00,100.00,30.35,0.00,10.00,FEW
MDW,2022-10-28 02:53,53.00,36.00,8.00,110.00,30.36,0.00,10.00,BKN
MDW,2022-10-28 03:53,51.00,35.00,7.00,110.00,30.36,0.00,10.00,OVC
MDW,2022-10-28 04:53,50.00,34.00,7.00,110.00,30.36,0.00,10.00,OVC
MDW,2022-10-28 05:53,50.00,33.00,7.00,110.00,30.37,0.00,10.00,BKN
MDW,2022-10-28 06:53,48.00,33.00,5.00,130.00,30.38,0.00,10.00,FEW
MDW,2022-10-28 07:53,47.00,33.00,7.00,110.00,30.38,0.00,10.00,FEW
MDW,2022-10-28 08:53,46.00,34.00,4.00,110.00,30.38,0.00,10.00,FEW
MDW,2022-10-28 09:53,47.00,35.00,5.00,110.00,30.38,0.00,10.00,BKN
MDW,2022-10-28 10:53,48.00,36.00,4.00,100.00,30.40,0.00,10.00,BKN
MDW,2022-10-28 11:53,47.00,37.00,4.00,110.00,30.41,0.00,10.00,BKN
MDW,2022-10-28 12:53,47.00,37.00,6.00,110.00,30.41,0.00,10.00,FEW
MDW,2022-10-28 13:53,50.00,39.00,7.00,100.00,30.43,0.00,10.00,FEW
MDW,2022-10-28 14:53,53.00,39.00,5.00,80.00,30.43,0.00,10.00,FEW
MDW,2022-10-28 15:53,55.00,38.00,5.00,80.00,30.42,0.00,10.00,FEW
MDW,2022-10-28 16:53,58.00,38.00,3.00,160.00,30.40,0.00,10.00,FEW
MDW,2022-10-28 17:53,59.00,39.00,5.00,100.00,30.38,0.00,10.00,FEW
MDW,2022-10-28 18:53,60.00,39.00,6.00,80.00,30.37,0.00,10.00,FEW
MDW,2022-10-28 19:53,60.00,37.00,7.00,70.00,30.35,0.00,10.00,FEW
MDW,2022-10-28 20:53,59.00,36.00,6.00,80.00,30.34,0.00,10.00,SCT
MDW,2022-10-28 21:53,58.00,36.00,7.00,70.00,30.35,0.00,10.00,SCT
MDW,2022-10-28 22:53,55.00,37.00,5.00,70.00,30.36,0.00,10.00,SCT
MDW,2022-10-28 23:53,54.00,39.00,5.00,90.00,30.37,0.00,10.00,FEW
MDW,2022-10-29 00:53,53.00,40.00,3.00,30.00,30.38,0.00,10.00,CLR
MDW,2022-10-29 01:53,53.00,42.00,5.00,80.00,30.38,0.00,10.00,CLR
MDW,2022-10-29 02:53,51.00,42.00,3.00,M,30.38,0.00,10.00,CLR
MDW,2022-10-29 03:53,51.00,43.00,4.00,30.00,30.37,0.00,10.00,CLR
MDW,2022-10-29 04:53,48.00,41.00,0.00,0.00,30.37,0.00,10.00,CLR
MDW,2022-10-29 05:53,46.00,41.00,0.00,0.00,30.36,0.00,10.00,CLR
MDW,2022-10-29 06:53,47.00,41.00,0.00,0.00,30.34,0.00,10.00,CLR
MDW,2022-10-29 07:53,44.00,39.00,3.00,330.00,30.34,0.00,10.00,CLR
MDW,2022-10-29 08:53,43.00,39.00,0.00,0.00,30.35,0.00,10.00,CLR
MDW,2022-10-29 09:53,44.00,39.00,0.00,0.00,30.35,0.00,10.00,CLR
MDW,2022-10-29 10:53,44.00,39.00,0.00,0.00,30.35,0.00,10.00,CLR
MDW,2022-10-29 11:53,46.00,38.00,4.00,100.00,30.36,0.00,10.00,FEW
MDW,2022-10-29 12:53,46.00,38.00,3.00,110.00,30.37,0.00,10.00,FEW
MDW,2022-10-29 13:53,50.00,38.00,5.00,110.00,30.37,0.00,10.00,FEW
MDW,2022-10-29 14:53,54.00,39.00,4.00,150.00,30.38,0.00,10.00,FEW
MDW,2022-10-29 15:53,59.00,39.00,0.00,0.00,30.35,0.00,10.00,FEW
MDW,2022-10-29 16:53,63.00,39.00,0.00,0.00,30.33,0.00,10.00,FEW
MDW,2022-10-29 17:53,65.00,39.00,4.00,M,30.30,0.00,10.00,FEW
MDW,2022-10-29 18:53,66.00,40.00,10.00,100.00,30.28,0.00,10.00,FEW
MDW,2022-10-29 19:53,66.00,41.00,9.00,80.00,30.26,0.00,10.00,FEW
MDW,2022-10-29 20:53,65.00,38.00,9.00,80.00,30.26,0.00,10.00,FEW
MDW,2022-10-29 21:53,62.00,38.00,9.00,80.00,30.24,0.00,10.00,SCT
MDW,2022-10-29 22:53,59.00,39.00,6.00,80.00,30.23,0.00,10.00,SCT
MDW,2022-10-29 23:53,57.00,41.00,4.00,100.00,30.23,0.00,10.00,BKN
MDW,2022-10-30 00:53,57.00,43.00,6.00,80.00,30.22,0.00,10.00,SCT
MDW,2022-10-30 01:53,56.00,45.00,5.00,90.00,30.20,0.00,10.00,SCT
MDW,2022-10-30 02:53,54.00,45.00,0.00,0.00,30.19,0.00,10.00,SCT
MDW,2022-10-30 03:53,53.00,45.00,3.00,60.00,30.18,0.00,10.00,BKN
MDW,2022-10-30 04:53,52.00,46.00,0.00,0.00,30.17,0.00,10.00,BKN
MDW,2022-10-30 05:53,53.00,46.00,0.00,0.00,30.15,0.00,9.00,OVC
MDW,2022-10-30 06:53,54.00,42.00,0.00,0.00,30.14,0.00,10.00,BKN
MDW,2022-10-30 07:53,52.00,41.00,3.00,140.00,30.12,0.00,10.00,BKN
MDW,2022-10-30 08:53,50.00,38.00,0.00,0.00,30.10,0.00,10.00,BKN
MDW,2022-10-30 09:53,50.00,39.00,0.00,0.00,30.09,0.00,10.00,BKN
MDW,2022-10-30 10:53,52.00,38.00,3.00,90.00,30.08,0.00,10.00,BKN
MDW,2022-10-30 11:53,52.00,38.00,3.00,110.00,30.07,0.00,10.00,BKN
MDW,2022-10-30 12:53,52.00,38.00,3.00,120.00,30.07,0.00,10.00,SCT
MDW,2022-10-30 13:53,53.00,38.00,4.00,90.00,30.05,0.00,10.00,FEW
MDW,2022-10-30 14:53,54.00,40.00,4.00,100.00,30.05,0.00,10.00,FEW
MDW,2022-10-30 15:53,58.00,41.00,0.00,0.00,30.04,0.00,10.00,FEW
MDW,2022-10-30 16:53,61.00,41.00,4.00,120.00,30.03,0.00,10.00,BKN
MDW,2022-10-30 17:53,65.00,42.00,4.00,20.00,29.99,0.00,10.00,BKN
MDW,2022-10-30 18:53,65.00,43.00,7.00,60.00,29.94,0.00,10.00,FEW
MDW,2022-10-30 19:53,62.00,44.00,7.00,80.00,29.93,0.00,10.00,FEW
MDW,2022-10-30 20:53,60.00,46.00,8.00,70.00,29.91,0.00,10.00,FEW
MDW,2022-10-30 21:53,59.00,45.00,8.00,50.00,29.92,0.00,10.00,BKN
MDW,2022-10-30 22:53,57.00,48.00,5.00,80.00,29.91,0.02,8.00,FEW
MDW,2022-10-30 23:53,57.00,51.00,4.00,70.00,29.91,0.01,9.00,FEW
MDW,2022-10-31 00:53,58.00,52.00,3.00,20.00,29.90,0.01,10.00,OVC
MDW,2022-10-31 01:53,57.00,52.00,3.00,320.00,29.89,T,9.00,BKN
MDW,2022-10-31 02:53,57.00,52.00,5.00,90.00,29.89,0.00,5.00,OVC
MDW,2022-10-31 03:53,57.00,53.00,6.00,70.00,29.86,T,3.00,OVC
MDW,2022-10-31 04:53,57.00,53.00,5.00,70.00,29.85,0.01,4.00,OVC
MDW,2022-10-31 05:53,57.00,53.00,8.00,80.00,29.85,T,1.50,OVC
MDW,2022-10-31 06:53,57.00,54.00,5.00,70.00,29.84,T,1.50,OVC
MDW,2022-10-31 07:53,57.00,54.00,5.00,100.00,29.83,0.01,1.50,OVC
MDW,2022-10-31 08:53,57.00,54.00,3.00,40.00,29.82,T,0.75,OVC
MDW,2022-10-31 09:53,57.00,54.00,3.00,10.00,29.82,0.00,0.25,VV 
MDW,2022-10-31 10:53,57.00,54.00,4.00,10.00,29.81,0.00,0.25,VV 
MDW,2022-10-31 11:53,57.00,54.00,4.00,10.00,29.81,T,0.50,VV 
MDW,2022-10-31 12:53,57.00,54.00,5.00,20.00,29.82,0.00,0.50,VV 
MDW,2022-10-31 13:53,58.00,55.00,3.00,70.00,29.82,0.00,0.25,VV 
MDW,2022-10-31 14:53,57.00,54.00,5.00,20.00,29.83,0.00,0.50,VV 
MDW,2022-10-31 15:53,58.00,55.00,4.00,30.00,29.83,0.00,0.75,OVC
MDW,2022-10-31 16:53,60.00,55.00,6.00,360.00,29.83,0.00,4.00,OVC
MDW,2022-10-31 17:53,61.00,55.00,3.00,340.00,29.81,0.00,5.00,OVC
MDW,2022-10-31 18:53,60.00,54.00,6.00,360.00,29.81,0.00,6.00,OVC
MDW,2022-10-31 19:53,59.00,54.00,5.00,350.00,29.81,0.00,6.00,OVC
MDW,2022-10-31 20:53,60.00,54.00,6.00,320.00,29.82,0.00,5.00,OVC
MDW,2022-10-31 21:53,59.00,53.00,5.00,320.00,29.84,T,5.00,OVC
MDW,2022-10-31 22:53,59.00,53.00,3.00,290.00,29.85,T,4.00,BKN
MDW,2022-10-31 23:53,58.00,53.00,0.00,0.00,29.88,0.00,6.00,FEW
MDW,2022-11-01 00:53,54.00,51.00,3.00,250.00,29.89,0.00,6.00,FEW
MDW,2022-11-01 01:53,55.00,51.00,4.00,240.00,29.91,0.00,3.00,CLR
MDW,2022-11-01 02:53,55.00,52.00,3.00,220.00,29.92,0.00,3.00,CLR
MDW,2022-11-01 03:53,54.00,50.00,4.00,220.00,29.94,0.00,4.00,CLR
MDW,2022-11-01 04:53,52.00,49.00,6.00,230.00,29.95,0.00,5.00,CLR
MDW,2022-11-01 05:53,53.00,48.00,7.00,230.00,29.96,0.00,6.00,CLR
MDW,2022-11-01 06:53,52.00,46.00,6.00,240.00,29.98,0.00,7.00,CLR
MDW,2022-11-01 07:53,51.00,45.00,6.00,250.00,29.99,0.00,7.00,CLR
MDW,2022-11-01 08:53,50.00,45.00,5.00,240.00,30.00,0.00,7.00,CLR
MDW,2022-11-01 09:53,49.00,44.00,4.00,230.00,30.02,0.00,7.00,CLR
MDW,2022-11-01 10:53,48.00,43.00,3.00,250.00,30.04,0.00,7.00,CLR
MDW,2022-11-01 11:53,48.00,42.00,4.00,250.00,30.06,0.00,7.00,CLR
MDW,2022-11-01 12:53,48.00,42.00,4.00,220.00,30.09,0.00,10.00,FEW
MDW,2022-11-01 13:53,51.00,44.00,4.00,210.00,30.12,0.00,10.00,FEW
MDW,2022-11-01 14:53,56.00,43.00,7.00,250.00,30.14,0.00,10.00,FEW
MDW,2022-11-01 15:53,60.00,43.00,7.00,230.00,30.15,0.00,10.00,FEW
MDW,2022-11-01 16:53,65.00,43.00,8.00,230.00,30.15,0.00,10.00,CLR
MDW,2022-11-01 17:53,67.00,40.00,7.00,250.00,30.14,0.00,10.00,CLR
MDW,2022-11-01 18:53,68.00,39.00,7.00,240.00,30.13,0.00,10.00,CLR
MDW,2022-11-01 19:53,70.00,38.00,9.00,230.00,30.14,0.00,10.00,CLR
MDW,2022-11-01 20:53,70.00,40.00,6.00,270.00,30.14,0.00,10.00,CLR
MDW,2022-11-01 21:53,68.00,39.00,6.00,230.00,30.15,0.00,10.00,CLR
MDW,2022-11-01 22:53,67.00,37.00,3.00,230.00,30.17,0.00,10.00,CLR
MDW,2022-11-01 23:53,67.00,38.00,3.00,190.00,30.18,0.00,10.00,CLR
MDW,2022-11-02 00:53,63.00,39.00,5.00,170.00,30.19,0.00,10.00,CLR
MDW,2022-11-02 01:53,62.00,39.00,5.00,180.00,30.19,0.00,10.00,CLR
MDW,2022-11-02 02:53,60.00,40.00,5.00,190.00,30.21,0.00,10.00,CLR
MDW,2022-11-02 03:53,57.00,41.00,5.00,180.00,30.22,0.00,10.00,CLR
MDW,2022-11-02 04:53,55.00,42.00,5.00,190.00,30.23,0.00,10.00,CLR
MDW,2022-11-02 05:53,54.00,43.00,4.00,180.00,30.24,0.00,10.00,CLR
MDW,2022-11-02 06:53,50.00,41.00,3.00,180.00,30.24,0.00,10.00,CLR
MDW,2022-11-02 07:53,51.00,42.00,5.00,170.00,30.25,0.00,10.00,CLR
MDW,2022-11-02 08:53,52.00,43.00,4.00,180.00,30.24,0.00,10.00,CLR
MDW,2022-11-02 09:53,50.00,43.00,3.00,180.00,30.25,0.00,10.00,CLR
MDW,2022-11-02 10:53,52.00,44.00,4.00,180.00,30.26,0.00,10.00,CLR
MDW,2022-11-02 11:53,51.00,43.00,4.00,160.00,30.27,0.00,10.00,FEW
MDW,2022-11-02 12:53,51.00,44.00,4.00,160.00,30.27,0.00,10.00,FEW
MDW,2022-11-02 13:53,55.00,46.00,4.00,170.00,30.28,0.00,10.00,FEW
MDW,2022-11-02 14:53,60.00,48.00,8.00,180.00,30.29,0.00,10.00,FEW
MDW,2022-11-02 15:53,65.00,50.00,6.00,190.00,30.28,0.00,10.00,CLR
MDW,2022-11-02 16:53,69.00,49.00,10.00,170.00,30.26,0.00,10.00,CLR
MDW,2022-11-02 17:53,70.00,49.00,7.00,190.00,30.24,0.00,10.00,CLR
MDW,2022-11-02 18:53,72.00,50.00,10.00,160.00,30.22,0.00,10.00,FEW
MDW,2022-11-02 19:53,74.00,49.00,6.00,190.00,30.20,0.00,10.00,FEW
MDW,2022-11-02 20:53,74.00,47.00,8.00,180.00,30.18,0.00,10.00,FEW
MDW,2022-11-02 21:53,73.00,48.00,8.00,170.00,30.17,0.00,10.00,FEW
MDW,2022-11-02 22:53,71.00,48.00,7.00,170.00,30.18,0.00,10.00,FEW
MDW,2022-11-02 23:53,69.00,48.00,5.00,170.00,30.18,0.00,10.00,FEW
MDW,2022-11-03 00:53,66.00,49.00,6.00,150.00,30.18,0.00,10.00,CLR
MDW,2022-11-03 01:53,65.00,49.00,7.00,170.00,30.18,0.00,10.00,CLR
MDW,2022-11-03 02:53,64.00,49.00,7.00,170.00,30.19,0.00,10.00,FEW
MDW,2022-11-03 03:53,63.00,49.00,6.00,180.00,30.18,0.00,10.00,FEW
MDW,2022-11-03 04:53,62.00,49.00,9.00,180.00,30.18,0.00,10.00,FEW
MDW,2022-11-03 05:53,61.00,49.00,9.00,190.00,30.18,0.00,10.00,CLR
MDW,2022-11-03 06:53,60.00,49.00,8.00,180.00,30.18,0.00,10.00,CLR
MDW,2022-11-03 07:53,60.00,49.00,8.00,180.00,30.18,0.00,10.00,CLR
MDW,2022-11-03 08:53,58.00,48.00,5.00,200.00,30.17,0.00,10.00,CLR
MDW,2022-11-03 09:53,57.00,48.00,6.00,200.00,30.17,0.00,10.00,CLR
MDW,2022-11-03 10:53,57.00,47.00,7.00,180.00,30.17,0.00,10.00,CLR
MDW,2022-11-03 11:53,55.00,47.00,7.00,190.00,30.17,0.00,10.00,FEW
MDW,2022-11-03 12:53,55.00,47.00,6.00,190.00,30.18,0.00,10.00,FEW
MDW,2022-11-03 13:53,58.00,47.00,9.00,190.00,30.18,0.00,10.00,FEW
MDW,2022-11-03 14:53,63.00,48.00,9.00,200.00,30.18,0.00,10.00,FEW
MDW,2022-11-03 15:53,68.00,48.00,11.00,200.00,30.16,0.00,10.00,FEW
MDW,2022-11-03 16:53,71.00,49.00,13.00,200.00,30.14,0.00,10.00,FEW
MDW,2022-11-03 17:53,73.00,48.00,15.00,210.00,30.11,0.00,10.00,FEW
MDW,2022-11-03 18:53,74.00,48.00,17.00,200.00,30.08,0.00,10.00,FEW
MDW,2022-11-03 19:53,75.00,48.00,17.00,190.00,30.05,0.00,10.00,FEW
MDW,2022-11-03 20:53,75.00,48.00,15.00,180.00,30.03,0.00,10.00,FEW
MDW,2022-11-03 21:53,73.00,47.00,16.00,190.00,30.03,0.00,10.00,FEW
MDW,2022-11-03 22:53,71.00,47.00,12.00,180.00,30.02,0.00,10.00,BKN
MDW,2022-11-03 23:53,70.00,47.00,12.00,180.00,30.02,0.00,10.00,BKN
MDW,2022-11-04 00:53,69.00,47.00,10.00,170.00,30.02,0.00,10.00,BKN
MDW,2022-11-04 01:53,68.00,46.00,14.00,180.00,30.01,0.00,10.00,BKN
MDW,2022-11-04 02:53,68.00,46.00,15.00,190.00,30.01,0.00,10.00,BKN
MDW,2022-11-04 03:53,67.00,46.00,12.00,180.00,29.99,0.00,10.00,BKN
MDW,2022-11-04 04:53,66.00,46.00,13.00,180.00,29.99,0.00,10.00,OVC
MDW,2022-11-04 05:53,65.00,46.00,13.00,190.00,29.98,0.00,10.00,OVC
MDW,2022-11-04 06:53,65.00,46.00,13.00,200.00,29.98,0.00,10.00,OVC
MDW,2022-11-04 07:53,65.00,46.00,12.00,200.00,29.96,0.00,10.00,SCT
MDW,2022-11-04 08:53,64.00,47.00,11.00,200.00,29.95,0.00,10.00,SCT
MDW,2022-11-04 09:53,64.00,47.00,12.00,200.00,29.93,0.00,10.00,SCT
MDW,2022-11-04 10:53,65.00,48.00,11.00,190.00,29.91,0.00,10.00,FEW
MDW,2022-11-04 11:53,64.00,48.00,11.00,200.00,29.91,0.00,10.00,SCT
MDW,2022-11-04 12:53,64.00,49.00,13.00,200.00,29.91,0.00,10.00,FEW
MDW,2022-11-04 13:53,65.00,49.00,10.00,200.00,29.93,0.00,10.00,BKN
MDW,2022-11-04 14:53,66.00,50.00,10.00,200.00,29.93,0.00,10.00,BKN
MDW,2022-11-04 15:53,67.00,52.00,10.00,200.00,29.92,T,10.00,OVC
MDW,2022-11-04 16:53,63.00,56.00,10.00,190.00,29.91,0.13,3.00,FEW
MDW,2022-11-04 17:53,64.00,56.00,7.00,190.00,29.87,0.02,10.00,FEW
MDW,2022-11-04 18:53,67.00,57.00,9.00,170.00,29.83,0.01,10.00,BKN
MDW,2022-11-04 19:53,70.00,58.00,7.00,180.00,29.80,0.01,10.00,SCT
MDW,2022-11-04 20:53,75.00,57.00,17.00,180.00,29.78,0.00,10.00,BKN
MDW,2022-11-04 21:53,76.00,56.00,16.00,180.00,29.77,0.00,10.00,FEW
MDW,2022-11-04 22:53,74.00,55.00,18.00,180.00,29.75,0.00,10.00,SCT
MDW,2022-11-04 23:53,74.00,55.00,15.00,180.00,29.74,0.00,10.00,BKN
MDW,2022-11-05 00:53,73.00,55.00,15.00,180.00,29.75,0.00,10.00,FEW
MDW,2022-11-05 01:53,73.00,54.00,20.00,190.00,29.75,0.00,10.00,SCT
MDW,2022-11-05 02:53,72.00,54.00,17.00,180.00,29.74,0.00,10.00,SCT
MDW,2022-11-05 03:53,71.00,54.00,14.00,170.00,29.74,0.00,10.00,FEW
MDW,2022-11-05 04:53,71.00,54.00,14.00,180.00,29.71,0.00,10.00,BKN
MDW,2022-11-05 05:53,71.00,54.00,18.00,180.00,29.69,T,10.00,BKN
MDW,2022-11-05 06:53,69.00,56.00,14.00,200.00,29.69,0.02,7.00,OVC
MDW,2022-11-05 07:53,66.00,57.00,9.00,190.00,29.66,0.03,6.00,SCT
MDW,2022-11-05 08:53,65.00,58.00,14.00,180.00,29.62,0.04,7.00,FEW
MDW,2022-11-05 09:53,64.00,58.00,27.00,170.00,29.60,0.10,3.00,SCT
MDW,2022-11-05 10:53,64.00,57.00,22.00,170.00,29.55,0.00,10.00,BKN
MDW,2022-11-05 11:53,64.00,56.00,19.00,180.00,29.54,0.00,10.00,OVC
MDW,2022-11-05 12:53,64.00,55.00,27.00,170.00,29.51,0.00,10.00,BKN
MDW,2022-11-05 13:53,64.00,55.00,26.00,170.00,29.49,0.01,10.00,BKN
MDW,2022-11-05 14:53,64.00,55.00,22.00,180.00,29.47,0.00,10.00,OVC
MDW,2022-11-05 15:53,64.00,56.00,21.00,180.00,29.45,T,7.00,OVC
MDW,2022-11-05 16:53,66.00,56.00,24.00,180.00,29.41,0.01,10.00,BKN
MDW,2022-11-05 17:53,58.00,51.00,12.00,240.00,29.44,0.08,10.00,BKN
MDW,2022-11-05 18:53,55.00,44.00,22.00,230.00,29.47,T,10.00,BKN
MDW,2022-11-05 19:53,53.00,39.00,23.00,230.00,29.49,0.00,10.00,FEW
MDW,2022-11-05 20:53,53.00,39.00,22.00,220.00,29.52,0.00,10.00,BKN
MDW,2022-11-05 21:53,52.00,38.00,25.00,230.00,29.57,0.00,10.00,BKN
MDW,2022-11-05 22:53,52.00,39.00,25.00,220.00,29.61,0.00,10.00,OVC
MDW,2022-11-05 23:53,50.00,39.00,19.00,240.00,29.65,0.00,10.00,BKN
MDW,2022-11-06 00:53,49.00,39.00,13.00,220.00,29.70,0.00,10.00,FEW
MDW,2022-11-06 01:53,49.00,38.00,14.00,220.00,29.72,0.00,10.00,FEW
MDW,2022-11-06 02:53,48.00,38.00,14.00,220.00,29.76,0.00,10.00,SCT
MDW,2022-11-06 03:53,47.00,37.00,11.00,210.00,29.78,0.00,10.00,SCT
MDW,2022-11-06 04:53,47.00,37.00,8.00,200.00,29.79,0.00,10.00,FEW
MDW,2022-11-06 05:53,47.00,37.00,8.00,210.00,29.82,0.00,10.00,SCT
MDW,2022-11-06 06:53,47.00,37.00,6.00,210.00,29.84,0.00,10.00,FEW
MDW,2022-11-06 07:53,47.00,37.00,8.00,200.00,29.84,0.00,10.00,SCT
MDW,2022-11-06 08:53,47.00,37.00,9.00,190.00,29.84,0.00,10.00,SCT
MDW,2022-11-06 09:53,48.00,37.00,8.00,200.00,29.85,0.00,10.00,BKN
MDW,2022-11-06 10:53,48.00,37.00,11.00,190.00,29.85,0.00,10.00,BKN
MDW,2022-11-06 11:53,49.00,37.00,10.00,200.00,29.84,0.00,10.00,BKN
MDW,2022-11-06 12:53,49.00,37.00,13.00,200.00,29.85,0.00,10.00,BKN
MDW,2022-11-06 13:53,49.00,38.00,11.00,200.00,29.88,0.00,10.00,SCT
MDW,2022-11-06 14:53,52.00,39.00,12.00,190.00,29.89,0.00,10.00,BKN
MDW,2022-11-06 15:53,55.00,40.00,20.00,200.00,29.89,0.00,10.00,BKN
MDW,2022-11-06 16:53,58.00,42.00,15.00,210.00,29.89,0.00,10.00,SCT
MDW,2022-11-06 17:53,61.00,42.00,16.00,210.00,29.90,0.00,10.00,FEW
MDW,2022-11-06 18:53,62.00,43.00,16.00,250.00,29.93,0.00,10.00,FEW
MDW,2022-11-06 19:53,63.00,43.00,13.00,240.00,29.92,0.00,10.00,FEW
MDW,2022-11-06 20:53,64.00,43.00,13.00,220.00,29.93,0.00,10.00,FEW
MDW,2022-11-06 21:53,62.00,43.00,13.00,270.00,29.99,0.00,10.00,FEW
MDW,2022-11-06 22:53,60.00,43.00,8.00,270.00,30.03,0.00,10.00,SCT
MDW,2022-11-06 23:53,57.00,43.00,6.00,260.00,30.05,0.00,10.00,FEW
MDW,2022-11-07 00:53,57.00,44.00,8.00,270.00,30.09,0.00,10.00,CLR
MDW,2022-11-07 01:53,56.00,44.00,8.00,280.00,30.13,0.00,10.00,CLR
MDW,2022-11-07 02:53,55.00,39.00,7.00,270.00,30.17,0.00,10.00,FEW
MDW,2022-11-07 03:53,54.00,33.00,8.00,270.00,30.19,0.00,10.00,FEW
MDW,2022-11-07 04:53,51.00,30.00,7.00,280.00,30.22,0.00,10.00,CLR
MDW,2022-11-07 05:53,52.00,25.00,8.00,280.00,30.25,0.00,10.00,CLR
MDW,2022-11-07 06:53,51.00,24.10,10.00,290.00,30.27,0.00,10.00,CLR
MDW,2022-11-07 07:53,49.00,24.10,7.00,280.00,30.31,0.00,10.00,CLR
MDW,2022-11-07 08:53,47.00,25.00,8.00,300.00,30.32,0.00,10.00,CLR
MDW,2022-11-07 09:53,46.00,23.00,6.00,290.00,30.35,0.00,10.00,CLR
MDW,2022-11-07 10:53,44.00,21.90,5.00,290.00,30.39,0.00,10.00,CLR
MDW,2022-11-07 11:53,43.00,21.90,6.00,300.00,30.42,0.00,10.00,CLR
MDW,2022-11-07 12:53,42.00,21.00,5.00,290.00,30.45,0.00,10.00,FEW
MDW,2022-11-07 13:53,44.00,21.00,7.00,310.00,30.48,0.00,10.00,FEW
MDW,2022-11-07 14:53,47.00,19.90,7.00,320.00,30.51,0.00,10.00,FEW
MDW,2022-11-07 15:53,50.00,19.90,9.00,330.00,30.52,0.00,10.00,FEW
MDW,2022-11-07 16:53,51.00,21.00,4.00,M,30.53,0.00,10.00,FEW
MDW,2022-11-07 17:53,55.00,21.00,5.00,M,30.51,0.00,10.00,FEW
MDW,2022-11-07 18:53,56.00,19.90,5.00,10.00,30.50,0.00,10.00,SCT
MDW,2022-11-07 19:53,58.00,21.00,6.00,360.00,30.50,0.00,10.00,SCT
MDW,2022-11-07 20:53,54.00,27.00,8.00,90.00,30.50,0.00,10.00,BKN
MDW,2022-11-07 21:53,52.00,27.00,11.00,80.00,30.52,0.00,10.00,FEW
MDW,2022-11-07 22:53,50.00,28.00,9.00,70.00,30.54,0.00,10.00,FEW
MDW,2022-11-07 23:53,48.00,30.00,9.00,60.00,30.57,0.00,10.00,BKN
MDW,2022-11-08 00:53,49.00,32.00,10.00,70.00,30.58,0.00,10.00,BKN
MDW,2022-11-08 01:53,48.00,34.00,9.00,60.00,30.59,0.00,10.00,BKN
MDW,2022-11-08 02:53,48.00,35.00,9.00,60.00,30.59,0.00,10.00,BKN
MDW,2022-11-08 03:53,48.00,34.00,8.00,60.00,30.59,0.00,10.00,BKN
MDW,2022-11-08 04:53,48.00,36.00,11.00,60.00,30.59,0.00,10.00,FEW
MDW,2022-11-08 05:53,48.00,37.00,11.00,60.00,30.59,0.00,10.00,BKN
MDW,2022-11-08 06:53,49.00,34.00,10.00,70.00,30.60,0.00,10.00,FEW
MDW,2022-11-08 07:53,48.00,33.00,10.00,80.00,30.60,0.00,10.00,FEW
MDW,2022-11-08 08:53,46.00,34.00,11.00,100.00,30.60,0.00,10.00,FEW
MDW,2022-11-08 09:53,46.00,33.00,10.00,90.00,30.60,0.00,10.00,FEW
MDW,2022-11-08 10:53,45.00,32.00,12.00,100.00,30.62,0.00,10.00,FEW
MDW,2022-11-08 11:53,44.00,32.00,10.00,100.00,30.62,0.00,10.00,SCT
MDW,2022-11-08 12:53,44.00,32.00,9.00,90.00,30.63,0.00,10.00,SCT
MDW,2022-11-08 13:53,46.00,33.00,12.00,100.00,30.65,0.00,10.00,FEW
MDW,2022-11-08 14:53,47.00,33.00,10.00,100.00,30.65,0.00,10.00,FEW
MDW,2022-11-08 15:53,47.00,33.00,8.00,110.00,30.64,0.00,10.00,FEW
MDW,2022-11-08 16:53,49.00,33.00,8.00,100.00,30.62,0.00,10.00,FEW
MDW,2022-11-08 17:53,53.00,34.00,10.00,90.00,30.58,0.00,10.00,SCT
MDW,2022-11-08 18:53,54.00,35.00,9.00,120.00,30.55,0.00,10.00,SCT
MDW,2022-11-08 19:53,54.00,35.00,10.00,80.00,30.53,0.00,10.00,FEW
MDW,2022-11-08 20:53,54.00,36.00,8.00,80.00,30.51,0.00,10.00,FEW
MDW,2022-11-08 21:53,53.00,38.00,7.00,70.00,30.50,0.00,10.00,FEW
MDW,2022-11-08 22:53,53.00,39.00,9.00,90.00,30.47,0.00,10.00,FEW
MDW,2022-11-08 23:53,52.00,36.00,9.00,110.00,30.47,0.00,10.00,FEW
MDW,2022-11-09 00:53,52.00,36.00,9.00,120.00,30.46,0.00,10.00,FEW
MDW,2022-11-09 01:53,53.00,35.00,10.00,130.00,30.43,0.00,10.00,FEW
MDW,2022-11-09 02:53,51.00,36.00,8.00,130.00,30.43,0.00,10.00,SCT
MDW,2022-11-09 03:53,50.00,36.00,9.00,140.00,30.41,0.00,10.00,FEW
MDW,2022-11-09 04:53,49.00,36.00,7.00,140.00,30.39,0.00,10.00,BKN
MDW,2022-11-09 05:53,49.00,36.00,7.00,150.00,30.38,0.00,10.00,FEW
MDW,2022-11-09 06:53,48.00,36.00,6.00,160.00,30.37,0.00,10.00,FEW
MDW,2022-11-09 07:53,49.00,36.00,7.00,160.00,30.36,0.00,10.00,BKN
MDW,2022-11-09 08:53,49.00,35.00,8.00,170.00,30.34,0.00,10.00,OVC
MDW,2022-11-09 09:53,50.00,34.00,7.00,190.00,30.33,0.00,10.00,OVC
MDW,2022-11-09 10:53,51.00,33.00,8.00,170.00,30.30,0.00,10.00,OVC
MDW,2022-11-09 11:53,52.00,32.00,8.00,200.00,30.31,0.00,10.00,OVC
MDW,2022-11-09 12:53,53.00,32.00,10.00,190.00,30.30,0.00,10.00,BKN
MDW,2022-11-09 13:53,53.00,32.00,8.00,190.00,30.30,0.00,10.00,FEW
MDW,2022-11-09 14:53,55.00,32.00,11.00,210.00,30.30,0.00,10.00,BKN
MDW,2022-11-09 15:53,56.00,36.00,11.00,200.00,30.28,0.00,10.00,FEW
MDW,2022-11-09 16:53,59.00,35.00,12.00,210.00,30.26,0.00,10.00,BKN
MDW,2022-11-09 17:53,62.00,37.00,11.00,200.00,30.22,0.00,10.00,SCT
MDW,2022-11-09 18:53,64.00,39.00,9.00,190.00,30.20,0.00,10.00,BKN
MDW,2022-11-09 19:53,68.00,41.00,6.00,190.00,30.18,0.00,10.00,SCT
MDW,2022-11-09 20:53,69.00,42.00,8.00,190.00,30.16,0.00,10.00,FEW
MDW,2022-11-09 21:53,69.00,44.00,7.00,190.00,30.15,0.00,10.00,SCT
MDW,2022-11-09 22:53,68.00,44.00,8.00,170.00,30.14,0.00,10.00,FEW
MDW,2022-11-09 23:53,66.00,43.00,6.00,160.00,30.13,0.00,10.00,CLR
MDW,2022-11-10 00:53,66.00,45.00,8.00,170.00,30.12,0.00,10.00,CLR
MDW,2022-11-10 01:53,66.00,47.00,7.00,170.00,30.11,0.00,10.00,CLR
MDW,2022-11-10 02:53,67.00,48.00,11.00,180.00,30.10,0.00,10.00,CLR
MDW,2022-11-10 03:53,66.00,46.00,11.00,190.00,30.10,0.00,10.00,CLR
MDW,2022-11-10 04:53,65.00,43.00,11.00,190.00,30.09,0.00,10.00,CLR
MDW,2022-11-10 05:53,64.00,41.00,9.00,180.00,30.08,0.00,10.00,CLR
MDW,2022-11-10 06:53,63.00,40.00,9.00,180.00,30.07,0.00,10.00,FEW
MDW,2022-11-10 07:53,63.00,39.00,9.00,190.00,30.06,0.00,10.00,SCT
MDW,2022-11-10 08:53,63.00,40.00,10.00,200.00,30.05,0.00,10.00,BKN
MDW,2022-11-10 09:53,62.00,42.00,7.00,200.00,30.04,0.00,10.00,FEW
MDW,2022-11-10 10:53,61.00,45.00,5.00,210.00,30.04,0.00,10.00,SCT
MDW,2022-11-10 11:53,61.00,47.00,7.00,200.00,30.03,0.00,10.00,SCT
MDW,2022-11-10 12:53,62.00,49.00,8.00,200.00,30.02,0.00,10.00,SCT
MDW,2022-11-10 13:53,64.00,49.00,9.00,200.00,30.03,0.00,10.00,FEW
MDW,2022-11-10 14:53,66.00,49.00,15.00,200.00,30.01,0.00,10.00,FEW
MDW,2022-11-10 15:53,69.00,47.00,15.00,200.00,30.00,0.00,10.00,FEW
MDW,2022-11-10 16:53,71.00,45.00,16.00,200.00,29.98,0.00,10.00,FEW
MDW,2022-11-10 17:53,74.00,45.00,15.00,190.00,29.96,0.00,10.00,FEW
MDW,2022-11-10 18:53,75.00,43.00,16.00,210.00,29.93,0.00,10.00,FEW
MDW,2022-11-10 19:53,76.00,42.00,15.00,200.00,29.91,0.00,10.00,FEW
MDW,2022-11-10 20:53,75.00,41.00,13.00,190.00,29.90,0.00,10.00,FEW
MDW,2022-11-10 21:53,73.00,40.00,12.00,180.00,29.90,0.00,10.00,FEW
MDW,2022-11-10 22:53,71.00,41.00,14.00,180.00,29.89,0.00,10.00,FEW
MDW,2022-11-10 23:53,69.00,42.00,17.00,180.00,29.88,0.00,10.00,FEW
MDW,2022-11-11 00:53,67.00,45.00,14.00,190.00,29.86,0.00,10.00,FEW
MDW,2022-11-11 01:53,65.00,46.00,13.00,200.00,29.86,0.00,10.00,SCT
MDW,2022-11-11 02:53,64.00,46.00,12.00,190.00,29.85,0.00,10.00,FEW
MDW,2022-11-11 03:53,63.00,46.00,11.00,210.00,29.85,0.00,10.00,FEW
MDW,2022-11-11 04:53,60.00,46.00,8.00,190.00,29.84,0.00,10.00,FEW
MDW,2022-11-11 05:53,60.00,47.00,9.00,210.00,29.86,0.00,10.00,SCT
MDW,2022-11-11 06:53,58.00,47.00,6.00,210.00,29.85,0.00,10.00,FEW
MDW,2022-11-11 07:53,55.00,46.00,5.00,260.00,29.83,0.00,10.00,FEW
MDW,2022-11-11 08:53,54.00,48.00,6.00,280.00,29.83,0.00,10.00,FEW
MDW,2022-11-11 09:53,52.00,46.00,9.00,290.00,29.84,0.00,10.00,FEW
MDW,2022-11-11 10:53,50.00,41.00,11.00,310.00,29.83,0.00,10.00,FEW
MDW,2022-11-11 11:53,49.00,41.00,7.00,320.00,29.82,0.00,10.00,BKN
MDW,2022-11-11 12:53,48.00,40.00,10.00,300.00,29.83,0.00,10.00,BKN
MDW,2022-11-11 13:53,46.00,39.00,7.00,300.00,29.83,0.00,10.00,FEW
MDW,2022-11-11 14:53,45.00,37.00,12.00,290.00,29.85,0.00,10.00,FEW
MDW,2022-11-11 15:53,44.00,34.00,12.00,290.00,29.86,0.00,10.00,FEW
MDW,2022-11-11 16:53,45.00,32.00,12.00,290.00,29.86,0.00,10.00,FEW
MDW,2022-11-11 17:53,53.00,28.90,13.00,300.00,29.85,0.00,10.00,FEW
MDW,2022-11-11 18:53,45.00,28.90,14.00,290.00,29.84,0.00,10.00,FEW
MDW,2022-11-11 19:53,45.00,26.10,11.00,280.00,29.83,0.00,10.00,FEW
MDW,2022-11-11 20:53,46.00,25.00,13.00,320.00,29.84,0.00,10.00,FEW
MDW,2022-11-11 21:53,43.00,24.10,10.00,300.00,29.85,0.00,10.00,FEW
MDW,2022-11-11 22:53,41.00,24.10,12.00,300.00,29.87,0.00,10.00,FEW
MDW,2022-11-11 23:53,37.00,23.00,12.00,300.00,29.90,0.00,10.00,FEW
MDW,2022-11-12 00:53,34.00,21.90,10.00,300.00,29.91,0.00,10.00,FEW
MDW,2022-11-12 01:53,34.00,21.00,14.00,290.00,29.93,0.00,10.00,BKN
MDW,2022-11-12 02:53,33.00,19.90,10.00,300.00,29.94,0.00,10.00,BKN
MDW,2022-11-12 03:53,33.00,19.90,11.00,320.00,29.95,0.00,10.00,OVC
MDW,2022-11-12 04:53,33.00,19.90,12.00,300.00,29.96,0.00,10.00,OVC
MDW,2022-11-12 05:53,33.00,21.00,13.00,340.00,29.95,0.00,10.00,OVC
MDW,2022-11-12 06:53,33.00,21.00,9.00,300.00,29.97,0.00,10.00,OVC
MDW,2022-11-12 07:53,33.00,19.90,5.00,290.00,29.97,0.00,10.00,FEW
MDW,2022-11-12 08:53,33.00,19.90,8.00,310.00,29.96,0.00,10.00,OVC
MDW,2022-11-12 09:53,33.00,21.00,7.00,300.00,29.94,0.00,10.00,OVC
MDW,2022-11-12 10:53,34.00,21.90,9.00,290.00,29.95,0.00,10.00,OVC
MDW,2022-11-12 11:53,34.00,23.00,9.00,300.00,29.96,0.00,10.00,FEW
MDW,2022-11-12 12:53,34.00,23.00,9.00,300.00,29.97,0.00,10.00,SCT
MDW,2022-11-12 13:53,34.00,23.00,8.00,310.00,30.00,0.00,10.00,BKN
MDW,2022-11-12 14:53,35.00,24.10,8.00,300.00,30.00,0.00,10.00,BKN
MDW,2022-11-12 15:53,35.00,24.10,10.00,290.00,30.00,0.00,10.00,BKN
MDW,2022-11-12 16:53,36.00,24.10,11.00,310.00,30.00,0.00,10.00,BKN
MDW,2022-11-12 17:53,36.00,24.10,11.00,300.00,29.99,0.00,10.00,SCT
MDW,2022-11-12 18:53,35.00,24.10,8.00,300.00,30.00,0.00,10.00,BKN
MDW,2022-11-12 19:53,35.00,25.00,13.00,310.00,30.01,0.00,10.00,SCT
MDW,2022-11-12 20:53,35.00,21.90,12.00,310.00,30.03,T,10.00,OVC
MDW,2022-11-12 21:53,35.00,21.00,8.00,310.00,30.05,T,10.00,OVC
MDW,2022-11-12 22:53,35.00,23.00,8.00,310.00,30.07,T,10.00,OVC
MDW,2022-11-12 23:53,35.00,24.10,9.00,290.00,30.09,T,10.00,OVC
MDW,2022-11-13 00:53,35.00,25.00,8.00,290.00,30.10,T,10.00,FEW
MDW,2022-11-13 01:53,34.00,25.00,10.00,290.00,30.11,T,10.00,FEW
MDW,2022-11-13 02:53,34.00,25.00,10.00,300.00,30.12,T,10.00,FEW
MDW,2022-11-13 03:53,34.00,25.00,10.00,300.00,30.13,0.00,10.00,FEW
MDW,2022-11-13 04:53,33.00,24.10,11.00,310.00,30.14,0.00,10.00,FEW
MDW,2022-11-13 05:53,33.00,24.10,9.00,310.00,30.15,0.00,10.00,FEW
MDW,2022-11-13 06:53,33.00,25.00,8.00,320.00,30.16,0.00,10.00,FEW
MDW,2022-11-13 07:53,33.00,24.10,7.00,300.00,30.18,0.00,10.00,FEW
MDW,2022-11-13 08:53,32.00,23.00,6.00,300.00,30.19,0.00,10.00,SCT
MDW,2022-11-13 09:53,30.90,21.90,5.00,300.00,30.20,0.00,10.00,SCT
MDW,2022-11-13 10:53,30.90,21.00,10.00,310.00,30.22,0.00,10.00,FEW
MDW,2022-11-13 11:53,30.00,19.90,8.00,310.00,30.24,0.00,10.00,FEW
MDW,2022-11-13 12:53,30.00,19.90,5.00,320.00,30.27,0.00,10.00,FEW
MDW,2022-11-13 13:53,30.90,18.00,9.00,340.00,30.30,0.00,10.00,FEW
MDW,2022-11-13 14:53,32.00,18.00,10.00,330.00,30.30,0.00,10.00,FEW
MDW,2022-11-13 15:53,33.00,15.10,8.00,340.00,30.32,0.00,10.00,BKN
MDW,2022-11-13 16:53,34.00,15.10,11.00,300.00,30.32,0.00,10.00,BKN
MDW,2022-11-13 17:53,35.00,15.10,8.00,290.00,30.30,0.00,10.00,BKN
MDW,2022-11-13 18:53,36.00,15.10,9.00,280.00,30.30,0.00,10.00,BKN
MDW,2022-11-13 19:53,36.00,16.00,8.00,320.00,30.30,0.00,10.00,BKN
MDW,2022-11-13 20:53,35.00,15.10,10.00,280.00,30.30,0.00,10.00,SCT
MDW,2022-11-13 21:53,36.00,15.10,8.00,270.00,30.31,0.00,10.00,SCT
MDW,2022-11-13 22:53,34.00,15.10,4.00,270.00,30.30,0.00,10.00,FEW
MDW,2022-11-13 23:53,34.00,16.00,4.00,250.00,30.31,0.00,10.00,FEW
MDW,2022-11-14 00:53,33.00,16.00,3.00,240.00,30.31,0.00,10.00,FEW
MDW,2022-11-14 01:53,32.00,17.10,0.00,0.00,30.31,0.00,10.00,FEW
MDW,2022-11-14 02:53,33.00,17.10,0.00,0.00,30.32,0.00,10.00,FEW
MDW,2022-11-14 03:53,32.00,17.10,3.00,280.00,30.33,0.00,10.00,FEW
MDW,2022-11-14 04:53,30.90,17.10,3.00,220.00,30.32,0.00,10.00,FEW
MDW,2022-11-14 05:53,30.00,17.10,3.00,220.00,30.33,0.00,10.00,BKN
MDW,2022-11-14 06:53,30.00,17.10,0.00,0.00,30.33,0.00,10.00,BKN
MDW,2022-11-14 07:53,30.00,17.10,3.00,270.00,30.35,0.00,10.00,BKN
MDW,2022-11-14 08:53,30.00,19.00,0.00,0.00,30.35,0.00,10.00,BKN
MDW,2022-11-14 09:53,30.00,19.00,3.00,300.00,30.36,0.00,10.00,BKN
MDW,2022-11-14 10:53,28.90,17.10,0.00,0.00,30.36,0.00,10.00,SCT
MDW,2022-11-14 11:53,28.00,19.00,3.00,220.00,30.36,0.00,10.00,BKN
MDW,2022-11-14 12:53,28.00,19.00,0.00,0.00,30.37,0.00,10.00,SCT
MDW,2022-11-14 13:53,30.00,18.00,5.00,170.00,30.38,0.00,10.00,FEW
MDW,2022-11-14 14:53,33.00,18.00,5.00,210.00,30.39,0.00,10.00,FEW
MDW,2022-11-14 15:53,36.00,18.00,7.00,190.00,30.39,0.00,10.00,FEW
MDW,2022-11-14 16:53,38.00,18.00,7.00,160.00,30.37,0.00,10.00,FEW
MDW,2022-11-14 17:53,39.00,18.00,8.00,180.00,30.33,0.00,10.00,FEW
MDW,2022-11-14 18:53,40.00,18.00,9.00,170.00,30.31,0.00,10.00,FEW
MDW,2022-11-14 19:53,41.00,18.00,5.00,170.00,30.29,0.00,10.00,FEW
MDW,2022-11-14 20:53,40.00,19.00,7.00,140.00,30.28,0.00,10.00,FEW
MDW,2022-11-14 21:53,40.00,18.00,7.00,130.00,30.29,0.00,10.00,FEW
MDW,2022-11-14 22:53,39.00,17.10,5.00,140.00,30.29,0.00,10.00,FEW
MDW,2022-11-14 23:53,39.00,19.00,6.00,130.00,30.28,0.00,10.00,FEW
MDW,2022-11-15 00:53,38.00,19.90,13.00,130.00,30.27,0.00,10.00,FEW
MDW,2022-11-15 01:53,37.00,19.90,10.00,130.00,30.27,0.00,10.00,FEW
MDW,2022-11-15 02:53,36.00,19.90,10.00,140.00,30.29,0.00,10.00,FEW
MDW,2022-11-15 03:53,36.00,19.90,8.00,140.00,30.31,0.00,10.00,FEW
MDW,2022-11-15 04:53,35.00,19.90,9.00,130.00,30.31,0.00,10.00,FEW
MDW,2022-11-15 05:53,36.00,21.00,6.00,100.00,30.30,0.00,10.00,FEW
MDW,2022-11-15 06:53,37.00,21.90,8.00,110.00,30.27,0.00,10.00,FEW
MDW,2022-11-15 07:53,37.00,21.90,9.00,110.00,30.26,0.00,10.00,FEW
MDW,2022-11-15 08:53,36.00,24.10,13.00,120.00,30.27,T,9.00,OVC
MDW,2022-11-15 09:53,33.00,30.00,3.00,60.00,30.27,T,1.50,OVC
MDW,2022-11-15 10:53,33.00,30.00,5.00,120.00,30.26,0.01,1.50,BKN
MDW,2022-11-15 11:53,32.00,30.00,3.00,100.00,30.23,0.02,1.00,FEW
MDW,2022-11-15 12:53,34.00,30.90,5.00,60.00,30.22,0.01,1.25,BKN
MDW,2022-11-15 13:53,34.00,30.90,7.00,120.00,30.21,0.01,1.50,SCT
MDW,2022-11-15 14:53,34.00,30.90,8.00,130.00,30.21,0.01,1.50,BKN
MDW,2022-11-15 15:53,35.00,30.90,6.00,130.00,30.20,T,3.00,BKN
MDW,2022-11-15 16:53,35.00,32.00,4.00,110.00,30.18,0.01,2.50,BKN
MDW,2022-11-15 17:53,36.00,33.00,5.00,80.00,30.15,T,4.00,SCT
MDW,2022-11-15 18:53,37.00,32.00,4.00,80.00,30.12,T,4.00,FEW
MDW,2022-11-15 19:53,37.00,32.00,4.00,40.00,30.11,T,8.00,BKN
MDW,2022-11-15 20:53,37.00,32.00,0.00,0.00,30.11,0.01,8.00,BKN
MDW,2022-11-15 21:53,37.00,32.00,3.00,330.00,30.11,T,7.00,BKN
MDW,2022-11-15 22:53,36.00,33.00,5.00,290.00,30.10,T,6.00,FEW
MDW,2022-11-15 23:53,36.00,32.00,7.00,280.00,30.11,T,5.00,FEW
MDW,2022-11-16 00:53,35.00,32.00,5.00,280.00,30.11,T,4.00,SCT
MDW,2022-11-16 01:53,35.00,32.00,8.00,290.00,30.10,T,4.00,BKN
MDW,2022-11-16 02:53,34.00,32.00,7.00,280.00,30.11,T,4.00,BKN
MDW,2022-11-16 03:53,35.00,32.00,9.00,290.00,30.10,T,4.00,BKN
MDW,2022-11-16 04:53,35.00,30.90,10.00,280.00,30.10,T,8.00,BKN
MDW,2022-11-16 05:53,34.00,30.00,7.00,290.00,30.10,0.00,9.00,BKN
MDW,2022-11-16 06:53,34.00,28.00,9.00,280.00,30.10,0.00,9.00,BKN
MDW,2022-11-16 07:53,34.00,28.90,11.00,270.00,30.11,0.00,9.00,BKN
MDW,2022-11-16 08:53,34.00,28.00,9.00,260.00,30.11,0.00,10.00,BKN
MDW,2022-11-16 09:53,34.00,28.90,8.00,290.00,30.10,0.00,10.00,BKN
MDW,2022-11-16 10:53,34.00,30.00,10.00,270.00,30.10,0.00,9.00,BKN
MDW,2022-11-16 11:53,34.00,28.90,11.00,260.00,30.10,T,9.00,OVC
MDW,2022-11-16 12:53,34.00,28.90,10.00,270.00,30.10,T,7.00,BKN
MDW,2022-11-16 13:53,34.00,28.90,8.00,270.00,30.11,T,9.00,BKN
MDW,2022-11-16 14:53,34.00,30.00,8.00,270.00,30.10,T,5.00,OVC
MDW,2022-11-16 15:53,34.00,30.00,11.00,270.00,30.11,T,6.00,BKN
MDW,2022-11-16 16:53,34.00,30.90,9.00,260.00,30.10,T,3.00,BKN
MDW,2022-11-16 17:53,35.00,30.90,12.00,270.00,30.07,T,5.00,SCT
MDW,2022-11-16 18:53,35.00,32.00,11.00,280.00,30.06,T,2.00,BKN
MDW,2022-11-16 19:53,34.00,32.00,8.00,280.00,30.06,0.01,2.50,BKN
MDW,2022-11-16 20:53,35.00,32.00,6.00,280.00,30.06,0.01,7.00,BKN
MDW,2022-11-16 21:53,35.00,32.00,8.00,320.00,30.07,T,7.00,BKN
MDW,2022-11-16 22:53,35.00,30.90,8.00,310.00,30.09,T,9.00,SCT
MDW,2022-11-16 23:53,34.00,28.90,9.00,320.00,30.10,T,9.00,SCT
MDW,2022-11-17 00:53,34.00,28.90,10.00,320.00,30.11,T,10.00,SCT
MDW,2022-11-17 01:53,33.00,25.00,12.00,310.00,30.12,0.00,10.00,FEW
MDW,2022-11-17 02:53,32.00,25.00,6.00,280.00,30.13,0.00,10.00,FEW
MDW,2022-11-17 03:53,32.00,28.00,6.00,290.00,30.14,0.00,10.00,FEW
MDW,2022-11-17 04:53,33.00,27.00,8.00,280.00,30.14,0.00,10.00,FEW
MDW,2022-11-17 05:53,33.00,27.00,11.00,280.00,30.14,0.00,10.00,BKN
MDW,2022-11-17 06:53,32.00,27.00,11.00,270.00,30.15,0.00,10.00,FEW
MDW,2022-11-17 07:53,32.00,26.10,10.00,260.00,30.14,0.00,10.00,OVC
MDW,2022-11-17 08:53,32.00,26.10,10.00,260.00,30.14,0.00,10.00,BKN
MDW,2022-11-17 09:53,32.00,26.10,10.00,250.00,30.14,0.00,10.00,BKN
MDW,2022-11-17 10:53,30.90,25.00,11.00,240.00,30.14,T,9.00,BKN
MDW,2022-11-17 11:53,30.00,25.00,11.00,250.00,30.14,T,9.00,BKN
MDW,2022-11-17 12:53,30.00,25.00,14.00,240.00,30.14,T,7.00,OVC
MDW,2022-11-17 13:53,28.90,25.00,11.00,260.00,30.15,T,7.00,OVC
MDW,2022-11-17 14:53,30.00,23.00,15.00,240.00,30.16,T,10.00,BKN
MDW,2022-11-17 15:53,28.90,19.00,14.00,250.00,30.16,0.00,10.00,SCT
MDW,2022-11-17 16:53,30.90,21.00,13.00,250.00,30.14,0.00,10.00,BKN
MDW,2022-11-17 17:53,32.00,21.90,15.00,240.00,30.12,0.00,10.00,OVC
MDW,2022-11-17 18:53,33.00,21.90,15.00,250.00,30.08,0.00,10.00,BKN
MDW,2022-11-17 19:53,34.00,23.00,16.00,250.00,30.08,0.00,10.00,BKN
MDW,2022-11-17 20:53,33.00,21.90,20.00,270.00,30.08,0.00,10.00,BKN
MDW,2022-11-17 21:53,32.00,24.10,18.00,280.00,30.09,T,1.00,BKN
MDW,2022-11-17 22:53,32.00,23.00,15.00,250.00,30.08,T,9.00,FEW
MDW,2022-11-17 23:53,32.00,24.10,16.00,250.00,30.08,T,10.00,BKN
MDW,2022-11-18 00:53,32.00,23.00,14.00,260.00,30.09,T,9.00,BKN
MDW,2022-11-18 01:53,32.00,19.00,17.00,290.00,30.10,T,10.00,SCT
MDW,2022-11-18 02:53,30.90,15.10,13.00,280.00,30.11,T,10.00,BKN
MDW,2022-11-18 03:53,30.90,18.00,13.00,270.00,30.11,T,10.00,BKN
MDW,2022-11-18 04:53,30.00,21.00,13.00,260.00,30.10,T,9.00,OVC
MDW,2022-11-18 05:53,30.00,21.00,12.00,280.00,30.10,T,10.00,BKN
MDW,2022-11-18 06:53,30.00,17.10,12.00,280.00,30.09,T,10.00,SCT
MDW,2022-11-18 07:53,28.90,19.00,9.00,280.00,30.09,0.00,10.00,BKN
MDW,2022-11-18 08:53,27.00,24.10,8.00,290.00,30.09,0.01,0.75,BKN
MDW,2022-11-18 09:53,27.00,21.90,11.00,280.00,30.09,0.01,5.00,BKN
MDW,2022-11-18 10:53,27.00,18.00,10.00,280.00,30.10,T,10.00,FEW
MDW,2022-11-18 11:53,27.00,18.00,13.00,280.00,30.11,T,10.00,SCT
MDW,2022-11-18 12:53,26.10,18.00,16.00,270.00,30.12,T,10.00,BKN
MDW,2022-11-18 13:53,26.10,18.00,15.00,260.00,30.13,0.00,10.00,BKN
MDW,2022-11-18 14:53,26.10,17.10,19.00,280.00,30.15,0.00,10.00,OVC
MDW,2022-11-18 15:53,26.10,16.00,14.00,270.00,30.17,0.00,10.00,OVC
MDW,2022-11-18 16:53,26.10,14.00,14.00,280.00,30.18,0.00,10.00,BKN
MDW,2022-11-18 17:53,26.10,15.10,11.00,280.00,30.17,T,10.00,BKN
MDW,2022-11-18 18:53,26.10,15.10,16.00,260.00,30.17,T,10.00,OVC
MDW,2022-11-18 19:53,26.10,14.00,17.00,260.00,30.17,T,10.00,OVC
MDW,2022-11-18 20:53,25.00,14.00,18.00,260.00,30.17,T,10.00,OVC
MDW,2022-11-18 21:53,24.10,12.90,17.00,260.00,30.18,T,10.00,OVC
MDW,2022-11-18 22:53,23.00,14.00,16.00,260.00,30.18,T,8.00,BKN
MDW,2022-11-18 23:53,21.90,12.00,12.00,250.00,30.19,T,10.00,FEW
MDW,2022-11-19 00:53,21.90,12.00,15.00,240.00,30.19,T,10.00,OVC
MDW,2022-11-19 01:53,21.00,12.00,17.00,250.00,30.19,T,10.00,SCT
MDW,2022-11-19 02:53,21.00,12.00,15.00,250.00,30.18,T,10.00,OVC
MDW,2022-11-19 03:53,21.00,12.00,12.00,250.00,30.17,T,10.00,FEW
MDW,2022-11-19 04:53,21.00,12.90,16.00,240.00,30.16,T,10.00,BKN
MDW,2022-11-19 05:53,21.00,14.00,13.00,250.00,30.15,T,6.00,SCT
MDW,2022-11-19 06:53,21.90,12.00,14.00,250.00,30.13,T,10.00,SCT
MDW,2022-11-19 07:53,21.00,8.10,18.00,250.00,30.13,T,10.00,BKN
MDW,2022-11-19 08:53,19.90,8.10,14.00,240.00,30.11,0.00,10.00,FEW
MDW,2022-11-19 09:53,19.90,9.00,14.00,220.00,30.08,0.00,10.00,BKN
MDW,2022-11-19 10:53,19.90,10.00,11.00,210.00,30.06,0.00,10.00,FEW
MDW,2022-11-19 11:53,19.90,10.00,15.00,200.00,30.03,0.00,10.00,OVC
MDW,2022-11-19 12:53,19.90,10.00,12.00,190.00,30.00,0.00,10.00,SCT
MDW,2022-11-19 13:53,19.90,10.00,15.00,220.00,30.00,0.00,10.00,SCT
MDW,2022-11-19 14:53,23.00,10.00,16.00,240.00,30.00,0.00,10.00,FEW
MDW,2022-11-19 15:53,24.10,12.00,21.00,250.00,29.99,0.00,10.00,FEW
MDW,2022-11-19 16:53,25.00,14.00,16.00,260.00,29.99,0.00,10.00,BKN
MDW,2022-11-19 17:53,26.10,15.10,13.00,260.00,29.98,T,6.00,SCT
MDW,2022-11-19 18:53,27.00,14.00,13.00,260.00,29.98,T,10.00,BKN
MDW,2022-11-19 19:53,25.00,17.10,15.00,280.00,30.00,T,5.00,SCT
MDW,2022-11-19 20:53,26.10,12.90,19.00,270.00,30.02,T,9.00,SCT
MDW,2022-11-19 21:53,26.10,10.90,20.00,280.00,30.06,T,10.00,BKN
MDW,2022-11-19 22:53,24.10,10.00,14.00,280.00,30.10,0.00,10.00,SCT
MDW,2022-11-19 23:53,23.00,8.10,12.00,290.00,30.13,0.00,10.00,FEW
MDW,2022-11-20 00:53,23.00,5.00,13.00,280.00,30.16,0.00,10.00,SCT
MDW,2022-11-20 01:53,21.00,6.00,16.00,290.00,30.19,0.00,10.00,FEW
MDW,2022-11-20 02:53,19.90,6.00,11.00,290.00,30.21,0.00,10.00,BKN
MDW,2022-11-20 03:53,18.00,6.00,10.00,270.00,30.24,0.00,10.00,FEW
MDW,2022-11-20 04:53,17.10,6.00,10.00,280.00,30.26,0.00,10.00,FEW
MDW,2022-11-20 05:53,16.00,6.00,10.00,290.00,30.28,0.00,10.00,CLR
MDW,2022-11-20 06:53,15.10,6.00,9.00,280.00,30.28,0.00,10.00,CLR
MDW,2022-11-20 07:53,15.10,6.00,11.00,270.00,30.30,0.00,10.00,CLR
MDW,2022-11-20 08:53,14.00,5.00,9.00,280.00,30.32,0.00,10.00,CLR
MDW,2022-11-20 09:53,14.00,5.00,8.00,290.00,30.32,0.00,10.00,CLR
MDW,2022-11-20 10:53,14.00,5.00,9.00,270.00,30.34,0.00,10.00,CLR
MDW,2022-11-20 11:53,12.90,5.00,7.00,270.00,30.35,0.00,10.00,CLR
MDW,2022-11-20 12:53,14.00,5.00,6.00,250.00,30.37,0.00,10.00,FEW
MDW,2022-11-20 13:53,15.10,6.00,9.00,230.00,30.39,0.00,10.00,FEW
MDW,2022-11-20 14:53,18.00,6.00,13.00,260.00,30.41,0.00,10.00,FEW
MDW,2022-11-20 15:53,21.00,7.00,10.00,240.00,30.40,0.00,10.00,FEW
MDW,2022-11-20 16:53,24.10,5.00,15.00,260.00,30.39,0.00,10.00,FEW
MDW,2022-11-20 17:53,28.90,10.00,12.00,240.00,30.35,0.00,10.00,FEW
MDW,2022-11-20 18:53,30.90,10.90,10.00,230.00,30.32,0.00,10.00,FEW
MDW,2022-11-20 19:53,32.00,10.90,10.00,220.00,30.29,0.00,10.00,FEW
MDW,2022-11-20 20:53,33.00,12.00,12.00,200.00,30.27,0.00,10.00,FEW
MDW,2022-11-20 21:53,33.00,12.00,11.00,200.00,30.25,0.00,10.00,FEW
MDW,2022-11-20 22:53,33.00,12.00,11.00,200.00,30.23,0.00,10.00,FEW
MDW,2022-11-20 23:53,32.00,12.90,12.00,200.00,30.22,0.00,10.00,SCT
MDW,2022-11-21 00:53,30.90,12.90,14.00,200.00,30.21,0.00,10.00,CLR
MDW,2022-11-21 01:53,30.90,12.00,15.00,210.00,30.21,0.00,10.00,CLR
MDW,2022-11-21 02:53,30.00,12.00,14.00,210.00,30.21,0.00,10.00,CLR
MDW,2022-11-21 03:53,28.90,12.90,14.00,210.00,30.21,0.00,10.00,CLR
MDW,2022-11-21 04:53,28.90,12.90,14.00,210.00,30.19,0.00,10.00,CLR
MDW,2022-11-21 05:53,28.90,12.90,12.00,210.00,30.17,0.00,10.00,CLR
MDW,2022-11-21 06:53,28.90,12.90,11.00,210.00,30.15,0.00,10.00,CLR
MDW,2022-11-21 07:53,30.00,12.90,12.00,210.00,30.13,0.00,10.00,CLR
MDW,2022-11-21 08:53,30.90,12.00,14.00,210.00,30.11,0.00,10.00,CLR
MDW,2022-11-21 09:53,30.90,12.90,11.00,220.00,30.11,0.00,10.00,FEW
MDW,2022-11-21 10:53,33.00,14.00,13.00,230.00,30.10,0.00,10.00,SCT
MDW,2022-11-21 11:53,33.00,14.00,14.00,220.00,30.09,0.00,10.00,BKN
MDW,2022-11-21 12:53,32.00,15.10,11.00,220.00,30.10,0.00,10.00,FEW
MDW,2022-11-21 13:53,30.90,15.10,12.00,210.00,30.11,0.00,10.00,FEW
MDW,2022-11-21 14:53,35.00,16.00,16.00,240.00,30.12,0.00,10.00,FEW
MDW,2022-11-21 15:53,38.00,18.00,13.00,240.00,30.11,0.00,10.00,FEW
MDW,2022-11-21 16:53,41.00,19.00,17.00,250.00,30.11,0.00,10.00,FEW
MDW,2022-11-21 17:53,43.00,19.00,18.00,240.00,30.11,0.00,10.00,FEW
MDW,2022-11-21 18:53,45.00,19.90,15.00,260.00,30.10,0.00,10.00,FEW
MDW,2022-11-21 19:53,46.00,21.00,12.00,250.00,30.11,0.00,10.00,FEW
MDW,2022-11-21 20:53,47.00,21.00,11.00,260.00,30.13,0.00,10.00,FEW
MDW,2022-11-21 21:53,45.00,19.90,10.00,270.00,30.16,0.00,10.00,FEW
MDW,2022-11-21 22:53,41.00,21.00,4.00,260.00,30.19,0.00,10.00,FEW
MDW,2022-11-21 23:53,39.00,21.00,4.00,270.00,30.21,0.00,10.00,FEW
MDW,2022-11-22 00:53,38.00,21.00,0.00,0.00,30.23,0.00,10.00,CLR
MDW,2022-11-22 01:53,39.00,21.90,5.00,350.00,30.25,0.00,10.00,CLR
MDW,2022-11-22 02:53,37.00,19.90,3.00,360.00,30.26,0.00,10.00,CLR
MDW,2022-11-22 03:53,34.00,19.90,0.00,0.00,30.27,0.00,10.00,CLR
MDW,2022-11-22 04:53,32.00,21.00,0.00,0.00,30.27,0.00,10.00,SCT
MDW,2022-11-22 05:53,30.00,21.00,0.00,0.00,30.27,0.00,10.00,SCT
MDW,2022-11-22 06:53,30.00,21.00,0.00,0.00,30.26,0.00,10.00,SCT
MDW,2022-11-22 07:53,30.90,21.90,0.00,0.00,30.26,0.00,10.00,SCT
MDW,2022-11-22 08:53,30.00,21.00,3.00,220.00,30.25,0.00,10.00,FEW
MDW,2022-11-22 09:53,30.00,21.00,4.00,210.00,30.24,0.00,10.00,CLR
MDW,2022-11-22 10:53,28.90,19.90,6.00,210.00,30.23,0.00,10.00,CLR
MDW,2022-11-22 11:53,30.00,21.00,7.00,220.00,30.22,0.00,10.00,FEW
MDW,2022-11-22 12:53,30.00,19.90,4.00,220.00,30.22,0.00,10.00,FEW
MDW,2022-11-22 13:53,33.00,21.90,8.00,200.00,30.22,0.00,10.00,FEW
MDW,2022-11-22 14:53,38.00,21.90,8.00,220.00,30.22,0.00,10.00,FEW
MDW,2022-11-22 15:53,43.00,21.90,9.00,250.00,30.21,0.00,10.00,FEW
MDW,2022-11-22 16:53,47.00,21.90,9.00,230.00,30.20,0.00,10.00,SCT
MDW,2022-11-22 17:53,49.00,19.90,10.00,270.00,30.18,0.00,10.00,FEW
MDW,2022-11-22 18:53,50.00,21.90,11.00,250.00,30.16,0.00,10.00,FEW
MDW,2022-11-22 19:53,51.00,19.90,7.00,250.00,30.15,0.00,10.00,FEW
MDW,2022-11-22 20:53,51.00,19.90,11.00,250.00,30.16,0.00,10.00,FEW
MDW,2022-11-22 21:53,49.00,21.90,7.00,240.00,30.15,0.00,10.00,FEW
MDW,2022-11-22 22:53,47.00,23.00,5.00,230.00,30.16,0.00,10.00,SCT
MDW,2022-11-22 23:53,46.00,23.00,4.00,220.00,30.16,0.00,10.00,FEW
MDW,2022-11-23 00:53,44.00,24.10,5.00,210.00,30.17,0.00,10.00,FEW
MDW,2022-11-23 01:53,42.00,24.10,5.00,210.00,30.16,0.00,10.00,FEW
MDW,2022-11-23 02:53,41.00,24.10,4.00,220.00,30.15,0.00,10.00,CLR
MDW,2022-11-23 03:53,39.00,25.00,6.00,200.00,30.15,0.00,10.00,CLR
MDW,2022-11-23 04:53,41.00,26.10,5.00,200.00,30.14,0.00,10.00,CLR
MDW,2022-11-23 05:53,38.00,26.10,7.00,200.00,30.15,0.00,10.00,CLR
MDW,2022-11-23 06:53,37.00,26.10,3.00,200.00,30.15,0.00,10.00,CLR
MDW,2022-11-23 07:53,36.00,27.00,6.00,200.00,30.14,0.00,10.00,CLR
MDW,2022-11-23 08:53,35.00,27.00,7.00,200.00,30.13,0.00,10.00,CLR
MDW,2022-11-23 09:53,34.00,27.00,5.00,190.00,30.14,0.00,10.00,CLR
MDW,2022-11-23 10:53,35.00,27.00,5.00,200.00,30.14,0.00,10.00,CLR
MDW,2022-11-23 11:53,34.00,26.10,6.00,200.00,30.14,0.00,10.00,CLR
MDW,2022-11-23 12:53,34.00,26.10,5.00,200.00,30.16,0.00,10.00,FEW
MDW,2022-11-23 13:53,36.00,28.00,5.00,190.00,30.17,0.00,10.00,FEW
MDW,2022-11-23 14:53,41.00,30.90,7.00,210.00,30.18,0.00,10.00,FEW
MDW,2022-11-23 15:53,47.00,34.00,7.00,210.00,30.18,0.00,10.00,FEW
MDW,2022-11-23 16:53,50.00,36.00,7.00,210.00,30.17,0.00,10.00,FEW
MDW,2022-11-23 17:53,54.00,37.00,9.00,210.00,30.15,0.00,10.00,FEW
MDW,2022-11-23 18:53,57.00,39.00,11.00,210.00,30.13,0.00,10.00,FEW
MDW,2022-11-23 19:53,58.00,39.00,12.00,210.00,30.12,0.00,10.00,FEW
MDW,2022-11-23 20:53,58.00,39.00,10.00,210.00,30.11,0.00,10.00,FEW
MDW,2022-11-23 21:53,56.00,38.00,7.00,210.00,30.12,0.00,10.00,BKN
MDW,2022-11-23 22:53,55.00,38.00,6.00,180.00,30.13,0.00,10.00,BKN
MDW,2022-11-23 23:53,52.00,38.00,5.00,180.00,30.13,0.00,10.00,BKN
MDW,2022-11-24 00:53,50.00,38.00,5.00,180.00,30.14,0.00,10.00,BKN
MDW,2022-11-24 01:53,49.00,38.00,4.00,180.00,30.15,0.00,10.00,BKN
MDW,2022-11-24 02:53,47.00,37.00,7.00,180.00,30.17,0.00,10.00,BKN
MDW,2022-11-24 03:53,47.00,36.00,6.00,190.00,30.17,0.00,10.00,BKN
MDW,2022-11-24 04:53,47.00,34.00,4.00,190.00,30.17,0.00,10.00,BKN
MDW,2022-11-24 05:53,45.00,33.00,5.00,180.00,30.17,0.00,10.00,BKN
MDW,2022-11-24 06:53,44.00,32.00,4.00,180.00,30.16,0.00,10.00,OVC
MDW,2022-11-24 07:53,42.00,32.00,5.00,170.00,30.16,0.00,10.00,BKN
MDW,2022-11-24 08:53,40.00,30.00,0.00,0.00,30.15,0.00,10.00,BKN
MDW,2022-11-24 09:53,41.00,30.90,3.00,170.00,30.15,0.00,10.00,SCT
MDW,2022-11-24 10:53,39.00,30.90,4.00,170.00,30.15,0.00,10.00,FEW
MDW,2022-11-24 11:53,39.00,30.90,4.00,160.00,30.15,0.00,10.00,FEW
MDW,2022-11-24 12:53,39.00,30.00,5.00,170.00,30.15,0.00,10.00,FEW
MDW,2022-11-24 13:53,41.00,30.90,5.00,180.00,30.16,0.00,10.00,BKN
MDW,2022-11-24 14:53,44.00,32.00,5.00,190.00,30.15,0.00,10.00,BKN
MDW,2022-11-24 15:53,47.00,32.00,7.00,190.00,30.14,0.00,10.00,SCT
MDW,2022-11-24 16:53,52.00,30.90,11.00,210.00,30.12,0.00,10.00,BKN
MDW,2022-11-24 17:53,53.00,33.00,8.00,220.00,30.09,0.00,10.00,BKN
MDW,2022-11-24 18:53,52.00,38.00,9.00,210.00,30.07,0.00,10.00,OVC
MDW,2022-11-24 19:53,53.00,36.00,9.00,210.00,30.04,0.00,10.00,BKN
MDW,2022-11-24 20:53,51.00,38.00,9.00,220.00,30.05,0.00,10.00,BKN
MDW,2022-11-24 21:53,48.00,41.00,9.00,220.00,30.05,T,9.00,BKN
MDW,2022-11-24 22:53,47.00,42.00,8.00,210.00,30.06,T,9.00,BKN
MDW,2022-11-24 23:53,45.00,42.00,8.00,210.00,30.05,0.00,9.00,SCT
MDW,2022-11-25 00:53,46.00,43.00,8.00,230.00,30.06,0.00,8.00,FEW
MDW,2022-11-25 01:53,47.00,43.00,8.00,240.00,30.06,0.00,8.00,BKN
MDW,2022-11-25 02:53,47.00,42.00,10.00,250.00,30.06,0.00,10.00,OVC
MDW,2022-11-25 03:53,49.00,42.00,8.00,270.00,30.06,0.00,10.00,FEW
MDW,2022-11-25 04:53,46.00,41.00,6.00,270.00,30.06,0.00,10.00,FEW
MDW,2022-11-25 05:53,45.00,40.00,9.00,290.00,30.07,0.00,10.00,SCT
MDW,2022-11-25 06:53,43.00,37.00,10.00,330.00,30.10,0.00,9.00,FEW
MDW,2022-11-25 07:53,41.00,35.00,7.00,320.00,30.12,0.00,9.00,CLR
MDW,2022-11-25 08:53,39.00,34.00,7.00,310.00,30.14,0.00,9.00,CLR
MDW,2022-11-25 09:53,37.00,33.00,6.00,300.00,30.15,0.00,9.00,SCT
MDW,2022-11-25 10:53,36.00,32.00,4.00,280.00,30.17,0.00,9.00,FEW
MDW,2022-11-25 11:53,34.00,30.90,4.00,280.00,30.19,0.00,9.00,CLR
MDW,2022-11-25 12:53,34.00,30.00,7.00,270.00,30.21,0.00,9.00,CLR
MDW,2022-11-25 13:53,36.00,32.00,7.00,270.00,30.23,0.00,9.00,CLR
MDW,2022-11-25 14:53,38.00,33.00,6.00,280.00,30.22,0.00,10.00,CLR
MDW,2022-11-25 15:53,42.00,32.00,7.00,260.00,30.23,0.00,10.00,CLR
MDW,2022-11-25 16:53,45.00,32.00,7.00,260.00,30.23,0.00,10.00,CLR
MDW,2022-11-25 17:53,50.00,30.00,7.00,290.00,30.21,0.00,10.00,CLR
MDW,2022-11-25 18:53,51.00,28.00,7.00,290.00,30.19,0.00,10.00,CLR
MDW,2022-11-25 19:53,51.00,28.00,10.00,280.00,30.18,0.00,10.00,CLR
MDW,2022-11-25 20:53,52.00,27.00,8.00,280.00,30.17,0.00,10.00,CLR
MDW,2022-11-25 21:53,50.00,28.00,8.00,260.00,30.18,0.00,10.00,CLR
MDW,2022-11-25 22:53,47.00,26.10,4.00,260.00,30.18,0.00,10.00,CLR
MDW,2022-11-25 23:53,44.00,27.00,4.00,250.00,30.18,0.00,10.00,CLR
MDW,2022-11-26 00:53,43.00,28.00,7.00,240.00,30.18,0.00,10.00,CLR
MDW,2022-11-26 01:53,42.00,28.00,5.00,260.00,30.18,0.00,10.00,CLR
MDW,2022-11-26 02:53,40.00,28.00,6.00,250.00,30.17,0.00,10.00,CLR
MDW,2022-11-26 03:53,39.00,28.90,7.00,250.00,30.17,0.00,10.00,FEW
MDW,2022-11-26 04:53,39.00,28.90,7.00,240.00,30.17,0.00,10.00,CLR
MDW,2022-11-26 05:53,38.00,28.00,7.00,240.00,30.16,0.00,10.00,CLR
MDW,2022-11-26 06:53,38.00,26.10,7.00,220.00,30.13,0.00,10.00,CLR
MDW,2022-11-26 07:53,37.00,26.10,3.00,210.00,30.13,0.00,10.00,CLR
MDW,2022-11-26 08:53,36.00,26.10,5.00,220.00,30.12,0.00,10.00,CLR
MDW,2022-11-26 09:53,35.00,26.10,7.00,210.00,30.11,0.00,10.00,CLR
MDW,2022-11-26 10:53,35.00,26.10,6.00,210.00,30.12,0.00,10.00,CLR
MDW,2022-11-26 11:53,34.00,26.10,6.00,210.00,30.11,0.00,10.00,CLR
MDW,2022-11-26 12:53,35.00,25.00,4.00,190.00,30.10,0.00,10.00,FEW
MDW,2022-11-26 13:53,36.00,26.10,5.00,210.00,30.09,0.00,10.00,FEW
MDW,2022-11-26 14:53,41.00,27.00,7.00,210.00,30.08,0.00,10.00,CLR
MDW,2022-11-26 15:53,47.00,28.00,11.00,220.00,30.06,0.00,10.00,FEW
MDW,2022-11-26 16:53,50.00,27.00,14.00,220.00,30.02,0.00,10.00,FEW
MDW,2022-11-26 17:53,53.00,25.00,14.00,210.00,29.99,0.00,10.00,FEW
MDW,2022-11-26 18:53,55.00,21.00,16.00,220.00,29.95,0.00,10.00,CLR
MDW,2022-11-26 19:53,55.00,23.00,13.00,200.00,29.92,0.00,10.00,FEW
MDW,2022-11-26 20:53,55.00,23.00,12.00,220.00,29.91,0.00,10.00,FEW
MDW,2022-11-26 21:53,54.00,21.90,9.00,210.00,29.89,0.00,10.00,FEW
MDW,2022-11-26 22:53,52.00,24.10,7.00,190.00,29.89,0.00,10.00,FEW
MDW,2022-11-26 23:53,50.00,26.10,5.00,200.00,29.87,0.00,10.00,OVC
MDW,2022-11-27 00:53,48.00,28.00,8.00,190.00,29.85,0.00,10.00,OVC
MDW,2022-11-27 01:53,47.00,32.00,8.00,190.00,29.82,0.00,10.00,OVC
MDW,2022-11-27 02:53,46.00,34.00,7.00,200.00,29.80,0.00,10.00,BKN
MDW,2022-11-27 03:53,46.00,35.00,4.00,220.00,29.79,0.00,10.00,BKN
MDW,2022-11-27 04:53,45.00,35.00,3.00,170.00,29.74,0.00,10.00,BKN
MDW,2022-11-27 05:53,44.00,35.00,0.00,0.00,29.70,0.00,10.00,BKN
MDW,2022-11-27 06:53,43.00,35.00,3.00,100.00,29.66,0.00,10.00,BKN
MDW,2022-11-27 07:53,44.00,35.00,5.00,60.00,29.62,0.00,10.00,SCT
MDW,2022-11-27 08:53,44.00,36.00,8.00,20.00,29.58,T,9.00,OVC
MDW,2022-11-27 09:53,44.00,38.00,4.00,80.00,29.58,0.01,9.00,BKN
MDW,2022-11-27 10:53,43.00,39.00,6.00,30.00,29.56,0.08,6.00,OVC
MDW,2022-11-27 11:53,43.00,40.00,6.00,40.00,29.51,0.05,7.00,SCT
MDW,2022-11-27 12:53,44.00,39.00,12.00,40.00,29.47,T,10.00,BKN
MDW,2022-11-27 13:53,44.00,36.00,14.00,40.00,29.45,0.00,10.00,FEW
MDW,2022-11-27 14:53,42.00,39.00,11.00,20.00,29.46,0.01,3.00,SCT
MDW,2022-11-27 15:53,42.00,39.00,12.00,50.00,29.43,0.01,10.00,FEW
MDW,2022-11-27 16:53,43.00,39.00,8.00,10.00,29.47,T,10.00,BKN
MDW,2022-11-27 17:53,45.00,40.00,13.00,340.00,29.49,0.00,10.00,FEW
MDW,2022-11-27 18:53,45.00,38.00,18.00,350.00,29.50,0.00,10.00,SCT
MDW,2022-11-27 19:53,46.00,38.00,20.00,360.00,29.54,0.00,10.00,SCT
MDW,2022-11-27 20:53,44.00,36.00,12.00,360.00,29.59,0.00,10.00,OVC
MDW,2022-11-27 21:53,43.00,36.00,14.00,340.00,29.64,0.00,10.00,OVC
MDW,2022-11-27 22:53,42.00,36.00,14.00,340.00,29.69,0.00,10.00,OVC
MDW,2022-11-27 23:53,42.00,35.00,12.00,350.00,29.72,0.00,10.00,OVC
MDW,2022-11-28 00:53,42.00,34.00,9.00,340.00,29.76,0.00,10.00,OVC
MDW,2022-11-28 01:53,42.00,33.00,10.00,340.00,29.79,0.00,10.00,OVC
MDW,2022-11-28 02:53,41.00,30.90,10.00,330.00,29.81,0.00,10.00,BKN
MDW,2022-11-28 03:53,39.00,30.00,5.00,320.00,29.83,0.00,10.00,BKN
MDW,2022-11-28 04:53,37.00,30.00,4.00,310.00,29.84,0.00,10.00,BKN
MDW,2022-11-28 05:53,36.00,28.90,3.00,300.00,29.85,0.00,10.00,FEW
MDW,2022-11-28 06:53,35.00,28.90,4.00,300.00,29.85,0.00,10.00,SCT
MDW,2022-11-28 07:53,34.00,28.90,0.00,0.00,29.87,0.00,10.00,FEW
MDW,2022-11-28 08:53,33.00,28.00,4.00,280.00,29.88,0.00,10.00,FEW
MDW,2022-11-28 09:53,33.00,28.00,3.00,300.00,29.89,0.00,10.00,FEW
MDW,2022-11-28 10:53,33.00,28.00,0.00,0.00,29.90,0.00,10.00,FEW
MDW,2022-11-28 11:53,30.90,28.00,0.00,0.00,29.92,0.00,10.00,FEW
MDW,2022-11-28 12:53,30.90,28.00,0.00,0.00,29.94,0.00,10.00,FEW
MDW,2022-11-28 13:53,32.00,28.90,3.00,M,29.94,0.00,10.00,BKN
MDW,2022-11-28 14:53,38.00,32.00,4.00,130.00,29.95,0.00,10.00,FEW
MDW,2022-11-28 15:53,42.00,30.00,5.00,200.00,29.97,0.00,10.00,FEW
MDW,2022-11-28 16:53,44.00,30.90,8.00,170.00,29.96,0.00,10.00,FEW
MDW,2022-11-28 17:53,45.00,30.90,9.00,190.00,29.94,0.00,10.00,BKN
MDW,2022-11-28 18:53,45.00,30.00,11.00,190.00,29.92,0.00,10.00,BKN
MDW,2022-11-28 19:53,43.00,30.00,10.00,200.00,29.91,0.00,10.00,BKN
MDW,2022-11-28 20:53,43.00,32.00,12.00,210.00,29.93,0.00,10.00,BKN
MDW,2022-11-28 21:53,43.00,33.00,8.00,170.00,29.92,0.00,10.00,OVC
MDW,2022-11-28 22:53,43.00,33.00,8.00,180.00,29.91,0.00,10.00,OVC
MDW,2022-11-28 23:53,43.00,34.00,10.00,170.00,29.92,0.00,10.00,OVC
MDW,2022-11-29 00:53,43.00,34.00,10.00,170.00,29.91,0.00,10.00,OVC
MDW,2022-11-29 01:53,43.00,36.00,9.00,180.00,29.93,0.00,10.00,SCT
MDW,2022-11-29 02:53,42.00,36.00,8.00,190.00,29.93,0.00,10.00,FEW
MDW,2022-11-29 03:53,42.00,36.00,8.00,180.00,29.92,0.00,10.00,SCT
MDW,2022-11-29 04:53,41.00,36.00,7.00,180.00,29.93,0.00,10.00,FEW
MDW,2022-11-29 05:53,41.00,35.00,6.00,180.00,29.92,0.00,10.00,SCT
MDW,2022-11-29 06:53,40.00,35.00,6.00,180.00,29.91,0.00,10.00,BKN
MDW,2022-11-29 07:53,40.00,35.00,5.00,170.00,29.92,0.00,10.00,FEW
MDW,2022-11-29 08:53,40.00,35.00,7.00,170.00,29.90,0.00,10.00,FEW
MDW,2022-11-29 09:53,40.00,36.00,7.00,170.00,29.90,0.00,9.00,OVC
MDW,2022-11-29 10:53,41.00,37.00,7.00,150.00,29.87,0.00,9.00,BKN
MDW,2022-11-29 11:53,42.00,38.00,10.00,150.00,29.84,0.00,9.00,SCT
MDW,2022-11-29 12:53,43.00,39.00,8.00,160.00,29.83,0.00,5.00,FEW
MDW,2022-11-29 13:53,44.00,40.00,9.00,160.00,29.80,0.00,6.00,BKN
MDW,2022-11-29 14:53,47.00,41.00,12.00,160.00,29.77,0.00,8.00,FEW
MDW,2022-11-29 15:53,50.00,42.00,15.00,160.00,29.73,0.00,10.00,FEW
MDW,2022-11-29 16:53,53.00,43.00,16.00,160.00,29.67,0.00,10.00,FEW
MDW,2022-11-29 17:53,57.00,44.00,19.00,160.00,29.57,0.00,10.00,FEW
MDW,2022-11-29 18:53,59.00,44.00,20.00,170.00,29.54,0.00,10.00,FEW
MDW,2022-11-29 19:53,58.00,46.00,17.00,190.00,29.52,0.00,10.00,BKN
MDW,2022-11-29 20:53,58.00,47.00,21.00,190.00,29.53,0.00,10.00,BKN
MDW,2022-11-29 21:53,58.00,48.00,16.00,200.00,29.53,0.00,10.00,BKN
MDW,2022-11-29 22:53,58.00,49.00,14.00,190.00,29.52,0.00,10.00,SCT
MDW,2022-11-29 23:53,58.00,51.00,14.00,190.00,29.48,0.00,10.00,BKN
MDW,2022-11-30 00:53,58.00,52.00,19.00,190.00,29.47,0.00,10.00,BKN
MDW,2022-11-30 01:53,57.00,53.00,18.00,200.00,29.47,0.11,5.00,BKN
MDW,2022-11-30 02:53,52.00,44.00,12.00,270.00,29.50,0.11,10.00,FEW
MDW,2022-11-30 03:53,45.00,39.00,24.00,260.00,29.55,0.00,10.00,BKN
MDW,2022-11-30 04:53,39.00,34.00,16.00,270.00,29.61,0.00,10.00,OVC
MDW,2022-11-30 05:53,35.00,27.00,21.00,300.00,29.65,0.00,10.00,OVC
MDW,2022-11-30 06:53,34.00,25.00,16.00,290.00,29.69,0.00,10.00,OVC
MDW,2022-11-30 07:53,30.00,21.90,21.00,290.00,29.72,0.00,10.00,BKN
MDW,2022-11-30 08:53,28.00,17.10,15.00,280.00,29.77,0.00,10.00,FEW
MDW,2022-11-30 09:53,26.10,16.00,16.00,270.00,29.82,0.00,10.00,FEW
MDW,2022-11-30 10:53,25.00,15.10,16.00,280.00,29.86,0.00,10.00,BKN
MDW,2022-11-30 11:53,25.00,15.10,16.00,280.00,29.90,0.00,10.00,BKN
MDW,2022-11-30 12:53,24.10,15.10,21.00,270.00,29.93,0.00,10.00,BKN
MDW,2022-11-30 13:53,24.10,14.00,16.00,270.00,29.95,0.00,10.00,SCT
MDW,2022-11-30 14:53,25.00,15.10,20.00,270.00,29.99,0.00,10.00,BKN
MDW,2022-11-30 15:53,26.10,14.00,20.00,260.00,30.01,0.00,10.00,BKN
MDW,2022-11-30 16:53,26.10,14.00,24.00,270.00,30.03,0.00,10.00,BKN
MDW,2022-11-30 17:53,26.10,12.90,25.00,270.00,30.04,0.00,10.00,BKN
MDW,2022-11-30 18:53,27.00,12.90,19.00,270.00,30.04,0.00,10.00,BKN
MDW,2022-11-30 19:53,28.00,12.90,25.00,270.00,30.08,0.00,10.00,BKN
MDW,2022-11-30 20:53,28.00,12.00,18.00,260.00,30.10,0.00,10.00,BKN
MDW,2022-11-30 21:53,27.00,10.90,22.00,280.00,30.14,0.00,10.00,SCT
MDW,2022-11-30 22:53,27.00,12.00,19.00,270.00,30.17,0.00,10.00,FEW
MDW,2022-11-30 23:53,26.10,12.00,24.00,270.00,30.20,0.00,10.00,FEW
MDW,2022-12-01 00:53,25.00,10.90,17.00,270.00,30.23,0.00,10.00,CLR
MDW,2022-12-01 01:53,24.10,10.90,12.00,270.00,30.25,0.00,10.00,CLR
MDW,2022-12-01 02:53,23.00,10.90,16.00,280.00,30.27,0.00,10.00,CLR
MDW,2022-12-01 03:53,21.90,10.90,13.00,280.00,30.30,0.00,10.00,CLR
MDW,2022-12-01 04:53,21.00,10.90,8.00,290.00,30.33,0.00,10.00,CLR
MDW,2022-12-01 05:53,19.90,10.00,9.00,280.00,30.35,0.00,10.00,CLR
MDW,2022-12-01 06:53,19.90,10.00,11.00,280.00,30.37,0.00,10.00,CLR
MDW,2022-12-01 07:53,19.90,10.00,11.00,280.00,30.39,0.00,10.00,CLR
MDW,2022-12-01 08:53,19.00,10.90,11.00,280.00,30.41,0.00,10.00,CLR
MDW,2022-12-01 09:53,19.00,10.90,8.00,280.00,30.42,0.00,10.00,CLR
MDW,2022-12-01 10:53,18.00,10.90,7.00,280.00,30.44,0.00,10.00,CLR
MDW,2022-12-01 11:53,18.00,10.90,6.00,270.00,30.46,0.00,10.00,FEW
MDW,2022-12-01 12:53,18.00,10.90,5.00,270.00,30.47,0.00,10.00,FEW
MDW,2022-12-01 13:53,19.00,12.00,8.00,250.00,30.48,0.00,10.00,FEW
MDW,2022-12-01 14:53,21.00,12.00,8.00,250.00,30.50,0.00,10.00,FEW
MDW,2022-12-01 15:53,23.00,12.00,5.00,250.00,30.50,0.00,10.00,FEW
MDW,2022-12-01 16:53,27.00,14.00,6.00,190.00,30.47,0.00,10.00,FEW
MDW,2022-12-01 17:53,30.90,12.90,7.00,210.00,30.44,0.00,10.00,FEW
MDW,2022-12-01 18:53,33.00,14.00,7.00,210.00,30.41,0.00,10.00,FEW
MDW,2022-12-01 19:53,35.00,15.10,11.00,180.00,30.38,0.00,10.00,FEW
MDW,2022-12-01 20:53,35.00,14.00,9.00,170.00,30.37,0.00,10.00,FEW
MDW,2022-12-01 21:53,34.00,15.10,11.00,170.00,30.34,0.00,10.00,FEW
MDW,2022-12-01 22:53,33.00,15.10,7.00,170.00,30.32,0.00,10.00,BKN
MDW,2022-12-01 23:53,33.00,16.00,10.00,170.00,30.31,0.00,10.00,OVC
MDW,2022-12-02 00:53,33.00,17.10,13.00,170.00,30.27,0.00,10.00,OVC
MDW,2022-12-02 01:53,34.00,17.10,14.00,180.00,30.25,0.00,10.00,OVC
MDW,2022-12-02 02:53,34.00,17.10,10.00,190.00,30.22,0.00,10.00,OVC
MDW,2022-12-02 03:53,35.00,17.10,12.00,190.00,30.21,0.00,10.00,OVC
MDW,2022-12-02 04:53,35.00,18.00,10.00,190.00,30.20,0.00,10.00,OVC
MDW,2022-12-02 05:53,36.00,18.00,13.00,180.00,30.17,0.00,10.00,BKN
MDW,2022-12-02 06:53,36.00,19.00,10.00,200.00,30.14,0.00,10.00,SCT
MDW,2022-12-02 07:53,37.00,19.00,15.00,200.00,30.13,0.00,10.00,FEW
MDW,2022-12-02 08:53,38.00,19.90,13.00,210.00,30.12,0.00,10.00,OVC
MDW,2022-12-02 09:53,38.00,19.90,13.00,200.00,30.09,0.00,10.00,OVC
MDW,2022-12-02 10:53,38.00,19.90,15.00,190.00,30.05,0.00,10.00,BKN
MDW,2022-12-02 11:53,39.00,21.00,16.00,200.00,30.05,0.00,10.00,OVC
MDW,2022-12-02 12:53,39.00,21.00,14.00,200.00,30.02,0.00,10.00,OVC
MDW,2022-12-02 13:53,39.00,21.90,12.00,200.00,30.00,0.00,10.00,OVC
MDW,2022-12-02 14:53,40.00,25.00,14.00,200.00,29.97,0.00,10.00,OVC
MDW,2022-12-02 15:53,42.00,24.10,17.00,210.00,29.95,0.00,10.00,OVC
MDW,2022-12-02 16:53,45.00,25.00,17.00,200.00,29.90,0.00,10.00,BKN
MDW,2022-12-02 17:53,45.00,27.00,17.00,190.00,29.87,0.00,10.00,FEW
MDW,2022-12-02 18:53,46.00,28.00,17.00,200.00,29.81,0.00,10.00,BKN
MDW,2022-12-02 19:53,48.00,28.90,15.00,190.00,29.77,0.00,10.00,BKN
MDW,2022-12-02 20:53,51.00,30.90,15.00,200.00,29.72,0.00,10.00,BKN
MDW,2022-12-02 21:53,52.00,33.00,19.00,190.00,29.71,0.00,10.00,BKN
MDW,2022-12-02 22:53,52.00,33.00,15.00,200.00,29.70,0.00,10.00,OVC
MDW,2022-12-02 23:53,52.00,35.00,17.00,210.00,29.72,0.00,10.00,OVC
MDW,2022-12-03 00:53,52.00,38.00,15.00,210.00,29.71,0.00,10.00,OVC
MDW,2022-12-03 01:53,51.00,41.00,15.00,210.00,29.71,0.00,10.00,BKN
MDW,2022-12-03 02:53,50.00,42.00,17.00,210.00,29.72,0.00,10.00,OVC
MDW,2022-12-03 03:53,50.00,44.00,12.00,210.00,29.74,T,10.00,OVC
MDW,2022-12-03 04:53,51.00,44.00,15.00,220.00,29.74,T,10.00,BKN
MDW,2022-12-03 05:53,50.00,46.00,14.00,220.00,29.74,T,9.00,SCT
MDW,2022-12-03 06:53,51.00,46.00,13.00,230.00,29.74,T,10.00,SCT
MDW,2022-12-03 07:53,47.00,40.00,19.00,260.00,29.81,T,10.00,BKN
MDW,2022-12-03 08:53,38.00,30.00,15.00,270.00,29.89,T,10.00,SCT
MDW,2022-12-03 09:53,33.00,24.10,22.00,270.00,29.99,T,10.00,BKN
MDW,2022-12-03 10:53,28.90,19.00,17.00,280.00,30.05,0.00,10.00,FEW
MDW,2022-12-03 11:53,26.10,16.00,20.00,280.00,30.13,0.00,10.00,FEW
MDW,2022-12-03 12:53,24.10,12.90,14.00,290.00,30.20,0.00,10.00,FEW
MDW,2022-12-03 13:53,23.00,12.90,14.00,290.00,30.24,0.00,10.00,FEW
MDW,2022-12-03 14:53,24.10,12.00,18.00,290.00,30.30,0.00,10.00,FEW
MDW,2022-12-03 15:53,26.10,12.00,15.00,300.00,30.33,0.00,10.00,FEW
MDW,2022-12-03 16:53,28.00,10.90,14.00,270.00,30.35,0.00,10.00,FEW
MDW,2022-12-03 17:53,30.00,10.90,12.00,280.00,30.38,0.00,10.00,CLR
MDW,2022-12-03 18:53,30.90,10.00,13.00,270.00,30.39,0.00,10.00,CLR
MDW,2022-12-03 19:53,32.00,9.00,13.00,300.00,30.39,0.00,10.00,FEW
MDW,2022-12-03 20:53,32.00,9.00,9.00,280.00,30.39,0.00,10.00,FEW
MDW,2022-12-03 21:53,30.90,8.10,13.00,270.00,30.40,0.00,10.00,FEW
MDW,2022-12-03 22:53,28.90,7.00,9.00,290.00,30.41,0.00,10.00,FEW
MDW,2022-12-03 23:53,27.00,9.00,10.00,250.00,30.41,0.00,10.00,FEW
MDW,2022-12-04 00:53,26.10,9.00,9.00,270.00,30.45,0.00,10.00,FEW
MDW,2022-12-04 01:53,25.00,8.10,9.00,280.00,30.44,0.00,10.00,CLR
MDW,2022-12-04 02:53,24.10,8.10,12.00,270.00,30.43,0.00,10.00,CLR
MDW,2022-12-04 03:53,21.90,9.00,8.00,250.00,30.40,0.00,10.00,CLR
MDW,2022-12-04 04:53,21.90,8.10,8.00,290.00,30.41,0.00,10.00,CLR
MDW,2022-12-04 05:53,21.00,8.10,5.00,270.00,30.40,0.00,10.00,CLR
MDW,2022-12-04 06:53,19.00,8.10,6.00,240.00,30.38,0.00,10.00,CLR
MDW,2022-12-04 07:53,19.00,9.00,5.00,240.00,30.35,0.00,10.00,CLR
MDW,2022-12-04 08:53,19.00,9.00,6.00,210.00,30.33,0.00,10.00,CLR
MDW,2022-12-04 09:53,19.00,9.00,7.00,210.00,30.30,0.00,10.00,CLR
MDW,2022-12-04 10:53,19.00,9.00,5.00,210.00,30.28,0.00,10.00,CLR
MDW,2022-12-04 11:53,19.90,9.00,8.00,210.00,30.26,0.00,10.00,CLR
MDW,2022-12-04 12:53,19.90,10.00,7.00,220.00,30.26,0.00,10.00,FEW
MDW,2022-12-04 13:53,21.90,10.90,10.00,230.00,30.26,0.00,10.00,FEW
MDW,2022-12-04 14:53,25.00,12.00,10.00,230.00,30.24,0.00,10.00,FEW
MDW,2022-12-04 15:53,30.00,10.90,12.00,260.00,30.23,0.00,10.00,FEW
MDW,2022-12-04 16:53,34.00,12.00,12.00,230.00,30.20,0.00,10.00,CLR
MDW,2022-12-04 17:53,36.00,12.00,13.00,230.00,30.16,0.00,10.00,CLR
MDW,2022-12-04 18:53,38.00,12.90,16.00,230.00,30.12,0.00,10.00,FEW
MDW,2022-12-04 19:53,40.00,12.90,12.00,240.00,30.12,0.00,10.00,FEW
MDW,2022-12-04 20:53,40.00,14.00,12.00,210.00,30.10,0.00,10.00,FEW
MDW,2022-12-04 21:53,39.00,12.90,14.00,230.00,30.08,0.00,10.00,FEW
MDW,2022-12-04 22:53,37.00,14.00,9.00,210.00,30.06,0.00,10.00,FEW
MDW,2022-12-04 23:53,35.00,15.10,10.00,210.00,30.05,0.00,10.00,FEW
MDW,2022-12-05 00:53,35.00,16.00,12.00,210.00,30.04,0.00,10.00,FEW
MDW,2022-12-05 01:53,34.00,17.10,8.00,210.00,30.04,0.00,10.00,FEW
MDW,2022-12-05 02:53,33.00,18.00,11.00,210.00,30.03,0.00,10.00,FEW
MDW,2022-12-05 03:53,30.90,19.00,13.00,210.00,30.02,0.00,10.00,FEW
MDW,2022-12-05 04:53,30.90,19.00,10.00,210.00,30.01,0.00,10.00,FEW
MDW,2022-12-05 05:53,30.00,19.00,8.00,210.00,29.99,0.00,10.00,FEW
MDW,2022-12-05 06:53,28.90,19.00,8.00,200.00,29.96,0.00,10.00,FEW
MDW,2022-12-05 07:53,28.90,19.00,6.00,190.00,29.97,0.00,10.00,SCT
MDW,2022-12-05 08:53,28.90,19.00,8.00,190.00,29.96,0.00,10.00,BKN
MDW,2022-12-05 09:53,28.90,19.00,7.00,190.00,29.93,0.00,10.00,BKN
MDW,2022-12-05 10:53,28.90,19.00,9.00,200.00,29.91,0.00,10.00,BKN
MDW,2022-12-05 11:53,30.00,19.90,8.00,220.00,29.92,0.00,10.00,BKN
MDW,2022-12-05 12:53,30.00,19.90,10.00,200.00,29.91,0.00,10.00,BKN
MDW,2022-12-05 13:53,30.90,19.90,9.00,200.00,29.91,0.00,10.00,SCT
MDW,2022-12-05 14:53,32.00,21.00,8.00,200.00,29.91,0.00,10.00,BKN
MDW,2022-12-05 15:53,36.00,21.90,8.00,240.00,29.93,0.00,10.00,SCT
MDW,2022-12-05 16:53,40.00,23.00,7.00,220.00,29.89,0.00,10.00,BKN
MDW,2022-12-05 17:53,43.00,24.10,11.00,200.00,29.87,0.00,10.00,SCT
MDW,2022-12-05 18:53,41.00,25.00,8.00,210.00,29.85,0.00,10.00,BKN
MDW,2022-12-05 19:53,42.00,27.00,8.00,190.00,29.85,0.00,10.00,BKN
MDW,2022-12-05 20:53,43.00,28.00,8.00,180.00,29.83,0.00,10.00,SCT
MDW,2022-12-05 21:53,43.00,28.90,7.00,180.00,29.84,0.00,10.00,SCT
MDW,2022-12-05 22:53,43.00,28.90,6.00,210.00,29.86,0.00,10.00,FEW
MDW,2022-12-05 23:53,42.00,30.90,6.00,200.00,29.87,0.00,10.00,BKN
MDW,2022-12-06 00:53,42.00,33.00,6.00,190.00,29.89,0.00,10.00,OVC
MDW,2022-12-06 01:53,41.00,34.00,7.00,190.00,29.89,0.00,10.00,BKN
MDW,2022-12-06 02:53,39.00,35.00,6.00,190.00,29.91,0.00,9.00,BKN
MDW,2022-12-06 03:53,38.00,36.00,4.00,230.00,29.92,T,3.00,OVC
MDW,2022-12-06 04:53,39.00,37.00,4.00,180.00,29.91,T,4.00,OVC
MDW,2022-12-06 05:53,39.00,36.00,0.00,0.00,29.93,0.00,6.00,OVC
MDW,2022-12-06 06:53,39.00,36.00,6.00,310.00,29.96,0.00,7.00,FEW
MDW,2022-12-06 07:53,39.00,36.00,0.00,0.00,29.95,0.00,9.00,BKN
MDW,2022-12-06 08:53,39.00,34.00,0.00,0.00,29.95,0.00,9.00,SCT
MDW,2022-12-06 09:53,40.00,34.00,6.00,20.00,29.94,0.00,9.00,OVC
MDW,2022-12-06 10:53,40.00,34.00,8.00,10.00,29.95,0.00,9.00,BKN
MDW,2022-12-06 11:53,40.00,34.00,8.00,10.00,29.98,0.00,9.00,BKN
MDW,2022-12-06 12:53,41.00,34.00,7.00,50.00,29.97,0.00,9.00,BKN
MDW,2022-12-06 13:53,41.00,34.00,6.00,30.00,30.00,0.00,10.00,OVC
MDW,2022-12-06 14:53,42.00,35.00,6.00,50.00,30.02,0.00,10.00,OVC
MDW,2022-12-06 15:53,42.00,36.00,7.00,20.00,30.05,0.00,5.00,OVC
MDW,2022-12-06 16:53,42.00,39.00,6.00,80.00,30.01,T,2.00,OVC
MDW,2022-12-06 17:53,43.00,39.00,3.00,20.00,30.01,T,5.00,OVC
MDW,2022-12-06 18:53,43.00,39.00,5.00,40.00,29.99,0.00,5.00,OVC
MDW,2022-12-06 19:53,43.00,38.00,4.00,330.00,30.00,0.00,6.00,OVC
MDW,2022-12-06 20:53,43.00,37.00,8.00,360.00,30.00,0.00,6.00,BKN
MDW,2022-12-06 21:53,43.00,37.00,6.00,20.00,30.01,0.00,6.00,BKN
MDW,2022-12-06 22:53,43.00,36.00,6.00,80.00,30.02,0.00,8.00,SCT
MDW,2022-12-06 23:53,42.00,36.00,6.00,90.00,30.02,0.00,8.00,SCT
MDW,2022-12-07 00:53,42.00,36.00,4.00,90.00,30.03,0.00,10.00,FEW
MDW,2022-12-07 01:53,42.00,36.00,5.00,130.00,30.05,0.00,9.00,FEW
MDW,2022-12-07 02:53,41.00,36.00,4.00,130.00,30.06,0.00,8.00,SCT
MDW,2022-12-07 03:53,41.00,36.00,0.00,0.00,30.06,0.00,8.00,FEW
MDW,2022-12-07 04:53,37.00,35.00,3.00,340.00,30.08,0.00,6.00,FEW
MDW,2022-12-07 05:53,37.00,35.00,4.00,330.00,30.10,0.00,6.00,BKN
MDW,2022-12-07 06:53,40.00,37.00,3.00,320.00,30.10,0.00,5.00,OVC
MDW,2022-12-07 07:53,40.00,37.00,5.00,310.00,30.11,0.00,5.00,OVC
MDW,2022-12-07 08:53,39.00,36.00,6.00,320.00,30.13,0.00,4.00,OVC
MDW,2022-12-07 09:53,39.00,36.00,6.00,310.00,30.13,0.00,3.00,OVC
MDW,2022-12-07 10:53,39.00,36.00,5.00,300.00,30.15,0.00,3.00,OVC
MDW,2022-12-07 11:53,39.00,37.00,4.00,300.00,30.17,0.00,2.50,BKN
MDW,2022-12-07 12:53,39.00,36.00,5.00,320.00,30.19,0.00,2.50,OVC
MDW,2022-12-07 13:53,39.00,37.00,0.00,0.00,30.21,0.00,1.25,OVC
MDW,2022-12-07 14:53,40.00,38.00,4.00,90.00,30.23,0.00,1.50,BKN
MDW,2022-12-07 15:53,41.00,38.00,3.00,270.00,30.24,0.00,2.00,SCT
MDW,2022-12-07 16:53,43.00,38.00,5.00,300.00,30.25,0.00,3.00,BKN
MDW,2022-12-07 17:53,43.00,38.00,7.00,280.00,30.25,0.00,4.00,OVC
MDW,2022-12-07 18:53,43.00,38.00,7.00,270.00,30.26,0.00,4.00,OVC
MDW,2022-12-07 19:53,43.00,36.00,6.00,250.00,30.26,0.00,6.00,OVC
MDW,2022-12-07 20:53,43.00,35.00,8.00,320.00,30.28,0.00,6.00,OVC
MDW,2022-12-07 21:53,42.00,34.00,7.00,290.00,30.30,0.00,7.00,OVC
MDW,2022-12-07 22:53,41.00,33.00,4.00,320.00,30.32,0.00,8.00,SCT
MDW,2022-12-07 23:53,41.00,34.00,4.00,30.00,30.34,0.00,7.00,BKN
MDW,2022-12-08 00:53,42.00,33.00,0.00,0.00,30.36,0.00,8.00,OVC
MDW,2022-12-08 01:53,42.00,32.00,4.00,30.00,30.36,0.00,9.00,OVC
MDW,2022-12-08 02:53,42.00,32.00,5.00,50.00,30.37,0.00,9.00,OVC
MDW,2022-12-08 03:53,39.00,30.90,10.00,30.00,30.39,0.00,9.00,OVC
MDW,2022-12-08 04:53,38.00,30.00,9.00,10.00,30.38,0.00,9.00,OVC
MDW,2022-12-08 05:53,38.00,30.90,7.00,20.00,30.37,0.00,8.00,FEW
MDW,2022-12-08 06:53,38.00,30.00,6.00,40.00,30.37,0.00,8.00,OVC
MDW,2022-12-08 07:53,37.00,30.00,8.00,40.00,30.38,0.00,9.00,OVC
MDW,2022-12-08 08:53,37.00,28.90,8.00,30.00,30.39,0.00,9.00,BKN
MDW,2022-12-08 09:53,37.00,28.90,7.00,60.00,30.37,0.00,9.00,SCT
MDW,2022-12-08 10:53,36.00,28.00,6.00,50.00,30.36,0.00,9.00,SCT
MDW,2022-12-08 11:53,37.00,28.90,3.00,M,30.38,0.00,9.00,BKN
MDW,2022-12-08 12:53,39.00,30.90,10.00,70.00,30.37,0.00,10.00,FEW
MDW,2022-12-08 13:53,39.00,30.00,10.00,70.00,30.39,0.00,10.00,OVC
MDW,2022-12-08 14:53,40.00,28.90,12.00,70.00,30.37,0.00,10.00,OVC
MDW,2022-12-08 15:53,40.00,28.90,10.00,70.00,30.39,0.00,10.00,OVC
MDW,2022-12-08 16:53,41.00,28.00,9.00,50.00,30.37,0.00,10.00,BKN
MDW,2022-12-08 17:53,41.00,28.90,9.00,90.00,30.34,0.00,10.00,BKN
MDW,2022-12-08 18:53,40.00,28.00,9.00,70.00,30.33,0.00,10.00,BKN
MDW,2022-12-08 19:53,39.00,28.00,11.00,80.00,30.32,0.00,10.00,SCT
MDW,2022-12-08 20:53,38.00,27.00,12.00,60.00,30.33,0.00,10.00,SCT
MDW,2022-12-08 21:53,38.00,28.00,10.00,60.00,30.34,0.00,10.00,BKN
MDW,2022-12-08 22:53,37.00,28.00,11.00,60.00,30.33,0.00,10.00,BKN
MDW,2022-12-08 23:53,36.00,28.00,12.00,60.00,30.33,0.00,10.00,SCT
MDW,2022-12-09 00:53,36.00,28.90,8.00,50.00,30.33,0.00,10.00,SCT
MDW,2022-12-09 01:53,38.00,30.00,10.00,60.00,30.32,0.00,10.00,SCT
MDW,2022-12-09 02:53,38.00,30.90,9.00,70.00,30.30,0.00,10.00,FEW
MDW,2022-12-09 03:53,38.00,30.90,9.00,80.00,30.29,0.00,10.00,FEW
MDW,2022-12-09 04:53,38.00,30.00,8.00,90.00,30.29,0.00,10.00,FEW
MDW,2022-12-09 05:53,37.00,30.90,9.00,90.00,30.27,0.00,10.00,FEW
MDW,2022-12-09 06:53,37.00,30.90,8.00,100.00,30.26,0.00,10.00,CLR
MDW,2022-12-09 07:53,37.00,30.90,11.00,100.00,30.25,0.00,9.00,SCT
MDW,2022-12-09 08:53,37.00,30.90,9.00,100.00,30.23,0.00,9.00,OVC
MDW,2022-12-09 09:53,37.00,30.90,11.00,90.00,30.21,0.00,8.00,OVC
MDW,2022-12-09 10:53,37.00,30.90,12.00,90.00,30.19,0.00,8.00,FEW
MDW,2022-12-09 11:53,36.00,30.90,12.00,90.00,30.18,T,8.00,SCT
MDW,2022-12-09 12:53,36.00,30.90,12.00,100.00,30.18,0.04,7.00,OVC
MDW,2022-12-09 13:53,35.00,32.00,10.00,90.00,30.17,0.14,5.00,OVC
MDW,2022-12-09 14:53,36.00,35.00,9.00,110.00,30.17,0.08,3.00,OVC
MDW,2022-12-09 15:53,37.00,35.00,15.00,100.00,30.15,0.04,6.00,OVC
MDW,2022-12-09 16:53,36.00,35.00,9.00,100.00,30.16,0.08,4.00,OVC
MDW,2022-12-09 17:53,36.00,35.00,12.00,90.00,30.15,0.02,2.50,BKN
MDW,2022-12-09 18:53,36.00,36.00,10.00,90.00,30.13,0.01,2.50,OVC
MDW,2022-12-09 19:53,37.00,36.00,10.00,90.00,30.13,T,1.50,OVC
MDW,2022-12-09 20:53,37.00,36.00,12.00,90.00,30.13,T,2.50,OVC
MDW,2022-12-09 21:53,37.00,36.00,10.00,80.00,30.16,T,4.00,OVC
MDW,2022-12-09 22:53,37.00,36.00,11.00,90.00,30.18,T,7.00,BKN
MDW,2022-12-09 23:53,37.00,36.00,11.00,90.00,30.19,T,7.00,SCT
MDW,2022-12-10 00:53,37.00,35.00,11.00,90.00,30.19,T,8.00,FEW
MDW,2022-12-10 01:53,38.00,35.00,9.00,110.00,30.21,T,6.00,OVC
MDW,2022-12-10 02:53,37.00,34.00,11.00,90.00,30.21,0.00,8.00,OVC
MDW,2022-12-10 03:53,37.00,34.00,10.00,100.00,30.22,T,6.00,OVC
MDW,2022-12-10 04:53,37.00,34.00,6.00,100.00,30.23,T,5.00,BKN
MDW,2022-12-10 05:53,37.00,34.00,6.00,100.00,30.22,T,4.00,BKN
MDW,2022-12-10 06:53,37.00,33.00,8.00,100.00,30.22,T,5.00,FEW
MDW,2022-12-10 07:53,37.00,33.00,6.00,90.00,30.22,0.00,6.00,FEW
MDW,2022-12-10 08:53,37.00,33.00,6.00,90.00,30.21,0.00,6.00,OVC
MDW,2022-12-10 09:53,37.00,33.00,6.00,120.00,30.22,0.00,7.00,OVC
MDW,2022-12-10 10:53,37.00,34.00,4.00,130.00,30.22,0.00,7.00,OVC
MDW,2022-12-10 11:53,37.00,33.00,3.00,120.00,30.22,0.00,7.00,OVC
MDW,2022-12-10 12:53,37.00,33.00,6.00,100.00,30.21,0.00,7.00,OVC
MDW,2022-12-10 13:53,37.00,33.00,6.00,110.00,30.20,0.00,7.00,OVC
MDW,2022-12-10 14:53,37.00,33.00,8.00,100.00,30.20,0.00,7.00,OVC
MDW,2022-12-10 15:53,38.00,33.00,5.00,130.00,30.21,0.00,9.00,OVC
MDW,2022-12-10 16:53,38.00,33.00,0.00,0.00,30.20,0.00,7.00,OVC
MDW,2022-12-10 17:53,38.00,34.00,5.00,110.00,30.17,T,6.00,OVC
MDW,2022-12-10 18:53,38.00,34.00,4.00,130.00,30.15,T,7.00,OVC
MDW,2022-12-10 19:53,39.00,34.00,4.00,130.00,30.13,0.00,8.00,OVC
MDW,2022-12-10 20:53,39.00,35.00,4.00,130.00,30.13,0.00,7.00,OVC
MDW,2022-12-10 21:53,39.00,35.00,4.00,150.00,30.14,0.00,7.00,OVC
MDW,2022-12-10 22:53,39.00,35.00,4.00,180.00,30.15,0.00,6.00,OVC
MDW,2022-12-10 23:53,38.00,36.00,4.00,190.00,30.14,T,4.00,OVC
MDW,2022-12-11 00:53,38.00,36.00,5.00,200.00,30.14,T,4.00,OVC
MDW,2022-12-11 01:53,39.00,36.00,5.00,200.00,30.14,T,4.00,OVC
MDW,2022-12-11 02:53,38.00,37.00,5.00,230.00,30.15,T,3.00,OVC
MDW,2022-12-11 03:53,38.00,37.00,5.00,240.00,30.14,0.00,1.75,OVC
MDW,2022-12-11 04:53,39.00,37.00,4.00,260.00,30.14,0.00,0.75,OVC
MDW,2022-12-11 05:53,39.00,37.00,6.00,280.00,30.14,0.00,5.00,OVC
MDW,2022-12-11 06:53,38.00,36.00,9.00,280.00,30.14,0.00,8.00,SCT
MDW,2022-12-11 07:53,39.00,35.00,6.00,290.00,30.16,0.00,9.00,FEW
MDW,2022-12-11 08:53,39.00,34.00,4.00,270.00,30.17,0.00,9.00,FEW
MDW,2022-12-11 09:53,39.00,34.00,6.00,310.00,30.17,0.00,10.00,OVC
MDW,2022-12-11 10:53,38.00,34.00,4.00,310.00,30.17,0.00,10.00,OVC
MDW,2022-12-11 11:53,38.00,34.00,4.00,310.00,30.19,0.00,10.00,OVC
MDW,2022-12-11 12:53,38.00,33.00,6.00,320.00,30.20,0.00,10.00,SCT
MDW,2022-12-11 13:53,38.00,33.00,8.00,290.00,30.22,0.00,10.00,FEW
MDW,2022-12-11 14:53,37.00,30.90,7.00,310.00,30.23,0.00,10.00,SCT
MDW,2022-12-11 15:53,37.00,32.00,6.00,310.00,30.23,0.00,10.00,FEW
MDW,2022-12-11 16:53,38.00,30.90,4.00,290.00,30.23,0.00,10.00,SCT
MDW,2022-12-11 17:53,38.00,30.90,5.00,290.00,30.23,0.00,10.00,SCT
MDW,2022-12-11 18:53,38.00,30.00,6.00,320.00,30.23,0.00,10.00,SCT
MDW,2022-12-11 19:53,38.00,30.00,5.00,290.00,30.22,0.00,10.00,OVC
MDW,2022-12-11 20:53,39.00,28.90,3.00,310.00,30.21,0.00,10.00,OVC
MDW,2022-12-11 21:53,38.00,28.00,3.00,280.00,30.21,0.00,10.00,OVC
MDW,2022-12-11 22:53,38.00,28.00,0.00,0.00,30.22,0.00,10.00,OVC
MDW,2022-12-11 23:53,39.00,28.00,0.00,0.00,30.23,0.00,10.00,OVC
MDW,2022-12-12 00:53,39.00,30.00,6.00,360.00,30.23,0.00,10.00,OVC
MDW,2022-12-12 01:53,39.00,30.00,3.00,60.00,30.24,0.00,10.00,OVC
MDW,2022-12-12 02:53,39.00,30.00,0.00,0.00,30.24,0.00,10.00,OVC
MDW,2022-12-12 03:53,39.00,30.90,4.00,330.00,30.25,0.00,10.00,OVC
MDW,2022-12-12 04:53,38.00,32.00,0.00,0.00,30.26,0.00,10.00,OVC
MDW,2022-12-12 05:53,38.00,32.00,4.00,280.00,30.26,0.00,10.00,OVC
MDW,2022-12-12 06:53,38.00,32.00,4.00,280.00,30.26,0.00,10.00,OVC
MDW,2022-12-12 07:53,38.00,32.00,5.00,360.00,30.28,0.00,10.00,OVC
MDW,2022-12-12 08:53,38.00,32.00,3.00,340.00,30.28,0.00,10.00,FEW
MDW,2022-12-12 09:53,38.00,33.00,3.00,350.00,30.28,T,9.00,FEW
MDW,2022-12-12 10:53,38.00,33.00,3.00,350.00,30.28,T,9.00,FEW
MDW,2022-12-12 11:53,37.00,34.00,3.00,300.00,30.28,0.00,10.00,FEW
MDW,2022-12-12 12:53,37.00,34.00,3.00,310.00,30.28,T,10.00,FEW
MDW,2022-12-12 13:53,38.00,34.00,0.00,0.00,30.29,0.00,10.00,FEW
MDW,2022-12-12 14:53,40.00,35.00,3.00,20.00,30.30,0.00,10.00,FEW
MDW,2022-12-12 15:53,40.00,35.00,6.00,130.00,30.32,0.00,10.00,BKN
MDW,2022-12-12 16:53,41.00,34.00,5.00,140.00,30.31,0.00,10.00,BKN
MDW,2022-12-12 17:53,41.00,30.90,8.00,120.00,30.29,0.00,10.00,FEW
MDW,2022-12-12 18:53,41.00,28.00,8.00,110.00,30.28,0.00,10.00,FEW
MDW,2022-12-12 19:53,41.00,28.00,10.00,80.00,30.27,0.00,10.00,OVC
MDW,2022-12-12 20:53,41.00,28.00,8.00,90.00,30.27,0.00,10.00,OVC
MDW,2022-12-12 21:53,40.00,28.00,10.00,90.00,30.27,0.00,10.00,OVC
MDW,2022-12-12 22:53,40.00,28.00,10.00,120.00,30.28,0.00,10.00,OVC
MDW,2022-12-12 23:53,39.00,28.00,11.00,100.00,30.28,0.00,10.00,OVC
MDW,2022-12-13 00:53,39.00,27.00,9.00,110.00,30.30,0.00,10.00,OVC
MDW,2022-12-13 01:53,38.00,26.10,9.00,130.00,30.30,0.00,10.00,OVC
MDW,2022-12-13 02:53,38.00,26.10,12.00,140.00,30.30,0.00,10.00,OVC
MDW,2022-12-13 03:53,37.00,27.00,11.00,130.00,30.28,0.00,10.00,OVC
MDW,2022-12-13 04:53,37.00,27.00,10.00,130.00,30.28,0.00,10.00,OVC
MDW,2022-12-13 05:53,37.00,27.00,10.00,130.00,30.28,0.00,10.00,OVC
MDW,2022-12-13 06:53,36.00,27.00,11.00,130.00,30.25,0.00,10.00,OVC
MDW,2022-12-13 07:53,35.00,26.10,11.00,140.00,30.26,0.00,10.00,OVC
MDW,2022-12-13 08:53,35.00,26.10,12.00,130.00,30.26,0.00,10.00,OVC
MDW,2022-12-13 09:53,35.00,26.10,13.00,130.00,30.26,0.00,10.00,OVC
MDW,2022-12-13 10:53,35.00,26.10,13.00,120.00,30.25,0.00,10.00,OVC
MDW,2022-12-13 11:53,35.00,26.10,12.00,130.00,30.25,0.00,10.00,OVC
MDW,2022-12-13 12:53,35.00,27.00,10.00,120.00,30.24,0.00,10.00,OVC
MDW,2022-12-13 13:53,36.00,27.00,10.00,150.00,30.24,0.00,10.00,OVC
MDW,2022-12-13 14:53,36.00,27.00,11.00,120.00,30.24,0.00,10.00,OVC
MDW,2022-12-13 15:53,37.00,28.00,11.00,120.00,30.24,0.00,10.00,OVC
MDW,2022-12-13 16:53,37.00,28.00,11.00,120.00,30.23,0.00,10.00,OVC
MDW,2022-12-13 17:53,37.00,28.00,10.00,110.00,30.19,0.00,10.00,OVC
MDW,2022-12-13 18:53,37.00,28.00,13.00,100.00,30.15,0.00,10.00,OVC
MDW,2022-12-13 19:53,37.00,28.00,14.00,110.00,30.13,0.00,10.00,BKN
MDW,2022-12-13 20:53,37.00,28.00,14.00,110.00,30.13,0.00,10.00,BKN
MDW,2022-12-13 21:53,37.00,28.00,16.00,110.00,30.09,0.00,10.00,FEW
MDW,2022-12-13 22:53,37.00,28.00,16.00,100.00,30.08,0.00,10.00,FEW
MDW,2022-12-13 23:53,36.00,28.00,15.00,120.00,30.08,0.00,10.00,FEW
MDW,2022-12-14 00:53,36.00,28.00,14.00,110.00,30.06,0.00,10.00,FEW
MDW,2022-12-14 01:53,37.00,28.00,14.00,110.00,30.03,0.00,10.00,FEW
MDW,2022-12-14 02:53,37.00,28.90,13.00,140.00,30.05,T,10.00,FEW
MDW,2022-12-14 03:53,37.00,28.90,15.00,120.00,30.01,T,10.00,FEW
MDW,2022-12-14 04:53,37.00,30.00,17.00,110.00,29.96,0.02,10.00,FEW
MDW,2022-12-14 05:53,38.00,30.90,9.00,110.00,29.95,T,10.00,FEW
MDW,2022-12-14 06:53,39.00,30.90,15.00,120.00,29.93,0.00,10.00,FEW
MDW,2022-12-14 07:53,38.00,30.90,11.00,120.00,29.93,T,10.00,OVC
MDW,2022-12-14 08:53,38.00,32.00,11.00,100.00,29.91,0.02,6.00,OVC
MDW,2022-12-14 09:53,38.00,33.00,13.00,110.00,29.89,0.05,6.00,OVC
MDW,2022-12-14 10:53,38.00,33.00,16.00,110.00,29.88,0.09,6.00,OVC
MDW,2022-12-14 11:53,38.00,34.00,18.00,110.00,29.86,0.04,5.00,OVC
MDW,2022-12-14 12:53,38.00,35.00,13.00,120.00,29.85,0.04,6.00,BKN
MDW,2022-12-14 13:53,39.00,36.00,14.00,120.00,29.84,T,3.00,OVC
MDW,2022-12-14 14:53,39.00,37.00,12.00,130.00,29.84,0.01,2.50,OVC
MDW,2022-12-14 15:53,40.00,38.00,13.00,140.00,29.84,0.01,2.50,OVC
MDW,2022-12-14 16:53,42.00,39.00,13.00,130.00,29.80,T,7.00,OVC
MDW,2022-12-14 17:53,43.00,40.00,10.00,140.00,29.80,0.00,6.00,OVC
MDW,2022-12-14 18:53,43.00,41.00,11.00,130.00,29.76,T,2.50,OVC
MDW,2022-12-14 19:53,44.00,41.00,11.00,140.00,29.77,T,2.00,OVC
MDW,2022-12-14 20:53,44.00,42.00,10.00,110.00,29.74,0.01,4.00,OVC
MDW,2022-12-14 21:53,43.00,41.00,8.00,120.00,29.75,T,1.50,OVC
MDW,2022-12-14 22:53,43.00,41.00,10.00,120.00,29.73,T,1.75,OVC
MDW,2022-12-14 23:53,42.00,39.00,9.00,110.00,29.70,0.03,3.00,OVC
MDW,2022-12-15 00:53,40.00,37.00,13.00,100.00,29.66,0.03,4.00,OVC
MDW,2022-12-15 01:53,39.00,37.00,6.00,130.00,29.66,0.02,1.50,BKN
MDW,2022-12-15 02:53,38.00,36.00,9.00,100.00,29.58,0.15,5.00,BKN
MDW,2022-12-15 03:53,39.00,37.00,12.00,80.00,29.49,0.07,4.00,BKN
MDW,2022-12-15 04:53,38.00,38.00,6.00,120.00,29.45,0.18,3.00,OVC
MDW,2022-12-15 05:53,38.00,37.00,7.00,280.00,29.44,0.27,3.00,OVC
MDW,2022-12-15 06:53,37.00,37.00,4.00,300.00,29.43,0.12,6.00,SCT
MDW,2022-12-15 07:53,38.00,37.00,7.00,240.00,29.44,0.01,6.00,BKN
MDW,2022-12-15 08:53,37.00,35.00,8.00,230.00,29.44,T,6.00,FEW
MDW,2022-12-15 09:53,37.00,35.00,16.00,240.00,29.47,T,9.00,BKN
MDW,2022-12-15 10:53,36.00,36.00,11.00,240.00,29.50,0.00,9.00,OVC
MDW,2022-12-15 11:53,35.00,32.00,10.00,220.00,29.54,T,10.00,BKN
MDW,2022-12-15 12:53,34.00,30.00,11.00,220.00,29.56,0.00,10.00,FEW
MDW,2022-12-15 13:53,34.00,30.00,12.00,210.00,29.57,0.00,10.00,FEW
MDW,2022-12-15 14:53,35.00,30.00,10.00,200.00,29.58,0.00,10.00,BKN
MDW,2022-12-15 15:53,36.00,30.00,13.00,200.00,29.60,0.00,10.00,SCT
MDW,2022-12-15 16:53,36.00,30.00,13.00,220.00,29.59,0.00,10.00,SCT
MDW,2022-12-15 17:53,36.00,28.00,13.00,220.00,29.58,0.00,10.00,SCT
MDW,2022-12-15 18:53,37.00,26.10,13.00,210.00,29.57,0.00,10.00,SCT
MDW,2022-12-15 19:53,36.00,27.00,15.00,220.00,29.58,0.00,10.00,OVC
MDW,2022-12-15 20:53,36.00,26.10,14.00,230.00,29.60,T,10.00,BKN
MDW,2022-12-15 21:53,34.00,28.90,7.00,200.00,29.62,T,1.75,FEW
MDW,2022-12-15 22:53,32.00,30.00,10.00,230.00,29.64,0.03,1.00,BKN
MDW,2022-12-15 23:53,32.00,30.00,8.00,220.00,29.64,T,2.00,SCT
MDW,2022-12-16 00:53,32.00,28.00,11.00,220.00,29.65,T,3.00,FEW
MDW,2022-12-16 01:53,32.00,28.00,12.00,230.00,29.65,T,8.00,SCT
MDW,2022-12-16 02:53,32.00,27.00,11.00,230.00,29.66,T,9.00,BKN
MDW,2022-12-16 03:53,32.00,26.10,11.00,230.00,29.66,T,9.00,BKN
MDW,2022-12-16 04:53,30.90,24.10,13.00,230.00,29.67,T,10.00,BKN
MDW,2022-12-16 05:53,30.90,23.00,13.00,230.00,29.67,T,10.00,BKN
MDW,2022-12-16 06:53,30.90,24.10,12.00,210.00,29.66,T,10.00,FEW
MDW,2022-12-16 07:53,30.90,24.10,11.00,230.00,29.67,T,10.00,BKN
MDW,2022-12-16 08:53,30.90,24.10,11.00,220.00,29.68,T,10.00,BKN
MDW,2022-12-16 09:53,30.90,24.10,10.00,210.00,29.66,0.00,10.00,OVC
MDW,2022-12-16 10:53,30.90,24.10,9.00,220.00,29.64,0.00,10.00,OVC
MDW,2022-12-16 11:53,30.90,23.00,17.00,240.00,29.65,0.00,10.00,OVC
MDW,2022-12-16 12:53,30.00,23.00,13.00,230.00,29.65,0.00,10.00,OVC
MDW,2022-12-16 13:53,30.90,23.00,11.00,220.00,29.65,0.00,10.00,OVC
MDW,2022-12-16 14:53,30.90,23.00,11.00,200.00,29.65,T,4.00,OVC
MDW,2022-12-16 15:53,30.90,26.10,9.00,200.00,29.65,T,1.25,FEW
MDW,2022-12-16 16:53,30.00,24.10,15.00,260.00,29.65,0.01,1.25,BKN
MDW,2022-12-16 17:53,28.90,23.00,14.00,250.00,29.64,T,2.50,SCT
MDW,2022-12-16 18:53,28.90,23.00,11.00,240.00,29.64,T,2.50,SCT
MDW,2022-12-16 19:53,28.90,23.00,11.00,240.00,29.64,T,2.50,SCT
MDW,2022-12-16 20:53,28.00,23.00,10.00,250.00,29.66,T,2.50,BKN
MDW,2022-12-16 21:53,28.00,19.90,11.00,240.00,29.69,T,10.00,OVC
MDW,2022-12-16 22:53,28.00,19.90,12.00,240.00,29.70,T,9.00,SCT
MDW,2022-12-16 23:53,28.00,19.00,14.00,230.00,29.70,T,10.00,BKN
MDW,2022-12-17 00:53,28.00,19.00,16.00,240.00,29.70,T,10.00,OVC
MDW,2022-12-17 01:53,27.00,19.00,17.00,230.00,29.70,T,7.00,BKN
MDW,2022-12-17 02:53,27.00,19.90,14.00,230.00,29.70,T,4.00,SCT
MDW,2022-12-17 03:53,27.00,21.90,9.00,250.00,29.70,T,2.50,SCT
MDW,2022-12-17 04:53,27.00,19.00,15.00,240.00,29.70,T,10.00,SCT
MDW,2022-12-17 05:53,26.10,19.00,14.00,250.00,29.69,T,10.00,BKN
MDW,2022-12-17 06:53,26.10,18.00,16.00,250.00,29.69,T,10.00,OVC
MDW,2022-12-17 07:53,26.10,18.00,16.00,250.00,29.69,T,9.00,OVC
MDW,2022-12-17 08:53,25.00,19.90,13.00,240.00,29.71,T,3.00,SCT
MDW,2022-12-17 09:53,25.00,19.00,10.00,240.00,29.70,T,5.00,SCT
MDW,2022-12-17 10:53,25.00,19.00,13.00,240.00,29.71,T,9.00,SCT
MDW,2022-12-17 11:53,24.10,18.00,14.00,240.00,29.72,T,10.00,SCT
MDW,2022-12-17 12:53,25.00,17.10,15.00,230.00,29.73,T,10.00,BKN
MDW,2022-12-17 13:53,24.10,17.10,13.00,250.00,29.73,T,10.00,OVC
MDW,2022-12-17 14:53,24.10,17.10,9.00,260.00,29.73,T,10.00,OVC
MDW,2022-12-17 15:53,24.10,17.10,14.00,250.00,29.76,T,10.00,OVC
MDW,2022-12-17 16:53,24.10,18.00,16.00,240.00,29.77,T,10.00,OVC
MDW,2022-12-17 17:53,24.10,16.00,17.00,260.00,29.75,0.00,10.00,OVC
MDW,2022-12-17 18:53,24.10,16.00,14.00,260.00,29.75,0.00,10.00,OVC
MDW,2022-12-17 19:53,24.10,17.10,13.00,250.00,29.76,0.00,10.00,OVC
MDW,2022-12-17 20:53,24.10,17.10,16.00,250.00,29.79,0.00,10.00,OVC
MDW,2022-12-17 21:53,24.10,17.10,13.00,260.00,29.82,0.00,10.00,OVC
MDW,2022-12-17 22:53,24.10,16.00,16.00,260.00,29.85,T,10.00,OVC
MDW,2022-12-17 23:53,24.10,16.00,13.00,270.00,29.86,T,10.00,FEW
MDW,2022-12-18 00:53,23.00,17.10,13.00,270.00,29.88,T,10.00,OVC
MDW,2022-12-18 01:53,21.90,14.00,15.00,270.00,29.89,T,10.00,BKN
MDW,2022-12-18 02:53,21.90,14.00,14.00,270.00,29.90,T,10.00,OVC
MDW,2022-12-18 03:53,21.00,14.00,12.00,260.00,29.91,T,10.00,OVC
MDW,2022-12-18 04:53,21.00,14.00,12.00,260.00,29.92,T,10.00,OVC
MDW,2022-12-18 05:53,19.90,12.90,13.00,260.00,29.93,T,10.00,OVC
MDW,2022-12-18 06:53,19.00,12.00,13.00,270.00,29.95,T,10.00,OVC
MDW,2022-12-18 07:53,19.00,12.00,11.00,270.00,29.97,T,10.00,OVC
MDW,2022-12-18 08:53,18.00,10.90,11.00,270.00,29.99,T,10.00,OVC
MDW,2022-12-18 09:53,18.00,10.90,15.00,270.00,30.00,T,10.00,OVC
MDW,2022-12-18 10:53,17.10,10.90,12.00,260.00,30.02,T,10.00,OVC
MDW,2022-12-18 11:53,17.10,10.90,13.00,260.00,30.04,T,10.00,OVC
MDW,2022-12-18 12:53,16.00,10.00,10.00,260.00,30.06,T,10.00,BKN
MDW,2022-12-18 13:53,15.10,9.00,15.00,270.00,30.08,T,10.00,BKN
MDW,2022-12-18 14:53,15.10,9.00,10.00,260.00,30.11,T,10.00,SCT
MDW,2022-12-18 15:53,16.00,8.10,14.00,250.00,30.13,T,10.00,FEW
MDW,2022-12-18 16:53,17.10,9.00,15.00,240.00,30.14,0.00,10.00,FEW
MDW,2022-12-18 17:53,19.00,9.00,15.00,250.00,30.14,0.00,10.00,FEW
MDW,2022-12-18 18:53,19.90,10.90,15.00,250.00,30.14,0.00,10.00,FEW
MDW,2022-12-18 19:53,19.90,10.00,13.00,250.00,30.15,0.00,10.00,FEW
MDW,2022-12-18 20:53,21.00,10.90,13.00,250.00,30.18,0.00,10.00,FEW
MDW,2022-12-18 21:53,19.90,10.00,12.00,260.00,30.20,0.00,10.00,FEW
MDW,2022-12-18 22:53,19.00,10.00,12.00,270.00,30.22,0.00,10.00,FEW
MDW,2022-12-18 23:53,18.00,10.00,13.00,260.00,30.25,0.00,10.00,FEW
MDW,2022-12-19 00:53,17.10,9.00,14.00,280.00,30.26,0.00,10.00,CLR
MDW,2022-12-19 01:53,16.00,8.10,11.00,280.00,30.27,0.00,10.00,CLR
MDW,2022-12-19 02:53,16.00,7.00,9.00,290.00,30.28,0.00,10.00,CLR
MDW,2022-12-19 03:53,15.10,7.00,8.00,280.00,30.30,0.00,10.00,CLR
MDW,2022-12-19 04:53,14.00,6.00,5.00,290.00,30.31,0.00,10.00,CLR
MDW,2022-12-19 05:53,14.00,6.00,6.00,280.00,30.32,0.00,10.00,CLR
MDW,2022-12-19 06:53,14.00,6.00,6.00,280.00,30.34,0.00,10.00,CLR
MDW,2022-12-19 07:53,12.90,5.00,5.00,320.00,30.35,0.00,10.00,CLR
MDW,2022-12-19 08:53,12.00,5.00,5.00,290.00,30.38,0.00,10.00,CLR
MDW,2022-12-19 09:53,12.00,5.00,6.00,290.00,30.39,0.00,10.00,CLR
MDW,2022-12-19 10:53,12.00,4.00,7.00,300.00,30.41,0.00,10.00,FEW
MDW,2022-12-19 11:53,10.90,4.00,6.00,300.00,30.41,0.00,10.00,SCT
MDW,2022-12-19 12:53,10.00,4.00,3.00,280.00,30.42,0.00,10.00,FEW
MDW,2022-12-19 13:53,12.00,4.00,4.00,270.00,30.44,0.00,10.00,FEW
MDW,2022-12-19 14:53,12.90,5.00,3.00,300.00,30.46,0.00,10.00,FEW
MDW,2022-12-19 15:53,15.10,6.00,0.00,0.00,30.46,0.00,10.00,FEW
MDW,2022-12-19 16:53,18.00,8.10,3.00,230.00,30.46,0.00,10.00,SCT
MDW,2022-12-19 17:53,21.00,9.00,0.00,0.00,30.43,0.00,10.00,SCT
MDW,2022-12-19 18:53,23.00,9.00,3.00,140.00,30.41,0.00,10.00,BKN
MDW,2022-12-19 19:53,24.10,9.00,4.00,250.00,30.42,0.00,10.00,SCT
MDW,2022-12-19 20:53,25.00,10.90,0.00,0.00,30.42,0.00,10.00,BKN
MDW,2022-12-19 21:53,26.10,10.90,0.00,0.00,30.42,0.00,10.00,BKN
MDW,2022-12-19 22:53,26.10,10.90,5.00,200.00,30.43,0.00,10.00,SCT
MDW,2022-12-19 23:53,25.00,12.00,5.00,180.00,30.43,0.00,10.00,SCT
MDW,2022-12-20 00:53,25.00,12.90,6.00,170.00,30.43,0.00,10.00,FEW
MDW,2022-12-20 01:53,25.00,14.00,3.00,M,30.43,0.00,10.00,SCT
MDW,2022-12-20 02:53,25.00,16.00,9.00,130.00,30.41,0.00,10.00,SCT
MDW,2022-12-20 03:53,26.10,16.00,9.00,120.00,30.39,0.00,10.00,OVC
MDW,2022-12-20 04:53,26.10,16.00,6.00,180.00,30.40,0.00,10.00,OVC
MDW,2022-12-20 05:53,25.00,17.10,6.00,210.00,30.42,0.00,10.00,OVC
MDW,2022-12-20 06:53,25.00,17.10,5.00,230.00,30.42,0.00,10.00,OVC
MDW,2022-12-20 07:53,25.00,17.10,5.00,170.00,30.42,0.00,10.00,OVC
MDW,2022-12-20 08:53,24.10,17.10,6.00,200.00,30.42,0.00,10.00,OVC
MDW,2022-12-20 09:53,25.00,18.00,4.00,160.00,30.41,0.00,10.00,BKN
MDW,2022-12-20 10:53,25.00,18.00,3.00,200.00,30.42,0.00,10.00,OVC
MDW,2022-12-20 11:53,25.00,18.00,4.00,200.00,30.42,0.00,10.00,SCT
MDW,2022-12-20 12:53,25.00,18.00,6.00,180.00,30.42,0.00,10.00,SCT
MDW,2022-12-20 13:53,25.00,19.00,5.00,200.00,30.43,0.00,10.00,SCT
MDW,2022-12-20 14:53,26.10,19.90,5.00,M,30.44,0.00,10.00,SCT
MDW,2022-12-20 15:53,28.00,19.90,5.00,230.00,30.44,0.00,10.00,SCT
MDW,2022-12-20 16:53,30.90,21.90,7.00,270.00,30.45,0.00,10.00,BKN
MDW,2022-12-20 17:53,32.00,23.00,7.00,300.00,30.44,0.00,10.00,OVC
MDW,2022-12-20 18:53,32.00,23.00,5.00,300.00,30.43,0.00,10.00,OVC
MDW,2022-12-20 19:53,33.00,24.10,7.00,280.00,30.43,0.00,10.00,OVC
MDW,2022-12-20 20:53,33.00,25.00,4.00,290.00,30.44,0.00,9.00,OVC
MDW,2022-12-20 21:53,32.00,25.00,7.00,260.00,30.46,0.00,9.00,OVC
MDW,2022-12-20 22:53,30.90,25.00,7.00,290.00,30.46,0.00,10.00,OVC
MDW,2022-12-20 23:53,30.00,24.10,8.00,320.00,30.47,0.00,9.00,OVC
MDW,2022-12-21 00:53,28.90,23.00,6.00,320.00,30.47,0.00,9.00,OVC
MDW,2022-12-21 01:53,28.00,21.00,7.00,320.00,30.48,0.00,8.00,OVC
MDW,2022-12-21 02:53,28.00,19.90,9.00,330.00,30.47,0.00,9.00,BKN
MDW,2022-12-21 03:53,26.10,18.00,9.00,340.00,30.48,0.00,9.00,SCT
MDW,2022-12-21 04:53,23.00,16.00,6.00,330.00,30.48,0.00,10.00,FEW
MDW,2022-12-21 05:53,21.90,15.10,9.00,340.00,30.48,0.00,10.00,FEW
MDW,2022-12-21 06:53,19.90,12.00,9.00,320.00,30.48,0.00,10.00,BKN
MDW,2022-12-21 07:53,19.00,10.00,9.00,330.00,30.49,0.00,10.00,OVC
MDW,2022-12-21 08:53,18.00,6.00,6.00,320.00,30.49,0.00,10.00,OVC
MDW,2022-12-21 09:53,18.00,6.00,6.00,340.00,30.48,0.00,10.00,OVC
MDW,2022-12-21 10:53,18.00,8.10,6.00,360.00,30.47,0.00,10.00,OVC
MDW,2022-12-21 11:53,18.00,8.10,6.00,360.00,30.46,0.00,10.00,OVC
MDW,2022-12-21 12:53,17.10,9.00,4.00,360.00,30.47,0.00,10.00,OVC
MDW,2022-12-21 13:53,18.00,10.00,5.00,10.00,30.45,0.00,10.00,OVC
MDW,2022-12-21 14:53,19.90,12.00,7.00,350.00,30.44,0.00,10.00,SCT
MDW,2022-12-21 15:53,21.90,14.00,5.00,350.00,30.45,0.00,10.00,FEW
MDW,2022-12-21 16:53,24.10,17.10,4.00,330.00,30.42,0.00,10.00,BKN
MDW,2022-12-21 17:53,26.10,17.10,3.00,300.00,30.38,0.00,10.00,BKN
MDW,2022-12-21 18:53,27.00,19.00,4.00,360.00,30.34,0.00,10.00,OVC
MDW,2022-12-21 19:53,28.90,19.90,4.00,120.00,30.30,0.00,10.00,FEW
MDW,2022-12-21 20:53,30.90,21.90,7.00,140.00,30.28,0.00,9.00,FEW
MDW,2022-12-21 21:53,30.90,23.00,8.00,120.00,30.25,0.00,8.00,SCT
MDW,2022-12-21 22:53,30.90,24.10,5.00,130.00,30.23,0.00,8.00,OVC
MDW,2022-12-21 23:53,30.90,24.10,7.00,130.00,30.21,0.00,7.00,OVC
MDW,2022-12-22 00:53,32.00,25.00,4.00,140.00,30.21,0.00,6.00,OVC
MDW,2022-12-22 01:53,30.90,25.00,8.00,110.00,30.17,0.00,6.00,SCT
MDW,2022-12-22 02:53,32.00,26.10,6.00,120.00,30.14,0.00,6.00,FEW
MDW,2022-12-22 03:53,32.00,26.10,6.00,140.00,30.13,0.00,6.00,BKN
MDW,2022-12-22 04:53,32.00,26.10,7.00,140.00,30.10,0.00,7.00,BKN
MDW,2022-12-22 05:53,32.00,26.10,9.00,140.00,30.06,0.00,7.00,OVC
MDW,2022-12-22 06:53,33.00,26.10,6.00,170.00,30.02,0.00,7.00,OVC
MDW,2022-12-22 07:53,33.00,26.10,7.00,170.00,30.00,0.00,7.00,OVC
MDW,2022-12-22 08:53,32.00,26.10,4.00,160.00,29.98,0.00,7.00,OVC
MDW,2022-12-22 09:53,32.00,25.00,4.00,160.00,29.95,0.00,8.00,BKN
MDW,2022-12-22 10:53,32.00,25.00,4.00,170.00,29.93,0.00,8.00,OVC
MDW,2022-12-22 11:53,32.00,25.00,4.00,M,29.90,0.00,8.00,OVC
MDW,2022-12-22 12:53,32.00,25.00,5.00,200.00,29.89,0.00,8.00,BKN
MDW,2022-12-22 13:53,32.00,25.00,3.00,210.00,29.88,0.00,9.00,OVC
MDW,2022-12-22 14:53,33.00,26.10,6.00,230.00,29.87,0.00,9.00,OVC
MDW,2022-12-22 15:53,33.00,26.10,5.00,240.00,29.86,T,7.00,SCT
MDW,2022-12-22 16:53,33.00,26.10,5.00,270.00,29.83,T,7.00,SCT
MDW,2022-12-22 17:53,33.00,27.00,6.00,280.00,29.80,T,2.50,OVC
MDW,2022-12-22 18:53,26.10,21.90,13.00,290.00,29.76,T,1.75,OVC
MDW,2022-12-22 19:53,21.00,16.00,13.00,310.00,29.77,T,0.50,BKN
MDW,2022-12-22 20:53,16.00,10.90,13.00,290.00,29.79,T,0.50,FEW
MDW,2022-12-22 21:53,10.90,6.00,12.00,290.00,29.80,T,0.50,OVC
MDW,2022-12-22 22:53,7.00,1.90,14.00,290.00,29.82,T,0.50,OVC
MDW,2022-12-22 23:53,5.00,-0.90,15.00,300.00,29.84,T,0.50,VV 
MDW,2022-12-23 00:53,1.90,-5.00,15.00,300.00,29.84,T,1.75,OVC
MDW,2022-12-23 01:53,1.00,-6.00,17.00,290.00,29.85,T,1.50,OVC
MDW,2022-12-23 02:53,-0.90,-9.00,17.00,290.00,29.84,T,1.50,SCT
MDW,2022-12-23 03:53,-3.00,-11.00,16.00,300.00,29.84,T,5.00,SCT
MDW,2022-12-23 04:53,-4.00,-13.00,20.00,300.00,29.83,T,5.00,BKN
MDW,2022-12-23 05:53,-6.00,-15.00,22.00,290.00,29.83,0.00,6.00,BKN
MDW,2022-12-23 06:53,-8.00,-16.10,20.00,280.00,29.84,0.00,5.00,OVC
MDW,2022-12-23 07:53,-9.00,-17.00,21.00,280.00,29.84,0.00,5.00,OVC
MDW,2022-12-23 08:53,-9.00,-17.00,17.00,280.00,29.86,0.00,3.00,BKN
MDW,2022-12-23 09:53,-9.00,-17.00,19.00,280.00,29.85,0.00,3.00,OVC
MDW,2022-12-23 10:53,-9.00,-17.00,17.00,280.00,29.85,0.00,3.00,OVC
MDW,2022-12-23 11:53,-8.00,-17.00,23.00,280.00,29.85,0.00,3.00,OVC
MDW,2022-12-23 12:53,-8.00,-16.10,14.00,270.00,29.85,0.00,4.00,OVC
MDW,2022-12-23 13:53,-7.00,-15.00,19.00,270.00,29.87,0.00,3.00,BKN
MDW,2022-12-23 14:53,-6.00,-13.00,24.00,270.00,29.87,0.00,1.00,VV 
MDW,2022-12-23 15:53,-5.00,-14.10,22.00,270.00,29.88,0.00,3.00,BKN
MDW,2022-12-23 16:53,-4.00,-13.00,22.00,270.00,29.87,0.00,3.00,OVC
MDW,2022-12-23 17:53,-3.00,-11.90,23.00,280.00,29.85,0.00,1.75,OVC
MDW,2022-12-23 18:53,-2.00,-11.00,24.00,270.00,29.86,0.00,1.75,OVC
MDW,2022-12-23 19:53,-2.00,-9.90,25.00,270.00,29.86,0.00,1.25,OVC
MDW,2022-12-23 20:53,-2.00,-11.00,23.00,280.00,29.87,0.00,1.50,OVC
MDW,2022-12-23 21:53,-2.00,-11.90,26.00,280.00,29.88,0.00,1.50,OVC
MDW,2022-12-23 22:53,-0.90,-8.00,16.00,280.00,29.88,T,1.25,OVC
MDW,2022-12-23 23:53,-0.90,-11.90,19.00,280.00,29.90,T,3.00,OVC
MDW,2022-12-24 00:53,-0.90,-11.00,21.00,270.00,29.90,T,3.00,OVC
MDW,2022-12-24 01:53,-0.90,-9.90,22.00,280.00,29.90,T,2.50,OVC
MDW,2022-12-24 02:53,-0.90,-9.00,22.00,280.00,29.89,T,3.00,OVC
MDW,2022-12-24 03:53,-0.90,-9.90,18.00,270.00,29.89,T,6.00,BKN
MDW,2022-12-24 04:53,-0.90,-9.90,21.00,270.00,29.88,0.00,5.00,BKN
MDW,2022-12-24 05:53,-0.90,-9.90,19.00,280.00,29.89,T,5.00,OVC
MDW,2022-12-24 06:53,-0.90,-9.90,16.00,280.00,29.87,0.00,5.00,BKN
MDW,2022-12-24 07:53,-0.90,-8.00,17.00,280.00,29.89,0.00,4.00,OVC
MDW,2022-12-24 08:53,0.00,-8.00,17.00,270.00,29.88,0.00,4.00,OVC
MDW,2022-12-24 09:53,0.00,-8.00,18.00,270.00,29.89,0.00,6.00,OVC
MDW,2022-12-24 10:53,0.00,-8.00,14.00,280.00,29.89,0.00,9.00,OVC
MDW,2022-12-24 11:53,1.00,-7.00,16.00,270.00,29.89,0.00,7.00,OVC
MDW,2022-12-24 12:53,1.00,-7.00,15.00,270.00,29.90,0.00,7.00,SCT
MDW,2022-12-24 13:53,1.90,-6.00,13.00,270.00,29.92,0.00,7.00,BKN
MDW,2022-12-24 14:53,3.00,-5.00,15.00,290.00,29.93,0.00,7.00,BKN
MDW,2022-12-24 15:53,5.00,-4.00,23.00,290.00,29.95,0.00,10.00,SCT
MDW,2022-12-24 16:53,7.00,-3.00,16.00,280.00,29.94,0.00,10.00,SCT
MDW,2022-12-24 17:53,9.00,-0.90,23.00,260.00,29.94,0.00,10.00,SCT
MDW,2022-12-24 18:53,10.90,0.00,22.00,260.00,29.91,0.00,10.00,FEW
MDW,2022-12-24 19:53,12.00,1.00,20.00,260.00,29.91,0.00,10.00,FEW
MDW,2022-12-24 20:53,12.90,0.00,22.00,270.00,29.93,0.00,10.00,FEW
MDW,2022-12-24 21:53,12.90,-0.90,22.00,270.00,29.93,0.00,10.00,FEW
MDW,2022-12-24 22:53,12.00,-0.90,16.00,270.00,29.95,0.00,10.00,CLR
MDW,2022-12-24 23:53,12.00,-0.90,19.00,270.00,29.96,0.00,10.00,CLR
MDW,2022-12-25 00:53,10.90,-0.90,15.00,280.00,29.96,0.00,10.00,CLR
MDW,2022-12-25 01:53,10.00,-3.00,16.00,280.00,29.95,0.00,10.00,CLR
MDW,2022-12-25 02:53,9.00,-3.00,17.00,280.00,29.98,0.00,10.00,CLR
MDW,2022-12-25 03:53,8.10,-4.00,11.00,280.00,29.97,0.00,10.00,CLR
MDW,2022-12-25 04:53,7.00,-5.00,11.00,280.00,30.00,0.00,10.00,CLR
MDW,2022-12-25 05:53,6.00,-5.00,13.00,270.00,29.99,0.00,10.00,CLR
MDW,2022-12-25 06:53,5.00,-5.00,16.00,280.00,30.00,0.00,10.00,CLR
MDW,2022-12-25 07:53,5.00,-6.00,14.00,270.00,30.00,0.00,10.00,CLR
MDW,2022-12-25 08:53,4.00,-5.00,12.00,270.00,30.02,0.00,10.00,CLR
MDW,2022-12-25 09:53,4.00,-6.00,13.00,270.00,30.02,0.00,10.00,CLR
MDW,2022-12-25 10:53,3.00,-6.00,9.00,270.00,30.04,0.00,10.00,CLR
MDW,2022-12-25 11:53,3.00,-6.00,13.00,280.00,30.04,0.00,10.00,CLR
MDW,2022-12-25 12:53,1.90,-7.00,12.00,270.00,30.05,0.00,10.00,FEW
MDW,2022-12-25 13:53,1.90,-7.00,9.00,270.00,30.06,0.00,10.00,FEW
MDW,2022-12-25 14:53,4.00,-6.00,9.00,280.00,30.07,0.00,10.00,FEW
MDW,2022-12-25 15:53,6.00,-6.00,9.00,280.00,30.09,0.00,10.00,FEW
MDW,2022-12-25 16:53,8.10,-4.00,14.00,270.00,30.08,0.00,10.00,FEW
MDW,2022-12-25 17:53,10.00,-2.00,11.00,280.00,30.05,0.00,10.00,FEW
MDW,2022-12-25 18:53,12.00,-0.90,14.00,270.00,30.05,0.00,10.00,FEW
MDW,2022-12-25 19:53,14.00,1.00,11.00,270.00,30.04,0.00,10.00,FEW
MDW,2022-12-25 20:53,12.90,1.90,13.00,260.00,30.06,0.00,10.00,FEW
MDW,2022-12-25 21:53,12.90,1.90,14.00,260.00,30.06,0.00,10.00,FEW
MDW,2022-12-25 22:53,12.00,3.00,12.00,250.00,30.07,0.00,10.00,FEW
MDW,2022-12-25 23:53,12.90,4.00,9.00,250.00,30.06,0.00,10.00,BKN
MDW,2022-12-26 00:53,12.90,4.00,10.00,260.00,30.07,0.00,10.00,FEW
MDW,2022-12-26 01:53,12.90,4.00,9.00,250.00,30.07,0.00,10.00,BKN
MDW,2022-12-26 02:53,12.90,4.00,10.00,250.00,30.07,0.00,10.00,BKN
MDW,2022-12-26 03:53,12.90,4.00,11.00,260.00,30.09,0.00,10.00,FEW
MDW,2022-12-26 04:53,12.90,3.00,9.00,250.00,30.08,0.00,10.00,FEW
MDW,2022-12-26 05:53,14.00,4.00,12.00,250.00,30.08,0.00,10.00,BKN
MDW,2022-12-26 06:53,16.00,4.00,10.00,250.00,30.06,0.00,10.00,OVC
MDW,2022-12-26 07:53,16.00,4.00,8.00,260.00,30.07,0.00,10.00,OVC
MDW,2022-12-26 08:53,17.10,4.00,3.00,270.00,30.07,0.00,10.00,BKN
MDW,2022-12-26 09:53,17.10,5.00,0.00,0.00,30.07,0.00,10.00,BKN
MDW,2022-12-26 10:53,17.10,5.00,0.00,0.00,30.09,T,10.00,OVC
MDW,2022-12-26 11:53,17.10,5.00,0.00,0.00,30.10,T,9.00,OVC
MDW,2022-12-26 12:53,17.10,8.10,4.00,150.00,30.12,T,6.00,OVC
MDW,2022-12-26 13:53,16.00,10.00,3.00,100.00,30.14,T,9.00,FEW
MDW,2022-12-26 14:53,17.10,10.00,3.00,M,30.15,T,4.00,BKN
MDW,2022-12-26 15:53,17.10,12.00,3.00,170.00,30.15,T,4.00,OVC
MDW,2022-12-26 16:53,19.00,12.90,0.00,0.00,30.15,T,10.00,SCT
MDW,2022-12-26 17:53,19.90,12.90,5.00,340.00,30.15,T,9.00,OVC
MDW,2022-12-26 18:53,19.90,12.90,4.00,320.00,30.14,T,10.00,FEW
MDW,2022-12-26 19:53,21.00,12.90,5.00,M,30.16,T,10.00,BKN
MDW,2022-12-26 20:53,21.00,12.00,3.00,340.00,30.16,T,9.00,SCT
MDW,2022-12-26 21:53,21.90,12.00,4.00,310.00,30.18,T,10.00,FEW
MDW,2022-12-26 22:53,21.90,12.00,0.00,0.00,30.19,0.00,10.00,FEW
MDW,2022-12-26 23:53,21.00,12.00,6.00,310.00,30.22,0.00,10.00,BKN
MDW,2022-12-27 00:53,21.00,10.90,4.00,280.00,30.24,0.00,10.00,BKN
MDW,2022-12-27 01:53,19.90,10.90,10.00,320.00,30.25,0.00,10.00,BKN
MDW,2022-12-27 02:53,16.00,8.10,3.00,300.00,30.24,0.00,10.00,FEW
MDW,2022-12-27 03:53,15.10,7.00,5.00,300.00,30.25,0.00,10.00,FEW
MDW,2022-12-27 04:53,14.00,7.00,5.00,300.00,30.25,0.00,10.00,FEW
MDW,2022-12-27 05:53,12.00,6.00,3.00,280.00,30.25,0.00,10.00,CLR
MDW,2022-12-27 06:53,12.00,6.00,5.00,280.00,30.25,0.00,10.00,CLR
MDW,2022-12-27 07:53,10.90,6.00,5.00,230.00,30.24,0.00,10.00,CLR
MDW,2022-12-27 08:53,9.00,5.00,5.00,250.00,30.25,0.00,10.00,CLR
MDW,2022-12-27 09:53,9.00,5.00,7.00,240.00,30.26,0.00,10.00,SCT
MDW,2022-12-27 10:53,9.00,4.00,5.00,230.00,30.24,0.00,10.00,SCT
MDW,2022-12-27 11:53,8.10,4.00,6.00,250.00,30.24,0.00,10.00,BKN
MDW,2022-12-27 12:53,9.00,4.00,6.00,210.00,30.23,0.00,10.00,FEW
MDW,2022-12-27 13:53,9.00,5.00,7.00,210.00,30.22,0.00,10.00,FEW
MDW,2022-12-27 14:53,12.00,7.00,10.00,210.00,30.20,0.00,10.00,FEW
MDW,2022-12-27 15:53,14.00,6.00,11.00,210.00,30.20,0.00,10.00,FEW
MDW,2022-12-27 16:53,18.00,8.10,9.00,200.00,30.18,0.00,10.00,BKN
MDW,2022-12-27 17:53,21.00,9.00,9.00,230.00,30.16,0.00,10.00,FEW
MDW,2022-12-27 18:53,21.00,10.00,13.00,200.00,30.11,0.00,10.00,FEW
MDW,2022-12-27 19:53,21.90,12.00,14.00,200.00,30.07,0.00,10.00,SCT
MDW,2022-12-27 20:53,23.00,12.90,15.00,200.00,30.05,0.00,10.00,FEW
MDW,2022-12-27 21:53,24.10,14.00,13.00,200.00,30.03,0.00,10.00,BKN
MDW,2022-12-27 22:53,23.00,15.10,11.00,190.00,30.01,0.00,10.00,BKN
MDW,2022-12-27 23:53,23.00,16.00,16.00,180.00,29.98,0.00,10.00,BKN
MDW,2022-12-28 00:53,23.00,18.00,16.00,180.00,29.97,0.00,10.00,SCT
MDW,2022-12-28 01:53,24.10,18.00,15.00,190.00,29.94,0.00,10.00,SCT
MDW,2022-12-28 02:53,24.10,19.00,19.00,190.00,29.91,0.00,10.00,SCT
MDW,2022-12-28 03:53,25.00,19.00,18.00,200.00,29.90,0.00,10.00,FEW
MDW,2022-12-28 04:53,25.00,19.00,17.00,200.00,29.89,0.00,10.00,BKN
MDW,2022-12-28 05:53,26.10,19.00,15.00,200.00,29.89,0.00,10.00,BKN
MDW,2022-12-28 06:53,25.00,19.00,15.00,200.00,29.88,0.00,10.00,BKN
MDW,2022-12-28 07:53,25.00,19.00,13.00,200.00,29.88,0.00,10.00,BKN
MDW,2022-12-28 08:53,26.10,19.90,12.00,200.00,29.88,0.00,10.00,BKN
MDW,2022-12-28 09:53,27.00,19.90,13.00,210.00,29.86,0.00,10.00,BKN
MDW,2022-12-28 10:53,28.00,21.00,13.00,200.00,29.86,0.00,10.00,BKN
MDW,2022-12-28 11:53,28.90,21.00,14.00,190.00,29.85,0.00,10.00,BKN
MDW,2022-12-28 12:53,30.00,21.90,13.00,190.00,29.84,0.00,10.00,BKN
MDW,2022-12-28 13:53,30.00,21.90,12.00,180.00,29.85,0.00,10.00,BKN
MDW,2022-12-28 14:53,30.90,23.00,11.00,190.00,29.86,0.00,10.00,BKN
MDW,2022-12-28 15:53,34.00,24.10,15.00,190.00,29.84,0.00,10.00,BKN
MDW,2022-12-28 16:53,37.00,25.00,18.00,210.00,29.84,0.00,10.00,BKN
MDW,2022-12-28 17:53,40.00,27.00,16.00,200.00,29.81,0.00,10.00,BKN
MDW,2022-12-28 18:53,42.00,28.00,15.00,190.00,29.78,0.00,10.00,BKN
MDW,2022-12-28 19:53,44.00,28.90,15.00,190.00,29.76,0.00,10.00,BKN
MDW,2022-12-28 20:53,44.00,30.00,18.00,190.00,29.74,0.00,10.00,SCT
MDW,2022-12-28 21:53,44.00,30.00,19.00,190.00,29.75,0.00,10.00,FEW
MDW,2022-12-28 22:53,44.00,30.90,16.00,190.00,29.74,0.00,10.00,FEW
MDW,2022-12-28 23:53,44.00,32.00,14.00,190.00,29.75,0.00,10.00,SCT
MDW,2022-12-29 00:53,44.00,33.00,13.00,200.00,29.77,0.00,10.00,BKN
MDW,2022-12-29 01:53,45.00,33.00,20.00,200.00,29.76,0.00,10.00,SCT
MDW,2022-12-29 02:53,45.00,35.00,20.00,200.00,29.78,0.00,10.00,SCT
MDW,2022-12-29 03:53,44.00,35.00,16.00,200.00,29.79,0.00,10.00,SCT
MDW,2022-12-29 04:53,44.00,36.00,15.00,200.00,29.80,0.00,10.00,SCT
MDW,2022-12-29 05:53,44.00,36.00,16.00,200.00,29.79,0.00,10.00,SCT
MDW,2022-12-29 06:53,44.00,37.00,14.00,200.00,29.78,0.00,10.00,FEW
MDW,2022-12-29 07:53,44.00,37.00,15.00,200.00,29.79,0.00,10.00,FEW
MDW,2022-12-29 08:53,45.00,38.00,15.00,200.00,29.80,0.00,10.00,FEW
MDW,2022-12-29 09:53,46.00,38.00,16.00,200.00,29.79,0.00,10.00,FEW
MDW,2022-12-29 10:53,46.00,39.00,15.00,210.00,29.80,0.00,10.00,SCT
MDW,2022-12-29 11:53,47.00,40.00,13.00,210.00,29.81,0.00,10.00,BKN
MDW,2022-12-29 12:53,47.00,41.00,13.00,200.00,29.82,0.00,10.00,FEW
MDW,2022-12-29 13:53,47.00,42.00,14.00,200.00,29.83,0.00,10.00,BKN
MDW,2022-12-29 14:53,50.00,44.00,10.00,200.00,29.85,0.00,10.00,OVC
MDW,2022-12-29 15:53,52.00,47.00,15.00,210.00,29.85,0.00,10.00,OVC
MDW,2022-12-29 16:53,54.00,48.00,18.00,210.00,29.85,0.00,10.00,OVC
MDW,2022-12-29 17:53,55.00,49.00,14.00,200.00,29.83,0.00,10.00,OVC
MDW,2022-12-29 18:53,56.00,50.00,13.00,200.00,29.82,0.00,10.00,OVC
MDW,2022-12-29 19:53,57.00,50.00,13.00,200.00,29.82,0.00,10.00,BKN
MDW,2022-12-29 20:53,57.00,51.00,11.00,190.00,29.81,0.00,10.00,BKN
MDW,2022-12-29 21:53,54.00,50.00,13.00,180.00,29.82,0.00,10.00,BKN
MDW,2022-12-29 22:53,54.00,50.00,14.00,190.00,29.84,0.00,10.00,BKN
MDW,2022-12-29 23:53,55.00,50.00,13.00,180.00,29.84,0.00,10.00,BKN
MDW,2022-12-30 00:53,55.00,50.00,16.00,190.00,29.85,0.00,10.00,OVC
MDW,2022-12-30 01:53,56.00,51.00,18.00,200.00,29.86,0.00,10.00,OVC
MDW,2022-12-30 02:53,55.00,51.00,17.00,200.00,29.87,0.00,9.00,OVC
MDW,2022-12-30 03:53,55.00,52.00,14.00,200.00,29.87,T,9.00,OVC
MDW,2022-12-30 04:53,56.00,52.00,21.00,200.00,29.87,T,9.00,OVC
MDW,2022-12-30 05:53,56.00,53.00,15.00,200.00,29.87,T,5.00,OVC
MDW,2022-12-30 06:53,56.00,53.00,15.00,210.00,29.86,T,6.00,OVC
MDW,2022-12-30 07:53,57.00,53.00,13.00,210.00,29.87,0.00,6.00,OVC
MDW,2022-12-30 08:53,56.00,53.00,11.00,210.00,29.88,0.00,7.00,OVC
MDW,2022-12-30 09:53,56.00,49.00,17.00,250.00,29.90,0.00,10.00,SCT
MDW,2022-12-30 10:53,52.00,40.00,12.00,260.00,29.91,0.00,10.00,FEW
MDW,2022-12-30 11:53,49.00,37.00,11.00,260.00,29.93,0.00,10.00,FEW
MDW,2022-12-30 12:53,47.00,37.00,10.00,270.00,29.94,0.00,10.00,FEW
MDW,2022-12-30 13:53,45.00,36.00,10.00,240.00,29.97,0.00,10.00,FEW
MDW,2022-12-30 14:53,43.00,35.00,10.00,260.00,29.99,0.00,10.00,FEW
MDW,2022-12-30 15:53,41.00,34.00,7.00,260.00,30.01,0.00,9.00,BKN
MDW,2022-12-30 16:53,39.00,33.00,8.00,280.00,30.01,0.00,8.00,BKN
MDW,2022-12-30 17:53,39.00,33.00,7.00,260.00,29.98,0.00,7.00,BKN
MDW,2022-12-30 18:53,39.00,32.00,8.00,240.00,29.99,0.00,7.00,BKN
MDW,2022-12-30 19:53,39.00,32.00,6.00,280.00,29.98,0.00,10.00,BKN
MDW,2022-12-30 20:53,38.00,32.00,7.00,260.00,29.99,0.00,9.00,BKN
MDW,2022-12-30 21:53,38.00,32.00,5.00,270.00,29.99,0.00,9.00,BKN
MDW,2022-12-30 22:53,37.00,30.90,5.00,280.00,30.00,0.00,9.00,BKN
MDW,2022-12-30 23:53,37.00,30.90,5.00,270.00,30.00,0.00,9.00,BKN
