station,valid,tmpf,dwpf,sknt,drct,alti,p01i,skyc1
LAX,2026-01-01 00:53,59.00,55.00,9.00,60.00,29.97,null,OVC
LAX,2026-01-01 01:53,59.00,56.00,9.00,60.00,29.98,0.00,OVC
LAX,2026-01-01 02:53,58.00,56.00,10.00,60.00,29.99,0.00,BKN
LAX,2026-01-01 03:53,57.00,55.00,10.00,60.00,30.00,0.03,SCT
LAX,2026-01-01 04:53,57.00,55.00,10.00,60.00,30.01,0.02,FEW
LAX,2026-01-01 05:53,57.00,55.00,10.00,70.00,30.02,0.03,SCT
LAX,2026-01-01 06:53,57.00,56.00,8.00,80.00,30.02,0.01,SCT
LAX,2026-01-01 07:53,58.00,56.00,7.00,70.00,30.01,0.00,BKN
LAX,2026-01-01 08:53,57.00,56.00,9.00,70.00,29.99,0.00,SCT
LAX,2026-01-01 09:53,58.00,56.00,9.00,80.00,29.99,null,FEW
LAX,2026-01-01 10:53,57.00,56.00,7.00,90.00,30.00,0.11,FEW
LAX,2026-01-01 11:53,58.00,57.00,6.00,80.00,29.99,0.07,SCT
LAX,2026-01-01 12:53,58.00,57.00,8.00,90.00,29.98,0.08,FEW
LAX,2026-01-01 13:53,58.00,57.00,7.00,90.00,29.98,0.07,SCT
LAX,2026-01-01 14:53,59.00,58.00,5.00,100.00,29.99,0.25,SCT
LAX,2026-01-01 15:53,60.00,59.00,15.00,260.00,30.02,0.21,OVC
LAX,2026-01-01 16:53,61.00,59.00,12.00,250.00,30.05,0.04,FEW
LAX,2026-01-01 17:53,62.00,60.00,9.00,240.00,30.07,0.01,FEW
LAX,2026-01-01 18:53,63.00,59.00,8.00,240.00,30.07,0.00,FEW
LAX,2026-01-01 19:53,62.00,58.00,11.00,250.00,30.07,0.00,FEW
LAX,2026-01-01 20:53,64.00,58.00,6.00,240.00,30.05,0.00,SCT
LAX,2026-01-01 21:53,64.00,58.00,8.00,260.00,30.05,0.00,FEW
LAX,2026-01-01 22:53,63.00,57.00,6.00,260.00,30.06,0.00,FEW
LAX,2026-01-01 23:53,62.00,58.00,6.00,240.00,30.07,0.00,FEW
LAX,2026-01-02 00:53,61.00,57.00,5.00,230.00,30.06,0.00,FEW
LAX,2026-01-02 01:53,60.00,57.00,8.00,270.00,30.07,0.00,FEW
LAX,2026-01-02 02:53,60.00,56.00,5.00,290.00,30.08,0.00,FEW
LAX,2026-01-02 03:53,59.00,56.00,3.00,250.00,30.08,0.00,FEW
LAX,2026-01-02 04:53,59.00,58.00,4.00,10.00,30.09,0.00,FEW
LAX,2026-01-02 05:53,59.00,57.00,3.00,null,30.10,0.00,FEW
LAX,2026-01-02 06:53,58.00,56.00,3.00,100.00,30.10,0.00,FEW
LAX,2026-01-02 07:53,60.00,55.00,0.00,0.00,30.08,0.00,FEW
LAX,2026-01-02 08:53,56.00,53.00,3.00,90.00,30.08,0.00,FEW
LAX,2026-01-02 09:53,55.00,53.00,0.00,0.00,30.08,0.00,FEW
LAX,2026-01-02 10:53,54.00,52.00,0.00,0.00,30.07,0.00,FEW
LAX,2026-01-02 11:53,55.00,53.00,5.00,50.00,30.06,0.00,FEW
LAX,2026-01-02 12:53,56.00,52.00,3.00,40.00,30.05,0.00,FEW
LAX,2026-01-02 13:53,57.00,52.00,5.00,50.00,30.06,0.00,FEW
LAX,2026-01-02 14:53,57.00,52.00,4.00,80.00,30.06,0.00,FEW
LAX,2026-01-02 15:53,57.00,53.00,3.00,50.00,30.06,0.00,BKN
LAX,2026-01-02 16:53,60.00,53.00,8.00,30.00,30.07,0.00,BKN
LAX,2026-01-02 17:53,62.00,54.00,5.00,60.00,30.10,0.00,SCT
LAX,2026-01-02 18:53,64.00,56.00,6.00,90.00,30.09,0.00,SCT
LAX,2026-01-02 19:53,64.00,58.00,8.00,130.00,30.07,null,SCT
LAX,2026-01-02 20:53,62.00,60.00,8.00,70.00,30.04,0.02,SCT
LAX,2026-01-02 21:53,63.00,61.00,8.00,50.00,30.03,0.03,BKN
LAX,2026-01-02 22:53,63.00,62.00,7.00,90.00,30.02,0.01,OVC
LAX,2026-01-02 23:53,64.00,62.00,10.00,110.00,30.00,null,FEW
LAX,2026-01-03 00:53,64.00,62.00,9.00,110.00,30.03,0.00,FEW
LAX,2026-01-03 01:53,63.00,61.00,6.00,130.00,30.05,null,FEW
LAX,2026-01-03 02:53,63.00,61.00,7.00,160.00,30.05,0.04,SCT
LAX,2026-01-03 03:53,62.00,60.00,8.00,200.00,30.04,null,FEW
LAX,2026-01-03 04:53,61.00,58.00,5.00,220.00,30.06,null,FEW
LAX,2026-01-03 05:53,61.00,59.00,3.00,220.00,30.06,0.01,FEW
LAX,2026-01-03 06:53,61.00,58.00,3.00,230.00,30.06,0.00,FEW
LAX,2026-01-03 07:53,61.00,58.00,0.00,0.00,30.06,0.00,FEW
LAX,2026-01-03 08:53,60.00,58.00,0.00,0.00,30.06,0.00,FEW
LAX,2026-01-03 09:53,59.00,58.00,0.00,0.00,30.06,0.00,FEW
LAX,2026-01-03 10:53,56.00,56.00,3.00,70.00,30.05,0.00,FEW
LAX,2026-01-03 11:53,56.00,56.00,3.00,90.00,30.04,0.00,FEW
LAX,2026-01-03 12:53,57.00,57.00,5.00,80.00,30.03,0.00,FEW
LAX,2026-01-03 13:53,58.00,57.00,5.00,90.00,30.04,0.00,FEW
LAX,2026-01-03 14:53,58.00,57.00,5.00,110.00,30.04,0.00,SCT
LAX,2026-01-03 15:53,58.00,58.00,6.00,90.00,30.04,0.00,FEW
LAX,2026-01-03 16:53,60.00,58.00,6.00,100.00,30.06,0.00,SCT
LAX,2026-01-03 17:53,62.00,59.00,10.00,90.00,30.06,0.00,FEW
LAX,2026-01-03 18:53,62.00,57.00,5.00,90.00,30.06,0.00,FEW
LAX,2026-01-03 19:53,63.00,56.00,9.00,130.00,30.02,null,FEW
LAX,2026-01-03 20:53,63.00,55.00,12.00,130.00,29.97,0.00,FEW
LAX,2026-01-03 21:53,60.00,57.00,7.00,150.00,29.97,0.03,SCT
LAX,2026-01-03 22:53,58.00,56.00,8.00,110.00,29.97,0.10,SCT
LAX,2026-01-03 23:53,58.00,57.00,8.00,90.00,29.97,0.04,BKN
LAX,2026-01-04 00:53,59.00,57.00,11.00,110.00,29.96,0.03,BKN
LAX,2026-01-04 01:53,59.00,58.00,8.00,110.00,29.98,0.00,BKN
LAX,2026-01-04 02:53,58.00,58.00,4.00,70.00,29.98,0.03,BKN
LAX,2026-01-04 03:53,59.00,58.00,4.00,80.00,29.99,null,BKN
LAX,2026-01-04 04:53,59.00,58.00,4.00,30.00,30.00,0.00,BKN
LAX,2026-01-04 05:53,58.00,57.00,0.00,0.00,30.02,0.00,BKN
LAX,2026-01-04 06:53,59.00,56.00,0.00,0.00,30.03,0.00,BKN
LAX,2026-01-04 07:53,59.00,56.00,3.00,180.00,30.02,0.00,BKN
LAX,2026-01-04 08:53,58.00,57.00,3.00,110.00,30.03,0.00,FEW
LAX,2026-01-04 09:53,57.00,56.00,3.00,90.00,30.03,0.00,FEW
LAX,2026-01-04 10:53,57.00,56.00,0.00,0.00,30.00,0.00,FEW
LAX,2026-01-04 11:53,57.00,55.00,0.00,0.00,30.00,0.00,FEW
LAX,2026-01-04 12:53,57.00,56.00,4.00,240.00,30.01,0.00,BKN
LAX,2026-01-04 13:53,57.00,56.00,6.00,90.00,30.01,0.02,FEW
LAX,2026-01-04 14:53,56.00,55.00,0.00,0.00,30.02,0.00,FEW
LAX,2026-01-04 15:53,57.00,56.00,4.00,null,30.03,null,FEW
LAX,2026-01-04 16:53,57.00,56.00,4.00,120.00,30.05,0.02,SCT
LAX,2026-01-04 17:53,59.00,57.00,6.00,130.00,30.06,0.02,FEW
LAX,2026-01-04 18:53,60.00,57.00,7.00,110.00,30.05,0.00,FEW
LAX,2026-01-04 19:53,61.00,57.00,5.00,140.00,30.03,0.00,SCT
LAX,2026-01-04 20:53,61.00,56.00,8.00,180.00,30.01,0.00,FEW
LAX,2026-01-04 21:53,62.00,55.00,4.00,null,29.98,0.00,FEW
LAX,2026-01-04 22:53,61.00,55.00,10.00,200.00,29.99,0.00,SCT
LAX,2026-01-04 23:53,61.00,55.00,7.00,190.00,29.99,null,SCT
LAX,2026-01-05 00:53,59.00,56.00,0.00,0.00,29.98,0.07,BKN
LAX,2026-01-05 01:53,60.00,56.00,9.00,220.00,29.99,0.01,SCT
LAX,2026-01-05 02:53,59.00,54.00,8.00,290.00,30.00,0.10,FEW
LAX,2026-01-05 03:53,58.00,54.00,0.00,0.00,30.00,0.00,FEW
LAX,2026-01-05 04:53,58.00,55.00,4.00,80.00,30.01,0.00,FEW
LAX,2026-01-05 05:53,58.00,55.00,4.00,30.00,30.02,0.00,BKN
LAX,2026-01-05 06:53,58.00,54.00,3.00,null,30.02,0.00,FEW
LAX,2026-01-05 07:53,58.00,54.00,4.00,110.00,30.02,0.00,FEW
LAX,2026-01-05 08:53,56.00,55.00,4.00,70.00,30.01,0.00,FEW
LAX,2026-01-05 09:53,55.00,54.00,4.00,100.00,30.01,0.00,FEW
LAX,2026-01-05 10:53,55.00,54.00,4.00,20.00,30.02,0.00,FEW
LAX,2026-01-05 11:53,54.00,53.00,3.00,60.00,30.01,0.00,FEW
LAX,2026-01-05 12:53,54.00,54.00,3.00,70.00,30.02,0.00,BKN
LAX,2026-01-05 13:53,54.00,53.00,3.00,null,30.03,0.00,FEW
LAX,2026-01-05 14:53,54.00,52.00,3.00,90.00,30.05,0.00,FEW
LAX,2026-01-05 15:53,54.00,53.00,3.00,null,30.05,0.00,FEW
LAX,2026-01-05 16:53,57.00,54.00,7.00,100.00,30.08,0.00,FEW
LAX,2026-01-05 17:53,57.00,55.00,6.00,80.00,30.10,0.00,SCT
LAX,2026-01-05 18:53,60.00,54.00,4.00,120.00,30.11,0.00,SCT
LAX,2026-01-05 19:53,61.00,53.00,3.00,190.00,30.08,0.00,SCT
LAX,2026-01-05 20:53,64.00,54.00,3.00,null,30.06,0.00,FEW
LAX,2026-01-05 21:53,63.00,52.00,9.00,240.00,30.04,0.00,FEW
LAX,2026-01-05 22:53,62.00,51.00,7.00,260.00,30.04,0.00,FEW
LAX,2026-01-05 23:53,61.00,52.00,8.00,260.00,30.04,0.00,FEW
LAX,2026-01-06 00:53,59.00,52.00,6.00,240.00,30.04,0.00,FEW
LAX,2026-01-06 01:53,59.00,52.00,5.00,230.00,30.06,0.00,FEW
LAX,2026-01-06 02:53,59.00,52.00,0.00,0.00,30.07,0.00,FEW
LAX,2026-01-06 03:53,58.00,53.00,0.00,0.00,30.08,0.00,SCT
LAX,2026-01-06 04:53,58.00,53.00,3.00,30.00,30.09,0.00,FEW
LAX,2026-01-06 05:53,57.00,53.00,3.00,50.00,30.09,0.00,FEW
LAX,2026-01-06 06:53,57.00,53.00,4.00,50.00,30.09,null,FEW
LAX,2026-01-06 07:53,58.00,54.00,3.00,null,30.08,0.03,FEW
LAX,2026-01-06 08:53,57.00,54.00,0.00,0.00,30.07,null,FEW
LAX,2026-01-06 09:53,56.00,53.00,3.00,80.00,30.08,0.02,FEW
LAX,2026-01-06 10:53,55.00,53.00,5.00,90.00,30.08,0.00,FEW
LAX,2026-01-06 11:53,54.00,52.00,5.00,80.00,30.07,0.00,FEW
LAX,2026-01-06 12:53,55.00,51.00,6.00,70.00,30.06,0.00,FEW
LAX,2026-01-06 13:53,54.00,51.00,8.00,70.00,30.07,0.00,FEW
LAX,2026-01-06 14:53,53.00,50.00,6.00,90.00,30.10,0.00,FEW
LAX,2026-01-06 15:53,54.00,51.00,4.00,70.00,30.09,0.00,FEW
LAX,2026-01-06 16:53,57.00,50.00,7.00,60.00,30.10,0.00,FEW
LAX,2026-01-06 17:53,58.00,51.00,5.00,30.00,30.10,0.00,FEW
LAX,2026-01-06 18:53,60.00,51.00,6.00,40.00,30.08,0.00,FEW
LAX,2026-01-06 19:53,62.00,52.00,4.00,50.00,30.04,0.00,FEW
LAX,2026-01-06 20:53,63.00,51.00,5.00,190.00,30.03,0.00,FEW
LAX,2026-01-06 21:53,65.00,51.00,0.00,0.00,30.00,0.00,FEW
LAX,2026-01-06 22:53,63.00,52.00,6.00,260.00,30.00,0.00,FEW
LAX,2026-01-06 23:53,65.00,50.00,0.00,0.00,29.99,0.00,FEW
LAX,2026-01-07 00:53,61.00,53.00,7.00,260.00,29.99,0.00,FEW
LAX,2026-01-07 01:53,60.00,53.00,5.00,250.00,30.00,0.00,FEW
LAX,2026-01-07 02:53,59.00,51.00,5.00,260.00,30.02,0.00,FEW
LAX,2026-01-07 03:53,59.00,52.00,0.00,0.00,30.01,0.00,FEW
LAX,2026-01-07 04:53,60.00,53.00,3.00,210.00,30.01,0.00,FEW
LAX,2026-01-07 05:53,61.00,52.00,5.00,330.00,30.01,0.00,FEW
LAX,2026-01-07 06:53,59.00,50.00,3.00,null,29.99,0.00,FEW
LAX,2026-01-07 07:53,58.00,50.00,0.00,0.00,29.98,0.00,FEW
LAX,2026-01-07 08:53,56.00,50.00,0.00,0.00,29.97,0.00,FEW
LAX,2026-01-07 09:53,54.00,49.00,0.00,0.00,29.97,0.00,FEW
LAX,2026-01-07 10:53,52.00,49.00,5.00,90.00,29.97,0.00,FEW
LAX,2026-01-07 11:53,54.00,48.00,3.00,20.00,29.96,0.00,FEW
LAX,2026-01-07 12:53,55.00,47.00,0.00,0.00,29.96,0.00,FEW
LAX,2026-01-07 13:53,53.00,47.00,4.00,100.00,29.94,0.00,FEW
LAX,2026-01-07 14:53,54.00,46.00,3.00,360.00,29.95,0.00,FEW
LAX,2026-01-07 15:53,55.00,46.00,3.00,80.00,29.96,0.00,FEW
LAX,2026-01-07 16:53,59.00,48.00,3.00,310.00,29.97,0.00,FEW
LAX,2026-01-07 17:53,62.00,52.00,7.00,260.00,29.98,0.00,FEW
LAX,2026-01-07 18:53,63.00,52.00,8.00,260.00,29.96,0.00,FEW
LAX,2026-01-07 19:53,64.00,54.00,9.00,230.00,29.92,0.00,FEW
LAX,2026-01-07 20:53,64.00,52.00,12.00,240.00,29.91,0.00,FEW
LAX,2026-01-07 21:53,64.00,48.00,13.00,250.00,29.89,0.00,FEW
LAX,2026-01-07 22:53,63.00,50.00,14.00,260.00,29.89,0.00,FEW
LAX,2026-01-07 23:53,62.00,52.00,17.00,260.00,29.90,0.00,FEW
LAX,2026-01-08 00:53,60.00,53.00,12.00,260.00,29.91,0.00,FEW
LAX,2026-01-08 01:53,61.00,47.00,5.00,320.00,29.91,0.00,CLR
LAX,2026-01-08 02:53,62.00,38.00,9.00,330.00,29.93,0.00,CLR
LAX,2026-01-08 03:53,60.00,38.00,8.00,360.00,29.94,0.00,CLR
LAX,2026-01-08 04:53,60.00,39.00,8.00,340.00,29.96,0.00,CLR
LAX,2026-01-08 05:53,61.00,39.00,11.00,330.00,29.97,0.00,CLR
LAX,2026-01-08 06:53,60.00,39.00,8.00,340.00,29.99,0.00,CLR
LAX,2026-01-08 07:53,60.00,39.00,7.00,330.00,29.99,0.00,CLR
LAX,2026-01-08 08:53,58.00,39.00,7.00,310.00,30.01,0.00,CLR
LAX,2026-01-08 09:53,55.00,39.00,0.00,0.00,30.01,0.00,CLR
LAX,2026-01-08 10:53,53.00,40.00,4.00,50.00,30.03,0.00,CLR
LAX,2026-01-08 11:53,53.00,44.00,0.00,0.00,30.01,0.00,FEW
LAX,2026-01-08 12:53,51.00,46.00,0.00,0.00,30.01,0.00,FEW
LAX,2026-01-08 13:53,49.00,45.00,3.00,80.00,30.02,0.00,FEW
LAX,2026-01-08 14:53,50.00,43.00,3.00,40.00,30.04,0.00,FEW
LAX,2026-01-08 15:53,53.00,43.00,0.00,0.00,30.04,0.00,FEW
LAX,2026-01-08 16:53,57.00,38.00,9.00,330.00,30.06,0.00,FEW
LAX,2026-01-08 17:53,59.00,38.00,7.00,330.00,30.07,0.00,FEW
LAX,2026-01-08 18:53,60.00,37.00,7.00,260.00,30.06,0.00,FEW
LAX,2026-01-08 19:53,62.00,36.00,8.00,320.00,30.04,0.00,FEW
LAX,2026-01-08 20:53,62.00,33.00,11.00,340.00,30.02,0.00,FEW
LAX,2026-01-08 21:53,62.00,32.00,17.00,310.00,30.01,0.00,FEW
LAX,2026-01-08 22:53,62.00,30.00,21.00,310.00,30.00,0.00,FEW
LAX,2026-01-08 23:53,61.00,30.00,13.00,320.00,30.02,0.00,FEW
LAX,2026-01-09 00:53,59.00,30.00,13.00,330.00,30.03,0.00,FEW
LAX,2026-01-09 01:53,57.00,28.00,11.00,290.00,30.07,0.00,CLR
LAX,2026-01-09 02:53,56.00,28.00,11.00,320.00,30.10,0.00,CLR
LAX,2026-01-09 03:53,55.00,27.00,12.00,330.00,30.12,0.00,CLR
LAX,2026-01-09 04:53,55.00,25.00,9.00,340.00,30.12,0.00,CLR
LAX,2026-01-09 05:53,54.00,25.00,8.00,320.00,30.15,0.00,CLR
LAX,2026-01-09 06:53,54.00,24.00,7.00,320.00,30.17,0.00,CLR
LAX,2026-01-09 07:53,51.00,25.00,6.00,90.00,30.19,0.00,CLR
LAX,2026-01-09 08:53,51.00,30.00,6.00,50.00,30.21,0.00,CLR
LAX,2026-01-09 09:53,50.00,30.00,0.00,0.00,30.22,0.00,CLR
LAX,2026-01-09 10:53,51.00,27.00,0.00,0.00,30.23,0.00,CLR
LAX,2026-01-09 11:53,51.00,27.00,4.00,190.00,30.24,0.00,CLR
LAX,2026-01-09 12:53,49.00,20.00,4.00,160.00,30.25,0.00,FEW
LAX,2026-01-09 13:53,46.00,26.00,0.00,0.00,30.28,0.00,FEW
LAX,2026-01-09 14:53,46.00,28.00,0.00,0.00,30.30,0.00,FEW
LAX,2026-01-09 15:53,48.00,27.00,3.00,null,30.32,0.00,FEW
LAX,2026-01-09 16:53,53.00,27.00,3.00,null,30.33,0.00,FEW
LAX,2026-01-09 17:53,57.00,18.00,6.00,140.00,30.34,0.00,FEW
LAX,2026-01-09 18:53,60.00,19.00,6.00,150.00,30.33,0.00,FEW
LAX,2026-01-09 19:53,61.00,27.00,7.00,240.00,30.31,0.00,FEW
LAX,2026-01-09 20:53,61.00,29.00,7.00,240.00,30.30,0.00,FEW
LAX,2026-01-09 21:53,62.00,28.00,6.00,180.00,30.30,0.00,FEW
LAX,2026-01-09 22:53,62.00,29.00,5.00,210.00,30.31,0.00,FEW
LAX,2026-01-09 23:53,60.00,32.00,7.00,240.00,30.32,0.00,FEW
LAX,2026-01-10 00:53,59.00,29.00,4.00,270.00,30.33,0.00,FEW
LAX,2026-01-10 01:53,58.00,35.00,5.00,290.00,30.34,0.00,CLR
LAX,2026-01-10 02:53,57.00,40.00,4.00,240.00,30.35,0.00,CLR
LAX,2026-01-10 03:53,57.00,39.00,0.00,0.00,30.36,0.00,CLR
LAX,2026-01-10 04:53,54.00,39.00,3.00,360.00,30.37,0.00,CLR
LAX,2026-01-10 05:53,52.00,40.00,4.00,50.00,30.39,0.00,CLR
LAX,2026-01-10 06:53,49.00,38.00,3.00,70.00,30.40,0.00,CLR
LAX,2026-01-10 07:53,51.00,36.00,6.00,100.00,30.39,0.00,CLR
LAX,2026-01-10 08:53,51.00,34.00,0.00,0.00,30.40,0.00,CLR
LAX,2026-01-10 09:53,46.00,34.00,4.00,110.00,30.40,0.00,CLR
LAX,2026-01-10 10:53,47.00,34.00,3.00,50.00,30.40,0.00,CLR
LAX,2026-01-10 11:53,47.00,31.00,0.00,0.00,30.39,0.00,CLR
LAX,2026-01-10 12:53,44.00,32.00,0.00,0.00,30.39,0.00,CLR
LAX,2026-01-10 13:53,46.00,29.00,3.00,120.00,30.40,0.00,CLR
LAX,2026-01-10 14:53,45.00,29.00,3.00,350.00,30.40,0.00,CLR
LAX,2026-01-10 15:53,48.00,30.00,4.00,90.00,30.40,0.00,FEW
LAX,2026-01-10 16:53,51.00,32.00,4.00,110.00,30.41,0.00,FEW
LAX,2026-01-10 17:53,58.00,31.00,6.00,110.00,30.41,0.00,FEW
LAX,2026-01-10 18:53,64.00,26.00,0.00,0.00,30.39,0.00,FEW
LAX,2026-01-10 19:53,67.00,23.00,0.00,0.00,30.34,0.00,FEW
LAX,2026-01-10 20:53,67.00,32.00,9.00,250.00,30.31,0.00,FEW
LAX,2026-01-10 21:53,66.00,33.00,7.00,240.00,30.29,0.00,SCT
LAX,2026-01-10 22:53,68.00,35.00,5.00,260.00,30.28,0.00,SCT
LAX,2026-01-10 23:53,70.00,27.00,0.00,0.00,30.27,0.00,SCT
LAX,2026-01-11 00:53,66.00,30.00,5.00,280.00,30.27,0.00,SCT
LAX,2026-01-11 01:53,64.00,29.00,0.00,0.00,30.28,0.00,FEW
LAX,2026-01-11 02:53,61.00,30.00,4.00,350.00,30.28,0.00,FEW
LAX,2026-01-11 03:53,62.00,21.00,8.00,340.00,30.28,0.00,FEW
LAX,2026-01-11 04:53,58.00,25.00,0.00,0.00,30.29,0.00,CLR
LAX,2026-01-11 05:53,57.00,25.00,0.00,0.00,30.29,0.00,CLR
LAX,2026-01-11 06:53,58.00,28.00,0.00,0.00,30.28,0.00,CLR
LAX,2026-01-11 07:53,59.00,26.00,5.00,null,30.27,0.00,CLR
LAX,2026-01-11 08:53,56.00,26.00,4.00,null,30.26,0.00,CLR
LAX,2026-01-11 09:53,52.00,27.00,0.00,0.00,30.26,0.00,CLR
LAX,2026-01-11 10:53,52.00,25.00,3.00,30.00,30.25,0.00,CLR
LAX,2026-01-11 11:53,54.00,24.00,8.00,350.00,30.23,0.00,CLR
LAX,2026-01-11 12:53,45.00,28.00,4.00,60.00,30.22,0.00,CLR
LAX,2026-01-11 13:53,50.00,27.00,3.00,90.00,30.23,0.00,CLR
LAX,2026-01-11 14:53,48.00,28.00,4.00,40.00,30.24,0.00,FEW
LAX,2026-01-11 15:53,53.00,28.00,0.00,0.00,30.24,0.00,FEW
LAX,2026-01-11 16:53,62.00,26.00,6.00,10.00,30.25,0.00,FEW
LAX,2026-01-11 17:53,65.00,29.00,6.00,40.00,30.25,0.00,FEW
LAX,2026-01-11 18:53,68.00,25.00,4.00,70.00,30.23,0.00,FEW
LAX,2026-01-11 19:53,71.00,26.00,3.00,80.00,30.20,0.00,FEW
LAX,2026-01-11 20:53,74.00,31.00,0.00,0.00,30.18,0.00,FEW
LAX,2026-01-11 21:53,73.00,32.00,10.00,270.00,30.16,0.00,FEW
LAX,2026-01-11 22:53,69.00,39.00,10.00,260.00,30.15,0.00,FEW
LAX,2026-01-11 23:53,66.00,36.00,9.00,260.00,30.16,0.00,FEW
LAX,2026-01-12 00:53,65.00,36.00,4.00,290.00,30.16,0.00,FEW
LAX,2026-01-12 01:53,64.00,38.00,0.00,0.00,30.17,0.00,FEW
LAX,2026-01-12 02:53,64.00,35.00,5.00,90.00,30.18,0.00,CLR
LAX,2026-01-12 03:53,64.00,33.00,5.00,80.00,30.19,0.00,CLR
LAX,2026-01-12 04:53,63.00,29.00,5.00,null,30.19,0.00,CLR
LAX,2026-01-12 05:53,64.00,24.00,6.00,290.00,30.20,0.00,CLR
LAX,2026-01-12 06:53,65.00,24.00,4.00,null,30.20,0.00,FEW
LAX,2026-01-12 07:53,56.00,31.00,3.00,null,30.21,0.00,FEW
LAX,2026-01-12 08:53,57.00,31.00,3.00,350.00,30.21,0.00,FEW
LAX,2026-01-12 09:53,56.00,30.00,5.00,10.00,30.21,0.00,FEW
LAX,2026-01-12 10:53,52.00,32.00,0.00,0.00,30.21,0.00,FEW
LAX,2026-01-12 11:53,52.00,31.00,3.00,70.00,30.20,0.00,FEW
LAX,2026-01-12 12:53,48.00,33.00,3.00,100.00,30.20,0.00,FEW
LAX,2026-01-12 13:53,50.00,33.00,0.00,0.00,30.20,0.00,FEW
LAX,2026-01-12 14:53,50.00,33.00,4.00,80.00,30.21,0.00,FEW
LAX,2026-01-12 15:53,53.00,34.00,3.00,60.00,30.22,0.00,FEW
LAX,2026-01-12 16:53,58.00,34.00,4.00,80.00,30.24,0.00,FEW
LAX,2026-01-12 17:53,64.00,36.00,0.00,0.00,30.23,0.00,FEW
LAX,2026-01-12 18:53,68.00,31.00,0.00,0.00,30.21,0.00,FEW
LAX,2026-01-12 19:53,72.00,33.00,3.00,290.00,30.17,0.00,FEW
LAX,2026-01-12 20:53,71.00,32.00,6.00,260.00,30.15,0.00,FEW
LAX,2026-01-12 21:53,70.00,33.00,6.00,260.00,30.14,0.00,FEW
LAX,2026-01-12 22:53,70.00,31.00,6.00,230.00,30.13,0.00,FEW
LAX,2026-01-12 23:53,68.00,29.00,6.00,250.00,30.13,0.00,FEW
LAX,2026-01-13 00:53,64.00,31.00,5.00,260.00,30.13,0.00,FEW
LAX,2026-01-13 01:53,64.00,36.00,3.00,350.00,30.15,0.00,FEW
LAX,2026-01-13 02:53,64.00,33.00,3.00,340.00,30.15,0.00,CLR
LAX,2026-01-13 03:53,60.00,35.00,0.00,0.00,30.16,0.00,CLR
LAX,2026-01-13 04:53,60.00,34.00,3.00,140.00,30.17,0.00,CLR
LAX,2026-01-13 05:53,59.00,35.00,0.00,0.00,30.18,0.00,CLR
LAX,2026-01-13 06:53,59.00,36.00,0.00,0.00,30.18,0.00,CLR
LAX,2026-01-13 07:53,56.00,37.00,0.00,0.00,30.18,0.00,CLR
LAX,2026-01-13 08:53,54.00,37.00,3.00,350.00,30.17,0.00,CLR
LAX,2026-01-13 09:53,54.00,37.00,0.00,0.00,30.17,0.00,CLR
LAX,2026-01-13 10:53,53.00,36.00,0.00,0.00,30.17,0.00,CLR
LAX,2026-01-13 11:53,49.00,37.00,0.00,0.00,30.16,0.00,CLR
LAX,2026-01-13 12:53,48.00,36.00,0.00,0.00,30.17,0.00,CLR
LAX,2026-01-13 13:53,50.00,36.00,3.00,70.00,30.18,0.00,CLR
LAX,2026-01-13 14:53,52.00,31.00,5.00,90.00,30.19,0.00,CLR
LAX,2026-01-13 15:53,56.00,32.00,0.00,0.00,30.20,0.00,CLR
LAX,2026-01-13 16:53,63.00,33.00,3.00,360.00,30.20,0.00,CLR
LAX,2026-01-13 17:53,69.00,33.00,3.00,340.00,30.21,0.00,CLR
LAX,2026-01-13 18:53,74.00,32.00,0.00,0.00,30.20,0.00,FEW
LAX,2026-01-13 19:53,77.00,29.00,6.00,290.00,30.17,0.00,FEW
LAX,2026-01-13 20:53,79.00,31.00,9.00,260.00,30.15,0.00,FEW
LAX,2026-01-13 21:53,77.00,28.00,9.00,230.00,30.13,0.00,FEW
LAX,2026-01-13 22:53,70.00,47.00,10.00,250.00,30.13,0.00,FEW
LAX,2026-01-13 23:53,71.00,42.00,8.00,260.00,30.13,0.00,FEW
LAX,2026-01-14 00:53,67.00,46.00,6.00,230.00,30.13,0.00,FEW
LAX,2026-01-14 01:53,66.00,45.00,0.00,0.00,30.14,0.00,FEW
LAX,2026-01-14 02:53,65.00,48.00,0.00,0.00,30.14,0.00,CLR
LAX,2026-01-14 03:53,64.00,49.00,3.00,180.00,30.15,0.00,CLR
LAX,2026-01-14 04:53,63.00,49.00,0.00,0.00,30.15,0.00,CLR
LAX,2026-01-14 05:53,61.00,48.00,0.00,0.00,30.16,0.00,CLR
LAX,2026-01-14 06:53,61.00,46.00,0.00,0.00,30.16,0.00,CLR
LAX,2026-01-14 07:53,57.00,43.00,4.00,90.00,30.16,0.00,CLR
LAX,2026-01-14 08:53,57.00,42.00,3.00,40.00,30.15,0.00,CLR
LAX,2026-01-14 09:53,54.00,42.00,5.00,120.00,30.16,0.00,CLR
LAX,2026-01-14 10:53,51.00,44.00,0.00,0.00,30.16,0.00,CLR
LAX,2026-01-14 11:53,53.00,43.00,0.00,0.00,30.13,0.00,CLR
LAX,2026-01-14 12:53,54.00,43.00,3.00,70.00,30.12,0.00,CLR
LAX,2026-01-14 13:53,51.00,44.00,4.00,60.00,30.14,0.00,CLR
LAX,2026-01-14 14:53,54.00,46.00,4.00,100.00,30.14,0.00,FEW
LAX,2026-01-14 15:53,57.00,39.00,0.00,0.00,30.15,0.00,FEW
LAX,2026-01-14 16:53,62.00,39.00,4.00,100.00,30.14,0.00,FEW
LAX,2026-01-14 17:53,68.00,40.00,6.00,110.00,30.15,0.00,FEW
LAX,2026-01-14 18:53,73.00,43.00,0.00,0.00,30.13,0.00,FEW
LAX,2026-01-14 19:53,77.00,38.00,3.00,null,30.09,0.00,FEW
LAX,2026-01-14 20:53,79.00,43.00,7.00,250.00,30.06,0.00,FEW
LAX,2026-01-14 21:53,74.00,45.00,7.00,260.00,30.05,0.00,FEW
LAX,2026-01-14 22:53,70.00,49.00,8.00,260.00,30.05,0.00,FEW
LAX,2026-01-14 23:53,69.00,48.00,6.00,240.00,30.04,0.00,FEW
LAX,2026-01-15 00:53,68.00,48.00,6.00,300.00,30.03,0.00,FEW
LAX,2026-01-15 01:53,67.00,50.00,5.00,210.00,30.04,0.00,FEW
LAX,2026-01-15 02:53,66.00,48.00,0.00,0.00,30.05,0.00,CLR
LAX,2026-01-15 03:53,64.00,51.00,4.00,110.00,30.06,0.00,CLR
LAX,2026-01-15 04:53,63.00,46.00,5.00,80.00,30.07,0.00,CLR
LAX,2026-01-15 05:53,64.00,43.00,5.00,90.00,30.09,0.00,CLR
LAX,2026-01-15 06:53,61.00,44.00,5.00,100.00,30.10,0.00,CLR
LAX,2026-01-15 07:53,61.00,44.00,4.00,120.00,30.09,0.00,CLR
LAX,2026-01-15 08:53,59.00,44.00,0.00,0.00,30.07,0.00,CLR
LAX,2026-01-15 09:53,53.00,44.00,3.00,90.00,30.06,0.00,CLR
LAX,2026-01-15 10:53,58.00,40.00,0.00,0.00,30.04,0.00,CLR
LAX,2026-01-15 11:53,55.00,40.00,0.00,0.00,30.02,0.00,CLR
LAX,2026-01-15 12:53,56.00,38.00,3.00,80.00,30.02,0.00,CLR
LAX,2026-01-15 13:53,57.00,36.00,3.00,null,30.03,0.00,CLR
LAX,2026-01-15 14:53,61.00,33.00,3.00,40.00,30.04,0.00,FEW
LAX,2026-01-15 15:53,62.00,36.00,3.00,null,30.05,0.00,FEW
LAX,2026-01-15 16:53,68.00,35.00,8.00,40.00,30.06,0.00,FEW
LAX,2026-01-15 17:53,74.00,34.00,8.00,20.00,30.07,0.00,FEW
LAX,2026-01-15 18:53,78.00,35.00,8.00,30.00,30.04,0.00,FEW
LAX,2026-01-15 19:53,81.00,36.00,4.00,20.00,30.01,0.00,FEW
LAX,2026-01-15 20:53,82.00,36.00,4.00,null,29.98,0.00,FEW
LAX,2026-01-15 21:53,78.00,46.00,10.00,260.00,29.96,0.00,FEW
LAX,2026-01-15 22:53,77.00,41.00,8.00,260.00,29.96,0.00,FEW
LAX,2026-01-15 23:53,73.00,41.00,11.00,270.00,29.95,0.00,FEW
LAX,2026-01-16 00:53,69.00,42.00,7.00,260.00,29.95,0.00,FEW
LAX,2026-01-16 01:53,70.00,40.00,3.00,290.00,29.95,0.00,CLR
LAX,2026-01-16 02:53,66.00,46.00,5.00,260.00,29.95,0.00,CLR
LAX,2026-01-16 03:53,64.00,46.00,5.00,240.00,29.97,0.00,CLR
LAX,2026-01-16 04:53,64.00,47.00,0.00,0.00,29.98,0.00,CLR
LAX,2026-01-16 05:53,64.00,46.00,0.00,0.00,29.98,0.00,CLR
LAX,2026-01-16 06:53,65.00,46.00,3.00,10.00,29.98,0.00,CLR
LAX,2026-01-16 07:53,61.00,43.00,6.00,60.00,29.98,0.00,CLR
LAX,2026-01-16 08:53,58.00,43.00,3.00,120.00,29.98,0.00,CLR
LAX,2026-01-16 09:53,56.00,43.00,4.00,90.00,29.98,0.00,CLR
LAX,2026-01-16 10:53,55.00,43.00,4.00,100.00,29.97,0.00,CLR
LAX,2026-01-16 11:53,58.00,41.00,3.00,70.00,29.97,0.00,CLR
LAX,2026-01-16 12:53,55.00,42.00,0.00,0.00,29.98,0.00,FEW
LAX,2026-01-16 13:53,55.00,42.00,3.00,70.00,29.98,0.00,CLR
LAX,2026-01-16 14:53,57.00,44.00,3.00,100.00,29.98,0.00,FEW
LAX,2026-01-16 15:53,58.00,41.00,0.00,0.00,30.00,0.00,FEW
LAX,2026-01-16 16:53,63.00,44.00,0.00,0.00,30.02,0.00,FEW
LAX,2026-01-16 17:53,69.00,42.00,3.00,30.00,30.03,0.00,FEW
LAX,2026-01-16 18:53,74.00,41.00,0.00,0.00,30.01,0.00,FEW
LAX,2026-01-16 19:53,77.00,40.00,4.00,100.00,29.99,0.00,FEW
LAX,2026-01-16 20:53,73.00,53.00,8.00,270.00,29.96,0.00,FEW
LAX,2026-01-16 21:53,72.00,50.00,9.00,250.00,29.95,0.00,FEW
LAX,2026-01-16 22:53,73.00,47.00,7.00,250.00,29.94,0.00,FEW
LAX,2026-01-16 23:53,70.00,48.00,10.00,260.00,29.94,0.00,FEW
LAX,2026-01-17 00:53,66.00,47.00,8.00,260.00,29.95,0.00,SCT
LAX,2026-01-17 01:53,63.00,50.00,8.00,270.00,29.96,0.00,BKN
LAX,2026-01-17 02:53,62.00,54.00,3.00,240.00,29.97,0.00,BKN
LAX,2026-01-17 03:53,64.00,51.00,0.00,0.00,29.97,0.00,BKN
LAX,2026-01-17 04:53,63.00,49.00,6.00,150.00,29.99,0.00,BKN
LAX,2026-01-17 05:53,61.00,47.00,0.00,0.00,30.01,0.00,BKN
LAX,2026-01-17 06:53,67.00,42.00,0.00,0.00,30.01,0.00,BKN
LAX,2026-01-17 07:53,61.00,45.00,3.00,90.00,30.01,0.00,BKN
LAX,2026-01-17 08:53,55.00,45.00,0.00,0.00,30.03,0.00,FEW
LAX,2026-01-17 09:53,60.00,38.00,0.00,0.00,30.03,0.00,FEW
LAX,2026-01-17 10:53,57.00,38.00,0.00,0.00,30.03,0.00,FEW
LAX,2026-01-17 11:53,54.00,36.00,4.00,120.00,30.02,0.00,FEW
LAX,2026-01-17 12:53,52.00,42.00,3.00,70.00,30.03,0.00,FEW
LAX,2026-01-17 13:53,56.00,31.00,3.00,40.00,30.04,0.00,FEW
LAX,2026-01-17 14:53,59.00,29.00,3.00,50.00,30.05,0.00,FEW
LAX,2026-01-17 15:53,58.00,34.00,3.00,70.00,30.06,0.00,FEW
LAX,2026-01-17 16:53,66.00,32.00,0.00,0.00,30.08,0.00,FEW
LAX,2026-01-17 17:53,70.00,35.00,0.00,0.00,30.09,0.00,FEW
LAX,2026-01-17 18:53,76.00,35.00,5.00,null,30.08,0.00,FEW
LAX,2026-01-17 19:53,70.00,47.00,7.00,240.00,30.07,0.00,FEW
LAX,2026-01-17 20:53,72.00,44.00,7.00,250.00,30.04,0.00,FEW
LAX,2026-01-17 21:53,73.00,42.00,8.00,260.00,30.03,0.00,FEW
LAX,2026-01-17 22:53,71.00,42.00,5.00,260.00,30.04,0.00,FEW
LAX,2026-01-17 23:53,72.00,40.00,7.00,270.00,30.04,0.00,FEW
LAX,2026-01-18 00:53,68.00,45.00,0.00,0.00,30.05,0.00,SCT
LAX,2026-01-18 01:53,68.00,43.00,0.00,0.00,30.06,0.00,SCT
LAX,2026-01-18 02:53,62.00,50.00,5.00,260.00,30.08,0.00,SCT
LAX,2026-01-18 03:53,64.00,48.00,0.00,0.00,30.09,0.00,SCT
LAX,2026-01-18 04:53,63.00,47.00,0.00,0.00,30.10,0.00,SCT
LAX,2026-01-18 05:53,62.00,41.00,3.00,10.00,30.11,0.00,SCT
LAX,2026-01-18 06:53,67.00,36.00,4.00,50.00,30.12,0.00,SCT
LAX,2026-01-18 07:53,63.00,33.00,4.00,60.00,30.11,0.00,SCT
LAX,2026-01-18 08:53,64.00,30.00,3.00,70.00,30.11,0.00,CLR
LAX,2026-01-18 09:53,60.00,30.00,3.00,40.00,30.11,0.00,SCT
LAX,2026-01-18 10:53,60.00,30.00,7.00,20.00,30.10,0.00,SCT
LAX,2026-01-18 11:53,61.00,29.00,3.00,20.00,30.09,0.00,CLR
LAX,2026-01-18 12:53,57.00,30.00,4.00,30.00,30.09,0.00,FEW
LAX,2026-01-18 13:53,59.00,29.00,3.00,20.00,30.09,0.00,FEW
LAX,2026-01-18 14:53,59.00,29.00,3.00,50.00,30.10,0.00,FEW
LAX,2026-01-18 15:53,60.00,31.00,4.00,80.00,30.11,0.00,FEW
LAX,2026-01-18 16:53,63.00,33.00,4.00,80.00,30.12,0.00,FEW
LAX,2026-01-18 17:53,72.00,29.00,5.00,340.00,30.13,0.00,FEW
LAX,2026-01-18 18:53,74.00,31.00,4.00,320.00,30.12,0.00,FEW
LAX,2026-01-18 19:53,76.00,33.00,5.00,260.00,30.09,0.00,FEW
LAX,2026-01-18 20:53,74.00,43.00,7.00,250.00,30.05,0.00,SCT
LAX,2026-01-18 21:53,75.00,36.00,9.00,260.00,30.03,0.00,SCT
LAX,2026-01-18 22:53,71.00,44.00,10.00,260.00,30.03,0.00,FEW
LAX,2026-01-18 23:53,64.00,49.00,11.00,250.00,30.03,0.00,FEW
LAX,2026-01-19 00:53,65.00,50.00,6.00,260.00,30.02,0.00,FEW
LAX,2026-01-19 01:53,63.00,46.00,6.00,260.00,30.02,0.00,FEW
LAX,2026-01-19 02:53,62.00,50.00,4.00,260.00,30.02,0.00,FEW
LAX,2026-01-19 03:53,63.00,48.00,0.00,0.00,30.02,0.00,CLR
LAX,2026-01-19 04:53,61.00,47.00,4.00,130.00,30.03,0.00,CLR
LAX,2026-01-19 05:53,61.00,47.00,3.00,140.00,30.03,0.00,CLR
LAX,2026-01-19 06:53,57.00,46.00,0.00,0.00,30.04,0.00,CLR
LAX,2026-01-19 07:53,58.00,45.00,5.00,80.00,30.04,0.00,FEW
LAX,2026-01-19 08:53,57.00,45.00,4.00,80.00,30.04,0.00,FEW
LAX,2026-01-19 09:53,56.00,44.00,3.00,120.00,30.04,0.00,SCT
LAX,2026-01-19 10:53,54.00,44.00,3.00,90.00,30.03,0.00,SCT
LAX,2026-01-19 11:53,53.00,42.00,3.00,90.00,30.01,0.00,FEW
LAX,2026-01-19 12:53,53.00,40.00,3.00,80.00,30.00,0.00,FEW
LAX,2026-01-19 13:53,51.00,41.00,4.00,100.00,30.01,0.00,FEW
LAX,2026-01-19 14:53,53.00,40.00,5.00,80.00,30.02,0.00,FEW
LAX,2026-01-19 15:53,55.00,40.00,0.00,0.00,30.03,0.00,FEW
LAX,2026-01-19 16:53,59.00,42.00,5.00,80.00,30.04,0.00,FEW
LAX,2026-01-19 17:53,63.00,46.00,4.00,110.00,30.05,0.00,FEW
LAX,2026-01-19 18:53,68.00,44.00,3.00,null,30.05,0.00,FEW
LAX,2026-01-19 19:53,71.00,40.00,5.00,120.00,30.01,0.00,FEW
LAX,2026-01-19 20:53,74.00,39.00,3.00,120.00,29.98,0.00,FEW
LAX,2026-01-19 21:53,69.00,53.00,8.00,260.00,29.98,0.00,FEW
LAX,2026-01-19 22:53,66.00,54.00,7.00,270.00,29.97,0.00,FEW
LAX,2026-01-19 23:53,64.00,56.00,11.00,260.00,29.97,0.00,FEW
LAX,2026-01-20 00:53,62.00,54.00,5.00,250.00,29.96,0.00,FEW
LAX,2026-01-20 01:53,61.00,53.00,7.00,240.00,29.99,0.00,FEW
LAX,2026-01-20 02:53,60.00,56.00,7.00,260.00,30.01,0.00,CLR
LAX,2026-01-20 03:53,59.00,57.00,5.00,250.00,30.03,0.00,CLR
LAX,2026-01-20 04:53,59.00,55.00,3.00,260.00,30.04,0.00,CLR
LAX,2026-01-20 05:53,60.00,56.00,0.00,0.00,30.05,0.00,CLR
LAX,2026-01-20 06:53,56.00,52.00,4.00,100.00,30.06,0.00,FEW
LAX,2026-01-20 07:53,58.00,52.00,3.00,60.00,30.05,0.00,FEW
LAX,2026-01-20 08:53,58.00,51.00,3.00,70.00,30.04,0.00,FEW
LAX,2026-01-20 09:53,56.00,50.00,3.00,100.00,30.04,0.00,FEW
LAX,2026-01-20 10:53,54.00,48.00,3.00,100.00,30.04,0.00,CLR
LAX,2026-01-20 11:53,57.00,45.00,0.00,0.00,30.03,0.00,CLR
LAX,2026-01-20 12:53,55.00,41.00,0.00,0.00,30.03,0.00,FEW
LAX,2026-01-20 13:53,55.00,39.00,4.00,90.00,30.04,0.00,FEW
LAX,2026-01-20 14:53,56.00,36.00,4.00,100.00,30.06,0.00,FEW
LAX,2026-01-20 15:53,58.00,40.00,0.00,0.00,30.08,0.00,FEW
LAX,2026-01-20 16:53,64.00,40.00,0.00,0.00,30.09,0.00,FEW
LAX,2026-01-20 17:53,69.00,37.00,4.00,20.00,30.11,0.00,FEW
LAX,2026-01-20 18:53,66.00,57.00,10.00,260.00,30.11,0.00,FEW
LAX,2026-01-20 19:53,64.00,57.00,8.00,250.00,30.09,0.00,FEW
LAX,2026-01-20 20:53,65.00,57.00,7.00,250.00,30.06,0.00,FEW
LAX,2026-01-20 21:53,68.00,56.00,5.00,260.00,30.03,0.00,FEW
LAX,2026-01-20 22:53,63.00,57.00,13.00,260.00,30.05,0.00,FEW
LAX,2026-01-20 23:53,58.00,56.00,14.00,270.00,30.06,0.00,SCT
LAX,2026-01-21 00:53,58.00,55.00,8.00,260.00,30.05,0.00,SCT
LAX,2026-01-21 01:53,57.00,55.00,9.00,270.00,30.05,0.00,OVC
LAX,2026-01-21 02:53,57.00,55.00,0.00,0.00,30.05,0.00,FEW
LAX,2026-01-21 03:53,57.00,55.00,3.00,100.00,30.05,0.00,SCT
LAX,2026-01-21 04:53,56.00,54.00,5.00,70.00,30.04,0.00,FEW
LAX,2026-01-21 05:53,57.00,54.00,5.00,70.00,30.06,0.00,FEW
LAX,2026-01-21 06:53,57.00,54.00,3.00,210.00,30.08,0.00,BKN
LAX,2026-01-21 07:53,58.00,55.00,7.00,260.00,30.09,0.00,FEW
LAX,2026-01-21 08:53,58.00,56.00,4.00,260.00,30.09,0.00,FEW
LAX,2026-01-21 09:53,58.00,55.00,6.00,270.00,30.09,0.00,FEW
LAX,2026-01-21 10:53,58.00,55.00,3.00,310.00,30.09,0.00,BKN
LAX,2026-01-21 11:53,58.00,55.00,3.00,null,30.08,0.00,BKN
LAX,2026-01-21 12:53,58.00,55.00,3.00,290.00,30.08,0.00,OVC
LAX,2026-01-21 13:53,57.00,54.00,3.00,10.00,30.08,0.00,BKN
LAX,2026-01-21 14:53,56.00,53.00,8.00,60.00,30.08,0.00,SCT
LAX,2026-01-21 15:53,57.00,53.00,6.00,70.00,30.09,0.00,SCT
LAX,2026-01-21 16:53,57.00,54.00,4.00,130.00,30.10,0.00,FEW
LAX,2026-01-21 17:53,59.00,54.00,3.00,220.00,30.13,0.00,FEW
LAX,2026-01-21 18:53,60.00,55.00,5.00,230.00,30.11,0.00,FEW
LAX,2026-01-21 19:53,61.00,55.00,5.00,230.00,30.08,0.00,FEW
LAX,2026-01-21 20:53,62.00,55.00,6.00,270.00,30.07,0.00,FEW
LAX,2026-01-21 21:53,61.00,55.00,11.00,250.00,30.06,0.00,FEW
LAX,2026-01-21 22:53,61.00,55.00,7.00,270.00,30.05,0.00,FEW
LAX,2026-01-21 23:53,60.00,55.00,6.00,250.00,30.04,0.00,OVC
LAX,2026-01-22 00:53,60.00,55.00,0.00,0.00,30.03,0.00,OVC
LAX,2026-01-22 01:53,60.00,55.00,5.00,290.00,30.03,0.00,BKN
LAX,2026-01-22 02:53,59.00,55.00,3.00,130.00,30.03,0.00,BKN
LAX,2026-01-22 03:53,59.00,55.00,5.00,60.00,30.02,0.00,BKN
LAX,2026-01-22 04:53,59.00,55.00,9.00,250.00,30.06,0.00,FEW
LAX,2026-01-22 05:53,59.00,55.00,4.00,250.00,30.05,0.00,FEW
LAX,2026-01-22 06:53,59.00,56.00,8.00,270.00,30.05,0.00,FEW
LAX,2026-01-22 07:53,59.00,56.00,3.00,280.00,30.04,0.00,FEW
LAX,2026-01-22 08:53,58.00,55.00,5.00,210.00,30.02,0.00,FEW
LAX,2026-01-22 09:53,59.00,56.00,9.00,290.00,30.01,0.00,FEW
LAX,2026-01-22 10:53,59.00,55.00,4.00,260.00,30.00,0.00,FEW
LAX,2026-01-22 11:53,58.00,55.00,4.00,290.00,29.98,0.00,FEW
LAX,2026-01-22 12:53,58.00,55.00,4.00,320.00,29.98,0.00,FEW
LAX,2026-01-22 13:53,58.00,55.00,4.00,240.00,30.00,0.00,FEW
LAX,2026-01-22 14:53,59.00,55.00,6.00,290.00,30.01,0.00,FEW
LAX,2026-01-22 15:53,58.00,55.00,10.00,40.00,29.98,0.00,FEW
LAX,2026-01-22 16:53,59.00,55.00,7.00,80.00,30.00,0.00,SCT
LAX,2026-01-22 17:53,60.00,55.00,7.00,180.00,30.02,0.00,FEW
LAX,2026-01-22 18:53,61.00,55.00,7.00,200.00,30.02,0.00,SCT
LAX,2026-01-22 19:53,62.00,54.00,7.00,230.00,30.00,0.00,SCT
LAX,2026-01-22 20:53,62.00,54.00,7.00,280.00,29.96,0.00,SCT
LAX,2026-01-22 21:53,62.00,52.00,6.00,260.00,29.95,0.00,FEW
LAX,2026-01-22 22:53,61.00,54.00,8.00,250.00,29.96,null,SCT
LAX,2026-01-22 23:53,61.00,54.00,9.00,220.00,29.95,0.00,FEW
LAX,2026-01-23 00:53,61.00,54.00,7.00,260.00,29.95,0.00,FEW
LAX,2026-01-23 01:53,59.00,55.00,5.00,230.00,29.97,0.00,FEW
LAX,2026-01-23 02:53,60.00,55.00,8.00,300.00,29.96,0.00,FEW
LAX,2026-01-23 03:53,59.00,55.00,6.00,250.00,29.96,0.00,FEW
LAX,2026-01-23 04:53,59.00,55.00,10.00,260.00,29.96,0.00,FEW
LAX,2026-01-23 05:53,58.00,55.00,8.00,260.00,29.97,0.00,FEW
LAX,2026-01-23 06:53,59.00,55.00,4.00,320.00,29.96,0.00,FEW
LAX,2026-01-23 07:53,58.00,55.00,5.00,250.00,29.96,0.00,FEW
LAX,2026-01-23 08:53,58.00,55.00,6.00,250.00,29.94,0.00,FEW
LAX,2026-01-23 09:53,58.00,55.00,0.00,0.00,29.94,0.00,FEW
LAX,2026-01-23 10:53,55.00,53.00,4.00,100.00,29.94,0.00,FEW
LAX,2026-01-23 11:53,55.00,53.00,4.00,80.00,29.93,0.00,FEW
LAX,2026-01-23 12:53,55.00,54.00,3.00,90.00,29.92,0.00,FEW
LAX,2026-01-23 13:53,55.00,54.00,3.00,80.00,29.92,0.00,FEW
LAX,2026-01-23 14:53,55.00,54.00,3.00,120.00,29.93,0.00,FEW
LAX,2026-01-23 15:53,56.00,54.00,4.00,110.00,29.93,0.00,FEW
LAX,2026-01-23 16:53,58.00,55.00,3.00,100.00,29.95,0.00,FEW
LAX,2026-01-23 17:53,61.00,55.00,3.00,140.00,29.96,0.00,FEW
LAX,2026-01-23 18:53,63.00,54.00,9.00,230.00,29.95,0.00,FEW
LAX,2026-01-23 19:53,61.00,54.00,9.00,230.00,29.94,0.00,FEW
LAX,2026-01-23 20:53,64.00,54.00,11.00,260.00,29.91,0.00,FEW
LAX,2026-01-23 21:53,64.00,54.00,11.00,260.00,29.89,0.00,FEW
LAX,2026-01-23 22:53,63.00,53.00,10.00,240.00,29.88,0.00,FEW
LAX,2026-01-23 23:53,62.00,54.00,10.00,270.00,29.88,0.00,FEW
LAX,2026-01-24 00:53,60.00,55.00,8.00,260.00,29.88,0.00,SCT
LAX,2026-01-24 01:53,59.00,55.00,10.00,280.00,29.88,0.00,FEW
LAX,2026-01-24 02:53,58.00,54.00,7.00,250.00,29.89,0.00,SCT
LAX,2026-01-24 03:53,58.00,53.00,7.00,240.00,29.90,0.00,BKN
LAX,2026-01-24 04:53,58.00,53.00,6.00,230.00,29.90,0.00,BKN
LAX,2026-01-24 05:53,58.00,52.00,6.00,240.00,29.90,0.00,BKN
LAX,2026-01-24 06:53,58.00,52.00,9.00,260.00,29.91,0.00,BKN
LAX,2026-01-24 07:53,59.00,52.00,7.00,260.00,29.90,0.00,BKN
LAX,2026-01-24 08:53,59.00,50.00,5.00,300.00,29.89,0.00,BKN
LAX,2026-01-24 09:53,58.00,52.00,4.00,330.00,29.88,0.00,BKN
LAX,2026-01-24 10:53,58.00,52.00,3.00,220.00,29.88,0.00,BKN
LAX,2026-01-24 11:53,58.00,51.00,8.00,260.00,29.87,0.00,FEW
LAX,2026-01-24 12:53,58.00,51.00,8.00,270.00,29.88,0.00,FEW
LAX,2026-01-24 13:53,58.00,51.00,0.00,0.00,29.89,null,SCT
LAX,2026-01-24 14:53,57.00,52.00,5.00,250.00,29.89,0.01,FEW
LAX,2026-01-24 15:53,57.00,52.00,5.00,260.00,29.88,null,FEW
LAX,2026-01-24 16:53,58.00,52.00,4.00,240.00,29.90,0.00,FEW
LAX,2026-01-24 17:53,59.00,52.00,4.00,240.00,29.93,0.00,SCT
LAX,2026-01-24 18:53,61.00,51.00,0.00,0.00,29.92,0.00,FEW
LAX,2026-01-24 19:53,62.00,52.00,8.00,240.00,29.90,0.00,FEW
LAX,2026-01-24 20:53,63.00,51.00,10.00,250.00,29.87,0.00,FEW
LAX,2026-01-24 21:53,62.00,51.00,8.00,250.00,29.86,0.00,FEW
LAX,2026-01-24 22:53,62.00,50.00,10.00,250.00,29.87,0.00,FEW
LAX,2026-01-24 23:53,61.00,49.00,10.00,260.00,29.89,0.00,FEW
LAX,2026-01-25 00:53,59.00,49.00,10.00,260.00,29.91,0.00,FEW
LAX,2026-01-25 01:53,58.00,49.00,6.00,250.00,29.94,0.00,FEW
LAX,2026-01-25 02:53,57.00,50.00,8.00,260.00,29.95,0.00,CLR
LAX,2026-01-25 03:53,57.00,51.00,7.00,260.00,29.97,0.00,CLR
LAX,2026-01-25 04:53,57.00,49.00,3.00,270.00,29.99,0.00,CLR
LAX,2026-01-25 05:53,56.00,49.00,3.00,160.00,30.01,0.00,CLR
LAX,2026-01-25 06:53,56.00,50.00,3.00,110.00,30.03,0.00,CLR
LAX,2026-01-25 07:53,54.00,49.00,4.00,70.00,30.04,0.00,CLR
LAX,2026-01-25 08:53,53.00,48.00,3.00,100.00,30.06,0.00,CLR
LAX,2026-01-25 09:53,51.00,47.00,4.00,70.00,30.07,0.00,CLR
LAX,2026-01-25 10:53,51.00,47.00,0.00,0.00,30.07,0.00,CLR
LAX,2026-01-25 11:53,48.00,45.00,3.00,100.00,30.07,0.00,CLR
LAX,2026-01-25 12:53,48.00,44.00,5.00,80.00,30.09,0.00,CLR
LAX,2026-01-25 13:53,48.00,44.00,0.00,0.00,30.10,0.00,FEW
LAX,2026-01-25 14:53,49.00,43.00,0.00,0.00,30.12,0.00,FEW
LAX,2026-01-25 15:53,51.00,40.00,0.00,0.00,30.15,0.00,FEW
LAX,2026-01-25 16:53,56.00,39.00,3.00,20.00,30.16,0.00,FEW
LAX,2026-01-25 17:53,58.00,41.00,5.00,110.00,30.18,0.00,FEW
LAX,2026-01-25 18:53,63.00,39.00,3.00,null,30.18,0.00,FEW
LAX,2026-01-25 19:53,65.00,37.00,3.00,210.00,30.17,0.00,FEW
LAX,2026-01-25 20:53,68.00,36.00,6.00,270.00,30.14,0.00,FEW
LAX,2026-01-25 21:53,67.00,36.00,8.00,260.00,30.14,0.00,FEW
LAX,2026-01-25 22:53,65.00,34.00,8.00,270.00,30.15,0.00,FEW
LAX,2026-01-25 23:53,63.00,38.00,7.00,260.00,30.16,0.00,FEW
LAX,2026-01-26 00:53,60.00,51.00,10.00,260.00,30.18,0.00,SCT
LAX,2026-01-26 01:53,59.00,53.00,8.00,250.00,30.18,0.00,FEW
LAX,2026-01-26 02:53,58.00,53.00,5.00,250.00,30.20,0.00,FEW
LAX,2026-01-26 03:53,59.00,54.00,5.00,260.00,30.21,0.00,BKN
LAX,2026-01-26 04:53,58.00,54.00,0.00,0.00,30.22,0.00,BKN
LAX,2026-01-26 05:53,58.00,54.00,0.00,0.00,30.23,0.00,BKN
LAX,2026-01-26 06:53,58.00,54.00,0.00,0.00,30.23,0.00,BKN
LAX,2026-01-26 07:53,57.00,51.00,3.00,30.00,30.24,0.00,BKN
LAX,2026-01-26 08:53,55.00,50.00,0.00,0.00,30.24,0.00,BKN
LAX,2026-01-26 09:53,54.00,48.00,3.00,160.00,30.24,0.00,SCT
LAX,2026-01-26 10:53,53.00,47.00,0.00,0.00,30.23,0.00,FEW
LAX,2026-01-26 11:53,55.00,39.00,5.00,60.00,30.23,0.00,FEW
LAX,2026-01-26 12:53,50.00,40.00,4.00,90.00,30.23,0.00,FEW
LAX,2026-01-26 13:53,52.00,37.00,4.00,70.00,30.24,0.00,FEW
LAX,2026-01-26 14:53,53.00,34.00,0.00,0.00,30.25,0.00,FEW
LAX,2026-01-26 15:53,54.00,34.00,4.00,50.00,30.26,0.00,FEW
LAX,2026-01-26 16:53,61.00,27.00,7.00,30.00,30.28,0.00,FEW
LAX,2026-01-26 17:53,63.00,26.00,6.00,50.00,30.28,0.00,FEW
LAX,2026-01-26 18:53,68.00,27.00,7.00,80.00,30.28,0.00,FEW
LAX,2026-01-26 19:53,70.00,23.00,3.00,null,30.25,0.00,FEW
LAX,2026-01-26 20:53,72.00,19.00,0.00,0.00,30.22,0.00,FEW
LAX,2026-01-26 21:53,72.00,15.00,5.00,150.00,30.20,0.00,SCT
LAX,2026-01-26 22:53,70.00,32.00,9.00,240.00,30.19,0.00,FEW
LAX,2026-01-26 23:53,69.00,33.00,8.00,240.00,30.19,0.00,FEW
LAX,2026-01-27 00:53,64.00,39.00,7.00,280.00,30.20,0.00,FEW
LAX,2026-01-27 01:53,63.00,29.00,7.00,300.00,30.21,0.00,CLR
LAX,2026-01-27 02:53,63.00,27.00,5.00,310.00,30.21,0.00,CLR
LAX,2026-01-27 03:53,62.00,25.00,5.00,350.00,30.22,0.00,CLR
LAX,2026-01-27 04:53,61.00,26.00,4.00,30.00,30.24,0.00,CLR
LAX,2026-01-27 05:53,57.00,27.00,5.00,60.00,30.24,0.00,CLR
LAX,2026-01-27 06:53,58.00,24.00,9.00,20.00,30.24,0.00,FEW
LAX,2026-01-27 07:53,59.00,22.00,4.00,null,30.24,0.00,FEW
LAX,2026-01-27 08:53,57.00,23.00,3.00,20.00,30.23,0.00,FEW
LAX,2026-01-27 09:53,55.00,22.00,3.00,20.00,30.24,0.00,FEW
LAX,2026-01-27 10:53,56.00,21.00,7.00,40.00,30.23,0.00,FEW
LAX,2026-01-27 11:53,52.00,22.00,4.00,60.00,30.22,0.00,FEW
LAX,2026-01-27 12:53,54.00,20.00,0.00,0.00,30.22,0.00,FEW
LAX,2026-01-27 13:53,49.00,22.00,4.00,60.00,30.23,0.00,FEW
LAX,2026-01-27 14:53,50.00,23.00,5.00,30.00,30.25,0.00,FEW
LAX,2026-01-27 15:53,54.00,24.00,3.00,60.00,30.26,0.00,FEW
LAX,2026-01-27 16:53,60.00,24.00,6.00,30.00,30.28,0.00,FEW
LAX,2026-01-27 17:53,64.00,26.00,4.00,30.00,30.29,0.00,FEW
LAX,2026-01-27 18:53,68.00,25.00,7.00,50.00,30.28,0.00,FEW
LAX,2026-01-27 19:53,71.00,23.00,0.00,0.00,30.24,0.00,FEW
LAX,2026-01-27 20:53,68.00,36.00,10.00,260.00,30.22,0.00,FEW
LAX,2026-01-27 21:53,67.00,41.00,11.00,260.00,30.20,0.00,FEW
LAX,2026-01-27 22:53,66.00,34.00,12.00,250.00,30.20,0.00,FEW
LAX,2026-01-27 23:53,64.00,38.00,10.00,250.00,30.20,0.00,BKN
LAX,2026-01-28 00:53,63.00,44.00,10.00,250.00,30.20,0.00,FEW
LAX,2026-01-28 01:53,61.00,50.00,8.00,250.00,30.22,0.00,FEW
LAX,2026-01-28 02:53,61.00,50.00,9.00,250.00,30.24,0.00,BKN
LAX,2026-01-28 03:53,60.00,51.00,5.00,240.00,30.24,0.00,BKN
LAX,2026-01-28 04:53,59.00,51.00,5.00,250.00,30.25,0.00,FEW
LAX,2026-01-28 05:53,59.00,49.00,0.00,0.00,30.26,0.00,FEW
LAX,2026-01-28 06:53,57.00,48.00,4.00,90.00,30.26,0.00,FEW
LAX,2026-01-28 07:53,53.00,45.00,5.00,100.00,30.25,0.00,FEW
LAX,2026-01-28 08:53,57.00,39.00,0.00,0.00,30.25,0.00,FEW
LAX,2026-01-28 09:53,53.00,36.00,0.00,0.00,30.25,0.00,BKN
LAX,2026-01-28 10:53,56.00,32.00,0.00,0.00,30.23,0.00,BKN
LAX,2026-01-28 11:53,54.00,31.00,0.00,0.00,30.22,0.00,BKN
LAX,2026-01-28 12:53,55.00,31.00,3.00,90.00,30.23,0.00,SCT
LAX,2026-01-28 13:53,54.00,29.00,3.00,80.00,30.23,0.00,SCT
LAX,2026-01-28 14:53,55.00,30.00,0.00,0.00,30.24,0.00,FEW
LAX,2026-01-28 15:53,54.00,33.00,5.00,100.00,30.24,0.00,FEW
LAX,2026-01-28 16:53,57.00,33.00,3.00,null,30.26,0.00,FEW
LAX,2026-01-28 17:53,62.00,33.00,0.00,0.00,30.26,0.00,FEW
LAX,2026-01-28 18:53,66.00,30.00,3.00,330.00,30.24,0.00,FEW
LAX,2026-01-28 19:53,68.00,36.00,5.00,240.00,30.21,0.00,FEW
LAX,2026-01-28 20:53,68.00,34.00,5.00,240.00,30.18,0.00,FEW
LAX,2026-01-28 21:53,68.00,35.00,6.00,250.00,30.17,0.00,FEW
LAX,2026-01-28 22:53,67.00,40.00,7.00,260.00,30.16,0.00,BKN
LAX,2026-01-28 23:53,65.00,40.00,9.00,260.00,30.16,0.00,FEW
LAX,2026-01-29 00:53,62.00,45.00,6.00,250.00,30.16,0.00,FEW
LAX,2026-01-29 01:53,60.00,47.00,4.00,300.00,30.15,0.00,FEW
LAX,2026-01-29 02:53,60.00,53.00,3.00,250.00,30.16,0.00,BKN
LAX,2026-01-29 03:53,61.00,51.00,0.00,0.00,30.16,0.00,BKN
LAX,2026-01-29 04:53,58.00,50.00,3.00,30.00,30.17,0.00,SCT
LAX,2026-01-29 05:53,57.00,49.00,3.00,40.00,30.17,0.00,SCT
LAX,2026-01-29 06:53,59.00,37.00,0.00,0.00,30.17,0.00,SCT
LAX,2026-01-29 07:53,58.00,35.00,6.00,30.00,30.17,0.00,FEW
LAX,2026-01-29 08:53,53.00,35.00,5.00,80.00,30.15,0.00,FEW
LAX,2026-01-29 09:53,55.00,32.00,0.00,0.00,30.15,0.00,FEW
LAX,2026-01-29 10:53,55.00,29.00,5.00,50.00,30.15,0.00,FEW
LAX,2026-01-29 11:53,55.00,27.00,0.00,0.00,30.14,0.00,FEW
LAX,2026-01-29 12:53,52.00,29.00,3.00,60.00,30.14,0.00,FEW
LAX,2026-01-29 13:53,53.00,28.00,0.00,0.00,30.15,0.00,FEW
LAX,2026-01-29 14:53,55.00,27.00,4.00,40.00,30.18,0.00,FEW
LAX,2026-01-29 15:53,59.00,27.00,5.00,60.00,30.19,0.00,FEW
LAX,2026-01-29 16:53,64.00,29.00,4.00,null,30.20,0.00,FEW
LAX,2026-01-29 17:53,69.00,29.00,7.00,320.00,30.21,0.00,FEW
LAX,2026-01-29 18:53,74.00,26.00,4.00,360.00,30.21,0.00,FEW
LAX,2026-01-29 19:53,77.00,29.00,3.00,320.00,30.18,0.00,CLR
LAX,2026-01-29 20:53,79.00,30.00,3.00,null,30.14,0.00,FEW
LAX,2026-01-29 21:53,80.00,30.00,7.00,250.00,30.12,0.00,FEW
LAX,2026-01-29 22:53,79.00,28.00,5.00,250.00,30.12,0.00,FEW
LAX,2026-01-29 23:53,77.00,28.00,6.00,230.00,30.11,0.00,CLR
LAX,2026-01-30 00:53,72.00,26.00,7.00,240.00,30.12,0.00,CLR
LAX,2026-01-30 01:53,66.00,42.00,7.00,260.00,30.13,0.00,FEW
LAX,2026-01-30 02:53,69.00,39.00,5.00,300.00,30.14,0.00,CLR
LAX,2026-01-30 03:53,67.00,34.00,4.00,310.00,30.16,0.00,CLR
LAX,2026-01-30 04:53,66.00,34.00,3.00,60.00,30.19,0.00,CLR
LAX,2026-01-30 05:53,65.00,35.00,4.00,10.00,30.20,0.00,CLR
LAX,2026-01-30 06:53,67.00,30.00,3.00,40.00,30.21,0.00,CLR
LAX,2026-01-30 07:53,67.00,29.00,0.00,0.00,30.21,0.00,CLR
LAX,2026-01-30 08:53,64.00,29.00,3.00,10.00,30.21,0.00,CLR
LAX,2026-01-30 09:53,62.00,30.00,0.00,0.00,30.21,0.00,CLR
LAX,2026-01-30 10:53,58.00,31.00,0.00,0.00,30.21,0.00,CLR
LAX,2026-01-30 11:53,55.00,32.00,0.00,0.00,30.20,0.00,CLR
LAX,2026-01-30 12:53,57.00,30.00,0.00,0.00,30.20,0.00,CLR
LAX,2026-01-30 13:53,56.00,31.00,4.00,null,30.21,0.00,CLR
LAX,2026-01-30 14:53,59.00,30.00,3.00,null,30.22,0.00,CLR
LAX,2026-01-30 15:53,60.00,32.00,0.00,0.00,30.24,0.00,CLR
LAX,2026-01-30 16:53,68.00,33.00,0.00,0.00,30.25,0.00,FEW
LAX,2026-01-30 17:53,73.00,31.00,4.00,50.00,30.25,0.00,FEW
LAX,2026-01-30 18:53,78.00,32.00,4.00,10.00,30.23,0.00,FEW
LAX,2026-01-30 19:53,80.00,29.00,0.00,0.00,30.19,0.00,SCT
LAX,2026-01-30 20:53,82.00,29.00,3.00,240.00,30.16,0.00,SCT
LAX,2026-01-30 21:53,80.00,33.00,10.00,260.00,30.14,0.00,FEW
LAX,2026-01-30 22:53,75.00,42.00,8.00,270.00,30.14,0.00,FEW
LAX,2026-01-30 23:53,75.00,35.00,9.00,270.00,30.14,0.00,FEW
LAX,2026-01-31 00:53,72.00,33.00,8.00,260.00,30.14,0.00,FEW
LAX,2026-01-31 01:53,69.00,36.00,4.00,250.00,30.13,0.00,FEW
LAX,2026-01-31 02:53,70.00,33.00,4.00,260.00,30.13,0.00,SCT
LAX,2026-01-31 03:53,72.00,36.00,4.00,340.00,30.14,0.00,FEW
LAX,2026-01-31 04:53,69.00,34.00,0.00,0.00,30.16,0.00,FEW
LAX,2026-01-31 05:53,70.00,33.00,4.00,null,30.16,0.00,CLR
LAX,2026-01-31 06:53,63.00,36.00,3.00,50.00,30.17,0.00,CLR
LAX,2026-01-31 07:53,63.00,35.00,5.00,90.00,30.17,0.00,CLR
LAX,2026-01-31 08:53,64.00,34.00,4.00,30.00,30.16,0.00,CLR
LAX,2026-01-31 09:53,65.00,32.00,7.00,360.00,30.16,0.00,CLR
LAX,2026-01-31 10:53,63.00,32.00,3.00,70.00,30.15,0.00,CLR
LAX,2026-01-31 11:53,62.00,32.00,6.00,100.00,30.14,0.00,CLR
LAX,2026-01-31 12:53,59.00,34.00,3.00,80.00,30.15,0.00,CLR
LAX,2026-01-31 13:53,59.00,33.00,0.00,0.00,30.16,0.00,CLR
LAX,2026-01-31 14:53,60.00,33.00,4.00,60.00,30.17,0.00,CLR
LAX,2026-01-31 15:53,65.00,32.00,8.00,20.00,30.17,0.00,CLR
LAX,2026-01-31 16:53,71.00,32.00,7.00,40.00,30.17,0.00,CLR
LAX,2026-01-31 17:53,75.00,33.00,7.00,40.00,30.17,0.00,CLR
LAX,2026-01-31 18:53,78.00,35.00,8.00,20.00,30.15,0.00,CLR
LAX,2026-01-31 19:53,81.00,35.00,5.00,40.00,30.11,0.00,CLR
LAX,2026-01-31 20:53,83.00,33.00,0.00,0.00,30.07,0.00,CLR
LAX,2026-01-31 21:53,84.00,33.00,5.00,320.00,30.04,0.00,CLR
LAX,2026-01-31 22:53,82.00,40.00,10.00,260.00,30.04,0.00,CLR
LAX,2026-01-31 23:53,73.00,49.00,9.00,280.00,30.03,0.00,CLR
LAX,2026-02-01 00:53,70.00,47.00,9.00,270.00,30.03,0.00,CLR
LAX,2026-02-01 01:53,66.00,50.00,7.00,260.00,30.03,0.00,CLR
LAX,2026-02-01 02:53,66.00,47.00,6.00,260.00,30.04,0.00,CLR
LAX,2026-02-01 03:53,66.00,47.00,6.00,260.00,30.04,0.00,CLR
LAX,2026-02-01 04:53,64.00,49.00,3.00,250.00,30.05,0.00,CLR
LAX,2026-02-01 05:53,63.00,53.00,3.00,270.00,30.05,0.00,CLR
LAX,2026-02-01 06:53,65.00,48.00,0.00,0.00,30.05,0.00,CLR
LAX,2026-02-01 07:53,67.00,40.00,7.00,10.00,30.05,0.00,CLR
LAX,2026-02-01 08:53,65.00,37.00,0.00,0.00,30.04,0.00,CLR
LAX,2026-02-01 09:53,64.00,37.00,0.00,0.00,30.05,0.00,CLR
LAX,2026-02-01 10:53,64.00,36.00,0.00,0.00,30.04,0.00,CLR
LAX,2026-02-01 11:53,61.00,35.00,3.00,70.00,30.04,0.00,CLR
LAX,2026-02-01 12:53,61.00,35.00,0.00,0.00,30.04,0.00,CLR
LAX,2026-02-01 13:53,62.00,35.00,5.00,70.00,30.05,0.00,CLR
LAX,2026-02-01 14:53,62.00,34.00,4.00,40.00,30.06,0.00,CLR
LAX,2026-02-01 15:53,64.00,35.00,7.00,50.00,30.06,0.00,CLR
LAX,2026-02-01 16:53,69.00,36.00,6.00,60.00,30.06,0.00,CLR
LAX,2026-02-01 17:53,75.00,35.00,6.00,30.00,30.07,0.00,CLR
LAX,2026-02-01 18:53,78.00,36.00,4.00,null,30.07,0.00,CLR
LAX,2026-02-01 19:53,73.00,48.00,8.00,290.00,30.04,0.00,FEW
LAX,2026-02-01 20:53,76.00,39.00,8.00,260.00,30.00,0.00,FEW
LAX,2026-02-01 21:53,71.00,47.00,12.00,260.00,29.98,0.00,FEW
LAX,2026-02-01 22:53,70.00,46.00,13.00,260.00,29.98,0.00,FEW
LAX,2026-02-01 23:53,72.00,42.00,10.00,260.00,29.99,0.00,FEW
LAX,2026-02-02 00:53,68.00,47.00,12.00,260.00,29.99,0.00,FEW
LAX,2026-02-02 01:53,66.00,49.00,11.00,260.00,29.99,0.00,FEW
LAX,2026-02-02 02:53,65.00,48.00,8.00,240.00,30.00,0.00,FEW
LAX,2026-02-02 03:53,65.00,49.00,5.00,230.00,30.01,0.00,CLR
LAX,2026-02-02 04:53,61.00,51.00,4.00,120.00,30.02,0.00,CLR
LAX,2026-02-02 05:53,62.00,47.00,6.00,110.00,30.04,0.00,CLR
LAX,2026-02-02 06:53,59.00,53.00,6.00,80.00,30.05,0.00,FEW
LAX,2026-02-02 07:53,59.00,54.00,4.00,80.00,30.06,0.00,FEW
LAX,2026-02-02 08:53,60.00,53.00,5.00,40.00,30.06,0.00,FEW
LAX,2026-02-02 09:53,57.00,52.00,3.00,80.00,30.05,0.00,SCT
LAX,2026-02-02 10:53,57.00,50.00,5.00,50.00,30.04,0.00,SCT
LAX,2026-02-02 11:53,55.00,49.00,3.00,60.00,30.05,0.00,BKN
LAX,2026-02-02 12:53,57.00,50.00,3.00,50.00,30.05,0.00,SCT
LAX,2026-02-02 13:53,56.00,47.00,0.00,0.00,30.06,0.00,FEW
LAX,2026-02-02 14:53,54.00,44.00,4.00,50.00,30.07,0.00,FEW
LAX,2026-02-02 15:53,57.00,46.00,3.00,70.00,30.09,0.00,FEW
LAX,2026-02-02 16:53,63.00,44.00,6.00,100.00,30.10,0.00,FEW
LAX,2026-02-02 17:53,66.00,47.00,4.00,90.00,30.11,0.00,FEW
LAX,2026-02-02 18:53,70.00,45.00,5.00,120.00,30.11,0.00,FEW
LAX,2026-02-02 19:53,72.00,43.00,0.00,0.00,30.10,0.00,FEW
LAX,2026-02-02 20:53,73.00,46.00,0.00,0.00,30.07,0.00,FEW
LAX,2026-02-02 21:53,71.00,54.00,8.00,260.00,30.06,0.00,FEW
LAX,2026-02-02 22:53,67.00,54.00,11.00,270.00,30.07,0.00,FEW
LAX,2026-02-02 23:53,65.00,56.00,11.00,270.00,30.07,0.00,FEW
LAX,2026-02-03 00:53,62.00,58.00,9.00,260.00,30.09,0.00,FEW
LAX,2026-02-03 01:53,61.00,58.00,7.00,250.00,30.10,0.00,FEW
LAX,2026-02-03 02:53,60.00,58.00,5.00,250.00,30.12,0.00,BKN
LAX,2026-02-03 03:53,60.00,57.00,5.00,260.00,30.13,0.00,FEW
LAX,2026-02-03 04:53,59.00,57.00,3.00,330.00,30.14,0.00,FEW
LAX,2026-02-03 05:53,59.00,57.00,3.00,330.00,30.16,0.00,FEW
LAX,2026-02-03 06:53,59.00,57.00,3.00,120.00,30.17,0.00,FEW
LAX,2026-02-03 07:53,58.00,56.00,0.00,0.00,30.16,0.00,FEW
LAX,2026-02-03 08:53,58.00,56.00,0.00,0.00,30.17,0.00,FEW
LAX,2026-02-03 09:53,57.00,55.00,0.00,0.00,30.18,0.00,FEW
LAX,2026-02-03 10:53,55.00,54.00,4.00,20.00,30.18,0.00,FEW
LAX,2026-02-03 11:53,55.00,52.00,0.00,0.00,30.18,0.00,FEW
LAX,2026-02-03 12:53,55.00,52.00,0.00,0.00,30.18,0.00,FEW
LAX,2026-02-03 13:53,56.00,53.00,3.00,350.00,30.19,0.00,FEW
LAX,2026-02-03 14:53,55.00,52.00,0.00,0.00,30.19,0.00,FEW
LAX,2026-02-03 15:53,56.00,52.00,0.00,0.00,30.21,0.00,FEW
LAX,2026-02-03 16:53,60.00,50.00,4.00,120.00,30.21,0.00,FEW
LAX,2026-02-03 17:53,65.00,48.00,0.00,0.00,30.22,0.00,FEW
LAX,2026-02-03 18:53,72.00,47.00,4.00,290.00,30.21,0.00,FEW
LAX,2026-02-03 19:53,74.00,54.00,6.00,270.00,30.18,0.00,FEW
LAX,2026-02-03 20:53,68.00,56.00,9.00,250.00,30.16,0.00,FEW
LAX,2026-02-03 21:53,68.00,56.00,10.00,270.00,30.14,0.00,FEW
LAX,2026-02-03 22:53,67.00,54.00,9.00,260.00,30.14,0.00,FEW
LAX,2026-02-03 23:53,66.00,55.00,9.00,240.00,30.14,0.00,CLR
LAX,2026-02-04 00:53,63.00,55.00,6.00,240.00,30.15,0.00,CLR
LAX,2026-02-04 01:53,61.00,57.00,4.00,240.00,30.15,0.00,CLR
LAX,2026-02-04 02:53,60.00,57.00,5.00,230.00,30.16,0.00,CLR
LAX,2026-02-04 03:53,60.00,57.00,3.00,150.00,30.16,0.00,CLR
LAX,2026-02-04 04:53,60.00,57.00,0.00,0.00,30.17,0.00,CLR
LAX,2026-02-04 05:53,60.00,56.00,3.00,50.00,30.17,0.00,CLR
LAX,2026-02-04 06:53,60.00,54.00,0.00,0.00,30.16,0.00,CLR
LAX,2026-02-04 07:53,61.00,51.00,0.00,0.00,30.16,0.00,CLR
LAX,2026-02-04 08:53,58.00,51.00,5.00,30.00,30.15,0.00,CLR
LAX,2026-02-04 09:53,58.00,42.00,0.00,0.00,30.15,0.00,CLR
LAX,2026-02-04 10:53,57.00,38.00,5.00,80.00,30.14,0.00,CLR
LAX,2026-02-04 11:53,55.00,37.00,0.00,0.00,30.14,0.00,CLR
LAX,2026-02-04 12:53,58.00,36.00,0.00,0.00,30.14,0.00,CLR
LAX,2026-02-04 13:53,55.00,36.00,0.00,0.00,30.15,0.00,CLR
LAX,2026-02-04 14:53,59.00,34.00,0.00,0.00,30.15,0.00,CLR
LAX,2026-02-04 15:53,59.00,37.00,4.00,130.00,30.16,0.00,CLR
LAX,2026-02-04 16:53,68.00,37.00,0.00,0.00,30.16,0.00,CLR
LAX,2026-02-04 17:53,74.00,36.00,0.00,0.00,30.15,0.00,CLR
LAX,2026-02-04 18:53,81.00,29.00,0.00,0.00,30.14,0.00,CLR
LAX,2026-02-04 19:53,85.00,22.00,4.00,220.00,30.10,0.00,CLR
LAX,2026-02-04 20:53,87.00,23.00,8.00,270.00,30.06,0.00,FEW
LAX,2026-02-04 21:53,86.00,28.00,7.00,230.00,30.04,0.00,FEW
LAX,2026-02-04 22:53,84.00,32.00,8.00,230.00,30.03,0.00,FEW
LAX,2026-02-04 23:53,81.00,34.00,9.00,260.00,30.03,0.00,FEW
LAX,2026-02-05 00:53,75.00,40.00,5.00,260.00,30.04,0.00,FEW
LAX,2026-02-05 01:53,72.00,39.00,0.00,0.00,30.05,0.00,FEW
LAX,2026-02-05 02:53,76.00,36.00,0.00,0.00,30.07,0.00,FEW
LAX,2026-02-05 03:53,74.00,37.00,0.00,0.00,30.08,0.00,FEW
LAX,2026-02-05 04:53,72.00,34.00,3.00,20.00,30.08,0.00,FEW
LAX,2026-02-05 05:53,68.00,35.00,5.00,60.00,30.08,0.00,CLR
LAX,2026-02-05 06:53,68.00,32.00,0.00,0.00,30.08,0.00,CLR
LAX,2026-02-05 07:53,68.00,31.00,0.00,0.00,30.07,0.00,CLR
LAX,2026-02-05 08:53,67.00,29.00,6.00,10.00,30.05,0.00,FEW
LAX,2026-02-05 09:53,62.00,31.00,3.00,60.00,30.05,0.00,FEW
LAX,2026-02-05 10:53,61.00,31.00,0.00,0.00,30.03,0.00,FEW
LAX,2026-02-05 11:53,64.00,29.00,7.00,350.00,30.02,0.00,SCT
LAX,2026-02-05 12:53,64.00,29.00,11.00,30.00,30.01,0.00,FEW
LAX,2026-02-05 13:53,61.00,29.00,5.00,20.00,30.03,0.00,SCT
LAX,2026-02-05 14:53,63.00,27.00,9.00,40.00,30.04,0.00,FEW
LAX,2026-02-05 15:53,66.00,27.00,5.00,null,30.05,0.00,FEW
LAX,2026-02-05 16:53,71.00,28.00,7.00,30.00,30.06,0.00,FEW
LAX,2026-02-05 17:53,75.00,29.00,9.00,40.00,30.07,0.00,FEW
LAX,2026-02-05 18:53,78.00,29.00,6.00,40.00,30.06,0.00,FEW
LAX,2026-02-05 19:53,82.00,30.00,4.00,70.00,30.04,0.00,FEW
LAX,2026-02-05 20:53,82.00,29.00,4.00,null,30.02,0.00,FEW
LAX,2026-02-05 21:53,83.00,27.00,0.00,0.00,29.99,0.00,FEW
LAX,2026-02-05 22:53,78.00,36.00,11.00,240.00,30.00,0.00,FEW
LAX,2026-02-05 23:53,77.00,42.00,7.00,250.00,30.00,0.00,FEW
LAX,2026-02-06 00:53,69.00,46.00,6.00,270.00,30.01,0.00,FEW
LAX,2026-02-06 01:53,68.00,43.00,3.00,260.00,30.01,0.00,FEW
LAX,2026-02-06 02:53,68.00,45.00,0.00,0.00,30.05,0.00,SCT
LAX,2026-02-06 03:53,65.00,55.00,3.00,160.00,30.08,0.00,FEW
LAX,2026-02-06 04:53,63.00,59.00,6.00,110.00,30.08,0.00,FEW
LAX,2026-02-06 05:53,63.00,59.00,8.00,80.00,30.09,0.00,FEW
LAX,2026-02-06 06:53,62.00,59.00,6.00,90.00,30.09,0.00,SCT
LAX,2026-02-06 07:53,62.00,58.00,5.00,80.00,30.08,0.00,FEW
LAX,2026-02-06 08:53,62.00,57.00,7.00,90.00,30.09,0.00,FEW
LAX,2026-02-06 09:53,62.00,59.00,6.00,120.00,30.10,0.00,FEW
LAX,2026-02-06 10:53,60.00,58.00,0.00,0.00,30.11,0.00,SCT
LAX,2026-02-06 11:53,60.00,57.00,5.00,100.00,30.10,0.00,SCT
LAX,2026-02-06 12:53,60.00,57.00,6.00,100.00,30.11,0.00,FEW
LAX,2026-02-06 13:53,60.00,57.00,6.00,110.00,30.12,0.00,FEW
LAX,2026-02-06 14:53,59.00,56.00,5.00,90.00,30.13,0.00,FEW
LAX,2026-02-06 15:53,61.00,56.00,7.00,100.00,30.14,0.00,FEW
LAX,2026-02-06 16:53,62.00,55.00,6.00,160.00,30.16,0.00,FEW
LAX,2026-02-06 17:53,64.00,54.00,3.00,null,30.17,0.00,SCT
LAX,2026-02-06 18:53,67.00,52.00,6.00,null,30.16,0.00,FEW
LAX,2026-02-06 19:53,67.00,55.00,12.00,250.00,30.14,0.00,FEW
LAX,2026-02-06 20:53,68.00,53.00,10.00,250.00,30.12,0.00,FEW
LAX,2026-02-06 21:53,67.00,52.00,10.00,260.00,30.10,0.00,FEW
LAX,2026-02-06 22:53,65.00,52.00,6.00,260.00,30.09,0.00,FEW
LAX,2026-02-06 23:53,65.00,54.00,8.00,260.00,30.09,0.00,FEW
LAX,2026-02-07 00:53,64.00,52.00,8.00,250.00,30.09,0.00,FEW
LAX,2026-02-07 01:53,62.00,55.00,8.00,250.00,30.11,0.00,FEW
LAX,2026-02-07 02:53,61.00,54.00,8.00,240.00,30.14,0.00,FEW
LAX,2026-02-07 03:53,61.00,55.00,8.00,260.00,30.15,0.00,FEW
LAX,2026-02-07 04:53,60.00,56.00,7.00,280.00,30.15,0.00,SCT
LAX,2026-02-07 05:53,60.00,54.00,6.00,250.00,30.16,0.00,FEW
LAX,2026-02-07 06:53,60.00,55.00,11.00,240.00,30.18,0.00,FEW
LAX,2026-02-07 07:53,59.00,54.00,3.00,270.00,30.18,0.00,SCT
LAX,2026-02-07 08:53,58.00,54.00,4.00,250.00,30.17,0.00,BKN
LAX,2026-02-07 09:53,59.00,54.00,0.00,0.00,30.16,0.00,SCT
LAX,2026-02-07 10:53,56.00,53.00,3.00,50.00,30.15,0.00,SCT
LAX,2026-02-07 11:53,55.00,52.00,3.00,90.00,30.14,0.00,FEW
LAX,2026-02-07 12:53,55.00,52.00,5.00,80.00,30.15,0.00,FEW
LAX,2026-02-07 13:53,56.00,54.00,5.00,90.00,30.17,0.00,FEW
LAX,2026-02-07 14:53,55.00,52.00,0.00,0.00,30.18,0.00,FEW
LAX,2026-02-07 15:53,57.00,53.00,4.00,20.00,30.19,0.00,FEW
LAX,2026-02-07 16:53,61.00,54.00,3.00,90.00,30.20,0.00,FEW
LAX,2026-02-07 17:53,64.00,54.00,3.00,80.00,30.20,0.00,FEW
LAX,2026-02-07 18:53,67.00,53.00,3.00,310.00,30.19,0.00,FEW
LAX,2026-02-07 19:53,68.00,56.00,9.00,230.00,30.17,0.00,FEW
LAX,2026-02-07 20:53,67.00,55.00,9.00,260.00,30.14,0.00,FEW
LAX,2026-02-07 21:53,67.00,56.00,12.00,270.00,30.12,0.00,FEW
LAX,2026-02-07 22:53,66.00,57.00,15.00,270.00,30.12,0.00,FEW
LAX,2026-02-07 23:53,65.00,57.00,14.00,250.00,30.12,0.00,FEW
LAX,2026-02-08 00:53,65.00,57.00,7.00,240.00,30.11,0.00,FEW
LAX,2026-02-08 01:53,63.00,57.00,5.00,260.00,30.12,0.00,FEW
LAX,2026-02-08 02:53,66.00,54.00,3.00,300.00,30.13,0.00,FEW
LAX,2026-02-08 03:53,66.00,51.00,0.00,0.00,30.14,0.00,FEW
LAX,2026-02-08 04:53,65.00,52.00,3.00,110.00,30.15,0.00,FEW
LAX,2026-02-08 05:53,63.00,50.00,4.00,90.00,30.15,0.00,FEW
LAX,2026-02-08 06:53,63.00,51.00,4.00,100.00,30.16,0.00,FEW
LAX,2026-02-08 07:53,63.00,52.00,0.00,0.00,30.16,0.00,FEW
LAX,2026-02-08 08:53,63.00,49.00,3.00,null,30.15,0.00,CLR
LAX,2026-02-08 09:53,58.00,51.00,3.00,80.00,30.15,0.00,CLR
LAX,2026-02-08 10:53,58.00,51.00,0.00,0.00,30.14,0.00,CLR
LAX,2026-02-08 11:53,56.00,48.00,3.00,70.00,30.14,0.00,CLR
LAX,2026-02-08 12:53,57.00,44.00,0.00,0.00,30.15,0.00,CLR
LAX,2026-02-08 13:53,59.00,42.00,0.00,0.00,30.17,0.00,CLR
LAX,2026-02-08 14:53,57.00,43.00,3.00,30.00,30.19,0.00,CLR
LAX,2026-02-08 15:53,62.00,43.00,4.00,60.00,30.20,0.00,CLR
LAX,2026-02-08 16:53,70.00,42.00,3.00,null,30.20,0.00,CLR
LAX,2026-02-08 17:53,74.00,38.00,8.00,60.00,30.22,0.00,CLR
LAX,2026-02-08 18:53,78.00,38.00,5.00,10.00,30.22,0.00,CLR
LAX,2026-02-08 19:53,80.00,35.00,0.00,0.00,30.20,0.00,CLR
LAX,2026-02-08 20:53,80.00,42.00,9.00,250.00,30.17,0.00,FEW
LAX,2026-02-08 21:53,78.00,43.00,8.00,260.00,30.14,0.00,FEW
LAX,2026-02-08 22:53,74.00,47.00,10.00,260.00,30.13,0.00,FEW
LAX,2026-02-08 23:53,72.00,45.00,12.00,250.00,30.13,0.00,FEW
LAX,2026-02-09 00:53,70.00,47.00,13.00,260.00,30.13,0.00,FEW
LAX,2026-02-09 01:53,66.00,48.00,8.00,250.00,30.14,0.00,FEW
LAX,2026-02-09 02:53,66.00,47.00,10.00,260.00,30.14,0.00,CLR
LAX,2026-02-09 03:53,65.00,54.00,0.00,0.00,30.13,0.00,FEW
LAX,2026-02-09 04:53,62.00,54.00,4.00,270.00,30.13,0.00,FEW
LAX,2026-02-09 05:53,63.00,53.00,0.00,0.00,30.13,0.00,CLR
LAX,2026-02-09 06:53,63.00,52.00,0.00,0.00,30.11,0.00,CLR
LAX,2026-02-09 07:53,60.00,50.00,3.00,90.00,30.11,0.00,CLR
LAX,2026-02-09 08:53,58.00,51.00,3.00,90.00,30.10,0.00,CLR
LAX,2026-02-09 09:53,56.00,49.00,3.00,70.00,30.08,0.00,CLR
LAX,2026-02-09 10:53,59.00,47.00,3.00,120.00,30.06,0.00,FEW
LAX,2026-02-09 11:53,54.00,47.00,4.00,100.00,30.05,0.00,FEW
LAX,2026-02-09 12:53,55.00,45.00,5.00,90.00,30.04,0.00,FEW
LAX,2026-02-09 13:53,56.00,41.00,0.00,0.00,30.06,0.00,SCT
LAX,2026-02-09 14:53,56.00,41.00,4.00,120.00,30.06,0.00,FEW
LAX,2026-02-09 15:53,60.00,42.00,4.00,100.00,30.05,0.00,FEW
LAX,2026-02-09 16:53,65.00,44.00,4.00,50.00,30.05,0.00,FEW
LAX,2026-02-09 17:53,66.00,43.00,4.00,90.00,30.04,0.00,FEW
LAX,2026-02-09 18:53,71.00,42.00,3.00,80.00,30.03,0.00,FEW
LAX,2026-02-09 19:53,75.00,43.00,3.00,140.00,29.99,0.00,FEW
LAX,2026-02-09 20:53,77.00,42.00,4.00,180.00,29.96,0.00,FEW
LAX,2026-02-09 21:53,68.00,56.00,9.00,250.00,29.95,0.00,FEW
LAX,2026-02-09 22:53,67.00,55.00,8.00,250.00,29.93,0.00,FEW
LAX,2026-02-09 23:53,65.00,58.00,8.00,250.00,29.93,0.00,BKN
LAX,2026-02-10 00:53,64.00,56.00,7.00,260.00,29.93,0.00,FEW
LAX,2026-02-10 01:53,62.00,56.00,4.00,250.00,29.92,0.00,OVC
LAX,2026-02-10 02:53,62.00,56.00,4.00,250.00,29.93,0.00,OVC
LAX,2026-02-10 03:53,62.00,55.00,5.00,240.00,29.93,0.00,OVC
LAX,2026-02-10 04:53,62.00,56.00,3.00,240.00,29.94,0.00,OVC
LAX,2026-02-10 05:53,61.00,58.00,0.00,0.00,29.94,0.00,FEW
LAX,2026-02-10 06:53,61.00,58.00,0.00,0.00,29.93,0.00,FEW
LAX,2026-02-10 07:53,61.00,57.00,0.00,0.00,29.94,0.00,FEW
LAX,2026-02-10 08:53,60.00,57.00,5.00,60.00,29.92,0.00,FEW
LAX,2026-02-10 09:53,60.00,57.00,3.00,70.00,29.91,0.00,FEW
LAX,2026-02-10 10:53,60.00,57.00,7.00,90.00,29.90,0.00,FEW
LAX,2026-02-10 11:53,59.00,56.00,9.00,80.00,29.88,0.00,FEW
LAX,2026-02-10 12:53,60.00,56.00,6.00,100.00,29.90,0.00,FEW
LAX,2026-02-10 13:53,60.00,56.00,4.00,90.00,29.92,0.00,FEW
LAX,2026-02-10 14:53,60.00,56.00,6.00,90.00,29.94,0.00,SCT
LAX,2026-02-10 15:53,60.00,56.00,6.00,90.00,29.95,0.00,FEW
LAX,2026-02-10 16:53,61.00,56.00,5.00,70.00,29.95,0.00,SCT
LAX,2026-02-10 17:53,62.00,56.00,7.00,90.00,29.96,0.00,SCT
LAX,2026-02-10 18:53,63.00,56.00,6.00,100.00,29.98,0.00,FEW
LAX,2026-02-10 19:53,64.00,56.00,9.00,120.00,29.95,0.00,FEW
LAX,2026-02-10 20:53,64.00,54.00,9.00,170.00,29.96,0.00,SCT
LAX,2026-02-10 21:53,64.00,54.00,10.00,120.00,29.94,0.00,SCT
LAX,2026-02-10 22:53,63.00,54.00,16.00,110.00,29.92,0.00,FEW
LAX,2026-02-10 23:53,63.00,53.00,10.00,130.00,29.94,0.00,FEW
LAX,2026-02-11 00:53,62.00,54.00,11.00,130.00,29.95,0.00,FEW
LAX,2026-02-11 01:53,62.00,56.00,10.00,130.00,29.97,0.00,BKN
LAX,2026-02-11 02:53,62.00,55.00,16.00,120.00,29.97,0.00,SCT
LAX,2026-02-11 03:53,62.00,55.00,12.00,130.00,29.97,0.00,FEW
LAX,2026-02-11 04:53,62.00,55.00,14.00,130.00,29.97,0.00,FEW
LAX,2026-02-11 05:53,62.00,55.00,14.00,140.00,29.94,0.00,FEW
LAX,2026-02-11 06:53,62.00,56.00,17.00,140.00,29.94,0.00,FEW
LAX,2026-02-11 07:53,59.00,56.00,17.00,240.00,29.97,0.04,FEW
LAX,2026-02-11 08:53,57.00,55.00,11.00,230.00,29.98,0.18,SCT
LAX,2026-02-11 09:53,58.00,56.00,7.00,220.00,29.98,0.08,SCT
LAX,2026-02-11 10:53,58.00,53.00,9.00,230.00,29.98,0.01,SCT
LAX,2026-02-11 11:53,59.00,55.00,10.00,250.00,29.99,null,FEW
LAX,2026-02-11 12:53,59.00,54.00,9.00,270.00,30.01,null,FEW
LAX,2026-02-11 13:53,59.00,53.00,8.00,260.00,30.03,0.00,FEW
LAX,2026-02-11 14:53,59.00,52.00,6.00,240.00,30.06,0.31,FEW
LAX,2026-02-11 15:53,58.00,55.00,5.00,50.00,30.09,0.00,SCT
LAX,2026-02-11 16:53,58.00,55.00,4.00,120.00,30.11,0.02,SCT
LAX,2026-02-11 17:53,60.00,54.00,6.00,110.00,30.12,0.00,SCT
LAX,2026-02-11 18:53,61.00,52.00,4.00,220.00,30.13,0.00,FEW
LAX,2026-02-11 19:53,62.00,52.00,7.00,260.00,30.13,0.00,FEW
LAX,2026-02-11 20:53,63.00,51.00,8.00,280.00,30.11,0.00,FEW
LAX,2026-02-11 21:53,63.00,50.00,8.00,260.00,30.11,0.00,FEW
LAX,2026-02-11 22:53,62.00,51.00,10.00,260.00,30.11,0.00,FEW
LAX,2026-02-11 23:53,62.00,50.00,11.00,250.00,30.11,0.00,FEW
LAX,2026-02-12 00:53,60.00,51.00,8.00,260.00,30.11,0.00,FEW
LAX,2026-02-12 01:53,59.00,49.00,12.00,270.00,30.12,0.00,FEW
LAX,2026-02-12 02:53,59.00,48.00,9.00,260.00,30.13,0.00,FEW
LAX,2026-02-12 03:53,59.00,51.00,5.00,310.00,30.14,0.00,CLR
LAX,2026-02-12 04:53,58.00,47.00,5.00,310.00,30.14,0.00,CLR
LAX,2026-02-12 05:53,57.00,46.00,5.00,310.00,30.15,0.00,CLR
LAX,2026-02-12 06:53,57.00,45.00,4.00,340.00,30.16,0.00,FEW
LAX,2026-02-12 07:53,54.00,47.00,0.00,0.00,30.17,0.00,FEW
LAX,2026-02-12 08:53,55.00,46.00,0.00,0.00,30.17,0.00,BKN
LAX,2026-02-12 09:53,55.00,46.00,0.00,0.00,30.17,0.00,BKN
LAX,2026-02-12 10:53,52.00,46.00,3.00,110.00,30.16,0.00,FEW
LAX,2026-02-12 11:53,52.00,47.00,3.00,100.00,30.16,0.00,FEW
LAX,2026-02-12 12:53,51.00,47.00,4.00,80.00,30.17,0.00,FEW
LAX,2026-02-12 13:53,52.00,47.00,5.00,30.00,30.16,0.00,FEW
LAX,2026-02-12 14:53,53.00,47.00,5.00,20.00,30.17,0.00,FEW
LAX,2026-02-12 15:53,56.00,47.00,4.00,360.00,30.17,0.00,FEW
LAX,2026-02-12 16:53,59.00,47.00,5.00,330.00,30.17,0.00,FEW
LAX,2026-02-12 17:53,61.00,47.00,4.00,null,30.17,0.00,FEW
LAX,2026-02-12 18:53,63.00,47.00,5.00,240.00,30.15,0.00,FEW
LAX,2026-02-12 19:53,64.00,49.00,9.00,240.00,30.13,0.00,SCT
LAX,2026-02-12 20:53,63.00,49.00,13.00,250.00,30.10,0.00,FEW
LAX,2026-02-12 21:53,63.00,51.00,13.00,250.00,30.08,0.00,FEW
LAX,2026-02-12 22:53,62.00,51.00,14.00,270.00,30.06,0.00,FEW
LAX,2026-02-12 23:53,61.00,49.00,15.00,270.00,30.05,0.00,FEW
LAX,2026-02-13 00:53,60.00,48.00,13.00,260.00,30.05,0.00,FEW
LAX,2026-02-13 01:53,61.00,50.00,10.00,280.00,30.04,0.00,FEW
LAX,2026-02-13 02:53,60.00,49.00,9.00,260.00,30.04,0.00,BKN
LAX,2026-02-13 03:53,60.00,48.00,8.00,250.00,30.04,0.00,BKN
LAX,2026-02-13 04:53,60.00,48.00,4.00,220.00,30.04,0.00,BKN
LAX,2026-02-13 05:53,59.00,48.00,4.00,250.00,30.04,0.00,BKN
LAX,2026-02-13 06:53,59.00,49.00,3.00,50.00,30.03,0.00,BKN
LAX,2026-02-13 07:53,59.00,47.00,0.00,0.00,30.01,0.00,SCT
LAX,2026-02-13 08:53,58.00,45.00,3.00,null,29.99,0.00,FEW
LAX,2026-02-13 09:53,53.00,46.00,0.00,0.00,29.99,0.00,FEW
LAX,2026-02-13 10:53,53.00,46.00,0.00,0.00,29.97,0.00,FEW
LAX,2026-02-13 11:53,50.00,45.00,0.00,0.00,29.96,0.00,FEW
LAX,2026-02-13 12:53,49.00,44.00,4.00,130.00,29.97,0.00,FEW
LAX,2026-02-13 13:53,49.00,43.00,4.00,110.00,29.98,0.00,FEW
LAX,2026-02-13 14:53,50.00,43.00,4.00,70.00,29.99,0.00,FEW
LAX,2026-02-13 15:53,53.00,45.00,5.00,80.00,30.00,0.00,FEW
LAX,2026-02-13 16:53,58.00,47.00,4.00,100.00,30.00,0.00,FEW
LAX,2026-02-13 17:53,62.00,47.00,3.00,null,30.02,0.00,FEW
LAX,2026-02-13 18:53,66.00,48.00,5.00,120.00,30.02,0.00,FEW
LAX,2026-02-13 19:53,67.00,48.00,7.00,220.00,30.00,0.00,FEW
LAX,2026-02-13 20:53,66.00,47.00,10.00,230.00,30.00,0.00,FEW
LAX,2026-02-13 21:53,65.00,51.00,9.00,250.00,29.98,0.00,FEW
LAX,2026-02-13 22:53,65.00,44.00,7.00,250.00,29.98,0.00,FEW
LAX,2026-02-13 23:53,65.00,46.00,5.00,260.00,29.98,0.00,FEW
LAX,2026-02-14 00:53,64.00,42.00,6.00,230.00,29.99,0.00,FEW
LAX,2026-02-14 01:53,60.00,51.00,4.00,230.00,30.00,0.00,FEW
LAX,2026-02-14 02:53,61.00,51.00,4.00,null,30.01,0.00,FEW
LAX,2026-02-14 03:53,60.00,50.00,3.00,180.00,30.04,0.00,CLR
LAX,2026-02-14 04:53,60.00,49.00,3.00,140.00,30.06,0.00,CLR
LAX,2026-02-14 05:53,58.00,48.00,5.00,120.00,30.07,0.00,CLR
LAX,2026-02-14 06:53,56.00,51.00,5.00,80.00,30.08,0.00,CLR
LAX,2026-02-14 07:53,57.00,54.00,8.00,90.00,30.07,0.00,FEW
LAX,2026-02-14 08:53,57.00,53.00,4.00,70.00,30.08,0.00,SCT
LAX,2026-02-14 09:53,55.00,53.00,5.00,60.00,30.08,0.00,SCT
LAX,2026-02-14 10:53,56.00,53.00,7.00,70.00,30.08,0.00,BKN
LAX,2026-02-14 11:53,57.00,52.00,5.00,70.00,30.08,0.00,BKN
LAX,2026-02-14 12:53,53.00,50.00,4.00,70.00,30.09,0.00,FEW
LAX,2026-02-14 13:53,54.00,48.00,4.00,null,30.10,0.00,FEW
LAX,2026-02-14 14:53,52.00,47.00,6.00,40.00,30.12,0.00,SCT
LAX,2026-02-14 15:53,56.00,48.00,7.00,70.00,30.13,0.00,FEW
LAX,2026-02-14 16:53,60.00,50.00,5.00,null,30.15,0.00,SCT
LAX,2026-02-14 17:53,63.00,52.00,8.00,90.00,30.14,0.00,SCT
LAX,2026-02-14 18:53,64.00,51.00,5.00,130.00,30.14,0.00,SCT
LAX,2026-02-14 19:53,64.00,54.00,10.00,240.00,30.14,0.00,SCT
LAX,2026-02-14 20:53,66.00,50.00,8.00,150.00,30.09,0.00,SCT
LAX,2026-02-14 21:53,66.00,52.00,8.00,220.00,30.07,0.00,SCT
LAX,2026-02-14 22:53,64.00,52.00,10.00,240.00,30.06,0.00,SCT
LAX,2026-02-14 23:53,62.00,54.00,15.00,240.00,30.05,0.00,SCT
LAX,2026-02-15 00:53,60.00,54.00,9.00,260.00,30.05,0.00,FEW
LAX,2026-02-15 01:53,58.00,53.00,6.00,250.00,30.05,0.00,FEW
LAX,2026-02-15 02:53,58.00,52.00,6.00,230.00,30.06,0.00,FEW
LAX,2026-02-15 03:53,58.00,52.00,6.00,260.00,30.07,0.00,FEW
LAX,2026-02-15 04:53,58.00,51.00,4.00,200.00,30.07,0.00,FEW
LAX,2026-02-15 05:53,58.00,51.00,4.00,180.00,30.07,0.00,FEW
LAX,2026-02-15 06:53,57.00,51.00,3.00,220.00,30.06,0.00,FEW
LAX,2026-02-15 07:53,58.00,50.00,3.00,220.00,30.06,0.00,FEW
LAX,2026-02-15 08:53,56.00,50.00,3.00,150.00,30.06,0.00,FEW
LAX,2026-02-15 09:53,55.00,50.00,0.00,0.00,30.05,0.00,FEW
LAX,2026-02-15 10:53,53.00,50.00,0.00,0.00,30.04,0.00,FEW
LAX,2026-02-15 11:53,54.00,50.00,3.00,40.00,30.02,0.00,FEW
LAX,2026-02-15 12:53,53.00,50.00,3.00,70.00,30.01,0.00,FEW
LAX,2026-02-15 13:53,52.00,50.00,3.00,null,30.01,0.00,FEW
LAX,2026-02-15 14:53,53.00,50.00,4.00,110.00,30.02,0.00,FEW
LAX,2026-02-15 15:53,56.00,52.00,3.00,90.00,30.04,0.00,FEW
LAX,2026-02-15 16:53,58.00,52.00,0.00,0.00,30.04,0.00,FEW
LAX,2026-02-15 17:53,60.00,50.00,5.00,130.00,30.05,0.00,FEW
LAX,2026-02-15 18:53,61.00,50.00,5.00,250.00,30.04,0.00,FEW
LAX,2026-02-15 19:53,62.00,46.00,3.00,null,30.01,0.00,SCT
LAX,2026-02-15 20:53,62.00,49.00,8.00,260.00,29.97,0.00,SCT
LAX,2026-02-15 21:53,62.00,46.00,8.00,250.00,29.97,0.00,SCT
LAX,2026-02-15 22:53,61.00,46.00,8.00,240.00,29.95,0.00,FEW
LAX,2026-02-15 23:53,61.00,46.00,10.00,230.00,29.95,0.00,FEW
LAX,2026-02-16 00:53,60.00,47.00,7.00,250.00,29.94,0.00,FEW
LAX,2026-02-16 01:53,59.00,47.00,6.00,250.00,29.94,0.00,FEW
LAX,2026-02-16 02:53,58.00,48.00,5.00,250.00,29.95,0.00,FEW
LAX,2026-02-16 03:53,59.00,48.00,0.00,0.00,29.94,0.00,FEW
LAX,2026-02-16 04:53,57.00,48.00,4.00,100.00,29.94,0.00,FEW
LAX,2026-02-16 05:53,56.00,48.00,5.00,90.00,29.94,0.00,FEW
LAX,2026-02-16 06:53,56.00,48.00,5.00,80.00,29.92,0.00,FEW
LAX,2026-02-16 07:53,56.00,50.00,7.00,90.00,29.91,0.00,FEW
LAX,2026-02-16 08:53,56.00,49.00,5.00,80.00,29.91,0.00,FEW
LAX,2026-02-16 09:53,55.00,50.00,7.00,80.00,29.90,0.01,FEW
LAX,2026-02-16 10:53,56.00,49.00,7.00,90.00,29.87,0.00,FEW
LAX,2026-02-16 11:53,55.00,49.00,7.00,90.00,29.85,0.00,FEW
LAX,2026-02-16 12:53,56.00,48.00,9.00,100.00,29.84,null,FEW
LAX,2026-02-16 13:53,56.00,49.00,9.00,110.00,29.82,null,FEW
LAX,2026-02-16 14:53,57.00,48.00,12.00,90.00,29.80,null,FEW
LAX,2026-02-16 15:53,55.00,50.00,13.00,110.00,29.81,null,SCT
LAX,2026-02-16 16:53,54.00,52.00,7.00,120.00,29.80,0.15,SCT
LAX,2026-02-16 17:53,55.00,53.00,13.00,130.00,29.78,0.16,SCT
LAX,2026-02-16 18:53,55.00,54.00,9.00,120.00,29.76,0.13,OVC
LAX,2026-02-16 19:53,55.00,53.00,14.00,230.00,29.80,0.46,SCT
LAX,2026-02-16 20:53,54.00,50.00,10.00,240.00,29.79,0.11,FEW
LAX,2026-02-16 21:53,54.00,51.00,0.00,0.00,29.75,0.06,SCT
LAX,2026-02-16 22:53,55.00,51.00,8.00,140.00,29.76,0.03,BKN
LAX,2026-02-16 23:53,55.00,52.00,8.00,150.00,29.76,0.03,FEW
LAX,2026-02-17 00:53,57.00,50.00,16.00,250.00,29.78,0.09,FEW
LAX,2026-02-17 01:53,57.00,47.00,20.00,250.00,29.80,0.00,FEW
LAX,2026-02-17 02:53,56.00,45.00,18.00,270.00,29.82,0.00,FEW
LAX,2026-02-17 03:53,55.00,46.00,7.00,290.00,29.85,0.00,FEW
LAX,2026-02-17 04:53,55.00,45.00,5.00,290.00,29.87,0.00,FEW
LAX,2026-02-17 05:53,55.00,46.00,6.00,250.00,29.90,0.00,FEW
LAX,2026-02-17 06:53,52.00,49.00,4.00,260.00,29.92,0.02,FEW
LAX,2026-02-17 07:53,49.00,46.00,7.00,260.00,29.95,0.33,FEW
LAX,2026-02-17 08:53,53.00,48.00,4.00,null,29.94,0.05,FEW
LAX,2026-02-17 09:53,50.00,48.00,3.00,80.00,29.95,0.00,FEW
LAX,2026-02-17 10:53,50.00,48.00,4.00,110.00,29.95,null,FEW
LAX,2026-02-17 11:53,50.00,47.00,5.00,120.00,29.95,0.00,FEW
LAX,2026-02-17 12:53,50.00,48.00,6.00,130.00,29.98,null,FEW
LAX,2026-02-17 13:53,49.00,47.00,5.00,90.00,30.00,null,FEW
LAX,2026-02-17 14:53,49.00,48.00,3.00,70.00,30.03,0.00,FEW
LAX,2026-02-17 15:53,51.00,48.00,5.00,70.00,30.06,0.00,FEW
LAX,2026-02-17 16:53,54.00,49.00,8.00,90.00,30.08,0.00,SCT
LAX,2026-02-17 17:53,55.00,49.00,6.00,50.00,30.10,null,FEW
LAX,2026-02-17 18:53,54.00,51.00,5.00,null,30.10,0.20,FEW
LAX,2026-02-17 19:53,56.00,51.00,4.00,320.00,30.10,0.07,FEW
LAX,2026-02-17 20:53,59.00,49.00,11.00,230.00,30.07,0.00,FEW
LAX,2026-02-17 21:53,60.00,44.00,12.00,240.00,30.05,0.00,FEW
LAX,2026-02-17 22:53,60.00,42.00,14.00,240.00,30.04,0.00,FEW
LAX,2026-02-17 23:53,58.00,44.00,14.00,230.00,30.03,0.00,SCT
LAX,2026-02-18 00:53,58.00,45.00,14.00,220.00,30.02,0.00,FEW
LAX,2026-02-18 01:53,58.00,46.00,17.00,200.00,30.01,0.00,FEW
LAX,2026-02-18 02:53,57.00,46.00,19.00,200.00,30.00,null,FEW
LAX,2026-02-18 03:53,58.00,47.00,16.00,200.00,29.98,null,SCT
LAX,2026-02-18 04:53,56.00,49.00,15.00,190.00,29.98,null,FEW
LAX,2026-02-18 05:53,58.00,48.00,17.00,200.00,29.95,0.00,FEW
LAX,2026-02-18 06:53,55.00,51.00,20.00,220.00,29.95,0.16,FEW
LAX,2026-02-18 07:53,57.00,50.00,17.00,210.00,29.92,null,FEW
LAX,2026-02-18 08:53,57.00,51.00,22.00,230.00,29.88,null,FEW
LAX,2026-02-18 09:53,55.00,50.00,24.00,240.00,29.86,0.14,FEW
LAX,2026-02-18 10:53,54.00,48.00,26.00,270.00,29.87,0.02,FEW
LAX,2026-02-18 11:53,52.00,45.00,25.00,270.00,29.89,null,FEW
LAX,2026-02-18 12:53,52.00,41.00,21.00,270.00,29.90,null,FEW
LAX,2026-02-18 13:53,52.00,39.00,24.00,270.00,29.92,0.00,FEW
LAX,2026-02-18 14:53,51.00,36.00,27.00,270.00,29.94,0.00,FEW
LAX,2026-02-18 15:53,53.00,38.00,20.00,270.00,29.99,0.00,FEW
LAX,2026-02-18 16:53,54.00,36.00,20.00,270.00,30.02,0.00,FEW
LAX,2026-02-18 17:53,55.00,34.00,10.00,270.00,30.04,0.00,FEW
LAX,2026-02-18 18:53,57.00,34.00,15.00,260.00,30.06,0.00,FEW
LAX,2026-02-18 19:53,58.00,36.00,16.00,260.00,30.05,0.00,FEW
LAX,2026-02-18 20:53,58.00,37.00,16.00,250.00,30.03,0.00,FEW
LAX,2026-02-18 21:53,58.00,39.00,21.00,270.00,30.01,0.00,FEW
LAX,2026-02-18 22:53,57.00,38.00,22.00,260.00,29.99,0.00,SCT
LAX,2026-02-18 23:53,57.00,39.00,21.00,260.00,29.98,0.00,FEW
LAX,2026-02-19 00:53,56.00,38.00,19.00,260.00,29.98,0.00,FEW
LAX,2026-02-19 01:53,55.00,39.00,18.00,270.00,29.99,0.00,FEW
LAX,2026-02-19 02:53,54.00,42.00,17.00,260.00,30.00,0.00,FEW
LAX,2026-02-19 03:53,54.00,37.00,10.00,280.00,29.99,0.00,FEW
LAX,2026-02-19 04:53,53.00,38.00,10.00,270.00,30.01,0.00,FEW
LAX,2026-02-19 05:53,54.00,38.00,10.00,290.00,30.01,0.00,FEW
LAX,2026-02-19 06:53,53.00,40.00,12.00,270.00,30.02,0.00,FEW
LAX,2026-02-19 07:53,54.00,38.00,10.00,290.00,30.02,0.00,FEW
LAX,2026-02-19 08:53,52.00,39.00,7.00,290.00,30.02,0.00,FEW
LAX,2026-02-19 09:53,51.00,37.00,3.00,320.00,30.02,0.00,FEW
LAX,2026-02-19 10:53,50.00,38.00,4.00,50.00,30.01,0.00,FEW
LAX,2026-02-19 11:53,48.00,39.00,4.00,50.00,30.01,0.00,FEW
LAX,2026-02-19 12:53,49.00,39.00,4.00,50.00,30.01,0.00,FEW
LAX,2026-02-19 13:53,49.00,40.00,3.00,80.00,30.01,0.00,FEW
LAX,2026-02-19 14:53,48.00,43.00,5.00,120.00,30.00,0.02,FEW
LAX,2026-02-19 15:53,49.00,43.00,7.00,110.00,30.00,null,SCT
LAX,2026-02-19 16:53,50.00,44.00,8.00,120.00,29.99,null,SCT
LAX,2026-02-19 17:53,51.00,47.00,10.00,100.00,29.97,0.03,BKN
LAX,2026-02-19 18:53,52.00,50.00,6.00,150.00,29.96,0.26,BKN
LAX,2026-02-19 19:53,54.00,52.00,13.00,200.00,29.91,0.12,BKN
LAX,2026-02-19 20:53,55.00,51.00,19.00,240.00,29.86,0.13,SCT
LAX,2026-02-19 21:53,56.00,47.00,21.00,270.00,29.86,0.01,SCT
LAX,2026-02-19 22:53,57.00,46.00,22.00,270.00,29.85,0.00,FEW
LAX,2026-02-19 23:53,57.00,46.00,22.00,270.00,29.84,0.00,FEW
LAX,2026-02-20 00:53,55.00,41.00,20.00,260.00,29.84,0.00,FEW
LAX,2026-02-20 01:53,54.00,40.00,23.00,260.00,29.84,0.00,FEW
LAX,2026-02-20 02:53,54.00,40.00,23.00,260.00,29.86,0.00,FEW
LAX,2026-02-20 03:53,53.00,39.00,20.00,270.00,29.87,0.00,SCT
LAX,2026-02-20 04:53,53.00,40.00,14.00,290.00,29.87,0.00,FEW
LAX,2026-02-20 05:53,51.00,38.00,7.00,310.00,29.89,0.00,CLR
LAX,2026-02-20 06:53,52.00,35.00,14.00,280.00,29.91,0.00,FEW
LAX,2026-02-20 07:53,51.00,35.00,6.00,310.00,29.94,0.00,FEW
LAX,2026-02-20 08:53,48.00,34.00,6.00,330.00,29.94,0.00,CLR
LAX,2026-02-20 09:53,47.00,33.00,5.00,330.00,29.95,0.00,CLR
LAX,2026-02-20 10:53,45.00,35.00,3.00,360.00,29.96,0.00,CLR
LAX,2026-02-20 11:53,45.00,35.00,4.00,310.00,29.97,0.00,CLR
LAX,2026-02-20 12:53,45.00,34.00,3.00,320.00,29.98,0.00,CLR
LAX,2026-02-20 13:53,43.00,35.00,0.00,0.00,30.01,0.00,SCT
LAX,2026-02-20 14:53,43.00,36.00,3.00,10.00,30.02,0.00,FEW
LAX,2026-02-20 15:53,45.00,35.00,3.00,20.00,30.03,0.00,FEW
LAX,2026-02-20 16:53,50.00,35.00,5.00,40.00,30.05,0.00,FEW
LAX,2026-02-20 17:53,52.00,35.00,3.00,330.00,30.05,0.00,FEW
LAX,2026-02-20 18:53,53.00,31.00,3.00,330.00,30.04,0.00,FEW
LAX,2026-02-20 19:53,56.00,27.00,6.00,310.00,30.04,0.00,FEW
LAX,2026-02-20 20:53,56.00,31.00,5.00,320.00,30.03,0.00,FEW
LAX,2026-02-20 21:53,58.00,33.00,4.00,260.00,30.02,0.00,FEW
LAX,2026-02-20 22:53,58.00,34.00,12.00,270.00,30.02,0.00,FEW
LAX,2026-02-20 23:53,56.00,35.00,10.00,250.00,30.03,0.00,FEW
LAX,2026-02-21 00:53,55.00,35.00,8.00,250.00,30.04,0.00,FEW
LAX,2026-02-21 01:53,53.00,35.00,8.00,260.00,30.06,0.00,FEW
LAX,2026-02-21 02:53,53.00,36.00,8.00,270.00,30.07,0.00,FEW
LAX,2026-02-21 03:53,53.00,34.00,5.00,280.00,30.08,0.00,FEW
LAX,2026-02-21 04:53,53.00,35.00,4.00,360.00,30.09,0.00,FEW
LAX,2026-02-21 05:53,53.00,35.00,3.00,360.00,30.10,0.00,CLR
LAX,2026-02-21 06:53,51.00,36.00,3.00,360.00,30.11,0.00,CLR
LAX,2026-02-21 07:53,51.00,38.00,4.00,null,30.12,0.00,CLR
LAX,2026-02-21 08:53,46.00,37.00,4.00,90.00,30.13,0.00,CLR
LAX,2026-02-21 09:53,46.00,38.00,3.00,40.00,30.12,0.00,CLR
LAX,2026-02-21 10:53,46.00,37.00,3.00,50.00,30.12,0.00,CLR
LAX,2026-02-21 11:53,46.00,36.00,4.00,null,30.12,0.00,CLR
LAX,2026-02-21 12:53,45.00,36.00,5.00,40.00,30.11,0.00,CLR
LAX,2026-02-21 13:53,46.00,34.00,4.00,30.00,30.13,0.00,CLR
LAX,2026-02-21 14:53,47.00,33.00,3.00,30.00,30.15,0.00,FEW
LAX,2026-02-21 15:53,51.00,34.00,4.00,null,30.16,0.00,FEW
LAX,2026-02-21 16:53,55.00,34.00,6.00,50.00,30.16,0.00,FEW
LAX,2026-02-21 17:53,59.00,34.00,5.00,20.00,30.17,0.00,FEW
LAX,2026-02-21 18:53,64.00,32.00,9.00,40.00,30.17,0.00,FEW
LAX,2026-02-21 19:53,66.00,28.00,5.00,60.00,30.16,0.00,FEW
LAX,2026-02-21 20:53,69.00,32.00,8.00,70.00,30.13,0.00,FEW
LAX,2026-02-21 21:53,64.00,44.00,12.00,240.00,30.13,0.00,FEW
LAX,2026-02-21 22:53,64.00,38.00,11.00,250.00,30.13,0.00,FEW
LAX,2026-02-21 23:53,64.00,41.00,6.00,300.00,30.12,0.00,FEW
LAX,2026-02-22 00:53,61.00,42.00,10.00,260.00,30.13,0.00,FEW
LAX,2026-02-22 01:53,58.00,46.00,11.00,270.00,30.15,0.00,FEW
LAX,2026-02-22 02:53,58.00,47.00,12.00,260.00,30.16,0.00,FEW
LAX,2026-02-22 03:53,57.00,47.00,9.00,280.00,30.18,0.00,CLR
LAX,2026-02-22 04:53,56.00,48.00,7.00,240.00,30.19,0.00,FEW
LAX,2026-02-22 05:53,56.00,48.00,5.00,50.00,30.20,0.00,FEW
LAX,2026-02-22 06:53,54.00,47.00,3.00,90.00,30.21,0.00,SCT
LAX,2026-02-22 07:53,54.00,45.00,5.00,90.00,30.20,0.00,BKN
LAX,2026-02-22 08:53,54.00,42.00,0.00,0.00,30.20,0.00,BKN
LAX,2026-02-22 09:53,53.00,41.00,0.00,0.00,30.20,0.00,SCT
LAX,2026-02-22 10:53,52.00,38.00,3.00,60.00,30.18,0.00,SCT
LAX,2026-02-22 11:53,51.00,37.00,0.00,0.00,30.17,0.00,SCT
LAX,2026-02-22 12:53,50.00,36.00,3.00,60.00,30.16,0.00,FEW
LAX,2026-02-22 13:53,54.00,32.00,3.00,330.00,30.19,0.00,FEW
LAX,2026-02-22 14:53,52.00,33.00,0.00,0.00,30.20,0.00,FEW
LAX,2026-02-22 15:53,55.00,38.00,0.00,0.00,30.22,0.00,FEW
LAX,2026-02-22 16:53,62.00,34.00,4.00,null,30.23,0.00,FEW
LAX,2026-02-22 17:53,66.00,34.00,4.00,null,30.24,0.00,FEW
LAX,2026-02-22 18:53,68.00,42.00,7.00,250.00,30.23,0.00,FEW
LAX,2026-02-22 19:53,68.00,40.00,11.00,260.00,30.21,0.00,FEW
LAX,2026-02-22 20:53,66.00,42.00,10.00,250.00,30.19,0.00,FEW
LAX,2026-02-22 21:53,66.00,44.00,10.00,260.00,30.17,0.00,FEW
LAX,2026-02-22 22:53,65.00,46.00,11.00,270.00,30.17,0.00,FEW
LAX,2026-02-22 23:53,64.00,49.00,13.00,250.00,30.17,0.00,FEW
LAX,2026-02-23 00:53,63.00,49.00,10.00,260.00,30.16,0.00,FEW
LAX,2026-02-23 01:53,60.00,49.00,13.00,270.00,30.17,0.00,FEW
LAX,2026-02-23 02:53,60.00,49.00,7.00,250.00,30.16,0.00,CLR
LAX,2026-02-23 03:53,58.00,50.00,6.00,260.00,30.17,0.00,CLR
LAX,2026-02-23 04:53,59.00,51.00,0.00,0.00,30.18,0.00,CLR
LAX,2026-02-23 05:53,56.00,50.00,0.00,0.00,30.19,0.00,FEW
LAX,2026-02-23 06:53,56.00,49.00,4.00,90.00,30.19,0.00,FEW
LAX,2026-02-23 07:53,56.00,48.00,4.00,80.00,30.18,0.00,FEW
LAX,2026-02-23 08:53,57.00,42.00,4.00,50.00,30.18,0.00,FEW
LAX,2026-02-23 09:53,55.00,40.00,3.00,80.00,30.17,0.00,FEW
LAX,2026-02-23 10:53,56.00,38.00,0.00,0.00,30.15,0.00,FEW
LAX,2026-02-23 11:53,54.00,38.00,3.00,100.00,30.14,0.00,FEW
LAX,2026-02-23 12:53,53.00,38.00,0.00,0.00,30.15,0.00,FEW
LAX,2026-02-23 13:53,56.00,35.00,3.00,360.00,30.16,0.00,FEW
LAX,2026-02-23 14:53,55.00,35.00,0.00,0.00,30.16,0.00,FEW
LAX,2026-02-23 15:53,59.00,39.00,3.00,60.00,30.16,0.00,FEW
LAX,2026-02-23 16:53,64.00,38.00,3.00,null,30.17,0.00,FEW
LAX,2026-02-23 17:53,70.00,37.00,8.00,360.00,30.17,0.00,FEW
LAX,2026-02-23 18:53,72.00,43.00,7.00,260.00,30.17,0.00,FEW
LAX,2026-02-23 19:53,72.00,44.00,9.00,260.00,30.16,0.00,FEW
LAX,2026-02-23 20:53,69.00,45.00,12.00,260.00,30.13,0.00,FEW
LAX,2026-02-23 21:53,68.00,48.00,10.00,270.00,30.11,0.00,FEW
LAX,2026-02-23 22:53,69.00,48.00,9.00,250.00,30.10,0.00,FEW
LAX,2026-02-23 23:53,67.00,50.00,9.00,270.00,30.09,0.00,FEW
LAX,2026-02-24 00:53,64.00,49.00,9.00,260.00,30.09,0.00,FEW
LAX,2026-02-24 01:53,62.00,50.00,9.00,250.00,30.09,0.00,FEW
LAX,2026-02-24 02:53,61.00,50.00,6.00,240.00,30.10,0.00,FEW
LAX,2026-02-24 03:53,60.00,51.00,4.00,250.00,30.10,0.00,CLR
LAX,2026-02-24 04:53,60.00,50.00,3.00,null,30.10,0.00,CLR
LAX,2026-02-24 05:53,59.00,52.00,4.00,120.00,30.10,0.00,CLR
LAX,2026-02-24 06:53,59.00,51.00,4.00,110.00,30.09,0.00,FEW
LAX,2026-02-24 07:53,59.00,50.00,4.00,100.00,30.08,0.00,FEW
LAX,2026-02-24 08:53,60.00,49.00,0.00,0.00,30.09,0.00,SCT
LAX,2026-02-24 09:53,58.00,52.00,3.00,270.00,30.08,0.00,SCT
LAX,2026-02-24 10:53,55.00,50.00,5.00,60.00,30.05,0.00,BKN
LAX,2026-02-24 11:53,57.00,50.00,0.00,0.00,30.06,0.00,BKN
LAX,2026-02-24 12:53,54.00,48.00,5.00,90.00,30.05,0.00,BKN
LAX,2026-02-24 13:53,55.00,46.00,5.00,90.00,30.05,0.00,FEW
LAX,2026-02-24 14:53,56.00,46.00,6.00,120.00,30.06,0.00,FEW
LAX,2026-02-24 15:53,61.00,46.00,0.00,0.00,30.07,0.00,FEW
LAX,2026-02-24 16:53,66.00,43.00,0.00,0.00,30.08,0.00,FEW
LAX,2026-02-24 17:53,68.00,44.00,0.00,0.00,30.07,0.00,FEW
LAX,2026-02-24 18:53,73.00,44.00,4.00,null,30.06,0.00,FEW
LAX,2026-02-24 19:53,75.00,50.00,8.00,250.00,30.05,0.00,FEW
LAX,2026-02-24 20:53,71.00,49.00,9.00,240.00,30.03,0.00,SCT
LAX,2026-02-24 21:53,66.00,53.00,10.00,240.00,30.02,0.00,SCT
LAX,2026-02-24 22:53,65.00,56.00,9.00,260.00,30.02,0.00,BKN
LAX,2026-02-24 23:53,66.00,52.00,8.00,270.00,30.00,0.00,SCT
LAX,2026-02-25 00:53,65.00,50.00,7.00,270.00,30.00,0.00,SCT
LAX,2026-02-25 01:53,63.00,49.00,6.00,240.00,30.00,0.00,SCT
LAX,2026-02-25 02:53,61.00,53.00,5.00,250.00,30.01,0.00,BKN
LAX,2026-02-25 03:53,61.00,55.00,5.00,240.00,30.02,0.00,FEW
LAX,2026-02-25 04:53,60.00,55.00,5.00,260.00,30.04,0.00,CLR
LAX,2026-02-25 05:53,60.00,56.00,0.00,0.00,30.03,0.00,CLR
LAX,2026-02-25 06:53,60.00,56.00,4.00,150.00,30.03,0.00,FEW
LAX,2026-02-25 07:53,60.00,56.00,0.00,0.00,30.03,0.00,FEW
LAX,2026-02-25 08:53,57.00,55.00,0.00,0.00,30.03,0.00,FEW
LAX,2026-02-25 09:53,56.00,54.00,0.00,0.00,30.02,0.00,FEW
LAX,2026-02-25 10:53,56.00,53.00,4.00,90.00,30.01,0.00,FEW
LAX,2026-02-25 11:53,55.00,53.00,0.00,0.00,30.02,0.00,FEW
LAX,2026-02-25 12:53,55.00,53.00,3.00,50.00,30.02,0.00,FEW
LAX,2026-02-25 13:53,57.00,51.00,0.00,0.00,30.02,0.00,FEW
LAX,2026-02-25 14:53,56.00,50.00,0.00,0.00,30.04,0.00,FEW
LAX,2026-02-25 15:53,60.00,51.00,0.00,0.00,30.06,0.00,FEW
LAX,2026-02-25 16:53,63.00,51.00,4.00,100.00,30.07,0.00,FEW
LAX,2026-02-25 17:53,67.00,51.00,3.00,100.00,30.07,0.00,FEW
LAX,2026-02-25 18:53,68.00,54.00,8.00,260.00,30.07,0.00,FEW
LAX,2026-02-25 19:53,68.00,55.00,6.00,240.00,30.04,0.00,FEW
LAX,2026-02-25 20:53,69.00,56.00,7.00,240.00,30.02,0.00,FEW
LAX,2026-02-25 21:53,66.00,57.00,10.00,260.00,30.01,0.00,FEW
LAX,2026-02-25 22:53,67.00,55.00,8.00,250.00,29.99,0.00,FEW
LAX,2026-02-25 23:53,65.00,55.00,8.00,270.00,29.99,0.00,FEW
LAX,2026-02-26 00:53,63.00,56.00,8.00,230.00,30.00,0.00,FEW
LAX,2026-02-26 01:53,62.00,55.00,6.00,270.00,30.01,0.00,FEW
LAX,2026-02-26 02:53,61.00,56.00,6.00,260.00,30.02,0.00,FEW
LAX,2026-02-26 03:53,60.00,57.00,4.00,230.00,30.04,0.00,FEW
LAX,2026-02-26 04:53,60.00,57.00,6.00,230.00,30.06,0.00,FEW
LAX,2026-02-26 05:53,60.00,57.00,4.00,240.00,30.07,0.00,FEW
LAX,2026-02-26 06:53,60.00,58.00,0.00,0.00,30.07,0.00,FEW
LAX,2026-02-26 07:53,59.00,57.00,3.00,90.00,30.07,0.00,FEW
LAX,2026-02-26 08:53,58.00,57.00,3.00,120.00,30.08,0.00,FEW
LAX,2026-02-26 09:53,58.00,57.00,0.00,0.00,30.06,0.00,FEW
LAX,2026-02-26 10:53,58.00,56.00,0.00,0.00,30.05,0.00,FEW
LAX,2026-02-26 11:53,56.00,54.00,3.00,100.00,30.04,0.00,FEW
LAX,2026-02-26 12:53,57.00,55.00,0.00,0.00,30.05,0.00,FEW
LAX,2026-02-26 13:53,56.00,55.00,0.00,0.00,30.07,0.00,FEW
LAX,2026-02-26 14:53,58.00,55.00,4.00,100.00,30.07,0.00,FEW
LAX,2026-02-26 15:53,60.00,56.00,3.00,100.00,30.08,0.00,FEW
LAX,2026-02-26 16:53,64.00,56.00,3.00,110.00,30.09,0.00,FEW
LAX,2026-02-26 17:53,69.00,56.00,0.00,0.00,30.08,0.00,FEW
LAX,2026-02-26 18:53,73.00,55.00,3.00,null,30.07,0.00,FEW
LAX,2026-02-26 19:53,71.00,58.00,8.00,260.00,30.04,0.00,FEW
LAX,2026-02-26 20:53,71.00,58.00,8.00,250.00,30.01,0.00,FEW
LAX,2026-02-26 21:53,68.00,57.00,7.00,260.00,29.99,0.00,FEW
LAX,2026-02-26 22:53,68.00,57.00,12.00,250.00,29.98,0.00,FEW
LAX,2026-02-26 23:53,67.00,58.00,9.00,260.00,29.96,0.00,FEW
LAX,2026-02-27 00:53,66.00,58.00,7.00,260.00,29.95,0.00,FEW
LAX,2026-02-27 01:53,65.00,57.00,5.00,260.00,29.95,0.00,FEW
LAX,2026-02-27 02:53,66.00,57.00,0.00,0.00,29.96,0.00,FEW
LAX,2026-02-27 03:53,64.00,58.00,4.00,120.00,29.97,0.00,FEW
LAX,2026-02-27 04:53,64.00,58.00,0.00,0.00,29.98,0.00,FEW
LAX,2026-02-27 05:53,67.00,57.00,5.00,140.00,29.99,0.00,FEW
LAX,2026-02-27 06:53,66.00,57.00,5.00,100.00,30.00,0.00,FEW
LAX,2026-02-27 07:53,67.00,57.00,0.00,0.00,29.99,0.00,FEW
LAX,2026-02-27 08:53,62.00,56.00,3.00,110.00,29.99,0.00,FEW
LAX,2026-02-27 09:53,63.00,56.00,0.00,0.00,29.98,0.00,BKN
LAX,2026-02-27 10:53,65.00,56.00,0.00,0.00,29.97,0.00,FEW
LAX,2026-02-27 11:53,64.00,56.00,0.00,0.00,29.96,0.00,FEW
LAX,2026-02-27 12:53,61.00,54.00,4.00,100.00,29.96,0.00,FEW
LAX,2026-02-27 13:53,62.00,54.00,3.00,100.00,29.97,0.00,FEW
LAX,2026-02-27 14:53,64.00,50.00,3.00,90.00,29.97,0.00,FEW
LAX,2026-02-27 15:53,70.00,51.00,5.00,50.00,29.98,0.00,FEW
LAX,2026-02-27 16:53,77.00,51.00,6.00,30.00,29.99,0.00,FEW
LAX,2026-02-27 17:53,83.00,50.00,0.00,0.00,29.99,0.00,FEW
LAX,2026-02-27 18:53,80.00,58.00,11.00,260.00,29.99,0.00,FEW
LAX,2026-02-27 19:53,76.00,54.00,10.00,260.00,29.97,0.00,FEW
LAX,2026-02-27 20:53,79.00,53.00,7.00,260.00,29.94,0.00,FEW
LAX,2026-02-27 21:53,81.00,52.00,8.00,260.00,29.91,0.00,FEW
LAX,2026-02-27 22:53,83.00,51.00,6.00,270.00,29.89,0.00,SCT
LAX,2026-02-27 23:53,83.00,51.00,5.00,260.00,29.88,0.00,SCT
LAX,2026-02-28 00:53,78.00,55.00,7.00,250.00,29.87,0.00,SCT
LAX,2026-02-28 01:53,71.00,56.00,4.00,250.00,29.87,0.00,SCT
LAX,2026-02-28 02:53,68.00,55.00,4.00,250.00,29.88,0.00,SCT
LAX,2026-02-28 03:53,69.00,55.00,3.00,210.00,29.89,0.00,SCT
LAX,2026-02-28 04:53,70.00,54.00,0.00,0.00,29.89,0.00,SCT
LAX,2026-02-28 05:53,71.00,53.00,0.00,0.00,29.89,0.00,SCT
LAX,2026-02-28 06:53,71.00,54.00,0.00,0.00,29.90,0.00,SCT
LAX,2026-02-28 07:53,66.00,54.00,3.00,120.00,29.90,0.00,SCT
LAX,2026-02-28 08:53,67.00,54.00,3.00,90.00,29.90,0.00,BKN
LAX,2026-02-28 09:53,64.00,55.00,5.00,70.00,29.88,0.00,BKN
LAX,2026-02-28 10:53,65.00,54.00,3.00,120.00,29.88,0.00,BKN
LAX,2026-02-28 11:53,62.00,54.00,4.00,60.00,29.87,0.00,BKN
LAX,2026-02-28 12:53,62.00,54.00,4.00,90.00,29.88,0.00,SCT
LAX,2026-02-28 13:53,64.00,53.00,5.00,110.00,29.88,0.00,SCT
LAX,2026-02-28 14:53,63.00,54.00,4.00,130.00,29.90,0.00,FEW
LAX,2026-02-28 15:53,64.00,56.00,4.00,90.00,29.91,0.00,FEW
LAX,2026-02-28 16:53,73.00,53.00,4.00,80.00,29.92,0.00,FEW
LAX,2026-02-28 17:53,77.00,54.00,4.00,70.00,29.92,0.00,FEW
LAX,2026-02-28 18:53,79.00,53.00,4.00,null,29.94,0.00,FEW
LAX,2026-02-28 19:53,73.00,57.00,9.00,270.00,29.93,0.00,FEW
LAX,2026-02-28 20:53,76.00,58.00,7.00,270.00,29.91,0.00,FEW
LAX,2026-02-28 21:53,77.00,55.00,8.00,270.00,29.90,0.00,FEW
LAX,2026-02-28 22:53,78.00,50.00,9.00,250.00,29.88,0.00,FEW
LAX,2026-02-28 23:53,75.00,52.00,9.00,260.00,29.87,0.00,FEW
LAX,2026-03-01 00:53,70.00,56.00,8.00,250.00,29.88,0.00,FEW
LAX,2026-03-01 01:53,67.00,60.00,10.00,260.00,29.90,0.00,FEW
LAX,2026-03-01 02:53,66.00,56.00,6.00,260.00,29.90,0.00,FEW
LAX,2026-03-01 03:53,65.00,56.00,5.00,240.00,29.91,0.00,FEW
LAX,2026-03-01 04:53,64.00,57.00,3.00,210.00,29.92,0.00,CLR
LAX,2026-03-01 05:53,65.00,56.00,3.00,150.00,29.93,0.00,CLR
LAX,2026-03-01 06:53,64.00,56.00,3.00,110.00,29.93,0.00,CLR
LAX,2026-03-01 07:53,63.00,55.00,0.00,0.00,29.94,0.00,CLR
LAX,2026-03-01 08:53,61.00,55.00,4.00,100.00,29.94,0.00,CLR
LAX,2026-03-01 09:53,62.00,55.00,3.00,70.00,29.93,0.00,CLR
LAX,2026-03-01 10:53,62.00,55.00,4.00,50.00,29.93,0.00,FEW
LAX,2026-03-01 11:53,59.00,54.00,3.00,100.00,29.93,0.00,FEW
LAX,2026-03-01 12:53,59.00,54.00,3.00,70.00,29.94,0.00,FEW
LAX,2026-03-01 13:53,57.00,54.00,3.00,100.00,29.96,0.00,FEW
LAX,2026-03-01 14:53,59.00,53.00,4.00,100.00,29.97,0.00,FEW
LAX,2026-03-01 15:53,64.00,55.00,4.00,100.00,29.98,0.00,FEW
LAX,2026-03-01 16:53,69.00,55.00,3.00,null,29.99,0.00,FEW
LAX,2026-03-01 17:53,74.00,54.00,0.00,0.00,29.99,0.00,FEW
LAX,2026-03-01 18:53,77.00,51.00,0.00,0.00,29.99,0.00,FEW
LAX,2026-03-01 19:53,73.00,60.00,7.00,260.00,29.99,0.00,FEW
LAX,2026-03-01 20:53,71.00,59.00,9.00,260.00,29.97,0.00,FEW
LAX,2026-03-01 21:53,73.00,56.00,10.00,270.00,29.95,0.00,FEW
LAX,2026-03-01 22:53,73.00,53.00,13.00,260.00,29.94,0.00,FEW
LAX,2026-03-01 23:53,68.00,55.00,11.00,260.00,29.94,0.00,FEW
LAX,2026-03-02 00:53,66.00,56.00,12.00,250.00,29.94,0.00,SCT
LAX,2026-03-02 01:53,65.00,57.00,7.00,270.00,29.94,0.00,FEW
LAX,2026-03-02 02:53,64.00,57.00,10.00,260.00,29.95,0.00,FEW
LAX,2026-03-02 03:53,65.00,55.00,10.00,240.00,29.96,0.00,FEW
LAX,2026-03-02 04:53,65.00,55.00,13.00,230.00,29.98,0.00,BKN
LAX,2026-03-02 05:53,64.00,56.00,8.00,240.00,29.98,0.00,BKN
LAX,2026-03-02 06:53,63.00,56.00,8.00,250.00,29.97,0.00,BKN
LAX,2026-03-02 07:53,62.00,56.00,9.00,240.00,29.98,0.00,BKN
LAX,2026-03-02 08:53,59.00,57.00,8.00,240.00,29.98,0.00,FEW
LAX,2026-03-02 09:53,59.00,57.00,6.00,230.00,29.97,0.00,FEW
LAX,2026-03-02 10:53,58.00,56.00,0.00,0.00,29.96,0.00,FEW
LAX,2026-03-02 11:53,57.00,55.00,3.00,60.00,29.95,0.00,FEW
LAX,2026-03-02 12:53,57.00,55.00,3.00,90.00,29.95,0.00,FEW
LAX,2026-03-02 13:53,58.00,56.00,0.00,0.00,29.96,0.00,FEW
LAX,2026-03-02 14:53,58.00,57.00,3.00,90.00,29.98,0.00,SCT
LAX,2026-03-02 15:53,60.00,57.00,4.00,90.00,29.99,0.00,FEW
LAX,2026-03-02 16:53,63.00,56.00,0.00,0.00,30.00,0.00,FEW
LAX,2026-03-02 17:53,64.00,55.00,7.00,240.00,30.01,0.00,FEW
LAX,2026-03-02 18:53,64.00,55.00,11.00,230.00,30.01,0.00,FEW
LAX,2026-03-02 19:53,64.00,54.00,10.00,240.00,30.00,0.00,FEW
LAX,2026-03-02 20:53,65.00,52.00,12.00,230.00,29.98,0.00,FEW
LAX,2026-03-02 21:53,65.00,51.00,15.00,230.00,29.97,0.00,FEW
LAX,2026-03-02 22:53,64.00,52.00,11.00,230.00,29.96,0.00,FEW
LAX,2026-03-02 23:53,63.00,53.00,11.00,250.00,29.95,0.00,FEW
LAX,2026-03-03 00:53,61.00,54.00,12.00,250.00,29.95,0.00,FEW
LAX,2026-03-03 01:53,59.00,55.00,9.00,240.00,29.95,0.00,FEW
LAX,2026-03-03 02:53,59.00,55.00,7.00,230.00,29.95,0.00,CLR
LAX,2026-03-03 03:53,60.00,55.00,3.00,100.00,29.96,0.00,CLR
LAX,2026-03-03 04:53,60.00,55.00,3.00,120.00,29.96,0.00,CLR
LAX,2026-03-03 05:53,57.00,55.00,5.00,90.00,29.98,0.00,CLR
LAX,2026-03-03 06:53,58.00,55.00,5.00,110.00,29.98,0.00,CLR
LAX,2026-03-03 07:53,57.00,55.00,5.00,110.00,29.99,0.00,CLR
LAX,2026-03-03 08:53,56.00,54.00,4.00,110.00,30.01,0.00,FEW
LAX,2026-03-03 09:53,57.00,54.00,6.00,70.00,29.99,0.00,FEW
LAX,2026-03-03 10:53,56.00,53.00,7.00,60.00,29.98,0.00,SCT
LAX,2026-03-03 11:53,56.00,53.00,4.00,80.00,29.98,0.00,FEW
LAX,2026-03-03 12:53,57.00,52.00,6.00,60.00,29.99,0.00,FEW
LAX,2026-03-03 13:53,57.00,52.00,4.00,60.00,30.01,0.00,SCT
LAX,2026-03-03 14:53,57.00,51.00,3.00,null,30.02,0.00,FEW
LAX,2026-03-03 15:53,59.00,52.00,0.00,0.00,30.04,0.00,FEW
LAX,2026-03-03 16:53,61.00,53.00,4.00,110.00,30.05,0.00,FEW
LAX,2026-03-03 17:53,63.00,52.00,0.00,0.00,30.06,0.00,FEW
LAX,2026-03-03 18:53,65.00,53.00,5.00,270.00,30.06,0.00,FEW
LAX,2026-03-03 19:53,65.00,53.00,6.00,250.00,30.05,0.00,FEW
LAX,2026-03-03 20:53,66.00,53.00,9.00,260.00,30.03,0.00,FEW
LAX,2026-03-03 21:53,65.00,54.00,10.00,260.00,30.02,0.00,FEW
LAX,2026-03-03 22:53,62.00,54.00,11.00,260.00,30.01,0.00,FEW
LAX,2026-03-03 23:53,63.00,53.00,11.00,270.00,30.00,0.00,FEW
LAX,2026-03-04 00:53,62.00,53.00,11.00,270.00,29.99,0.00,FEW
LAX,2026-03-04 01:53,60.00,55.00,11.00,260.00,29.99,0.00,FEW
LAX,2026-03-04 02:53,60.00,55.00,9.00,260.00,30.00,0.00,FEW
LAX,2026-03-04 03:53,59.00,54.00,8.00,250.00,30.00,0.00,CLR
LAX,2026-03-04 04:53,59.00,55.00,6.00,240.00,30.01,0.00,FEW
LAX,2026-03-04 05:53,58.00,55.00,4.00,240.00,30.01,0.00,FEW
LAX,2026-03-04 06:53,59.00,54.00,4.00,180.00,30.02,0.00,FEW
LAX,2026-03-04 07:53,59.00,54.00,0.00,0.00,30.02,0.00,FEW
LAX,2026-03-04 08:53,58.00,55.00,0.00,0.00,30.01,0.00,FEW
LAX,2026-03-04 09:53,57.00,55.00,0.00,0.00,30.01,0.00,FEW
LAX,2026-03-04 10:53,57.00,54.00,3.00,170.00,30.00,0.00,SCT
LAX,2026-03-04 11:53,55.00,53.00,3.00,100.00,30.00,0.00,SCT
LAX,2026-03-04 12:53,56.00,54.00,0.00,0.00,30.00,0.00,SCT
LAX,2026-03-04 13:53,57.00,54.00,3.00,90.00,30.01,0.00,FEW
LAX,2026-03-04 14:53,58.00,54.00,3.00,150.00,30.02,0.00,FEW
LAX,2026-03-04 15:53,58.00,54.00,3.00,120.00,30.03,0.00,OVC
LAX,2026-03-04 16:53,59.00,54.00,0.00,0.00,30.05,0.00,OVC
LAX,2026-03-04 17:53,60.00,54.00,6.00,110.00,30.05,0.00,OVC
LAX,2026-03-04 18:53,61.00,54.00,0.00,0.00,30.05,0.00,OVC
LAX,2026-03-04 19:53,62.00,54.00,11.00,260.00,30.04,0.00,FEW
LAX,2026-03-04 20:53,63.00,54.00,4.00,210.00,30.02,0.00,FEW
LAX,2026-03-04 21:53,65.00,55.00,7.00,270.00,29.99,0.00,FEW
LAX,2026-03-04 22:53,63.00,55.00,9.00,260.00,29.97,0.00,FEW
LAX,2026-03-04 23:53,61.00,54.00,11.00,250.00,29.96,0.00,FEW
LAX,2026-03-05 00:53,59.00,54.00,9.00,250.00,29.95,0.00,FEW
LAX,2026-03-05 01:53,57.00,53.00,8.00,230.00,29.95,0.00,SCT
LAX,2026-03-05 02:53,58.00,54.00,6.00,250.00,29.95,0.00,BKN
LAX,2026-03-05 03:53,57.00,54.00,5.00,260.00,29.94,0.00,OVC
LAX,2026-03-05 04:53,57.00,53.00,3.00,260.00,29.95,0.00,BKN
LAX,2026-03-05 05:53,57.00,53.00,5.00,340.00,29.94,0.00,OVC
LAX,2026-03-05 06:53,57.00,54.00,5.00,240.00,29.94,0.00,OVC
LAX,2026-03-05 07:53,58.00,53.00,3.00,null,29.94,0.00,OVC
LAX,2026-03-05 08:53,56.00,52.00,3.00,null,29.93,0.00,BKN
LAX,2026-03-05 09:53,56.00,53.00,0.00,0.00,29.92,0.00,SCT
LAX,2026-03-05 10:53,55.00,52.00,0.00,0.00,29.91,0.00,FEW
LAX,2026-03-05 11:53,55.00,52.00,6.00,260.00,29.90,0.00,FEW
LAX,2026-03-05 12:53,52.00,48.00,5.00,120.00,29.89,0.00,FEW
LAX,2026-03-05 13:53,59.00,37.00,7.00,350.00,29.91,0.00,FEW
LAX,2026-03-05 14:53,59.00,34.00,10.00,360.00,29.92,0.00,FEW
LAX,2026-03-05 15:53,62.00,33.00,13.00,310.00,29.95,0.00,FEW
LAX,2026-03-05 16:53,63.00,33.00,17.00,330.00,29.96,0.00,FEW
LAX,2026-03-05 17:53,66.00,33.00,19.00,330.00,29.96,0.00,FEW
LAX,2026-03-05 18:53,69.00,32.00,15.00,340.00,29.97,0.00,FEW
LAX,2026-03-05 19:53,71.00,33.00,19.00,320.00,29.95,0.00,FEW
LAX,2026-03-05 20:53,73.00,32.00,15.00,330.00,29.92,0.00,FEW
LAX,2026-03-05 21:53,75.00,27.00,11.00,330.00,29.90,0.00,CLR
LAX,2026-03-05 22:53,75.00,26.00,10.00,340.00,29.88,0.00,CLR
LAX,2026-03-05 23:53,70.00,42.00,17.00,280.00,29.89,0.00,FEW
LAX,2026-03-06 00:53,64.00,50.00,20.00,270.00,29.90,0.00,FEW
LAX,2026-03-06 01:53,66.00,44.00,10.00,300.00,29.91,0.00,FEW
LAX,2026-03-06 02:53,67.00,26.00,8.00,340.00,29.93,0.00,FEW
LAX,2026-03-06 03:53,65.00,27.00,10.00,350.00,29.94,0.00,FEW
LAX,2026-03-06 04:53,64.00,28.00,11.00,340.00,29.95,0.00,CLR
LAX,2026-03-06 05:53,63.00,27.00,5.00,360.00,29.95,0.00,CLR
LAX,2026-03-06 06:53,63.00,26.00,6.00,null,29.96,0.00,CLR
LAX,2026-03-06 07:53,63.00,26.00,7.00,360.00,29.95,0.00,CLR
LAX,2026-03-06 08:53,62.00,27.00,6.00,null,29.95,0.00,CLR
LAX,2026-03-06 09:53,61.00,25.00,7.00,360.00,29.94,0.00,CLR
LAX,2026-03-06 10:53,58.00,27.00,4.00,10.00,29.94,0.00,CLR
LAX,2026-03-06 11:53,55.00,28.00,0.00,0.00,29.95,0.00,CLR
LAX,2026-03-06 12:53,53.00,30.00,4.00,80.00,29.98,0.00,CLR
LAX,2026-03-06 13:53,55.00,29.00,0.00,0.00,29.99,0.00,CLR
LAX,2026-03-06 14:53,56.00,30.00,0.00,0.00,30.00,0.00,CLR
LAX,2026-03-06 15:53,62.00,31.00,3.00,110.00,30.02,0.00,FEW
LAX,2026-03-06 16:53,66.00,30.00,5.00,90.00,30.03,0.00,FEW
LAX,2026-03-06 17:53,68.00,24.00,0.00,0.00,30.04,0.00,FEW
LAX,2026-03-06 18:53,71.00,25.00,0.00,0.00,30.04,0.00,FEW
LAX,2026-03-06 19:53,73.00,26.00,8.00,260.00,30.02,0.00,FEW
LAX,2026-03-06 20:53,71.00,26.00,8.00,250.00,30.01,0.00,SCT
LAX,2026-03-06 21:53,73.00,26.00,9.00,250.00,29.99,0.00,FEW
LAX,2026-03-06 22:53,72.00,26.00,11.00,230.00,29.98,0.00,FEW
LAX,2026-03-06 23:53,69.00,45.00,9.00,190.00,29.96,0.00,FEW
LAX,2026-03-07 00:53,67.00,45.00,9.00,200.00,29.96,0.00,FEW
LAX,2026-03-07 01:53,63.00,49.00,10.00,190.00,29.98,0.00,FEW
LAX,2026-03-07 02:53,62.00,47.00,7.00,180.00,29.99,0.00,FEW
LAX,2026-03-07 03:53,63.00,48.00,6.00,320.00,30.00,0.00,CLR
LAX,2026-03-07 04:53,62.00,44.00,5.00,310.00,30.00,0.00,CLR
LAX,2026-03-07 05:53,62.00,33.00,5.00,310.00,30.01,0.00,CLR
LAX,2026-03-07 06:53,63.00,36.00,5.00,310.00,30.02,0.00,CLR
LAX,2026-03-07 07:53,63.00,29.00,7.00,350.00,30.02,0.00,CLR
LAX,2026-03-07 08:53,62.00,28.00,3.00,null,30.02,0.00,CLR
LAX,2026-03-07 09:53,60.00,24.00,5.00,340.00,30.01,0.00,CLR
LAX,2026-03-07 10:53,62.00,21.00,10.00,320.00,30.00,0.00,CLR
LAX,2026-03-07 11:53,64.00,19.00,9.00,40.00,30.00,0.00,CLR
LAX,2026-03-07 12:53,59.00,22.00,4.00,210.00,30.02,0.00,CLR
LAX,2026-03-07 13:53,62.00,19.00,5.00,null,30.03,0.00,CLR
LAX,2026-03-07 14:53,63.00,20.00,7.00,90.00,30.03,0.00,FEW
LAX,2026-03-07 15:53,67.00,19.00,9.00,60.00,30.04,0.00,FEW
LAX,2026-03-07 16:53,70.00,19.00,19.00,40.00,30.05,0.00,FEW
LAX,2026-03-07 17:53,71.00,20.00,19.00,30.00,30.05,0.00,FEW
LAX,2026-03-07 18:53,74.00,22.00,15.00,40.00,30.05,0.00,FEW
LAX,2026-03-07 19:53,75.00,21.00,15.00,30.00,30.04,0.00,FEW
LAX,2026-03-07 20:53,77.00,23.00,11.00,40.00,30.01,0.00,FEW
LAX,2026-03-07 21:53,78.00,23.00,14.00,70.00,29.98,0.00,FEW
LAX,2026-03-07 22:53,78.00,18.00,9.00,60.00,29.97,0.00,FEW
LAX,2026-03-07 23:53,77.00,17.00,15.00,40.00,29.95,0.00,FEW
LAX,2026-03-08 00:53,76.00,16.00,13.00,60.00,29.95,0.00,FEW
LAX,2026-03-08 01:53,73.00,15.00,8.00,50.00,29.96,0.00,FEW
LAX,2026-03-08 02:53,71.00,15.00,7.00,40.00,29.98,0.00,FEW
LAX,2026-03-08 03:53,70.00,16.00,7.00,20.00,29.99,0.00,CLR
LAX,2026-03-08 04:53,68.00,17.00,6.00,10.00,29.99,0.00,CLR
LAX,2026-03-08 05:53,69.00,15.00,5.00,10.00,29.98,0.00,CLR
LAX,2026-03-08 06:53,66.00,16.00,6.00,30.00,29.97,0.00,CLR
LAX,2026-03-08 07:53,70.00,13.00,8.00,30.00,29.95,0.00,CLR
LAX,2026-03-08 08:53,69.00,15.00,5.00,null,29.95,0.00,CLR
LAX,2026-03-08 09:53,62.00,19.00,3.00,110.00,29.94,0.00,CLR
LAX,2026-03-08 10:53,63.00,18.00,0.00,0.00,29.92,0.00,CLR
LAX,2026-03-08 11:53,62.00,20.00,0.00,0.00,29.93,0.00,CLR
LAX,2026-03-08 12:53,60.00,22.00,0.00,0.00,29.92,0.00,CLR
LAX,2026-03-08 13:53,64.00,21.00,0.00,0.00,29.92,0.00,CLR
LAX,2026-03-08 14:53,67.00,19.00,8.00,340.00,29.92,0.00,FEW
LAX,2026-03-08 15:53,71.00,22.00,7.00,360.00,29.92,0.00,FEW
LAX,2026-03-08 16:53,76.00,23.00,7.00,360.00,29.92,0.00,FEW
LAX,2026-03-08 17:53,82.00,23.00,6.00,null,29.90,0.00,FEW
LAX,2026-03-08 18:53,85.00,21.00,5.00,40.00,29.89,0.00,CLR
LAX,2026-03-08 19:53,87.00,22.00,9.00,10.00,29.85,0.00,CLR
LAX,2026-03-08 20:53,87.00,21.00,3.00,null,29.82,0.00,CLR
LAX,2026-03-08 21:53,88.00,24.00,10.00,240.00,29.79,0.00,CLR
LAX,2026-03-08 22:53,87.00,24.00,9.00,270.00,29.77,0.00,CLR
LAX,2026-03-08 23:53,87.00,27.00,11.00,280.00,29.76,0.00,FEW
LAX,2026-03-09 00:53,84.00,30.00,7.00,280.00,29.76,0.00,FEW
LAX,2026-03-09 01:53,83.00,26.00,6.00,310.00,29.76,0.00,FEW
LAX,2026-03-09 02:53,77.00,35.00,3.00,null,29.78,0.00,CLR
LAX,2026-03-09 03:53,77.00,26.00,6.00,320.00,29.79,0.00,CLR
LAX,2026-03-09 04:53,71.00,43.00,12.00,130.00,29.81,0.00,CLR
LAX,2026-03-09 05:53,63.00,54.00,8.00,110.00,29.83,0.00,CLR
LAX,2026-03-09 06:53,61.00,53.00,11.00,110.00,29.85,0.00,CLR
LAX,2026-03-09 07:53,61.00,56.00,13.00,130.00,29.85,0.00,FEW
LAX,2026-03-09 08:53,61.00,55.00,13.00,110.00,29.87,0.00,FEW
LAX,2026-03-09 09:53,61.00,55.00,9.00,90.00,29.88,0.00,SCT
LAX,2026-03-09 10:53,60.00,51.00,10.00,60.00,29.87,0.00,FEW
LAX,2026-03-09 11:53,59.00,50.00,8.00,50.00,29.86,0.00,FEW
LAX,2026-03-09 12:53,58.00,49.00,5.00,50.00,29.87,0.00,FEW
LAX,2026-03-09 13:53,59.00,48.00,6.00,40.00,29.86,0.00,FEW
LAX,2026-03-09 14:53,59.00,48.00,3.00,140.00,29.89,0.00,FEW
LAX,2026-03-09 15:53,62.00,49.00,6.00,90.00,29.92,0.00,FEW
LAX,2026-03-09 16:53,65.00,52.00,9.00,150.00,29.94,0.00,FEW
LAX,2026-03-09 17:53,67.00,53.00,8.00,130.00,29.94,0.00,SCT
LAX,2026-03-09 18:53,69.00,52.00,6.00,100.00,29.93,0.00,FEW
LAX,2026-03-09 19:53,68.00,55.00,10.00,230.00,29.92,0.00,FEW
LAX,2026-03-09 20:53,68.00,55.00,12.00,270.00,29.90,0.00,FEW
LAX,2026-03-09 21:53,68.00,54.00,13.00,260.00,29.88,0.00,FEW
LAX,2026-03-09 22:53,67.00,53.00,12.00,250.00,29.87,0.00,FEW
LAX,2026-03-09 23:53,65.00,55.00,14.00,240.00,29.88,0.00,FEW
LAX,2026-03-10 00:53,64.00,57.00,13.00,240.00,29.90,0.00,FEW
LAX,2026-03-10 01:53,62.00,57.00,12.00,260.00,29.91,0.00,FEW
LAX,2026-03-10 02:53,61.00,58.00,12.00,270.00,29.92,0.00,FEW
LAX,2026-03-10 03:53,60.00,57.00,8.00,280.00,29.94,0.00,FEW
LAX,2026-03-10 04:53,60.00,57.00,8.00,280.00,29.96,0.00,FEW
LAX,2026-03-10 05:53,59.00,57.00,4.00,240.00,29.96,0.00,FEW
LAX,2026-03-10 06:53,58.00,57.00,6.00,250.00,29.97,0.00,FEW
LAX,2026-03-10 07:53,59.00,56.00,6.00,250.00,29.97,0.00,FEW
LAX,2026-03-10 08:53,58.00,56.00,4.00,260.00,29.98,0.00,FEW
LAX,2026-03-10 09:53,58.00,55.00,4.00,280.00,29.97,0.00,FEW
LAX,2026-03-10 10:53,58.00,55.00,7.00,260.00,29.98,0.00,FEW
LAX,2026-03-10 11:53,58.00,54.00,7.00,260.00,30.00,0.00,SCT
LAX,2026-03-10 12:53,58.00,53.00,3.00,270.00,30.01,0.00,SCT
LAX,2026-03-10 13:53,58.00,53.00,0.00,0.00,30.02,0.00,SCT
LAX,2026-03-10 14:53,59.00,52.00,3.00,200.00,30.05,0.00,FEW
LAX,2026-03-10 15:53,59.00,52.00,0.00,0.00,30.07,0.00,FEW
LAX,2026-03-10 16:53,60.00,52.00,0.00,0.00,30.10,0.00,FEW
LAX,2026-03-10 17:53,62.00,51.00,4.00,160.00,30.10,0.00,FEW
LAX,2026-03-10 18:53,63.00,52.00,5.00,250.00,30.12,0.00,FEW
LAX,2026-03-10 19:53,65.00,52.00,6.00,240.00,30.12,0.00,FEW
LAX,2026-03-10 20:53,66.00,51.00,10.00,250.00,30.11,0.00,FEW
LAX,2026-03-10 21:53,65.00,52.00,10.00,270.00,30.11,0.00,FEW
LAX,2026-03-10 22:53,64.00,52.00,11.00,270.00,30.10,0.00,FEW
LAX,2026-03-10 23:53,64.00,52.00,10.00,280.00,30.10,0.00,FEW
LAX,2026-03-11 00:53,62.00,51.00,11.00,270.00,30.12,0.00,FEW
LAX,2026-03-11 01:53,60.00,52.00,10.00,270.00,30.14,0.00,FEW
LAX,2026-03-11 02:53,59.00,53.00,9.00,260.00,30.14,0.00,FEW
LAX,2026-03-11 03:53,59.00,52.00,8.00,270.00,30.16,0.00,CLR
LAX,2026-03-11 04:53,58.00,51.00,6.00,250.00,30.17,0.00,CLR
LAX,2026-03-11 05:53,59.00,51.00,7.00,280.00,30.19,0.00,FEW
LAX,2026-03-11 06:53,58.00,51.00,5.00,260.00,30.19,0.00,FEW
LAX,2026-03-11 07:53,59.00,52.00,4.00,null,30.19,0.00,FEW
LAX,2026-03-11 08:53,58.00,52.00,0.00,0.00,30.20,0.00,FEW
LAX,2026-03-11 09:53,57.00,52.00,0.00,0.00,30.20,0.00,FEW
LAX,2026-03-11 10:53,56.00,51.00,0.00,0.00,30.20,0.00,FEW
LAX,2026-03-11 11:53,55.00,51.00,3.00,30.00,30.20,0.00,FEW
LAX,2026-03-11 12:53,55.00,51.00,0.00,0.00,30.21,0.00,FEW
LAX,2026-03-11 13:53,54.00,50.00,0.00,0.00,30.22,0.00,FEW
LAX,2026-03-11 14:53,56.00,51.00,0.00,0.00,30.24,0.00,FEW
LAX,2026-03-11 15:53,59.00,51.00,3.00,100.00,30.25,0.00,FEW
LAX,2026-03-11 16:53,62.00,51.00,0.00,0.00,30.26,0.00,CLR
LAX,2026-03-11 17:53,65.00,52.00,8.00,250.00,30.26,0.00,CLR
LAX,2026-03-11 18:53,66.00,52.00,7.00,250.00,30.26,0.00,CLR
LAX,2026-03-11 19:53,67.00,53.00,9.00,260.00,30.25,0.00,CLR
LAX,2026-03-11 20:53,66.00,55.00,8.00,250.00,30.24,0.00,CLR
LAX,2026-03-11 21:53,66.00,56.00,12.00,260.00,30.22,0.00,FEW
LAX,2026-03-11 22:53,65.00,55.00,9.00,250.00,30.20,0.00,FEW
LAX,2026-03-11 23:53,65.00,54.00,11.00,260.00,30.19,0.00,CLR
LAX,2026-03-12 00:53,63.00,55.00,10.00,250.00,30.19,0.00,CLR
LAX,2026-03-12 01:53,61.00,55.00,9.00,260.00,30.19,0.00,CLR
LAX,2026-03-12 02:53,60.00,56.00,7.00,250.00,30.19,0.00,CLR
LAX,2026-03-12 03:53,60.00,56.00,6.00,240.00,30.19,0.00,CLR
LAX,2026-03-12 04:53,59.00,56.00,5.00,240.00,30.20,0.00,CLR
LAX,2026-03-12 05:53,60.00,56.00,3.00,190.00,30.21,0.00,CLR
LAX,2026-03-12 06:53,60.00,56.00,0.00,0.00,30.21,0.00,CLR
LAX,2026-03-12 07:53,59.00,56.00,0.00,0.00,30.21,0.00,CLR
LAX,2026-03-12 08:53,59.00,55.00,0.00,0.00,30.20,0.00,CLR
LAX,2026-03-12 09:53,58.00,55.00,3.00,40.00,30.19,0.00,CLR
LAX,2026-03-12 10:53,58.00,55.00,0.00,0.00,30.18,0.00,CLR
LAX,2026-03-12 11:53,58.00,54.00,0.00,0.00,30.17,0.00,CLR
LAX,2026-03-12 12:53,58.00,54.00,0.00,0.00,30.17,0.00,CLR
LAX,2026-03-12 13:53,60.00,51.00,5.00,40.00,30.17,0.00,CLR
LAX,2026-03-12 14:53,64.00,45.00,0.00,0.00,30.18,0.00,CLR
LAX,2026-03-12 15:53,69.00,48.00,3.00,null,30.19,0.00,CLR
LAX,2026-03-12 16:53,77.00,44.00,4.00,360.00,30.19,0.00,CLR
LAX,2026-03-12 17:53,81.00,43.00,0.00,0.00,30.18,0.00,CLR
LAX,2026-03-12 18:53,82.00,50.00,7.00,250.00,30.16,0.00,CLR
LAX,2026-03-12 19:53,80.00,52.00,9.00,270.00,30.13,0.00,FEW
LAX,2026-03-12 20:53,80.00,51.00,8.00,270.00,30.10,0.00,FEW
LAX,2026-03-12 21:53,80.00,49.00,9.00,270.00,30.07,0.00,FEW
LAX,2026-03-12 22:53,81.00,46.00,11.00,260.00,30.05,0.00,FEW
LAX,2026-03-12 23:53,79.00,49.00,11.00,260.00,30.03,0.00,FEW
LAX,2026-03-13 00:53,76.00,47.00,10.00,250.00,30.01,0.00,FEW
LAX,2026-03-13 01:53,70.00,51.00,7.00,250.00,30.01,0.00,FEW
LAX,2026-03-13 02:53,69.00,52.00,3.00,240.00,30.01,0.00,FEW
LAX,2026-03-13 03:53,69.00,52.00,0.00,0.00,30.02,0.00,CLR
LAX,2026-03-13 04:53,69.00,52.00,3.00,150.00,30.01,0.00,CLR
LAX,2026-03-13 05:53,71.00,49.00,3.00,80.00,30.02,0.00,CLR
LAX,2026-03-13 06:53,71.00,49.00,0.00,0.00,30.01,0.00,CLR
LAX,2026-03-13 07:53,76.00,39.00,3.00,null,29.99,0.00,CLR
LAX,2026-03-13 08:53,68.00,43.00,0.00,0.00,30.01,0.00,CLR
LAX,2026-03-13 09:53,65.00,44.00,0.00,0.00,29.99,0.00,CLR
LAX,2026-03-13 10:53,65.00,42.00,3.00,50.00,29.97,0.00,FEW
LAX,2026-03-13 11:53,66.00,40.00,3.00,60.00,29.96,0.00,FEW
LAX,2026-03-13 12:53,64.00,39.00,4.00,80.00,29.96,0.00,FEW
LAX,2026-03-13 13:53,63.00,41.00,5.00,90.00,29.97,0.00,FEW
LAX,2026-03-13 14:53,65.00,40.00,3.00,90.00,29.97,0.00,SCT
LAX,2026-03-13 15:53,71.00,41.00,4.00,80.00,29.99,0.00,SCT
LAX,2026-03-13 16:53,77.00,38.00,4.00,null,29.99,0.00,SCT
LAX,2026-03-13 17:53,82.00,38.00,0.00,0.00,29.99,0.00,SCT
LAX,2026-03-13 18:53,86.00,36.00,0.00,0.00,29.98,0.00,FEW
LAX,2026-03-13 19:53,84.00,46.00,8.00,250.00,29.96,0.00,FEW
LAX,2026-03-13 20:53,77.00,50.00,10.00,270.00,29.95,0.00,FEW
LAX,2026-03-13 21:53,78.00,49.00,10.00,260.00,29.93,0.00,SCT
LAX,2026-03-13 22:53,76.00,46.00,11.00,270.00,29.91,0.00,SCT
LAX,2026-03-13 23:53,78.00,42.00,10.00,260.00,29.89,0.00,SCT
LAX,2026-03-14 00:53,76.00,40.00,9.00,260.00,29.88,0.00,BKN
LAX,2026-03-14 01:53,71.00,52.00,8.00,260.00,29.88,0.00,SCT
LAX,2026-03-14 02:53,67.00,51.00,4.00,250.00,29.89,0.00,BKN
LAX,2026-03-14 03:53,67.00,50.00,5.00,230.00,29.91,0.00,SCT
LAX,2026-03-14 04:53,69.00,48.00,5.00,220.00,29.90,0.00,SCT
LAX,2026-03-14 05:53,67.00,51.00,3.00,220.00,29.91,0.00,SCT
LAX,2026-03-14 06:53,65.00,52.00,3.00,130.00,29.91,0.00,SCT
LAX,2026-03-14 07:53,64.00,51.00,3.00,100.00,29.91,0.00,SCT
LAX,2026-03-14 08:53,64.00,50.00,0.00,0.00,29.91,0.00,SCT
LAX,2026-03-14 09:53,61.00,49.00,4.00,80.00,29.90,0.00,SCT
LAX,2026-03-14 10:53,60.00,49.00,0.00,0.00,29.90,0.00,FEW
LAX,2026-03-14 11:53,59.00,52.00,3.00,100.00,29.89,0.00,FEW
LAX,2026-03-14 12:53,59.00,56.00,4.00,80.00,29.89,0.00,FEW
LAX,2026-03-14 13:53,60.00,56.00,3.00,80.00,29.91,0.00,FEW
LAX,2026-03-14 14:53,61.00,57.00,3.00,60.00,29.92,0.00,FEW
LAX,2026-03-14 15:53,65.00,57.00,5.00,90.00,29.93,0.00,FEW
LAX,2026-03-14 16:53,72.00,51.00,6.00,100.00,29.95,0.00,FEW
LAX,2026-03-14 17:53,74.00,50.00,6.00,110.00,29.95,0.00,FEW
LAX,2026-03-14 18:53,78.00,48.00,5.00,130.00,29.94,0.00,FEW
LAX,2026-03-14 19:53,77.00,56.00,8.00,250.00,29.93,0.00,FEW
LAX,2026-03-14 20:53,69.00,58.00,13.00,270.00,29.93,0.00,FEW
LAX,2026-03-14 21:53,67.00,58.00,11.00,270.00,29.91,0.00,FEW
LAX,2026-03-14 22:53,66.00,57.00,9.00,270.00,29.91,0.00,FEW
LAX,2026-03-14 23:53,63.00,58.00,9.00,260.00,29.91,0.00,SCT
LAX,2026-03-15 00:53,64.00,57.00,6.00,280.00,29.90,0.00,SCT
LAX,2026-03-15 01:53,60.00,58.00,4.00,250.00,29.90,0.00,BKN
LAX,2026-03-15 02:53,59.00,57.00,6.00,240.00,29.92,0.00,BKN
LAX,2026-03-15 03:53,58.00,57.00,0.00,0.00,29.93,0.00,BKN
LAX,2026-03-15 04:53,60.00,57.00,3.00,null,29.94,0.00,FEW
LAX,2026-03-15 05:53,59.00,57.00,4.00,110.00,29.96,0.00,FEW
LAX,2026-03-15 06:53,58.00,56.00,8.00,100.00,29.97,0.00,FEW
LAX,2026-03-15 07:53,60.00,57.00,6.00,120.00,29.97,0.00,BKN
LAX,2026-03-15 08:53,59.00,56.00,5.00,100.00,29.97,0.00,BKN
LAX,2026-03-15 09:53,59.00,56.00,5.00,90.00,29.96,0.00,BKN
LAX,2026-03-15 10:53,59.00,56.00,4.00,null,29.95,0.00,OVC
LAX,2026-03-15 11:53,59.00,55.00,3.00,null,29.95,0.00,OVC
LAX,2026-03-15 12:53,58.00,55.00,0.00,0.00,29.96,0.00,OVC
LAX,2026-03-15 13:53,58.00,55.00,5.00,150.00,29.97,0.00,BKN
LAX,2026-03-15 14:53,59.00,54.00,6.00,120.00,29.99,0.00,BKN
LAX,2026-03-15 15:53,61.00,55.00,4.00,120.00,30.00,0.00,FEW
LAX,2026-03-15 16:53,64.00,55.00,4.00,null,30.01,0.00,FEW
LAX,2026-03-15 17:53,67.00,55.00,3.00,90.00,30.02,0.00,FEW
LAX,2026-03-15 18:53,67.00,55.00,6.00,240.00,30.01,0.00,FEW
LAX,2026-03-15 19:53,67.00,56.00,9.00,260.00,30.01,0.00,FEW
LAX,2026-03-15 20:53,67.00,56.00,8.00,270.00,29.99,0.00,SCT
LAX,2026-03-15 21:53,67.00,57.00,9.00,260.00,29.97,0.00,FEW
LAX,2026-03-15 22:53,67.00,57.00,9.00,250.00,29.96,0.00,FEW
LAX,2026-03-15 23:53,66.00,57.00,9.00,240.00,29.94,0.00,FEW
LAX,2026-03-16 00:53,65.00,57.00,8.00,260.00,29.94,0.00,FEW
LAX,2026-03-16 01:53,62.00,57.00,5.00,260.00,29.94,0.00,FEW
LAX,2026-03-16 02:53,61.00,57.00,4.00,220.00,29.96,0.00,FEW
LAX,2026-03-16 03:53,62.00,58.00,7.00,260.00,29.97,0.00,CLR
LAX,2026-03-16 04:53,61.00,58.00,4.00,240.00,29.98,0.00,FEW
LAX,2026-03-16 05:53,61.00,58.00,4.00,220.00,29.99,0.00,FEW
LAX,2026-03-16 06:53,61.00,58.00,4.00,230.00,30.01,0.00,FEW
LAX,2026-03-16 07:53,61.00,58.00,0.00,0.00,30.01,0.00,FEW
LAX,2026-03-16 08:53,60.00,58.00,0.00,0.00,30.01,0.00,SCT
LAX,2026-03-16 09:53,60.00,58.00,0.00,0.00,30.00,0.00,FEW
LAX,2026-03-16 10:53,59.00,58.00,0.00,0.00,29.98,0.00,FEW
LAX,2026-03-16 11:53,58.00,57.00,0.00,0.00,29.98,0.00,FEW
LAX,2026-03-16 12:53,59.00,57.00,0.00,0.00,29.98,0.00,FEW
LAX,2026-03-16 13:53,59.00,57.00,0.00,0.00,29.98,0.00,FEW
LAX,2026-03-16 14:53,58.00,57.00,3.00,260.00,29.99,0.00,VV 
LAX,2026-03-16 15:53,58.00,58.00,5.00,260.00,30.01,0.00,BKN
LAX,2026-03-16 16:53,61.00,58.00,5.00,270.00,30.01,0.00,SCT
LAX,2026-03-16 17:53,65.00,59.00,6.00,270.00,30.00,0.00,SCT
LAX,2026-03-16 18:53,65.00,58.00,6.00,240.00,29.99,0.00,FEW
LAX,2026-03-16 19:53,69.00,58.00,9.00,260.00,29.97,0.00,FEW
LAX,2026-03-16 20:53,69.00,56.00,7.00,280.00,29.95,0.00,FEW
LAX,2026-03-16 21:53,69.00,57.00,10.00,260.00,29.92,0.00,FEW
LAX,2026-03-16 22:53,67.00,58.00,9.00,260.00,29.91,0.00,FEW
LAX,2026-03-16 23:53,66.00,58.00,8.00,250.00,29.91,0.00,FEW
LAX,2026-03-17 00:53,64.00,58.00,11.00,260.00,29.91,0.00,FEW
LAX,2026-03-17 01:53,63.00,58.00,8.00,250.00,29.92,0.00,SCT
LAX,2026-03-17 02:53,63.00,59.00,7.00,260.00,29.92,0.00,SCT
LAX,2026-03-17 03:53,62.00,59.00,5.00,230.00,29.93,0.00,FEW
LAX,2026-03-17 04:53,63.00,58.00,5.00,250.00,29.93,0.00,FEW
LAX,2026-03-17 05:53,63.00,59.00,3.00,null,29.94,0.00,FEW
LAX,2026-03-17 06:53,65.00,59.00,4.00,30.00,29.94,0.00,FEW
LAX,2026-03-17 07:53,63.00,58.00,3.00,160.00,29.93,0.00,FEW
LAX,2026-03-17 08:53,64.00,58.00,3.00,10.00,29.92,0.00,FEW
LAX,2026-03-17 09:53,64.00,58.00,0.00,0.00,29.91,0.00,FEW
LAX,2026-03-17 10:53,61.00,57.00,3.00,120.00,29.90,0.00,FEW
LAX,2026-03-17 11:53,61.00,56.00,3.00,120.00,29.90,0.00,FEW
LAX,2026-03-17 12:53,63.00,56.00,0.00,0.00,29.91,0.00,FEW
LAX,2026-03-17 13:53,63.00,53.00,4.00,50.00,29.91,0.00,FEW
LAX,2026-03-17 14:53,68.00,49.00,0.00,0.00,29.92,0.00,FEW
LAX,2026-03-17 15:53,74.00,49.00,3.00,80.00,29.93,0.00,FEW
LAX,2026-03-17 16:53,84.00,47.00,0.00,0.00,29.94,0.00,FEW
LAX,2026-03-17 17:53,90.00,41.00,3.00,null,29.94,0.00,FEW
LAX,2026-03-17 18:53,86.00,53.00,10.00,260.00,29.93,0.00,FEW
LAX,2026-03-17 19:53,85.00,52.00,10.00,260.00,29.93,0.00,FEW
LAX,2026-03-17 20:53,80.00,56.00,10.00,250.00,29.92,0.00,FEW
LAX,2026-03-17 21:53,81.00,53.00,10.00,260.00,29.90,0.00,FEW
LAX,2026-03-17 22:53,83.00,50.00,9.00,260.00,29.89,0.00,FEW
LAX,2026-03-17 23:53,83.00,46.00,12.00,260.00,29.88,0.00,FEW
LAX,2026-03-18 00:53,80.00,47.00,8.00,250.00,29.88,0.00,FEW
LAX,2026-03-18 01:53,77.00,46.00,6.00,270.00,29.89,0.00,FEW
LAX,2026-03-18 02:53,75.00,49.00,5.00,240.00,29.90,0.00,FEW
LAX,2026-03-18 03:53,74.00,49.00,5.00,230.00,29.92,0.00,CLR
LAX,2026-03-18 04:53,72.00,51.00,5.00,250.00,29.93,0.00,CLR
LAX,2026-03-18 05:53,72.00,54.00,0.00,0.00,29.95,0.00,CLR
LAX,2026-03-18 06:53,68.00,56.00,3.00,100.00,29.96,0.00,CLR
LAX,2026-03-18 07:53,69.00,52.00,4.00,90.00,29.97,0.00,CLR
LAX,2026-03-18 08:53,66.00,53.00,5.00,80.00,29.98,0.00,CLR
LAX,2026-03-18 09:53,65.00,57.00,4.00,90.00,29.97,0.00,CLR
LAX,2026-03-18 10:53,65.00,59.00,5.00,70.00,29.97,0.00,CLR
LAX,2026-03-18 11:53,63.00,58.00,5.00,90.00,29.97,0.00,FEW
LAX,2026-03-18 12:53,64.00,59.00,4.00,90.00,29.97,0.00,FEW
LAX,2026-03-18 13:53,64.00,58.00,5.00,90.00,29.98,0.00,FEW
LAX,2026-03-18 14:53,67.00,58.00,4.00,100.00,29.99,0.00,FEW
LAX,2026-03-18 15:53,74.00,53.00,0.00,0.00,30.01,0.00,FEW
LAX,2026-03-18 16:53,80.00,50.00,3.00,30.00,30.02,0.00,CLR
LAX,2026-03-18 17:53,77.00,59.00,7.00,250.00,30.03,0.00,FEW
LAX,2026-03-18 18:53,81.00,58.00,7.00,270.00,30.03,0.00,FEW
LAX,2026-03-18 19:53,80.00,57.00,9.00,270.00,30.03,0.00,FEW
LAX,2026-03-18 20:53,80.00,55.00,9.00,250.00,30.01,0.00,FEW
LAX,2026-03-18 21:53,80.00,53.00,12.00,270.00,29.99,0.00,FEW
LAX,2026-03-18 22:53,80.00,55.00,11.00,260.00,29.98,0.00,FEW
LAX,2026-03-18 23:53,79.00,54.00,11.00,260.00,29.97,0.00,FEW
LAX,2026-03-19 00:53,76.00,55.00,10.00,260.00,29.97,0.00,FEW
LAX,2026-03-19 01:53,73.00,58.00,10.00,260.00,29.98,0.00,FEW
LAX,2026-03-19 02:53,70.00,59.00,6.00,260.00,29.99,0.00,CLR
LAX,2026-03-19 03:53,69.00,59.00,5.00,230.00,30.01,0.00,CLR
LAX,2026-03-19 04:53,69.00,60.00,4.00,130.00,30.02,0.00,CLR
LAX,2026-03-19 05:53,68.00,59.00,4.00,120.00,30.03,0.00,CLR
LAX,2026-03-19 06:53,68.00,57.00,3.00,120.00,30.04,0.00,CLR
LAX,2026-03-19 07:53,69.00,57.00,6.00,80.00,30.04,0.00,CLR
LAX,2026-03-19 08:53,64.00,58.00,5.00,70.00,30.04,0.00,CLR
LAX,2026-03-19 09:53,63.00,59.00,5.00,80.00,30.03,0.00,FEW
LAX,2026-03-19 10:53,63.00,60.00,4.00,80.00,30.02,0.00,FEW
LAX,2026-03-19 11:53,63.00,60.00,5.00,90.00,30.01,0.00,FEW
LAX,2026-03-19 12:53,63.00,61.00,4.00,90.00,30.02,0.00,FEW
LAX,2026-03-19 13:53,64.00,62.00,4.00,80.00,30.04,0.00,FEW
LAX,2026-03-19 14:53,65.00,62.00,5.00,80.00,30.05,0.00,FEW
LAX,2026-03-19 15:53,70.00,60.00,4.00,100.00,30.06,0.00,FEW
LAX,2026-03-19 16:53,75.00,59.00,3.00,100.00,30.07,0.00,FEW
LAX,2026-03-19 17:53,80.00,57.00,4.00,130.00,30.06,0.00,CLR
LAX,2026-03-19 18:53,81.00,62.00,8.00,260.00,30.05,0.00,CLR
LAX,2026-03-19 19:53,78.00,62.00,10.00,270.00,30.03,0.00,CLR
LAX,2026-03-19 20:53,77.00,61.00,10.00,270.00,30.01,0.00,CLR
LAX,2026-03-19 21:53,78.00,59.00,11.00,270.00,29.98,0.00,CLR
LAX,2026-03-19 22:53,77.00,58.00,10.00,270.00,29.97,0.00,CLR
LAX,2026-03-19 23:53,76.00,58.00,8.00,260.00,29.94,0.00,CLR
LAX,2026-03-20 00:53,74.00,58.00,9.00,270.00,29.94,0.00,CLR
LAX,2026-03-20 01:53,70.00,59.00,10.00,270.00,29.94,0.00,CLR
LAX,2026-03-20 02:53,69.00,60.00,7.00,260.00,29.94,0.00,CLR
LAX,2026-03-20 03:53,68.00,60.00,5.00,250.00,29.95,0.00,CLR
LAX,2026-03-20 04:53,69.00,60.00,0.00,0.00,29.97,0.00,CLR
LAX,2026-03-20 05:53,67.00,60.00,5.00,190.00,29.98,0.00,CLR
LAX,2026-03-20 06:53,67.00,60.00,0.00,0.00,29.99,0.00,CLR
LAX,2026-03-20 07:53,68.00,57.00,0.00,0.00,29.99,0.00,CLR
LAX,2026-03-20 08:53,67.00,58.00,0.00,0.00,29.99,0.00,CLR
LAX,2026-03-20 09:53,66.00,58.00,3.00,10.00,29.98,0.00,CLR
LAX,2026-03-20 10:53,65.00,58.00,0.00,0.00,29.96,0.00,CLR
LAX,2026-03-20 11:53,64.00,59.00,0.00,0.00,29.95,0.00,FEW
LAX,2026-03-20 12:53,63.00,59.00,0.00,0.00,29.96,0.00,CLR
LAX,2026-03-20 13:53,64.00,59.00,0.00,0.00,29.96,0.00,CLR
LAX,2026-03-20 14:53,66.00,60.00,5.00,330.00,29.97,0.00,CLR
LAX,2026-03-20 15:53,71.00,58.00,4.00,40.00,29.97,0.00,CLR
LAX,2026-03-20 16:53,76.00,55.00,0.00,0.00,29.97,0.00,CLR
LAX,2026-03-20 17:53,80.00,59.00,8.00,260.00,29.98,0.00,CLR
LAX,2026-03-20 18:53,82.00,58.00,5.00,250.00,29.96,0.00,CLR
LAX,2026-03-20 19:53,82.00,59.00,9.00,250.00,29.96,0.00,CLR
LAX,2026-03-20 20:53,78.00,58.00,11.00,270.00,29.95,0.00,FEW
LAX,2026-03-20 21:53,77.00,58.00,11.00,270.00,29.93,0.00,CLR
LAX,2026-03-20 22:53,76.00,59.00,10.00,260.00,29.92,0.00,CLR
LAX,2026-03-20 23:53,75.00,57.00,10.00,270.00,29.90,0.00,CLR
LAX,2026-03-21 00:53,72.00,58.00,9.00,260.00,29.90,0.00,CLR
LAX,2026-03-21 01:53,68.00,61.00,9.00,250.00,29.91,0.00,CLR
LAX,2026-03-21 02:53,66.00,62.00,7.00,250.00,29.91,0.00,FEW
LAX,2026-03-21 03:53,65.00,62.00,9.00,250.00,29.93,0.00,CLR
LAX,2026-03-21 04:53,64.00,62.00,6.00,250.00,29.93,0.00,FEW
LAX,2026-03-21 05:53,64.00,61.00,4.00,230.00,29.93,0.00,FEW
LAX,2026-03-21 06:53,65.00,61.00,3.00,130.00,29.93,0.00,CLR
LAX,2026-03-21 07:53,64.00,60.00,3.00,110.00,29.92,0.00,CLR
LAX,2026-03-21 08:53,63.00,60.00,5.00,90.00,29.92,0.00,CLR
LAX,2026-03-21 09:53,64.00,60.00,0.00,0.00,29.92,0.00,CLR
LAX,2026-03-21 10:53,63.00,60.00,3.00,250.00,29.91,0.00,FEW
LAX,2026-03-21 11:53,63.00,61.00,3.00,270.00,29.90,0.00,FEW
LAX,2026-03-21 12:53,62.00,61.00,4.00,250.00,29.92,0.00,FEW
LAX,2026-03-21 13:53,62.00,61.00,0.00,0.00,29.93,0.00,FEW
LAX,2026-03-21 14:53,63.00,61.00,3.00,null,29.94,0.00,FEW
LAX,2026-03-21 15:53,67.00,61.00,0.00,0.00,29.95,0.00,FEW
LAX,2026-03-21 16:53,71.00,61.00,0.00,0.00,29.96,0.00,SCT
LAX,2026-03-21 17:53,73.00,62.00,7.00,260.00,29.96,0.00,FEW
LAX,2026-03-21 18:53,73.00,60.00,8.00,250.00,29.95,0.00,FEW
LAX,2026-03-21 19:53,72.00,61.00,13.00,250.00,29.95,0.00,FEW
LAX,2026-03-21 20:53,67.00,60.00,11.00,260.00,29.94,0.00,FEW
LAX,2026-03-21 21:53,68.00,60.00,9.00,240.00,29.92,0.00,FEW
LAX,2026-03-21 22:53,67.00,61.00,9.00,250.00,29.90,0.00,SCT
LAX,2026-03-21 23:53,64.00,61.00,10.00,270.00,29.90,0.00,OVC
LAX,2026-03-22 00:53,62.00,60.00,9.00,250.00,29.89,0.00,OVC
LAX,2026-03-22 01:53,61.00,60.00,10.00,270.00,29.90,0.00,VV 
LAX,2026-03-22 02:53,61.00,59.00,8.00,250.00,29.89,0.00,OVC
LAX,2026-03-22 03:53,60.00,59.00,10.00,250.00,29.91,0.00,OVC
LAX,2026-03-22 04:53,60.00,59.00,9.00,270.00,29.92,0.00,OVC
LAX,2026-03-22 05:53,61.00,59.00,8.00,240.00,29.92,0.00,OVC
LAX,2026-03-22 06:53,60.00,59.00,7.00,250.00,29.93,0.00,OVC
LAX,2026-03-22 07:53,60.00,59.00,0.00,0.00,29.92,0.00,OVC
LAX,2026-03-22 08:53,61.00,58.00,3.00,70.00,29.91,0.00,OVC
LAX,2026-03-22 09:53,61.00,58.00,0.00,0.00,29.90,0.00,OVC
LAX,2026-03-22 10:53,61.00,58.00,0.00,0.00,29.88,0.00,OVC
LAX,2026-03-22 11:53,61.00,58.00,3.00,100.00,29.88,0.00,OVC
LAX,2026-03-22 12:53,61.00,57.00,4.00,150.00,29.89,0.00,OVC
LAX,2026-03-22 13:53,61.00,58.00,6.00,250.00,29.90,0.00,OVC
LAX,2026-03-22 14:53,61.00,58.00,0.00,0.00,29.91,0.00,OVC
LAX,2026-03-22 15:53,62.00,57.00,3.00,null,29.93,0.00,BKN
LAX,2026-03-22 16:53,65.00,58.00,0.00,0.00,29.93,0.00,FEW
LAX,2026-03-22 17:53,68.00,57.00,5.00,null,29.92,0.00,FEW
LAX,2026-03-22 18:53,68.00,59.00,10.00,270.00,29.93,0.00,FEW
LAX,2026-03-22 19:53,65.00,58.00,9.00,260.00,29.93,0.00,FEW
LAX,2026-03-22 20:53,67.00,58.00,8.00,260.00,29.91,0.00,FEW
LAX,2026-03-22 21:53,68.00,58.00,11.00,280.00,29.89,0.00,FEW
LAX,2026-03-22 22:53,67.00,58.00,7.00,250.00,29.88,0.00,FEW
LAX,2026-03-22 23:53,66.00,58.00,7.00,240.00,29.87,0.00,FEW
LAX,2026-03-23 00:53,64.00,58.00,9.00,270.00,29.87,0.00,FEW
LAX,2026-03-23 01:53,61.00,58.00,8.00,250.00,29.87,0.00,BKN
LAX,2026-03-23 02:53,61.00,59.00,8.00,270.00,29.88,0.00,OVC
LAX,2026-03-23 03:53,61.00,58.00,4.00,270.00,29.90,0.00,BKN
LAX,2026-03-23 04:53,61.00,59.00,5.00,280.00,29.91,0.00,FEW
LAX,2026-03-23 05:53,60.00,59.00,4.00,240.00,29.91,0.00,FEW
LAX,2026-03-23 06:53,60.00,58.00,3.00,190.00,29.90,0.00,FEW
LAX,2026-03-23 07:53,60.00,58.00,5.00,230.00,29.90,0.00,FEW
LAX,2026-03-23 08:53,60.00,59.00,0.00,0.00,29.90,0.00,FEW
LAX,2026-03-23 09:53,61.00,59.00,4.00,270.00,29.91,0.00,FEW
LAX,2026-03-23 10:53,60.00,58.00,3.00,290.00,29.89,0.00,FEW
LAX,2026-03-23 11:53,60.00,58.00,0.00,0.00,29.89,0.00,FEW
LAX,2026-03-23 12:53,60.00,58.00,3.00,140.00,29.90,0.00,FEW
LAX,2026-03-23 13:53,60.00,58.00,4.00,70.00,29.92,0.00,FEW
LAX,2026-03-23 14:53,60.00,58.00,0.00,0.00,29.95,0.00,FEW
LAX,2026-03-23 15:53,62.00,58.00,0.00,0.00,29.95,0.00,OVC
LAX,2026-03-23 16:53,63.00,58.00,4.00,100.00,29.96,0.00,OVC
LAX,2026-03-23 17:53,66.00,58.00,4.00,140.00,29.95,0.00,FEW
LAX,2026-03-23 18:53,71.00,59.00,8.00,260.00,29.94,0.00,FEW
LAX,2026-03-23 19:53,68.00,59.00,9.00,260.00,29.95,0.00,FEW
LAX,2026-03-23 20:53,68.00,59.00,10.00,260.00,29.93,0.00,FEW
LAX,2026-03-23 21:53,67.00,59.00,10.00,260.00,29.92,0.00,FEW
LAX,2026-03-23 22:53,67.00,58.00,9.00,250.00,29.91,0.00,FEW
LAX,2026-03-23 23:53,65.00,58.00,7.00,260.00,29.91,0.00,FEW
LAX,2026-03-24 00:53,64.00,58.00,7.00,260.00,29.91,0.00,FEW
LAX,2026-03-24 01:53,62.00,58.00,8.00,250.00,29.92,0.00,SCT
LAX,2026-03-24 02:53,61.00,57.00,6.00,250.00,29.93,0.00,SCT
LAX,2026-03-24 03:53,61.00,57.00,6.00,240.00,29.96,0.00,BKN
LAX,2026-03-24 04:53,60.00,57.00,4.00,230.00,29.97,0.00,BKN
LAX,2026-03-24 05:53,61.00,57.00,0.00,0.00,29.98,0.00,BKN
LAX,2026-03-24 06:53,61.00,58.00,0.00,0.00,29.98,0.00,BKN
LAX,2026-03-24 07:53,61.00,58.00,3.00,70.00,29.98,0.00,OVC
LAX,2026-03-24 08:53,61.00,58.00,3.00,null,29.98,0.00,OVC
LAX,2026-03-24 09:53,62.00,58.00,5.00,90.00,29.97,0.00,OVC
LAX,2026-03-24 10:53,62.00,58.00,0.00,0.00,29.96,0.00,OVC
LAX,2026-03-24 11:53,61.00,58.00,0.00,0.00,29.96,0.00,OVC
LAX,2026-03-24 12:53,62.00,58.00,0.00,0.00,29.97,0.00,OVC
LAX,2026-03-24 13:53,62.00,58.00,0.00,0.00,29.98,0.00,OVC
LAX,2026-03-24 14:53,62.00,58.00,3.00,90.00,29.99,0.00,OVC
LAX,2026-03-24 15:53,64.00,58.00,4.00,110.00,30.00,0.00,OVC
LAX,2026-03-24 16:53,66.00,58.00,0.00,0.00,30.01,0.00,BKN
LAX,2026-03-24 17:53,68.00,59.00,4.00,250.00,30.02,0.00,SCT
LAX,2026-03-24 18:53,69.00,58.00,6.00,230.00,30.02,0.00,FEW
LAX,2026-03-24 19:53,69.00,58.00,9.00,260.00,30.01,0.00,FEW
LAX,2026-03-24 20:53,69.00,58.00,9.00,270.00,29.99,0.00,FEW
LAX,2026-03-24 21:53,69.00,58.00,8.00,230.00,29.98,0.00,FEW
LAX,2026-03-24 22:53,69.00,58.00,9.00,250.00,29.97,0.00,FEW
LAX,2026-03-24 23:53,67.00,58.00,9.00,250.00,29.97,0.00,FEW
LAX,2026-03-25 00:53,65.00,58.00,11.00,260.00,29.97,0.00,FEW
LAX,2026-03-25 01:53,63.00,58.00,11.00,260.00,29.97,0.00,FEW
LAX,2026-03-25 02:53,62.00,58.00,8.00,240.00,29.98,0.00,SCT
LAX,2026-03-25 03:53,61.00,58.00,7.00,270.00,29.99,0.00,SCT
LAX,2026-03-25 04:53,62.00,58.00,6.00,280.00,30.01,0.00,OVC
LAX,2026-03-25 05:53,62.00,58.00,4.00,260.00,30.01,0.00,OVC
LAX,2026-03-25 06:53,62.00,58.00,0.00,0.00,30.01,0.00,OVC
LAX,2026-03-25 07:53,62.00,58.00,3.00,190.00,30.01,0.00,OVC
LAX,2026-03-25 08:53,62.00,58.00,0.00,0.00,30.01,0.00,OVC
LAX,2026-03-25 09:53,62.00,58.00,3.00,180.00,30.00,0.00,SCT
LAX,2026-03-25 10:53,62.00,57.00,0.00,0.00,29.99,0.00,SCT
LAX,2026-03-25 11:53,62.00,57.00,3.00,null,29.99,0.00,FEW
LAX,2026-03-25 12:53,62.00,57.00,4.00,290.00,29.99,0.00,FEW
LAX,2026-03-25 13:53,62.00,56.00,4.00,250.00,30.00,0.00,OVC
LAX,2026-03-25 14:53,62.00,57.00,4.00,340.00,30.01,0.00,OVC
LAX,2026-03-25 15:53,63.00,57.00,3.00,310.00,30.01,0.00,OVC
LAX,2026-03-25 16:53,66.00,58.00,3.00,220.00,30.02,0.00,SCT
LAX,2026-03-25 17:53,66.00,58.00,8.00,260.00,30.02,0.00,SCT
LAX,2026-03-25 18:53,68.00,58.00,10.00,260.00,30.00,0.00,SCT
LAX,2026-03-25 19:53,67.00,58.00,11.00,250.00,29.99,0.00,BKN
LAX,2026-03-25 20:53,66.00,58.00,13.00,260.00,29.98,0.00,BKN
LAX,2026-03-25 21:53,65.00,59.00,11.00,250.00,29.96,0.00,OVC
LAX,2026-03-25 22:53,64.00,58.00,14.00,270.00,29.95,0.00,OVC
LAX,2026-03-25 23:53,63.00,58.00,9.00,240.00,29.93,0.00,OVC
LAX,2026-03-26 00:53,61.00,57.00,12.00,250.00,29.94,0.00,OVC
LAX,2026-03-26 01:53,61.00,57.00,12.00,240.00,29.94,0.00,OVC
LAX,2026-03-26 02:53,60.00,57.00,4.00,280.00,29.93,0.00,BKN
LAX,2026-03-26 03:53,59.00,57.00,5.00,260.00,29.94,0.00,OVC
LAX,2026-03-26 04:53,60.00,57.00,9.00,220.00,29.98,0.00,OVC
LAX,2026-03-26 05:53,60.00,58.00,8.00,270.00,29.98,0.00,OVC
LAX,2026-03-26 06:53,60.00,57.00,6.00,20.00,29.96,0.00,SCT
LAX,2026-03-26 07:53,60.00,57.00,6.00,110.00,29.95,0.00,FEW
LAX,2026-03-26 08:53,60.00,57.00,5.00,100.00,29.96,0.00,FEW
LAX,2026-03-26 09:53,59.00,56.00,3.00,310.00,29.95,0.00,FEW
LAX,2026-03-26 10:53,59.00,57.00,3.00,210.00,29.94,0.00,FEW
LAX,2026-03-26 11:53,60.00,57.00,3.00,null,29.94,0.00,FEW
LAX,2026-03-26 12:53,59.00,57.00,5.00,100.00,29.96,0.00,FEW
LAX,2026-03-26 13:53,59.00,57.00,4.00,100.00,29.97,0.00,OVC
LAX,2026-03-26 14:53,60.00,57.00,0.00,0.00,29.98,0.00,OVC
LAX,2026-03-26 15:53,62.00,56.00,4.00,90.00,29.98,0.00,OVC
LAX,2026-03-26 16:53,65.00,56.00,0.00,0.00,29.96,0.00,SCT
LAX,2026-03-26 17:53,71.00,55.00,3.00,null,29.96,0.00,FEW
LAX,2026-03-26 18:53,71.00,57.00,10.00,270.00,29.95,0.00,FEW
LAX,2026-03-26 19:53,69.00,58.00,13.00,270.00,29.93,0.00,FEW
LAX,2026-03-26 20:53,68.00,58.00,12.00,260.00,29.92,0.00,FEW
LAX,2026-03-26 21:53,68.00,58.00,12.00,260.00,29.90,0.00,FEW
LAX,2026-03-26 22:53,68.00,58.00,12.00,260.00,29.88,0.00,FEW
LAX,2026-03-26 23:53,67.00,59.00,11.00,250.00,29.87,0.00,FEW
LAX,2026-03-27 00:53,66.00,59.00,9.00,260.00,29.87,0.00,FEW
LAX,2026-03-27 01:53,63.00,59.00,11.00,280.00,29.89,0.00,FEW
LAX,2026-03-27 02:53,62.00,59.00,8.00,260.00,29.89,0.00,FEW
LAX,2026-03-27 03:53,62.00,59.00,7.00,270.00,29.90,0.00,FEW
LAX,2026-03-27 04:53,61.00,59.00,5.00,220.00,29.92,0.00,FEW
LAX,2026-03-27 05:53,61.00,59.00,4.00,240.00,29.92,0.00,FEW
LAX,2026-03-27 06:53,61.00,59.00,3.00,null,29.92,0.00,FEW
LAX,2026-03-27 07:53,61.00,58.00,3.00,160.00,29.93,0.00,FEW
LAX,2026-03-27 08:53,61.00,59.00,0.00,0.00,29.93,0.00,FEW
LAX,2026-03-27 09:53,60.00,59.00,3.00,260.00,29.93,0.00,VV 
LAX,2026-03-27 10:53,60.00,59.00,3.00,250.00,29.92,0.00,VV 
LAX,2026-03-27 11:53,60.00,59.00,0.00,0.00,29.92,0.00,VV 
LAX,2026-03-27 12:53,60.00,59.00,0.00,0.00,29.93,0.00,FEW
LAX,2026-03-27 13:53,60.00,58.00,0.00,0.00,29.95,0.00,OVC
LAX,2026-03-27 14:53,60.00,58.00,3.00,120.00,29.97,0.00,OVC
LAX,2026-03-27 15:53,61.00,58.00,4.00,90.00,29.98,0.00,OVC
LAX,2026-03-27 16:53,63.00,57.00,3.00,null,29.99,0.00,BKN
LAX,2026-03-27 17:53,67.00,57.00,4.00,null,29.99,0.00,SCT
LAX,2026-03-27 18:53,69.00,58.00,7.00,240.00,29.98,0.00,FEW
LAX,2026-03-27 19:53,69.00,58.00,6.00,290.00,29.96,0.00,FEW
LAX,2026-03-27 20:53,70.00,58.00,10.00,260.00,29.95,0.00,FEW
LAX,2026-03-27 21:53,68.00,58.00,10.00,250.00,29.93,0.00,FEW
LAX,2026-03-27 22:53,66.00,58.00,9.00,270.00,29.92,0.00,FEW
LAX,2026-03-27 23:53,65.00,57.00,10.00,260.00,29.93,0.00,FEW
LAX,2026-03-28 00:53,64.00,57.00,9.00,250.00,29.93,0.00,FEW
LAX,2026-03-28 01:53,63.00,57.00,10.00,270.00,29.93,0.00,FEW
LAX,2026-03-28 02:53,61.00,57.00,10.00,250.00,29.96,0.00,SCT
LAX,2026-03-28 03:53,60.00,56.00,8.00,290.00,29.97,0.00,BKN
LAX,2026-03-28 04:53,60.00,56.00,7.00,250.00,29.99,0.00,SCT
LAX,2026-03-28 05:53,59.00,56.00,5.00,240.00,29.99,0.00,BKN
LAX,2026-03-28 06:53,59.00,56.00,5.00,250.00,29.99,0.00,FEW
LAX,2026-03-28 07:53,60.00,56.00,3.00,260.00,29.99,0.00,BKN
LAX,2026-03-28 08:53,59.00,56.00,4.00,310.00,29.99,0.00,SCT
LAX,2026-03-28 09:53,59.00,56.00,6.00,320.00,29.98,0.00,SCT
LAX,2026-03-28 10:53,59.00,56.00,4.00,320.00,29.97,0.00,SCT
LAX,2026-03-28 11:53,58.00,56.00,4.00,320.00,29.97,0.00,SCT
LAX,2026-03-28 12:53,59.00,56.00,6.00,290.00,29.98,0.00,BKN
LAX,2026-03-28 13:53,59.00,56.00,7.00,290.00,29.99,0.00,OVC
LAX,2026-03-28 14:53,59.00,56.00,5.00,270.00,30.01,0.00,OVC
LAX,2026-03-28 15:53,60.00,57.00,6.00,290.00,30.02,0.00,FEW
LAX,2026-03-28 16:53,63.00,56.00,5.00,310.00,30.02,0.00,FEW
LAX,2026-03-28 17:53,64.00,56.00,8.00,260.00,30.02,0.00,FEW
LAX,2026-03-28 18:53,65.00,56.00,8.00,270.00,30.01,0.00,FEW
LAX,2026-03-28 19:53,66.00,57.00,9.00,270.00,29.99,0.00,FEW
LAX,2026-03-28 20:53,66.00,57.00,10.00,250.00,29.97,0.00,FEW
LAX,2026-03-28 21:53,66.00,57.00,12.00,280.00,29.96,0.00,FEW
LAX,2026-03-28 22:53,66.00,57.00,11.00,270.00,29.94,0.00,FEW
LAX,2026-03-28 23:53,66.00,58.00,11.00,270.00,29.93,0.00,FEW
LAX,2026-03-29 00:53,64.00,58.00,11.00,270.00,29.92,0.00,FEW
LAX,2026-03-29 01:53,62.00,58.00,11.00,260.00,29.93,0.00,FEW
LAX,2026-03-29 02:53,62.00,58.00,9.00,250.00,29.94,0.00,BKN
LAX,2026-03-29 03:53,60.00,58.00,7.00,230.00,29.96,0.00,OVC
LAX,2026-03-29 04:53,60.00,58.00,3.00,230.00,29.96,0.00,BKN
LAX,2026-03-29 05:53,59.00,57.00,0.00,0.00,29.96,0.00,FEW
LAX,2026-03-29 06:53,60.00,57.00,0.00,0.00,29.96,0.00,FEW
LAX,2026-03-29 07:53,59.00,57.00,3.00,100.00,29.94,0.00,FEW
LAX,2026-03-29 08:53,58.00,57.00,3.00,90.00,29.93,0.00,FEW
LAX,2026-03-29 09:53,58.00,57.00,0.00,0.00,29.91,0.00,CLR
LAX,2026-03-29 10:53,58.00,56.00,0.00,0.00,29.89,0.00,CLR
LAX,2026-03-29 11:53,58.00,55.00,3.00,300.00,29.88,0.00,CLR
LAX,2026-03-29 12:53,59.00,58.00,7.00,250.00,29.89,0.00,VV 
LAX,2026-03-29 13:53,59.00,59.00,6.00,320.00,29.89,0.00,OVC
LAX,2026-03-29 14:53,59.00,58.00,4.00,null,29.92,0.00,OVC
LAX,2026-03-29 15:53,61.00,57.00,0.00,0.00,29.92,0.00,SCT
LAX,2026-03-29 16:53,64.00,56.00,8.00,250.00,29.95,0.00,FEW
LAX,2026-03-29 17:53,68.00,56.00,8.00,260.00,29.96,0.00,FEW
LAX,2026-03-29 18:53,71.00,57.00,7.00,250.00,29.96,0.00,FEW
LAX,2026-03-29 19:53,71.00,57.00,8.00,260.00,29.95,0.00,FEW
LAX,2026-03-29 20:53,72.00,58.00,9.00,250.00,29.95,0.00,FEW
LAX,2026-03-29 21:53,71.00,56.00,9.00,250.00,29.92,0.00,FEW
LAX,2026-03-29 22:53,71.00,57.00,7.00,270.00,29.90,0.00,FEW
LAX,2026-03-29 23:53,68.00,58.00,11.00,260.00,29.91,0.00,FEW
LAX,2026-03-30 00:53,66.00,59.00,10.00,250.00,29.91,0.00,FEW
LAX,2026-03-30 01:53,63.00,58.00,10.00,260.00,29.91,0.00,FEW
LAX,2026-03-30 02:53,62.00,58.00,9.00,270.00,29.92,0.00,SCT
LAX,2026-03-30 03:53,60.00,58.00,8.00,240.00,29.94,0.00,SCT
LAX,2026-03-30 04:53,59.00,57.00,5.00,260.00,29.95,0.00,BKN
LAX,2026-03-30 05:53,58.00,56.00,5.00,250.00,29.94,0.00,FEW
LAX,2026-03-30 06:53,58.00,56.00,0.00,0.00,29.93,0.00,FEW
LAX,2026-03-30 07:53,57.00,56.00,0.00,0.00,29.94,0.00,FEW
LAX,2026-03-30 08:53,57.00,56.00,0.00,0.00,29.94,0.00,FEW
LAX,2026-03-30 09:53,57.00,56.00,0.00,0.00,29.94,0.00,VV 
LAX,2026-03-30 10:53,57.00,56.00,0.00,0.00,29.94,0.00,VV 
LAX,2026-03-30 11:53,57.00,57.00,0.00,0.00,29.93,0.00,VV 
LAX,2026-03-30 12:53,57.00,57.00,0.00,0.00,29.93,0.00,VV 
LAX,2026-03-30 13:53,57.00,57.00,5.00,110.00,29.96,0.00,VV 
LAX,2026-03-30 14:53,58.00,56.00,5.00,110.00,29.98,0.00,OVC
LAX,2026-03-30 15:53,61.00,56.00,3.00,null,30.01,0.00,BKN
LAX,2026-03-30 16:53,63.00,56.00,6.00,null,30.02,0.00,SCT
LAX,2026-03-30 17:53,68.00,56.00,6.00,100.00,30.05,0.00,FEW
LAX,2026-03-30 18:53,68.00,56.00,3.00,140.00,30.04,0.00,FEW
LAX,2026-03-30 19:53,69.00,57.00,9.00,270.00,30.01,0.00,FEW
LAX,2026-03-30 20:53,69.00,58.00,11.00,250.00,30.01,0.00,FEW
LAX,2026-03-30 21:53,68.00,57.00,7.00,240.00,29.99,0.00,FEW
LAX,2026-03-30 22:53,66.00,57.00,10.00,260.00,29.98,0.00,FEW
LAX,2026-03-30 23:53,65.00,58.00,9.00,250.00,29.98,0.00,FEW
LAX,2026-03-31 00:53,64.00,57.00,7.00,250.00,29.98,0.00,FEW
LAX,2026-03-31 01:53,63.00,57.00,7.00,260.00,29.98,0.00,FEW
LAX,2026-03-31 02:53,63.00,57.00,4.00,250.00,29.98,0.00,BKN
LAX,2026-03-31 03:53,63.00,57.00,3.00,20.00,29.98,0.00,FEW
LAX,2026-03-31 04:53,63.00,57.00,0.00,0.00,30.00,0.00,FEW
LAX,2026-03-31 05:53,64.00,58.00,5.00,160.00,29.98,0.00,SCT
LAX,2026-03-31 06:53,63.00,57.00,6.00,90.00,29.95,0.00,SCT
LAX,2026-03-31 07:53,65.00,58.00,5.00,160.00,29.95,0.00,BKN
LAX,2026-03-31 08:53,65.00,57.00,5.00,210.00,29.97,0.00,BKN
LAX,2026-03-31 09:53,64.00,57.00,5.00,60.00,29.94,0.00,BKN
LAX,2026-03-31 10:53,65.00,57.00,0.00,0.00,29.93,0.00,SCT
LAX,2026-03-31 11:53,65.00,58.00,3.00,160.00,29.94,0.00,FEW
LAX,2026-03-31 12:53,65.00,58.00,3.00,150.00,29.95,0.00,SCT
LAX,2026-03-31 13:53,65.00,58.00,9.00,100.00,29.95,0.00,SCT
LAX,2026-03-31 14:53,65.00,58.00,7.00,110.00,29.94,0.00,FEW
LAX,2026-03-31 15:53,66.00,58.00,9.00,210.00,30.00,0.00,SCT
LAX,2026-03-31 16:53,65.00,58.00,0.00,0.00,29.99,0.00,BKN
LAX,2026-03-31 17:53,68.00,58.00,9.00,120.00,29.98,0.00,SCT
LAX,2026-03-31 18:53,68.00,57.00,8.00,160.00,29.98,0.00,SCT
LAX,2026-03-31 19:53,69.00,58.00,4.00,190.00,29.97,0.00,BKN
LAX,2026-03-31 20:53,69.00,58.00,4.00,null,29.97,0.00,FEW
LAX,2026-03-31 21:53,69.00,57.00,4.00,130.00,29.95,0.00,FEW
LAX,2026-03-31 22:53,67.00,60.00,8.00,250.00,29.95,0.00,FEW
LAX,2026-03-31 23:53,65.00,59.00,9.00,300.00,29.95,0.00,FEW
LAX,2026-04-01 00:53,65.00,57.00,7.00,300.00,29.94,0.00,FEW
LAX,2026-04-01 01:53,65.00,57.00,6.00,240.00,29.93,0.00,FEW
LAX,2026-04-01 02:53,64.00,57.00,4.00,250.00,29.93,0.00,SCT
LAX,2026-04-01 03:53,63.00,58.00,9.00,100.00,29.91,null,OVC
LAX,2026-04-01 04:53,64.00,59.00,8.00,100.00,29.92,null,OVC
LAX,2026-04-01 05:53,64.00,59.00,0.00,0.00,29.93,0.02,FEW
LAX,2026-04-01 06:53,63.00,60.00,7.00,260.00,29.96,0.02,SCT
LAX,2026-04-01 07:53,62.00,60.00,13.00,270.00,29.96,0.03,FEW
LAX,2026-04-01 08:53,62.00,60.00,6.00,290.00,29.93,0.04,FEW
LAX,2026-04-01 09:53,61.00,59.00,7.00,300.00,29.92,null,FEW
LAX,2026-04-01 10:53,61.00,58.00,7.00,260.00,29.92,0.00,FEW
LAX,2026-04-01 11:53,62.00,57.00,8.00,290.00,29.93,0.00,FEW
LAX,2026-04-01 12:53,59.00,56.00,7.00,250.00,29.94,0.00,FEW
LAX,2026-04-01 13:53,60.00,56.00,6.00,240.00,29.95,0.00,FEW
LAX,2026-04-01 14:53,60.00,56.00,6.00,250.00,29.97,0.00,FEW
LAX,2026-04-01 15:53,63.00,57.00,7.00,220.00,29.98,0.00,FEW
LAX,2026-04-01 16:53,65.00,56.00,8.00,240.00,29.99,0.00,FEW
LAX,2026-04-01 17:53,66.00,55.00,7.00,250.00,30.01,0.00,FEW
LAX,2026-04-01 18:53,67.00,55.00,9.00,240.00,30.02,0.00,FEW
LAX,2026-04-01 19:53,67.00,54.00,10.00,270.00,30.01,0.00,FEW
LAX,2026-04-01 20:53,67.00,52.00,11.00,270.00,29.99,0.00,FEW
LAX,2026-04-01 21:53,67.00,53.00,14.00,250.00,29.98,0.00,FEW
LAX,2026-04-01 22:53,67.00,51.00,13.00,250.00,29.97,0.00,FEW
LAX,2026-04-01 23:53,66.00,53.00,15.00,260.00,29.96,0.00,FEW
LAX,2026-04-02 00:53,65.00,57.00,16.00,260.00,29.96,0.00,FEW
LAX,2026-04-02 01:53,63.00,57.00,16.00,250.00,29.97,0.00,FEW
LAX,2026-04-02 02:53,62.00,56.00,13.00,250.00,29.97,0.00,FEW
LAX,2026-04-02 03:53,62.00,57.00,13.00,270.00,29.98,0.00,FEW
LAX,2026-04-02 04:53,62.00,55.00,15.00,270.00,30.00,0.00,FEW
LAX,2026-04-02 05:53,61.00,54.00,13.00,270.00,30.00,0.00,FEW
LAX,2026-04-02 06:53,61.00,53.00,13.00,280.00,30.00,0.00,FEW
LAX,2026-04-02 07:53,61.00,55.00,8.00,260.00,30.00,0.00,FEW
LAX,2026-04-02 08:53,60.00,55.00,10.00,280.00,30.00,0.00,FEW
LAX,2026-04-02 09:53,60.00,55.00,9.00,260.00,29.98,0.00,FEW
LAX,2026-04-02 10:53,60.00,54.00,12.00,270.00,29.96,0.00,FEW
LAX,2026-04-02 11:53,60.00,54.00,9.00,270.00,29.96,0.00,FEW
LAX,2026-04-02 12:53,59.00,54.00,6.00,280.00,29.96,0.00,FEW
LAX,2026-04-02 13:53,60.00,53.00,7.00,260.00,29.96,0.00,FEW
LAX,2026-04-02 14:53,62.00,54.00,10.00,270.00,29.97,0.00,FEW
LAX,2026-04-02 15:53,62.00,53.00,10.00,270.00,29.99,0.00,FEW
LAX,2026-04-02 16:53,62.00,53.00,8.00,270.00,30.00,0.00,FEW
LAX,2026-04-02 17:53,65.00,52.00,5.00,260.00,30.01,0.00,FEW
LAX,2026-04-02 18:53,65.00,52.00,8.00,250.00,30.00,0.00,FEW
LAX,2026-04-02 19:53,67.00,52.00,11.00,250.00,29.98,0.00,FEW
LAX,2026-04-02 20:53,68.00,53.00,12.00,240.00,29.97,0.00,FEW
LAX,2026-04-02 21:53,67.00,52.00,13.00,240.00,29.94,0.00,FEW
LAX,2026-04-02 22:53,66.00,53.00,12.00,250.00,29.93,0.00,FEW
LAX,2026-04-02 23:53,66.00,54.00,10.00,240.00,29.92,0.00,FEW
LAX,2026-04-03 00:53,65.00,54.00,12.00,270.00,29.92,0.00,FEW
LAX,2026-04-03 01:53,63.00,54.00,8.00,250.00,29.92,0.00,FEW
LAX,2026-04-03 02:53,62.00,56.00,8.00,250.00,29.92,0.00,FEW
LAX,2026-04-03 03:53,61.00,55.00,13.00,260.00,29.93,0.00,FEW
LAX,2026-04-03 04:53,61.00,55.00,8.00,240.00,29.95,0.00,FEW
LAX,2026-04-03 05:53,61.00,55.00,0.00,0.00,29.95,0.00,FEW
LAX,2026-04-03 08:53,59.00,54.00,3.00,80.00,29.96,0.00,FEW
LAX,2026-04-03 11:53,56.00,53.00,3.00,70.00,29.95,0.00,FEW
LAX,2026-04-03 12:53,56.00,52.00,3.00,80.00,29.96,0.00,FEW
LAX,2026-04-03 13:53,59.00,53.00,3.00,null,29.97,0.00,FEW
LAX,2026-04-03 14:53,60.00,55.00,3.00,60.00,30.00,0.00,FEW
LAX,2026-04-03 15:53,63.00,54.00,3.00,130.00,30.01,0.00,FEW
LAX,2026-04-03 16:53,67.00,53.00,5.00,120.00,30.01,0.00,FEW
LAX,2026-04-03 17:53,70.00,52.00,4.00,80.00,30.01,0.00,FEW
LAX,2026-04-03 18:53,72.00,49.00,3.00,120.00,30.00,0.00,FEW
LAX,2026-04-03 19:53,78.00,48.00,6.00,320.00,30.00,0.00,FEW
LAX,2026-04-03 20:53,72.00,57.00,11.00,270.00,30.00,0.00,FEW
LAX,2026-04-03 21:53,70.00,56.00,13.00,280.00,29.99,0.00,FEW
LAX,2026-04-03 22:53,69.00,57.00,13.00,270.00,29.97,0.00,FEW
LAX,2026-04-03 23:53,69.00,56.00,12.00,270.00,29.96,0.00,FEW
LAX,2026-04-04 00:53,68.00,56.00,9.00,260.00,29.96,0.00,FEW
LAX,2026-04-04 01:53,66.00,57.00,8.00,260.00,29.97,0.00,FEW
LAX,2026-04-04 02:53,66.00,55.00,4.00,250.00,29.98,0.00,FEW
LAX,2026-04-04 03:53,67.00,52.00,0.00,0.00,30.00,0.00,FEW
LAX,2026-04-04 04:53,68.00,51.00,0.00,0.00,30.02,0.00,FEW
LAX,2026-04-04 05:53,67.00,51.00,3.00,90.00,30.03,0.00,FEW
LAX,2026-04-04 06:53,66.00,54.00,4.00,null,30.04,0.00,SCT
LAX,2026-04-04 07:53,63.00,58.00,7.00,120.00,30.04,0.00,FEW
LAX,2026-04-04 08:53,62.00,58.00,0.00,0.00,30.03,0.00,FEW
LAX,2026-04-04 09:53,61.00,58.00,3.00,60.00,30.02,0.00,FEW
LAX,2026-04-04 10:53,57.00,55.00,0.00,0.00,30.00,0.00,FEW
LAX,2026-04-04 11:53,60.00,51.00,0.00,0.00,29.98,0.00,FEW
LAX,2026-04-04 12:53,60.00,47.00,3.00,null,29.98,0.00,FEW
LAX,2026-04-04 13:53,59.00,48.00,4.00,130.00,30.01,0.00,FEW
LAX,2026-04-04 14:53,62.00,49.00,0.00,0.00,30.02,0.00,FEW
LAX,2026-04-04 15:53,71.00,42.00,0.00,0.00,30.03,0.00,FEW
LAX,2026-04-04 16:53,76.00,33.00,4.00,null,30.03,0.00,FEW
LAX,2026-04-04 17:53,79.00,20.00,3.00,null,30.03,0.00,FEW
LAX,2026-04-04 18:53,85.00,18.00,4.00,null,30.02,0.00,FEW
LAX,2026-04-04 19:53,85.00,32.00,7.00,250.00,30.00,0.00,FEW
LAX,2026-04-04 20:53,82.00,34.00,12.00,260.00,29.99,0.00,FEW
LAX,2026-04-04 21:53,79.00,45.00,13.00,240.00,29.97,0.00,FEW
LAX,2026-04-04 22:53,75.00,50.00,15.00,270.00,29.96,0.00,FEW
LAX,2026-04-04 23:53,76.00,37.00,13.00,260.00,29.95,0.00,SCT
LAX,2026-04-05 00:53,75.00,41.00,16.00,260.00,29.95,0.00,SCT
LAX,2026-04-05 01:53,73.00,36.00,15.00,260.00,29.95,0.00,SCT
LAX,2026-04-05 02:53,71.00,38.00,10.00,250.00,29.95,0.00,FEW
LAX,2026-04-05 03:53,68.00,50.00,9.00,250.00,29.97,0.00,SCT
LAX,2026-04-05 04:53,69.00,47.00,3.00,210.00,29.98,0.00,SCT
LAX,2026-04-05 05:53,65.00,48.00,3.00,100.00,29.99,0.00,CLR
LAX,2026-04-05 06:53,65.00,51.00,3.00,110.00,29.99,0.00,CLR
LAX,2026-04-05 07:53,62.00,49.00,5.00,100.00,30.00,0.00,CLR
LAX,2026-04-05 08:53,62.00,47.00,4.00,100.00,30.00,0.00,CLR
LAX,2026-04-05 09:53,62.00,39.00,5.00,90.00,29.99,0.00,CLR
LAX,2026-04-05 10:53,58.00,43.00,5.00,80.00,29.98,0.00,CLR
LAX,2026-04-05 11:53,59.00,44.00,5.00,90.00,29.97,0.00,FEW
LAX,2026-04-05 12:53,59.00,47.00,3.00,110.00,29.98,0.00,FEW
LAX,2026-04-05 13:53,60.00,44.00,0.00,0.00,29.99,0.00,FEW
LAX,2026-04-05 14:53,62.00,46.00,4.00,60.00,29.99,0.00,FEW
LAX,2026-04-05 15:53,68.00,34.00,6.00,100.00,29.99,0.00,FEW
LAX,2026-04-05 16:53,75.00,35.00,3.00,null,30.00,0.00,FEW
LAX,2026-04-05 17:53,75.00,52.00,9.00,260.00,30.01,0.00,FEW
LAX,2026-04-05 18:53,72.00,53.00,9.00,260.00,30.01,0.00,FEW
LAX,2026-04-05 19:53,72.00,53.00,9.00,250.00,30.01,0.00,FEW
LAX,2026-04-05 20:53,74.00,51.00,11.00,240.00,30.00,0.00,FEW
LAX,2026-04-05 21:53,73.00,51.00,13.00,270.00,29.99,0.00,BKN
LAX,2026-04-05 22:53,71.00,48.00,10.00,260.00,29.97,0.00,BKN
LAX,2026-04-05 23:53,72.00,48.00,9.00,250.00,29.97,0.00,FEW
LAX,2026-04-06 00:53,70.00,52.00,11.00,250.00,29.96,0.00,FEW
LAX,2026-04-06 01:53,67.00,56.00,10.00,260.00,29.96,0.00,SCT
LAX,2026-04-06 02:53,65.00,58.00,7.00,250.00,29.96,0.00,BKN
LAX,2026-04-06 03:53,64.00,57.00,7.00,250.00,29.97,0.00,FEW
LAX,2026-04-06 04:53,64.00,57.00,5.00,230.00,29.98,0.00,BKN
LAX,2026-04-06 05:53,64.00,57.00,3.00,150.00,29.97,0.00,SCT
LAX,2026-04-06 06:53,64.00,57.00,4.00,140.00,29.98,0.00,BKN
LAX,2026-04-06 07:53,65.00,56.00,4.00,250.00,29.98,0.00,BKN
LAX,2026-04-06 08:53,64.00,58.00,5.00,190.00,29.99,0.00,OVC
LAX,2026-04-06 09:53,63.00,59.00,6.00,200.00,29.98,0.00,FEW
LAX,2026-04-06 10:53,63.00,60.00,0.00,0.00,29.97,0.00,FEW
LAX,2026-04-06 11:53,63.00,59.00,4.00,220.00,29.97,0.00,FEW
LAX,2026-04-06 12:53,63.00,60.00,3.00,350.00,29.98,0.00,FEW
LAX,2026-04-06 13:53,63.00,59.00,3.00,80.00,29.99,0.00,FEW
LAX,2026-04-06 14:53,64.00,57.00,4.00,100.00,30.02,0.00,FEW
LAX,2026-04-06 15:53,66.00,59.00,0.00,0.00,30.03,0.00,FEW
LAX,2026-04-06 16:53,71.00,56.00,4.00,30.00,30.02,0.00,FEW
LAX,2026-04-06 17:53,75.00,54.00,5.00,80.00,30.03,0.00,FEW
LAX,2026-04-06 18:53,77.00,50.00,7.00,190.00,30.02,0.00,FEW
LAX,2026-04-06 19:53,71.00,57.00,14.00,240.00,30.02,0.00,FEW
LAX,2026-04-06 20:53,71.00,57.00,15.00,260.00,30.01,0.00,FEW
LAX,2026-04-06 21:53,69.00,57.00,14.00,270.00,30.00,0.00,FEW
LAX,2026-04-06 22:53,69.00,56.00,13.00,250.00,29.99,0.00,FEW
LAX,2026-04-06 23:53,69.00,53.00,10.00,260.00,29.97,0.00,CLR
LAX,2026-04-07 00:53,67.00,55.00,10.00,250.00,29.97,0.00,FEW
LAX,2026-04-07 01:53,64.00,56.00,11.00,250.00,29.98,0.00,FEW
LAX,2026-04-07 02:53,63.00,57.00,12.00,250.00,29.98,0.00,FEW
LAX,2026-04-07 03:53,62.00,58.00,9.00,250.00,30.00,0.00,FEW
LAX,2026-04-07 04:53,62.00,57.00,4.00,240.00,30.02,0.00,FEW
LAX,2026-04-07 05:53,62.00,55.00,8.00,230.00,30.02,0.00,FEW
LAX,2026-04-07 06:53,61.00,55.00,7.00,240.00,30.03,0.00,FEW
LAX,2026-04-07 07:53,61.00,56.00,0.00,0.00,30.03,0.00,FEW
LAX,2026-04-07 08:53,61.00,56.00,0.00,0.00,30.02,0.00,FEW
LAX,2026-04-07 09:53,61.00,57.00,0.00,0.00,30.00,0.00,BKN
LAX,2026-04-07 10:53,59.00,56.00,0.00,0.00,29.99,0.00,FEW
LAX,2026-04-07 11:53,60.00,56.00,0.00,0.00,29.98,0.00,FEW
LAX,2026-04-07 12:53,59.00,56.00,0.00,0.00,29.99,0.00,SCT
LAX,2026-04-07 13:53,59.00,55.00,0.00,0.00,30.00,0.00,SCT
LAX,2026-04-07 14:53,61.00,56.00,4.00,40.00,30.01,0.00,SCT
LAX,2026-04-07 15:53,63.00,57.00,3.00,null,30.01,0.00,SCT
LAX,2026-04-07 16:53,66.00,56.00,3.00,220.00,30.01,0.00,SCT
LAX,2026-04-07 17:53,67.00,57.00,6.00,260.00,30.01,0.00,FEW
LAX,2026-04-07 18:53,69.00,57.00,8.00,250.00,29.99,0.00,FEW
LAX,2026-04-07 19:53,68.00,57.00,11.00,260.00,29.98,0.00,FEW
LAX,2026-04-07 20:53,69.00,56.00,11.00,250.00,29.97,0.00,FEW
LAX,2026-04-07 21:53,69.00,56.00,11.00,260.00,29.95,0.00,FEW
LAX,2026-04-07 22:53,67.00,56.00,15.00,260.00,29.93,0.00,FEW
LAX,2026-04-07 23:53,67.00,57.00,11.00,240.00,29.92,0.00,FEW
LAX,2026-04-08 00:53,66.00,57.00,9.00,270.00,29.90,0.00,FEW
LAX,2026-04-08 01:53,64.00,58.00,6.00,260.00,29.91,0.00,FEW
LAX,2026-04-08 02:53,63.00,58.00,5.00,230.00,29.91,0.00,FEW
LAX,2026-04-08 03:53,63.00,58.00,6.00,260.00,29.92,0.00,FEW
LAX,2026-04-08 04:53,63.00,58.00,3.00,290.00,29.93,0.00,FEW
LAX,2026-04-08 05:53,62.00,59.00,4.00,230.00,29.93,0.00,FEW
LAX,2026-04-08 06:53,63.00,58.00,3.00,null,29.93,0.00,FEW
LAX,2026-04-08 07:53,62.00,57.00,0.00,0.00,29.93,0.00,FEW
LAX,2026-04-08 08:53,61.00,58.00,0.00,0.00,29.92,0.00,FEW
LAX,2026-04-08 09:53,60.00,58.00,0.00,0.00,29.91,0.00,FEW
LAX,2026-04-08 10:53,60.00,57.00,0.00,0.00,29.90,0.00,FEW
LAX,2026-04-08 11:53,59.00,57.00,0.00,0.00,29.90,0.00,FEW
LAX,2026-04-08 12:53,58.00,55.00,3.00,80.00,29.90,0.00,FEW
LAX,2026-04-08 13:53,59.00,56.00,3.00,90.00,29.92,0.00,FEW
LAX,2026-04-08 14:53,61.00,57.00,5.00,150.00,29.94,0.00,FEW
LAX,2026-04-08 15:53,62.00,58.00,4.00,100.00,29.95,0.00,BKN
LAX,2026-04-08 16:53,65.00,58.00,0.00,0.00,29.95,0.00,FEW
LAX,2026-04-08 17:53,68.00,58.00,5.00,230.00,29.94,0.00,FEW
LAX,2026-04-08 18:53,69.00,58.00,6.00,210.00,29.94,0.00,FEW
LAX,2026-04-08 19:53,69.00,58.00,9.00,230.00,29.92,0.00,FEW
LAX,2026-04-08 20:53,70.00,58.00,8.00,250.00,29.91,0.00,FEW
LAX,2026-04-08 21:53,70.00,58.00,12.00,240.00,29.90,0.00,FEW
LAX,2026-04-08 22:53,69.00,58.00,11.00,250.00,29.89,0.00,FEW
LAX,2026-04-08 23:53,68.00,59.00,12.00,270.00,29.88,0.00,FEW
LAX,2026-04-09 00:53,66.00,58.00,8.00,240.00,29.87,0.00,FEW
LAX,2026-04-09 01:53,66.00,57.00,6.00,270.00,29.87,0.00,FEW
LAX,2026-04-09 02:53,63.00,59.00,6.00,250.00,29.88,0.00,FEW
LAX,2026-04-09 03:53,63.00,59.00,4.00,250.00,29.89,0.00,FEW
LAX,2026-04-09 04:53,63.00,59.00,3.00,160.00,29.91,0.00,FEW
LAX,2026-04-09 05:53,63.00,59.00,3.00,220.00,29.92,0.00,FEW
LAX,2026-04-09 06:53,64.00,59.00,0.00,0.00,29.93,0.00,FEW
LAX,2026-04-09 07:53,64.00,59.00,4.00,null,29.93,0.00,FEW
LAX,2026-04-09 08:53,62.00,58.00,5.00,50.00,29.92,0.00,FEW
LAX,2026-04-09 09:53,62.00,58.00,4.00,50.00,29.91,0.00,FEW
LAX,2026-04-09 10:53,61.00,57.00,3.00,60.00,29.91,0.00,FEW
LAX,2026-04-09 11:53,61.00,58.00,3.00,80.00,29.91,0.00,FEW
LAX,2026-04-09 12:53,61.00,58.00,0.00,0.00,29.92,0.00,FEW
LAX,2026-04-09 13:53,62.00,59.00,4.00,90.00,29.93,0.00,BKN
LAX,2026-04-09 14:53,63.00,59.00,4.00,80.00,29.95,0.00,OVC
LAX,2026-04-09 15:53,65.00,58.00,5.00,110.00,29.96,0.00,OVC
LAX,2026-04-09 16:53,69.00,58.00,5.00,150.00,29.96,0.00,FEW
LAX,2026-04-09 17:53,71.00,57.00,3.00,null,29.96,0.00,FEW
LAX,2026-04-09 18:53,70.00,59.00,10.00,250.00,29.97,0.00,FEW
LAX,2026-04-09 19:53,69.00,59.00,9.00,250.00,29.96,0.00,FEW
LAX,2026-04-09 20:53,69.00,59.00,10.00,250.00,29.95,0.00,FEW
LAX,2026-04-09 21:53,69.00,60.00,9.00,250.00,29.94,0.00,FEW
LAX,2026-04-09 22:53,68.00,60.00,9.00,260.00,29.94,0.00,FEW
LAX,2026-04-09 23:53,67.00,60.00,8.00,260.00,29.93,0.00,FEW
LAX,2026-04-10 00:53,66.00,60.00,9.00,260.00,29.92,0.00,FEW
LAX,2026-04-10 01:53,65.00,60.00,10.00,260.00,29.93,0.00,FEW
LAX,2026-04-10 02:53,64.00,60.00,6.00,230.00,29.93,0.00,FEW
LAX,2026-04-10 03:53,64.00,60.00,7.00,250.00,29.95,0.00,FEW
LAX,2026-04-10 04:53,63.00,59.00,6.00,260.00,29.96,0.00,FEW
LAX,2026-04-10 05:53,62.00,56.00,4.00,230.00,29.96,0.00,FEW
LAX,2026-04-10 06:53,61.00,57.00,4.00,250.00,29.97,0.00,FEW
LAX,2026-04-10 07:53,61.00,57.00,7.00,250.00,29.97,0.00,BKN
LAX,2026-04-10 08:53,60.00,56.00,5.00,250.00,29.96,0.00,BKN
LAX,2026-04-10 09:53,60.00,56.00,6.00,270.00,29.95,0.00,BKN
LAX,2026-04-10 10:53,60.00,56.00,4.00,240.00,29.93,0.00,BKN
LAX,2026-04-10 11:53,59.00,56.00,3.00,260.00,29.93,0.00,FEW
LAX,2026-04-10 12:53,59.00,56.00,0.00,0.00,29.93,0.00,FEW
LAX,2026-04-10 13:53,60.00,56.00,0.00,0.00,29.94,0.00,FEW
LAX,2026-04-10 14:53,61.00,57.00,5.00,240.00,29.96,0.00,FEW
LAX,2026-04-10 15:53,62.00,57.00,6.00,260.00,29.97,0.00,FEW
LAX,2026-04-10 16:53,63.00,57.00,6.00,240.00,29.98,0.00,FEW
LAX,2026-04-10 17:53,64.00,57.00,11.00,240.00,30.00,0.00,FEW
LAX,2026-04-10 18:53,65.00,56.00,10.00,260.00,30.00,0.00,SCT
LAX,2026-04-10 19:53,66.00,56.00,11.00,250.00,29.99,0.00,BKN
LAX,2026-04-10 20:53,67.00,56.00,10.00,240.00,29.97,0.00,BKN
LAX,2026-04-10 21:53,66.00,55.00,11.00,250.00,29.96,0.00,FEW
LAX,2026-04-10 22:53,66.00,55.00,11.00,250.00,29.94,0.00,FEW
LAX,2026-04-10 23:53,65.00,56.00,11.00,250.00,29.93,0.00,FEW
LAX,2026-04-11 00:53,64.00,56.00,13.00,250.00,29.93,0.00,SCT
LAX,2026-04-11 01:53,63.00,56.00,13.00,270.00,29.93,0.00,SCT
LAX,2026-04-11 02:53,62.00,56.00,14.00,260.00,29.94,0.00,FEW
LAX,2026-04-11 03:53,62.00,56.00,16.00,270.00,29.96,0.00,BKN
LAX,2026-04-11 04:53,62.00,55.00,12.00,270.00,29.98,0.00,SCT
LAX,2026-04-11 05:53,62.00,57.00,11.00,260.00,29.97,0.00,FEW
LAX,2026-04-11 06:53,61.00,57.00,6.00,250.00,29.97,0.00,FEW
LAX,2026-04-11 07:53,61.00,57.00,7.00,260.00,29.97,0.00,FEW
LAX,2026-04-11 08:53,61.00,57.00,6.00,280.00,29.97,0.00,FEW
LAX,2026-04-11 09:53,61.00,57.00,6.00,280.00,29.96,0.00,FEW
LAX,2026-04-11 10:53,60.00,56.00,0.00,0.00,29.96,0.00,FEW
LAX,2026-04-11 11:53,60.00,56.00,0.00,0.00,29.97,0.00,FEW
LAX,2026-04-11 12:53,60.00,55.00,0.00,0.00,29.98,0.00,FEW
LAX,2026-04-11 13:53,59.00,56.00,3.00,320.00,29.99,0.00,FEW
LAX,2026-04-11 14:53,62.00,55.00,3.00,30.00,30.01,0.00,FEW
LAX,2026-04-11 15:53,64.00,54.00,5.00,240.00,30.02,0.00,FEW
LAX,2026-04-11 16:53,65.00,54.00,5.00,240.00,30.03,0.00,FEW
LAX,2026-04-11 17:53,67.00,54.00,8.00,260.00,30.04,0.00,FEW
LAX,2026-04-11 18:53,68.00,54.00,11.00,270.00,30.03,0.00,FEW
LAX,2026-04-11 19:53,68.00,54.00,12.00,240.00,30.02,0.00,FEW
LAX,2026-04-11 20:53,68.00,53.00,10.00,250.00,29.99,0.00,FEW
LAX,2026-04-11 21:53,67.00,53.00,14.00,270.00,29.98,0.00,FEW
LAX,2026-04-11 22:53,67.00,53.00,13.00,250.00,29.97,0.00,FEW
LAX,2026-04-11 23:53,66.00,53.00,12.00,260.00,29.95,0.00,FEW
LAX,2026-04-12 00:53,65.00,52.00,13.00,260.00,29.95,0.00,FEW
LAX,2026-04-12 01:53,63.00,53.00,12.00,260.00,29.95,0.00,FEW
LAX,2026-04-12 02:53,62.00,54.00,7.00,240.00,29.96,0.00,FEW
LAX,2026-04-12 03:53,62.00,54.00,7.00,230.00,29.98,0.00,SCT
LAX,2026-04-12 04:53,62.00,53.00,8.00,260.00,29.99,0.00,BKN
LAX,2026-04-12 05:53,62.00,53.00,6.00,250.00,29.99,0.00,SCT
LAX,2026-04-12 06:53,61.00,52.00,8.00,240.00,29.98,0.00,SCT
LAX,2026-04-12 07:53,62.00,53.00,5.00,150.00,29.97,null,SCT
LAX,2026-04-12 08:53,61.00,54.00,7.00,140.00,29.96,0.00,FEW
LAX,2026-04-12 09:53,61.00,53.00,4.00,130.00,29.94,0.00,FEW
LAX,2026-04-12 10:53,61.00,53.00,6.00,150.00,29.93,0.00,FEW
LAX,2026-04-12 11:53,61.00,53.00,5.00,160.00,29.92,0.00,FEW
LAX,2026-04-12 12:53,62.00,53.00,7.00,180.00,29.92,0.00,SCT
LAX,2026-04-12 13:53,61.00,55.00,9.00,180.00,29.94,null,BKN
LAX,2026-04-12 14:53,60.00,56.00,10.00,240.00,29.97,0.10,FEW
LAX,2026-04-12 15:53,60.00,56.00,11.00,260.00,29.98,0.06,FEW
LAX,2026-04-12 16:53,63.00,54.00,13.00,270.00,29.99,0.00,FEW
LAX,2026-04-12 17:53,64.00,51.00,13.00,250.00,30.00,0.00,FEW
LAX,2026-04-12 18:53,66.00,49.00,15.00,260.00,30.01,0.00,FEW
LAX,2026-04-12 19:53,66.00,45.00,12.00,260.00,30.00,null,FEW
LAX,2026-04-12 20:53,68.00,39.00,14.00,240.00,30.00,0.00,SCT
LAX,2026-04-12 21:53,66.00,44.00,13.00,250.00,29.99,0.00,FEW
LAX,2026-04-12 22:53,65.00,47.00,13.00,230.00,30.00,0.00,FEW
LAX,2026-04-12 23:53,65.00,46.00,13.00,240.00,29.99,0.00,FEW
LAX,2026-04-13 00:53,64.00,49.00,16.00,260.00,29.99,0.00,FEW
LAX,2026-04-13 01:53,62.00,48.00,13.00,260.00,30.00,0.00,FEW
LAX,2026-04-13 02:53,61.00,50.00,12.00,260.00,30.02,0.00,FEW
LAX,2026-04-13 03:53,60.00,50.00,11.00,270.00,30.02,0.00,FEW
LAX,2026-04-13 04:53,60.00,49.00,11.00,270.00,30.04,0.00,FEW
LAX,2026-04-13 05:53,60.00,49.00,6.00,310.00,30.04,0.00,FEW
LAX,2026-04-13 06:53,59.00,47.00,5.00,300.00,30.05,0.00,FEW
LAX,2026-04-13 07:53,59.00,46.00,5.00,null,30.05,0.00,FEW
LAX,2026-04-13 08:53,58.00,46.00,4.00,10.00,30.04,0.00,FEW
LAX,2026-04-13 09:53,58.00,47.00,3.00,320.00,30.02,0.00,FEW
LAX,2026-04-13 10:53,58.00,47.00,0.00,0.00,30.02,0.00,FEW
LAX,2026-04-13 11:53,57.00,47.00,0.00,0.00,30.01,0.00,FEW
LAX,2026-04-13 12:53,57.00,48.00,3.00,null,30.01,0.00,FEW
LAX,2026-04-13 13:53,57.00,47.00,5.00,310.00,30.02,0.00,FEW
LAX,2026-04-13 14:53,59.00,48.00,5.00,300.00,30.04,0.00,FEW
LAX,2026-04-13 15:53,60.00,48.00,8.00,290.00,30.05,0.00,FEW
LAX,2026-04-13 16:53,62.00,49.00,8.00,250.00,30.06,0.00,FEW
LAX,2026-04-13 17:53,63.00,49.00,9.00,240.00,30.07,0.00,FEW
LAX,2026-04-13 18:53,63.00,48.00,11.00,230.00,30.07,0.00,FEW
LAX,2026-04-13 19:53,65.00,47.00,16.00,270.00,30.05,0.00,FEW
LAX,2026-04-13 20:53,65.00,47.00,17.00,260.00,30.04,0.00,FEW
LAX,2026-04-13 21:53,65.00,45.00,16.00,270.00,30.03,0.00,FEW
LAX,2026-04-13 22:53,66.00,46.00,17.00,250.00,30.02,0.00,FEW
LAX,2026-04-13 23:53,65.00,46.00,19.00,250.00,30.01,0.00,FEW
LAX,2026-04-14 00:53,64.00,46.00,19.00,250.00,30.01,0.00,FEW
LAX,2026-04-14 01:53,62.00,48.00,16.00,260.00,30.01,0.00,FEW
LAX,2026-04-14 02:53,61.00,49.00,22.00,250.00,30.02,0.00,FEW
LAX,2026-04-14 03:53,60.00,51.00,18.00,260.00,30.05,0.00,CLR
LAX,2026-04-14 04:53,60.00,52.00,10.00,260.00,30.06,0.00,CLR
LAX,2026-04-14 05:53,59.00,52.00,12.00,250.00,30.07,0.00,CLR
LAX,2026-04-14 06:53,59.00,51.00,6.00,250.00,30.07,0.00,FEW
LAX,2026-04-14 07:53,58.00,52.00,6.00,240.00,30.08,0.00,FEW
LAX,2026-04-14 08:53,59.00,52.00,4.00,270.00,30.08,0.00,FEW
LAX,2026-04-14 09:53,56.00,47.00,6.00,60.00,30.07,0.00,FEW
LAX,2026-04-14 10:53,54.00,47.00,6.00,80.00,30.07,0.00,FEW
LAX,2026-04-14 11:53,55.00,48.00,5.00,60.00,30.07,0.00,FEW
LAX,2026-04-14 12:53,53.00,47.00,6.00,40.00,30.08,0.00,FEW
LAX,2026-04-14 13:53,55.00,47.00,4.00,60.00,30.09,0.00,FEW
LAX,2026-04-14 14:53,58.00,47.00,5.00,50.00,30.11,0.00,FEW
LAX,2026-04-14 15:53,62.00,49.00,3.00,null,30.11,0.00,FEW
LAX,2026-04-14 16:53,65.00,48.00,3.00,110.00,30.12,0.00,FEW
LAX,2026-04-14 17:53,66.00,47.00,3.00,140.00,30.12,0.00,FEW
LAX,2026-04-14 18:53,67.00,50.00,7.00,240.00,30.11,0.00,FEW
LAX,2026-04-14 19:53,68.00,49.00,10.00,230.00,30.09,0.00,FEW
LAX,2026-04-14 20:53,68.00,51.00,11.00,240.00,30.08,0.00,FEW
LAX,2026-04-14 21:53,67.00,52.00,13.00,260.00,30.07,0.00,FEW
LAX,2026-04-14 22:53,68.00,54.00,13.00,240.00,30.05,0.00,FEW
LAX,2026-04-14 23:53,67.00,50.00,11.00,260.00,30.04,0.00,FEW
LAX,2026-04-15 00:53,65.00,53.00,13.00,260.00,30.03,0.00,FEW
LAX,2026-04-15 01:53,63.00,53.00,13.00,260.00,30.02,0.00,FEW
LAX,2026-04-15 02:53,61.00,53.00,11.00,240.00,30.02,0.00,FEW
LAX,2026-04-15 03:53,61.00,55.00,12.00,250.00,30.03,0.00,CLR
LAX,2026-04-15 04:53,61.00,55.00,10.00,250.00,30.04,0.00,CLR
LAX,2026-04-15 05:53,61.00,55.00,6.00,240.00,30.04,0.00,FEW
LAX,2026-04-15 06:53,60.00,54.00,3.00,220.00,30.03,0.00,FEW
LAX,2026-04-15 07:53,60.00,54.00,4.00,210.00,30.04,0.00,FEW
LAX,2026-04-15 08:53,56.00,53.00,3.00,100.00,30.03,0.00,FEW
LAX,2026-04-15 09:53,58.00,54.00,3.00,70.00,30.02,0.00,FEW
LAX,2026-04-15 10:53,55.00,53.00,3.00,70.00,30.01,0.00,FEW
LAX,2026-04-15 11:53,56.00,53.00,3.00,80.00,30.01,0.00,FEW
LAX,2026-04-15 12:53,56.00,53.00,0.00,0.00,30.01,0.00,FEW
LAX,2026-04-15 13:53,57.00,50.00,0.00,0.00,30.03,0.00,FEW
LAX,2026-04-15 14:53,60.00,51.00,3.00,80.00,30.04,0.00,FEW
LAX,2026-04-15 15:53,62.00,52.00,0.00,0.00,30.04,0.00,FEW
LAX,2026-04-15 16:53,65.00,54.00,4.00,260.00,30.05,0.00,FEW
LAX,2026-04-15 17:53,67.00,55.00,7.00,240.00,30.05,0.00,FEW
LAX,2026-04-15 18:53,68.00,55.00,11.00,270.00,30.05,0.00,FEW
LAX,2026-04-15 19:53,68.00,54.00,10.00,240.00,30.04,0.00,FEW
LAX,2026-04-15 20:53,68.00,54.00,11.00,240.00,30.03,0.00,FEW
LAX,2026-04-15 21:53,69.00,54.00,11.00,240.00,30.01,0.00,FEW
LAX,2026-04-15 22:53,67.00,55.00,13.00,270.00,30.00,0.00,FEW
LAX,2026-04-15 23:53,67.00,55.00,12.00,260.00,29.98,0.00,FEW
LAX,2026-04-16 00:53,65.00,55.00,10.00,250.00,29.97,0.00,FEW
LAX,2026-04-16 01:53,62.00,55.00,12.00,260.00,29.96,0.00,FEW
LAX,2026-04-16 02:53,61.00,54.00,14.00,270.00,29.96,0.00,FEW
LAX,2026-04-16 03:53,60.00,54.00,8.00,250.00,29.98,0.00,CLR
LAX,2026-04-16 04:53,60.00,53.00,6.00,230.00,29.98,0.00,CLR
LAX,2026-04-16 05:53,61.00,53.00,4.00,140.00,29.98,0.00,FEW
LAX,2026-04-16 06:53,60.00,53.00,3.00,190.00,29.98,0.00,FEW
LAX,2026-04-16 07:53,60.00,54.00,3.00,null,29.96,0.00,FEW
LAX,2026-04-16 08:53,57.00,52.00,4.00,110.00,29.94,0.00,FEW
LAX,2026-04-16 09:53,59.00,54.00,0.00,0.00,29.92,0.00,SCT
LAX,2026-04-16 10:53,59.00,55.00,0.00,0.00,29.91,0.00,SCT
LAX,2026-04-16 11:53,59.00,55.00,4.00,240.00,29.91,0.00,FEW
LAX,2026-04-16 12:53,59.00,55.00,3.00,240.00,29.91,0.00,FEW
LAX,2026-04-16 13:53,60.00,56.00,0.00,0.00,29.92,0.00,FEW
LAX,2026-04-16 14:53,61.00,55.00,3.00,110.00,29.94,0.00,FEW
LAX,2026-04-16 15:53,63.00,55.00,4.00,110.00,29.95,0.00,FEW
LAX,2026-04-16 16:53,66.00,54.00,3.00,80.00,29.96,0.00,FEW
LAX,2026-04-16 17:53,68.00,55.00,6.00,240.00,29.96,0.00,FEW
LAX,2026-04-16 18:53,68.00,54.00,9.00,260.00,29.95,0.00,FEW
LAX,2026-04-16 19:53,69.00,53.00,9.00,270.00,29.93,0.00,FEW
LAX,2026-04-16 20:53,68.00,51.00,11.00,250.00,29.92,0.00,FEW
LAX,2026-04-16 21:53,68.00,53.00,11.00,240.00,29.91,0.00,BKN
LAX,2026-04-16 22:53,67.00,54.00,11.00,260.00,29.89,0.00,FEW
LAX,2026-04-16 23:53,67.00,55.00,11.00,250.00,29.88,0.00,FEW
LAX,2026-04-17 00:53,65.00,55.00,9.00,230.00,29.88,0.00,FEW
LAX,2026-04-17 01:53,63.00,56.00,9.00,250.00,29.87,0.00,FEW
LAX,2026-04-17 02:53,62.00,57.00,8.00,240.00,29.87,0.00,FEW
LAX,2026-04-17 03:53,61.00,56.00,5.00,260.00,29.89,0.00,CLR
LAX,2026-04-17 04:53,61.00,57.00,3.00,220.00,29.90,0.00,CLR
LAX,2026-04-17 05:53,62.00,56.00,4.00,180.00,29.90,0.00,FEW
LAX,2026-04-17 06:53,61.00,56.00,0.00,0.00,29.90,0.00,FEW
LAX,2026-04-17 07:53,60.00,56.00,0.00,0.00,29.92,0.00,FEW
LAX,2026-04-17 08:53,60.00,55.00,0.00,0.00,29.92,0.00,FEW
LAX,2026-04-17 09:53,59.00,55.00,4.00,80.00,29.92,0.00,FEW
LAX,2026-04-17 10:53,58.00,54.00,6.00,90.00,29.92,0.00,FEW
LAX,2026-04-17 11:53,58.00,53.00,5.00,80.00,29.92,0.00,FEW
LAX,2026-04-17 12:53,57.00,53.00,6.00,80.00,29.94,0.00,FEW
LAX,2026-04-17 13:53,58.00,53.00,4.00,100.00,29.96,0.00,FEW
LAX,2026-04-17 14:53,60.00,53.00,7.00,110.00,29.98,0.00,FEW
LAX,2026-04-17 15:53,63.00,53.00,7.00,100.00,30.00,0.00,FEW
LAX,2026-04-17 16:53,64.00,51.00,4.00,150.00,30.01,0.00,SCT
LAX,2026-04-17 17:53,66.00,50.00,3.00,290.00,30.01,0.00,SCT
LAX,2026-04-17 18:53,70.00,49.00,3.00,null,30.00,0.00,FEW
LAX,2026-04-17 19:53,72.00,52.00,7.00,200.00,29.99,0.00,FEW
LAX,2026-04-17 20:53,72.00,53.00,10.00,240.00,29.98,0.00,CLR
LAX,2026-04-17 21:53,70.00,54.00,12.00,260.00,29.98,0.00,FEW
LAX,2026-04-17 22:53,70.00,54.00,16.00,270.00,29.96,0.00,FEW
LAX,2026-04-17 23:53,68.00,54.00,15.00,270.00,29.95,0.00,FEW
LAX,2026-04-18 00:53,67.00,54.00,17.00,270.00,29.94,0.00,FEW
LAX,2026-04-18 01:53,66.00,54.00,16.00,260.00,29.93,0.00,CLR
LAX,2026-04-18 02:53,64.00,54.00,12.00,250.00,29.92,0.00,CLR
LAX,2026-04-18 03:53,65.00,55.00,5.00,270.00,29.93,0.00,CLR
LAX,2026-04-18 04:53,64.00,54.00,4.00,110.00,29.95,0.00,CLR
LAX,2026-04-18 05:53,64.00,54.00,4.00,130.00,29.96,0.00,CLR
LAX,2026-04-18 06:53,61.00,52.00,5.00,100.00,29.97,0.00,CLR
LAX,2026-04-18 07:53,61.00,52.00,6.00,80.00,29.97,0.00,CLR
LAX,2026-04-18 08:53,61.00,52.00,6.00,50.00,29.96,0.00,CLR
LAX,2026-04-18 09:53,61.00,52.00,6.00,60.00,29.95,0.00,CLR
LAX,2026-04-18 10:53,60.00,53.00,3.00,70.00,29.95,0.00,CLR
LAX,2026-04-18 11:53,59.00,53.00,4.00,null,29.94,0.00,CLR
LAX,2026-04-18 12:53,59.00,54.00,4.00,70.00,29.94,0.00,FEW
LAX,2026-04-18 13:53,58.00,54.00,4.00,90.00,29.95,0.00,SCT
LAX,2026-04-18 14:53,62.00,55.00,5.00,90.00,29.96,0.00,SCT
LAX,2026-04-18 15:53,66.00,55.00,3.00,null,29.97,0.00,SCT
LAX,2026-04-18 16:53,69.00,51.00,0.00,0.00,29.98,0.00,FEW
LAX,2026-04-18 17:53,74.00,51.00,6.00,270.00,29.98,0.00,SCT
LAX,2026-04-18 18:53,74.00,55.00,8.00,250.00,29.98,0.00,SCT
LAX,2026-04-18 19:53,76.00,55.00,8.00,260.00,29.96,0.00,SCT
LAX,2026-04-18 20:53,75.00,57.00,9.00,240.00,29.94,0.00,SCT
LAX,2026-04-18 21:53,73.00,57.00,11.00,260.00,29.93,0.00,SCT
LAX,2026-04-18 22:53,71.00,57.00,11.00,250.00,29.91,0.00,SCT
LAX,2026-04-18 23:53,70.00,54.00,16.00,260.00,29.90,0.00,SCT
LAX,2026-04-19 00:53,68.00,54.00,12.00,260.00,29.90,0.00,SCT
LAX,2026-04-19 01:53,66.00,54.00,9.00,250.00,29.90,0.00,SCT
LAX,2026-04-19 02:53,65.00,53.00,6.00,260.00,29.90,0.00,SCT
LAX,2026-04-19 03:53,65.00,53.00,3.00,170.00,29.92,0.00,SCT
LAX,2026-04-19 04:53,65.00,54.00,4.00,180.00,29.93,0.00,SCT
LAX,2026-04-19 05:53,64.00,52.00,0.00,0.00,29.94,0.00,SCT
LAX,2026-04-19 06:53,64.00,57.00,5.00,10.00,29.95,0.00,SCT
LAX,2026-04-19 07:53,64.00,58.00,3.00,null,29.94,0.00,SCT
LAX,2026-04-19 08:53,63.00,56.00,0.00,0.00,29.92,0.00,BKN
LAX,2026-04-19 09:53,63.00,58.00,3.00,320.00,29.90,0.00,BKN
LAX,2026-04-19 10:53,62.00,56.00,3.00,20.00,29.89,0.00,BKN
LAX,2026-04-19 11:53,63.00,56.00,0.00,0.00,29.88,0.00,BKN
LAX,2026-04-19 12:53,63.00,56.00,3.00,240.00,29.87,0.00,SCT
LAX,2026-04-19 13:53,61.00,52.00,4.00,320.00,29.88,0.00,FEW
LAX,2026-04-19 14:53,64.00,53.00,3.00,310.00,29.90,0.00,FEW
LAX,2026-04-19 15:53,67.00,55.00,5.00,270.00,29.91,0.00,FEW
LAX,2026-04-19 16:53,68.00,55.00,7.00,260.00,29.92,0.00,FEW
LAX,2026-04-19 17:53,69.00,56.00,8.00,250.00,29.93,0.00,FEW
LAX,2026-04-19 18:53,71.00,57.00,9.00,260.00,29.93,0.00,FEW
LAX,2026-04-19 19:53,69.00,58.00,11.00,260.00,29.93,0.00,FEW
LAX,2026-04-19 20:53,69.00,58.00,10.00,260.00,29.92,0.00,FEW
LAX,2026-04-19 21:53,70.00,54.00,12.00,250.00,29.91,0.00,FEW
LAX,2026-04-19 22:53,70.00,52.00,11.00,240.00,29.90,0.00,FEW
LAX,2026-04-19 23:53,68.00,55.00,10.00,240.00,29.89,0.00,FEW
LAX,2026-04-20 00:53,67.00,55.00,10.00,260.00,29.88,0.00,FEW
LAX,2026-04-20 01:53,65.00,57.00,10.00,260.00,29.88,0.00,FEW
LAX,2026-04-20 02:53,63.00,57.00,11.00,260.00,29.90,0.00,FEW
LAX,2026-04-20 03:53,62.00,57.00,9.00,240.00,29.92,0.00,FEW
LAX,2026-04-20 04:53,61.00,56.00,9.00,240.00,29.94,0.00,SCT
LAX,2026-04-20 05:53,60.00,56.00,7.00,230.00,29.95,0.00,SCT
LAX,2026-04-20 06:53,60.00,56.00,5.00,240.00,29.95,0.00,FEW
LAX,2026-04-20 07:53,59.00,55.00,4.00,240.00,29.97,0.00,FEW
LAX,2026-04-20 08:53,59.00,54.00,0.00,0.00,29.97,0.00,CLR
LAX,2026-04-20 09:53,59.00,53.00,5.00,230.00,29.97,0.00,FEW
LAX,2026-04-20 10:53,58.00,55.00,4.00,240.00,29.96,0.00,SCT
LAX,2026-04-20 11:53,58.00,54.00,3.00,260.00,29.96,0.00,SCT
LAX,2026-04-20 12:53,57.00,54.00,0.00,0.00,29.96,0.00,FEW
LAX,2026-04-20 13:53,57.00,54.00,3.00,90.00,29.98,0.00,FEW
LAX,2026-04-20 14:53,61.00,55.00,0.00,0.00,30.00,0.00,SCT
LAX,2026-04-20 15:53,62.00,54.00,0.00,0.00,30.01,0.00,SCT
LAX,2026-04-20 16:53,67.00,53.00,4.00,180.00,30.01,0.00,FEW
LAX,2026-04-20 17:53,69.00,54.00,8.00,260.00,30.02,0.00,FEW
LAX,2026-04-20 18:53,69.00,55.00,8.00,250.00,30.01,0.00,FEW
LAX,2026-04-20 19:53,70.00,54.00,13.00,250.00,30.01,0.00,FEW
LAX,2026-04-20 20:53,69.00,55.00,13.00,260.00,30.01,0.00,FEW
LAX,2026-04-20 21:53,69.00,54.00,14.00,260.00,30.00,0.00,FEW
LAX,2026-04-20 22:53,68.00,54.00,15.00,260.00,29.97,0.00,FEW
LAX,2026-04-20 23:53,65.00,53.00,14.00,270.00,29.96,0.00,BKN
LAX,2026-04-21 00:53,65.00,54.00,12.00,260.00,29.96,0.00,FEW
LAX,2026-04-21 01:53,63.00,54.00,12.00,250.00,29.96,0.00,FEW
LAX,2026-04-21 02:53,61.00,54.00,10.00,260.00,29.97,0.00,FEW
LAX,2026-04-21 03:53,61.00,54.00,11.00,260.00,30.00,0.00,FEW
LAX,2026-04-21 04:53,61.00,54.00,9.00,270.00,30.01,0.00,FEW
LAX,2026-04-21 05:53,60.00,54.00,6.00,250.00,30.02,0.00,FEW
LAX,2026-04-21 06:53,60.00,54.00,7.00,250.00,30.02,0.00,FEW
LAX,2026-04-21 07:53,59.00,54.00,5.00,250.00,30.03,0.00,FEW
LAX,2026-04-21 08:53,59.00,53.00,4.00,260.00,30.02,0.00,FEW
LAX,2026-04-21 09:53,59.00,54.00,3.00,330.00,30.01,0.00,FEW
LAX,2026-04-21 10:53,58.00,53.00,3.00,50.00,30.01,0.00,FEW
LAX,2026-04-21 11:53,59.00,53.00,0.00,0.00,30.01,0.00,FEW
LAX,2026-04-21 12:53,57.00,53.00,4.00,80.00,30.01,0.00,FEW
LAX,2026-04-21 13:53,57.00,54.00,5.00,100.00,30.01,0.00,SCT
LAX,2026-04-21 14:53,61.00,53.00,7.00,90.00,30.02,0.00,FEW
LAX,2026-04-21 15:53,62.00,53.00,4.00,130.00,30.04,0.00,FEW
LAX,2026-04-21 16:53,66.00,50.00,9.00,120.00,30.04,0.00,FEW
LAX,2026-04-21 17:53,62.00,53.00,4.00,190.00,30.07,0.01,FEW
LAX,2026-04-21 18:53,64.00,52.00,0.00,0.00,30.06,null,FEW
LAX,2026-04-21 19:53,65.00,52.00,8.00,230.00,30.05,0.00,FEW
LAX,2026-04-21 20:53,70.00,53.00,10.00,210.00,30.05,0.00,SCT
LAX,2026-04-21 21:53,68.00,54.00,11.00,220.00,30.05,0.00,FEW
LAX,2026-04-21 22:53,69.00,55.00,14.00,200.00,30.04,0.00,FEW
LAX,2026-04-21 23:53,67.00,55.00,14.00,270.00,30.04,null,FEW
LAX,2026-04-22 00:53,65.00,56.00,12.00,250.00,30.05,0.00,FEW
LAX,2026-04-22 01:53,63.00,53.00,12.00,260.00,30.05,0.00,FEW
LAX,2026-04-22 02:53,62.00,53.00,12.00,250.00,30.05,0.00,FEW
LAX,2026-04-22 03:53,62.00,53.00,12.00,260.00,30.08,0.00,FEW
LAX,2026-04-22 04:53,61.00,53.00,10.00,270.00,30.10,0.00,FEW
LAX,2026-04-22 05:53,61.00,53.00,8.00,270.00,30.10,0.00,FEW
LAX,2026-04-22 06:53,60.00,53.00,8.00,280.00,30.11,0.00,FEW
LAX,2026-04-22 07:53,60.00,52.00,4.00,null,30.11,0.00,FEW
LAX,2026-04-22 08:53,59.00,50.00,5.00,270.00,30.11,0.00,FEW
LAX,2026-04-22 09:53,58.00,48.00,3.00,330.00,30.11,0.00,FEW
LAX,2026-04-22 10:53,57.00,47.00,0.00,0.00,30.10,0.00,FEW
LAX,2026-04-22 11:53,55.00,49.00,0.00,0.00,30.11,0.00,FEW
LAX,2026-04-22 12:53,55.00,49.00,5.00,10.00,30.12,0.00,FEW
LAX,2026-04-22 13:53,57.00,49.00,4.00,null,30.13,0.00,FEW
LAX,2026-04-22 14:53,60.00,48.00,3.00,330.00,30.14,0.00,FEW
LAX,2026-04-22 15:53,63.00,48.00,7.00,250.00,30.15,0.00,FEW
LAX,2026-04-22 16:53,64.00,48.00,7.00,230.00,30.15,0.00,CLR
LAX,2026-04-22 17:53,66.00,49.00,11.00,260.00,30.16,0.00,FEW
LAX,2026-04-22 18:53,65.00,49.00,11.00,240.00,30.15,0.00,FEW
LAX,2026-04-22 19:53,65.00,47.00,12.00,230.00,30.14,0.00,FEW
LAX,2026-04-22 20:53,66.00,48.00,14.00,260.00,30.12,0.00,FEW
LAX,2026-04-22 21:53,65.00,47.00,15.00,250.00,30.10,0.00,FEW
LAX,2026-04-22 22:53,65.00,48.00,16.00,260.00,30.07,0.00,FEW
LAX,2026-04-22 23:53,65.00,48.00,15.00,240.00,30.05,0.00,FEW
LAX,2026-04-23 00:53,65.00,49.00,16.00,250.00,30.03,0.00,FEW
LAX,2026-04-23 01:53,63.00,51.00,17.00,260.00,30.03,0.00,FEW
LAX,2026-04-23 02:53,62.00,52.00,14.00,260.00,30.02,0.00,FEW
LAX,2026-04-23 03:53,61.00,52.00,17.00,260.00,30.04,0.00,CLR
LAX,2026-04-23 04:53,61.00,53.00,13.00,270.00,30.05,0.00,CLR
LAX,2026-04-23 05:53,60.00,53.00,6.00,230.00,30.04,0.00,FEW
LAX,2026-04-23 06:53,60.00,53.00,9.00,260.00,30.04,0.00,FEW
LAX,2026-04-23 07:53,60.00,53.00,9.00,250.00,30.03,0.00,FEW
LAX,2026-04-23 08:53,59.00,53.00,4.00,360.00,30.01,0.00,FEW
LAX,2026-04-23 09:53,57.00,51.00,3.00,null,29.99,0.00,FEW
LAX,2026-04-23 10:53,53.60,50.00,6.00,90.00,30.00,0.00,FEW
LAX,2026-04-23 11:53,56.00,49.00,4.00,80.00,29.99,0.00,FEW
LAX,2026-04-23 12:53,56.00,48.00,4.00,70.00,30.00,0.00,FEW
LAX,2026-04-23 13:53,57.00,49.00,4.00,80.00,30.01,0.00,FEW
LAX,2026-04-23 14:53,60.00,49.00,7.00,70.00,30.02,0.00,FEW
LAX,2026-04-23 15:53,63.00,49.00,6.00,null,30.02,0.00,FEW
LAX,2026-04-23 16:53,64.00,51.00,4.00,100.00,30.02,0.00,FEW
LAX,2026-04-23 17:53,67.00,50.00,3.00,320.00,30.01,0.00,FEW
LAX,2026-04-23 18:53,70.00,48.00,3.00,null,29.99,0.00,FEW
LAX,2026-04-23 19:53,71.00,51.00,10.00,250.00,29.97,0.00,FEW
LAX,2026-04-23 20:53,69.00,51.00,14.00,240.00,29.96,0.00,FEW
LAX,2026-04-23 21:53,69.00,47.00,13.00,270.00,29.94,0.00,FEW
LAX,2026-04-23 22:53,69.00,50.00,13.00,250.00,29.92,0.00,FEW
LAX,2026-04-23 23:53,68.00,50.00,14.00,250.00,29.91,0.00,FEW
LAX,2026-04-24 00:53,67.00,52.00,11.00,270.00,29.90,0.00,BKN
LAX,2026-04-24 01:53,64.00,50.00,11.00,250.00,29.90,0.00,SCT
LAX,2026-04-24 02:53,63.00,49.00,9.00,230.00,29.90,0.00,FEW
LAX,2026-04-24 03:53,64.00,51.00,8.00,240.00,29.91,0.00,FEW
LAX,2026-04-24 04:53,62.00,55.00,6.00,220.00,29.93,0.00,CLR
LAX,2026-04-24 05:53,62.00,55.00,3.00,210.00,29.93,0.00,FEW
LAX,2026-04-24 06:53,61.00,55.00,3.00,240.00,29.93,0.00,FEW
LAX,2026-04-24 07:53,61.00,54.00,3.00,60.00,29.93,0.00,FEW
LAX,2026-04-24 08:53,61.00,54.00,0.00,0.00,29.92,0.00,SCT
LAX,2026-04-24 09:53,59.00,53.00,4.00,80.00,29.91,0.00,FEW
LAX,2026-04-24 10:53,58.00,53.00,4.00,80.00,29.91,0.00,FEW
LAX,2026-04-24 11:53,57.00,52.00,4.00,80.00,29.91,0.00,FEW
LAX,2026-04-24 12:53,59.00,53.00,4.00,70.00,29.90,0.00,FEW
LAX,2026-04-24 13:53,59.00,52.00,8.00,90.00,29.92,0.00,FEW
LAX,2026-04-24 14:53,62.00,54.00,7.00,80.00,29.93,0.00,FEW
LAX,2026-04-24 15:53,65.00,54.00,8.00,120.00,29.94,0.00,FEW
LAX,2026-04-24 16:53,68.00,53.00,6.00,90.00,29.93,0.00,FEW
LAX,2026-04-24 17:53,71.00,52.00,6.00,160.00,29.93,0.00,FEW
LAX,2026-04-24 18:53,72.00,51.00,6.00,null,29.91,0.00,FEW
LAX,2026-04-24 19:53,73.00,48.00,3.00,120.00,29.89,0.00,FEW
LAX,2026-04-24 20:53,72.00,54.00,7.00,230.00,29.89,0.00,FEW
LAX,2026-04-24 21:53,70.00,53.00,14.00,240.00,29.88,0.00,FEW
LAX,2026-04-24 22:53,67.00,55.00,11.00,240.00,29.86,0.00,FEW
LAX,2026-04-24 23:53,66.00,55.00,12.00,260.00,29.86,0.00,FEW
LAX,2026-04-25 00:53,64.00,55.00,9.00,260.00,29.86,0.00,FEW
LAX,2026-04-25 01:53,63.00,56.00,9.00,280.00,29.86,0.00,SCT
LAX,2026-04-25 02:53,62.00,54.00,7.00,250.00,29.86,0.00,FEW
LAX,2026-04-25 03:53,61.00,56.00,6.00,210.00,29.88,0.00,FEW
LAX,2026-04-25 04:53,60.00,55.00,7.00,230.00,29.90,0.00,FEW
LAX,2026-04-25 05:53,60.00,54.00,8.00,230.00,29.90,0.00,FEW
LAX,2026-04-25 06:53,60.00,52.00,6.00,220.00,29.89,0.00,FEW
LAX,2026-04-25 07:53,59.00,53.00,8.00,190.00,29.89,0.00,FEW
LAX,2026-04-25 08:53,59.00,53.00,4.00,180.00,29.88,0.00,FEW
LAX,2026-04-25 09:53,59.00,53.00,3.00,170.00,29.87,0.00,BKN
LAX,2026-04-25 10:53,59.00,53.00,3.00,210.00,29.88,0.00,SCT
LAX,2026-04-25 11:53,60.00,54.00,4.00,180.00,29.88,0.00,SCT
LAX,2026-04-25 12:53,59.00,52.00,3.00,280.00,29.88,0.00,BKN
LAX,2026-04-25 13:53,59.00,51.00,6.00,190.00,29.90,0.00,SCT
LAX,2026-04-25 14:53,60.00,50.00,9.00,240.00,29.92,0.00,SCT
LAX,2026-04-25 15:53,62.00,50.00,8.00,240.00,29.92,0.00,FEW
LAX,2026-04-25 16:53,62.00,49.00,5.00,null,29.92,0.00,SCT
LAX,2026-04-25 17:53,64.00,49.00,8.00,190.00,29.92,0.00,FEW
LAX,2026-04-25 18:53,64.00,48.00,8.00,210.00,29.91,0.00,FEW
LAX,2026-04-25 19:53,65.00,50.00,13.00,200.00,29.90,0.00,FEW
LAX,2026-04-25 20:53,63.00,49.00,12.00,220.00,29.89,0.00,FEW
LAX,2026-04-25 21:53,62.00,49.00,12.00,220.00,29.89,0.00,FEW
LAX,2026-04-25 22:53,62.00,50.00,10.00,240.00,29.89,0.00,FEW
LAX,2026-04-25 23:53,61.00,50.00,14.00,260.00,29.88,null,FEW
LAX,2026-04-26 00:53,60.00,50.00,11.00,250.00,29.88,0.00,SCT
LAX,2026-04-26 01:53,60.00,50.00,9.00,250.00,29.88,0.00,FEW
LAX,2026-04-26 02:53,59.00,50.00,8.00,240.00,29.89,0.00,SCT
LAX,2026-04-26 03:53,59.00,50.00,11.00,270.00,29.90,0.00,SCT
LAX,2026-04-26 04:53,59.00,50.00,12.00,270.00,29.91,0.00,SCT
LAX,2026-04-26 05:53,58.00,52.00,7.00,220.00,29.90,0.01,BKN
LAX,2026-04-26 06:53,56.00,53.00,4.00,240.00,29.90,0.02,SCT
LAX,2026-04-26 07:53,56.00,53.00,6.00,220.00,29.89,0.09,SCT
LAX,2026-04-26 08:53,56.00,53.00,5.00,230.00,29.88,0.18,FEW
LAX,2026-04-26 09:53,57.00,49.00,11.00,270.00,29.87,0.00,FEW
LAX,2026-04-26 10:53,57.00,48.00,10.00,260.00,29.87,0.00,FEW
LAX,2026-04-26 11:53,56.00,50.00,10.00,280.00,29.87,0.00,FEW
LAX,2026-04-26 12:53,56.00,49.00,13.00,280.00,29.89,0.00,SCT
LAX,2026-04-26 13:53,57.00,49.00,13.00,280.00,29.91,0.00,SCT
LAX,2026-04-26 14:53,57.00,48.00,6.00,280.00,29.92,0.00,FEW
LAX,2026-04-26 15:53,60.00,47.00,8.00,270.00,29.94,0.00,SCT
LAX,2026-04-26 16:53,61.00,50.00,13.00,260.00,29.94,0.00,SCT
LAX,2026-04-26 17:53,63.00,47.00,12.00,270.00,29.95,0.00,SCT
LAX,2026-04-26 18:53,63.00,49.00,14.00,230.00,29.96,0.00,SCT
LAX,2026-04-26 19:53,64.00,48.00,19.00,240.00,29.96,0.00,SCT
LAX,2026-04-26 20:53,66.00,45.00,19.00,250.00,29.96,0.00,SCT
LAX,2026-04-26 21:53,66.00,46.00,20.00,230.00,29.97,0.00,FEW
LAX,2026-04-26 22:53,65.00,47.00,19.00,240.00,29.96,0.00,FEW
LAX,2026-04-26 23:53,64.00,49.00,18.00,250.00,29.96,0.00,FEW
LAX,2026-04-27 00:53,63.00,49.00,17.00,230.00,29.96,0.00,FEW
LAX,2026-04-27 01:53,61.00,48.00,12.00,250.00,29.97,0.00,FEW
LAX,2026-04-27 02:53,59.00,46.00,13.00,240.00,29.97,0.00,FEW
LAX,2026-04-27 03:53,59.00,47.00,9.00,240.00,29.98,0.00,FEW
LAX,2026-04-27 04:53,59.00,49.00,6.00,240.00,30.00,0.00,FEW
LAX,2026-04-27 05:53,60.00,48.00,7.00,250.00,30.00,0.00,FEW
LAX,2026-04-27 06:53,60.00,46.00,8.00,270.00,30.00,0.00,FEW
LAX,2026-04-27 07:53,60.00,48.00,9.00,270.00,30.00,0.00,FEW
LAX,2026-04-27 08:53,59.00,49.00,9.00,270.00,29.99,0.00,FEW
LAX,2026-04-27 09:53,59.00,46.00,9.00,260.00,29.98,0.00,FEW
LAX,2026-04-27 10:53,59.00,49.00,9.00,270.00,29.98,0.00,FEW
LAX,2026-04-27 11:53,59.00,48.00,11.00,260.00,29.98,0.00,FEW
LAX,2026-04-27 12:53,59.00,47.00,8.00,280.00,29.97,0.00,FEW
LAX,2026-04-27 13:53,58.00,48.00,8.00,280.00,29.98,0.00,FEW
LAX,2026-04-27 14:53,59.00,47.00,8.00,270.00,30.00,0.00,FEW
LAX,2026-04-27 15:53,61.00,47.00,10.00,280.00,30.01,0.00,FEW
LAX,2026-04-27 16:53,63.00,43.00,10.00,270.00,30.02,0.00,FEW
LAX,2026-04-27 17:53,64.00,45.00,6.00,240.00,30.01,0.00,FEW
LAX,2026-04-27 18:53,64.00,47.00,11.00,240.00,30.04,0.00,FEW
LAX,2026-04-27 19:53,64.00,48.00,15.00,270.00,30.03,0.00,FEW
LAX,2026-04-27 20:53,66.00,43.00,14.00,240.00,30.02,0.00,FEW
LAX,2026-04-27 21:53,65.00,46.00,12.00,260.00,30.02,0.00,FEW
LAX,2026-04-27 22:53,65.00,47.00,14.00,260.00,30.00,0.00,FEW
LAX,2026-04-27 23:53,64.00,46.00,10.00,250.00,30.00,0.00,FEW
LAX,2026-04-28 00:53,63.00,47.00,11.00,250.00,30.01,0.00,FEW
LAX,2026-04-28 01:53,61.00,47.00,10.00,230.00,30.01,0.00,FEW
LAX,2026-04-28 02:53,60.00,47.00,11.00,240.00,30.02,0.00,FEW
LAX,2026-04-28 03:53,60.00,50.00,9.00,240.00,30.03,0.00,CLR
LAX,2026-04-28 04:53,60.00,50.00,4.00,320.00,30.05,0.00,FEW
LAX,2026-04-28 05:53,60.00,48.00,3.00,null,30.06,0.00,FEW
LAX,2026-04-28 06:53,60.00,46.00,3.00,null,30.07,0.00,FEW
LAX,2026-04-28 07:53,59.00,45.00,0.00,0.00,30.06,0.00,FEW
LAX,2026-04-28 08:53,58.00,44.00,3.00,10.00,30.05,0.00,FEW
LAX,2026-04-28 09:53,56.00,46.00,3.00,80.00,30.03,0.00,FEW
LAX,2026-04-28 10:53,55.00,48.00,3.00,60.00,30.03,0.00,FEW
LAX,2026-04-28 11:53,55.00,47.00,4.00,50.00,30.03,0.00,FEW
LAX,2026-04-28 12:53,54.00,46.00,4.00,70.00,30.04,0.00,FEW
LAX,2026-04-28 13:53,55.00,45.00,3.00,null,30.07,0.00,FEW
LAX,2026-04-28 14:53,58.00,46.00,5.00,80.00,30.08,0.00,FEW
LAX,2026-04-28 15:53,62.00,47.00,3.00,null,30.08,0.00,FEW
LAX,2026-04-28 16:53,65.00,44.00,4.00,null,30.06,0.00,FEW
LAX,2026-04-28 17:53,67.00,43.00,3.00,220.00,30.06,0.00,FEW
LAX,2026-04-28 18:53,68.00,46.00,10.00,240.00,30.05,0.00,FEW
LAX,2026-04-28 19:53,67.00,45.00,14.00,250.00,30.04,0.00,FEW
LAX,2026-04-28 20:53,68.00,48.00,16.00,260.00,30.04,0.00,FEW
LAX,2026-04-28 21:53,67.00,50.00,16.00,240.00,30.03,0.00,FEW
LAX,2026-04-28 22:53,66.00,51.00,13.00,250.00,30.02,0.00,CLR
LAX,2026-04-28 23:53,66.00,50.00,12.00,260.00,30.02,0.00,FEW
LAX,2026-04-29 00:53,64.00,52.00,12.00,250.00,30.02,0.00,CLR
LAX,2026-04-29 01:53,62.00,52.00,12.00,250.00,30.02,0.00,FEW
LAX,2026-04-29 02:53,60.00,50.00,8.00,240.00,30.02,0.00,FEW
LAX,2026-04-29 03:53,61.00,48.00,9.00,220.00,30.03,0.00,CLR
LAX,2026-04-29 04:53,61.00,50.00,8.00,240.00,30.04,0.00,CLR
LAX,2026-04-29 05:53,60.00,52.00,5.00,230.00,30.04,0.00,FEW
LAX,2026-04-29 06:53,59.00,54.00,4.00,230.00,30.05,0.00,FEW
LAX,2026-04-29 07:53,59.00,53.00,0.00,0.00,30.05,0.00,FEW
LAX,2026-04-29 08:53,58.00,52.00,3.00,70.00,30.03,0.00,FEW
LAX,2026-04-29 09:53,56.00,52.00,0.00,0.00,30.02,0.00,FEW
LAX,2026-04-29 10:53,55.00,52.00,3.00,80.00,30.03,0.00,FEW
LAX,2026-04-29 11:53,56.00,52.00,0.00,0.00,30.04,0.00,FEW
LAX,2026-04-29 12:53,56.00,52.00,5.00,50.00,30.05,0.00,FEW
LAX,2026-04-29 13:53,57.00,53.00,0.00,0.00,30.05,0.00,SCT
LAX,2026-04-29 14:53,60.00,53.00,4.00,90.00,30.05,0.00,SCT
LAX,2026-04-29 15:53,63.00,50.00,3.00,null,30.04,0.00,FEW
LAX,2026-04-29 16:53,66.00,49.00,0.00,0.00,30.03,0.00,CLR
LAX,2026-04-29 17:53,67.00,53.00,7.00,260.00,30.03,0.00,CLR
LAX,2026-04-29 18:53,68.00,54.00,11.00,250.00,30.02,0.00,CLR
LAX,2026-04-29 19:53,68.00,52.00,13.00,240.00,30.00,0.00,FEW
LAX,2026-04-29 20:53,68.00,53.00,14.00,240.00,29.99,0.00,FEW
LAX,2026-04-29 21:53,68.00,53.00,13.00,240.00,29.99,0.00,FEW
LAX,2026-04-29 22:53,67.00,52.00,12.00,250.00,29.97,0.00,FEW
LAX,2026-04-29 23:53,67.00,52.00,12.00,250.00,29.96,0.00,FEW
LAX,2026-04-30 00:53,65.00,56.00,10.00,260.00,29.95,0.00,FEW
LAX,2026-04-30 01:53,63.00,55.00,9.00,240.00,29.96,0.00,FEW
LAX,2026-04-30 02:53,62.00,55.00,8.00,240.00,29.97,0.00,FEW
LAX,2026-04-30 03:53,61.00,56.00,4.00,250.00,29.98,0.00,CLR
LAX,2026-04-30 04:53,61.00,56.00,5.00,250.00,29.99,0.00,CLR
LAX,2026-04-30 05:53,61.00,55.00,6.00,240.00,29.99,0.00,FEW
LAX,2026-04-30 06:53,60.00,55.00,4.00,260.00,29.98,0.00,FEW
LAX,2026-04-30 07:53,61.00,57.00,3.00,190.00,29.98,0.00,FEW
LAX,2026-04-30 08:53,61.00,56.00,7.00,250.00,29.96,0.00,FEW
LAX,2026-04-30 09:53,61.00,55.00,3.00,270.00,29.94,0.00,FEW
LAX,2026-04-30 10:53,60.00,55.00,4.00,250.00,29.93,0.00,FEW
LAX,2026-04-30 11:53,60.00,55.00,4.00,260.00,29.92,0.00,FEW
LAX,2026-04-30 12:53,60.00,55.00,0.00,0.00,29.91,0.00,FEW
LAX,2026-04-30 13:53,61.00,54.00,0.00,0.00,29.92,0.00,FEW
LAX,2026-04-30 14:53,61.00,54.00,0.00,0.00,29.93,0.00,FEW
LAX,2026-04-30 15:53,63.00,54.00,0.00,0.00,29.92,0.00,FEW
LAX,2026-04-30 16:53,64.00,54.00,0.00,0.00,29.92,0.00,FEW
LAX,2026-04-30 17:53,67.00,54.00,9.00,260.00,29.91,0.00,FEW
LAX,2026-04-30 18:53,68.00,53.00,10.00,260.00,29.90,0.00,FEW
LAX,2026-04-30 19:53,68.00,54.00,13.00,250.00,29.89,0.00,FEW
LAX,2026-04-30 20:53,68.00,54.00,13.00,230.00,29.88,0.00,FEW
LAX,2026-04-30 21:53,68.00,55.00,13.00,250.00,29.87,0.00,FEW
LAX,2026-04-30 22:53,67.00,55.00,13.00,270.00,29.86,0.00,FEW
LAX,2026-04-30 23:53,65.00,56.00,13.00,240.00,29.85,0.00,FEW
LAX,2026-05-01 00:53,64.00,56.00,12.00,240.00,29.86,0.00,FEW
LAX,2026-05-01 01:53,63.00,56.00,10.00,240.00,29.86,0.00,FEW
LAX,2026-05-01 02:53,61.00,56.00,5.00,180.00,29.88,0.00,FEW
LAX,2026-05-01 03:53,61.00,56.00,4.00,210.00,29.90,0.00,FEW
LAX,2026-05-01 04:53,61.00,56.00,6.00,230.00,29.92,0.00,FEW
LAX,2026-05-01 05:53,61.00,56.00,3.00,180.00,29.92,0.00,FEW
LAX,2026-05-01 06:53,61.00,55.00,0.00,0.00,29.93,0.00,FEW
LAX,2026-05-01 07:53,61.00,56.00,4.00,null,29.94,0.00,FEW
LAX,2026-05-01 08:53,61.00,55.00,0.00,0.00,29.93,0.00,FEW
LAX,2026-05-01 09:53,61.00,56.00,4.00,80.00,29.92,0.00,FEW
LAX,2026-05-01 10:53,62.00,55.00,5.00,null,29.92,0.00,FEW
LAX,2026-05-01 11:53,62.00,55.00,0.00,0.00,29.93,0.00,FEW
LAX,2026-05-01 12:53,62.00,54.00,6.00,80.00,29.93,0.00,FEW
LAX,2026-05-01 13:53,62.00,54.00,5.00,null,29.95,0.00,FEW
LAX,2026-05-01 14:53,63.00,54.00,5.00,70.00,29.97,0.00,OVC
LAX,2026-05-01 15:53,64.00,54.00,5.00,null,29.98,0.00,OVC
LAX,2026-05-01 16:53,65.00,54.00,6.00,60.00,29.98,0.00,OVC
LAX,2026-05-01 17:53,68.00,54.00,4.00,180.00,29.97,0.00,BKN
LAX,2026-05-01 18:53,69.00,56.00,9.00,250.00,29.96,0.00,SCT
LAX,2026-05-01 19:53,69.00,55.00,11.00,240.00,29.95,0.00,FEW
LAX,2026-05-01 20:53,69.00,55.00,12.00,260.00,29.94,0.00,FEW
LAX,2026-05-01 21:53,68.00,55.00,12.00,250.00,29.92,0.00,FEW
LAX,2026-05-01 22:53,67.00,56.00,12.00,240.00,29.90,0.00,FEW
LAX,2026-05-01 23:53,67.00,56.00,14.00,260.00,29.89,0.00,FEW
LAX,2026-05-02 00:53,65.00,55.00,15.00,270.00,29.89,0.00,FEW
LAX,2026-05-02 01:53,62.00,56.00,15.00,260.00,29.89,0.00,SCT
LAX,2026-05-02 02:53,61.00,56.00,14.00,270.00,29.90,0.00,SCT
LAX,2026-05-02 03:53,60.00,56.00,9.00,240.00,29.93,0.00,BKN
LAX,2026-05-02 04:53,59.00,55.00,8.00,230.00,29.95,0.00,OVC
LAX,2026-05-02 05:53,59.00,55.00,5.00,250.00,29.95,0.00,BKN
LAX,2026-05-02 06:53,59.00,55.00,4.00,220.00,29.95,0.00,BKN
LAX,2026-05-02 07:53,58.00,55.00,4.00,250.00,29.95,0.00,SCT
LAX,2026-05-02 08:53,59.00,56.00,5.00,270.00,29.93,0.00,OVC
LAX,2026-05-02 09:53,59.00,56.00,5.00,240.00,29.93,0.00,OVC
LAX,2026-05-02 10:53,59.00,56.00,5.00,240.00,29.93,0.00,OVC
LAX,2026-05-02 11:53,59.00,56.00,5.00,240.00,29.94,0.00,OVC
LAX,2026-05-02 12:53,59.00,56.00,4.00,260.00,29.95,0.00,OVC
LAX,2026-05-02 13:53,59.00,56.00,4.00,320.00,29.96,0.00,OVC
LAX,2026-05-02 14:53,60.00,56.00,3.00,null,29.97,0.00,OVC
LAX,2026-05-02 15:53,61.00,56.00,0.00,0.00,29.98,0.00,OVC
LAX,2026-05-02 16:53,62.00,56.00,0.00,0.00,29.98,0.00,OVC
LAX,2026-05-02 17:53,62.00,56.00,0.00,0.00,29.96,0.00,OVC
LAX,2026-05-02 18:53,63.00,56.00,11.00,240.00,29.97,0.00,OVC
LAX,2026-05-02 19:53,66.00,56.00,9.00,270.00,29.93,0.00,FEW
LAX,2026-05-02 20:53,67.00,56.00,12.00,250.00,29.93,0.00,FEW
LAX,2026-05-02 21:53,65.00,55.00,13.00,250.00,29.91,0.00,FEW
LAX,2026-05-02 22:53,64.00,55.00,14.00,250.00,29.87,0.00,FEW
LAX,2026-05-02 23:53,63.00,54.00,10.00,230.00,29.85,0.00,FEW
LAX,2026-05-03 00:53,63.00,54.00,9.00,250.00,29.85,0.00,SCT
LAX,2026-05-03 01:53,61.00,55.00,8.00,230.00,29.85,0.00,BKN
LAX,2026-05-03 02:53,60.00,55.00,8.00,270.00,29.86,0.00,BKN
LAX,2026-05-03 03:53,59.00,55.00,6.00,230.00,29.89,0.00,OVC
LAX,2026-05-03 04:53,60.00,56.00,7.00,240.00,29.92,0.00,OVC
LAX,2026-05-03 05:53,60.00,55.00,8.00,250.00,29.91,0.00,OVC
LAX,2026-05-03 06:53,60.00,55.00,5.00,230.00,29.91,0.00,OVC
LAX,2026-05-03 07:53,60.00,53.00,7.00,210.00,29.93,0.00,FEW
LAX,2026-05-03 08:53,60.00,53.00,6.00,250.00,29.93,0.00,FEW
LAX,2026-05-03 09:53,60.00,51.00,0.00,0.00,29.91,0.00,FEW
LAX,2026-05-03 10:53,61.00,52.00,3.00,100.00,29.91,0.00,FEW
LAX,2026-05-03 11:53,60.00,54.00,8.00,250.00,29.90,0.00,FEW
LAX,2026-05-03 12:53,60.00,54.00,9.00,270.00,29.91,0.00,FEW
LAX,2026-05-03 13:53,60.00,52.00,4.00,270.00,29.92,0.00,FEW
LAX,2026-05-03 14:53,60.00,51.00,0.00,0.00,29.94,0.00,FEW
LAX,2026-05-03 15:53,60.00,52.00,5.00,240.00,29.95,0.00,SCT
LAX,2026-05-03 16:53,61.00,51.00,5.00,270.00,29.96,0.00,SCT
LAX,2026-05-03 17:53,62.00,51.00,6.00,null,29.97,0.00,FEW
LAX,2026-05-03 18:53,65.00,50.00,7.00,270.00,29.96,0.00,FEW
LAX,2026-05-03 19:53,66.00,47.00,10.00,220.00,29.95,0.00,SCT
LAX,2026-05-03 20:53,65.00,49.00,12.00,250.00,29.95,0.00,FEW
LAX,2026-05-03 21:53,66.00,50.00,11.00,260.00,29.94,0.00,FEW
LAX,2026-05-03 22:53,63.00,51.00,11.00,260.00,29.93,0.00,FEW
LAX,2026-05-03 23:53,63.00,52.00,11.00,260.00,29.92,0.00,FEW
LAX,2026-05-04 00:53,62.00,51.00,12.00,260.00,29.93,0.00,FEW
LAX,2026-05-04 01:53,61.00,50.00,14.00,250.00,29.94,0.00,FEW
LAX,2026-05-04 02:53,61.00,51.00,13.00,270.00,29.94,0.00,FEW
LAX,2026-05-04 03:53,60.00,52.00,9.00,250.00,29.96,0.00,OVC
LAX,2026-05-04 04:53,60.00,49.00,6.00,230.00,29.97,0.00,FEW
LAX,2026-05-04 05:53,60.00,52.00,9.00,250.00,29.96,0.00,FEW
LAX,2026-05-04 06:53,60.00,51.00,13.00,250.00,29.99,0.00,FEW
LAX,2026-05-04 07:53,60.00,50.00,11.00,270.00,29.99,0.00,FEW
LAX,2026-05-04 08:53,59.00,51.00,10.00,290.00,29.97,0.00,FEW
LAX,2026-05-04 09:53,58.00,52.00,7.00,250.00,29.96,0.00,FEW
LAX,2026-05-04 10:53,59.00,49.00,13.00,260.00,29.96,0.00,FEW
LAX,2026-05-04 11:53,59.00,49.00,13.00,260.00,29.96,0.00,FEW
LAX,2026-05-04 12:53,59.00,50.00,11.00,270.00,29.97,0.00,FEW
LAX,2026-05-04 13:53,59.00,50.00,9.00,270.00,29.97,0.00,FEW
LAX,2026-05-04 14:53,59.00,50.00,8.00,260.00,29.98,0.00,FEW
LAX,2026-05-04 15:53,61.00,49.00,10.00,240.00,29.99,0.00,FEW
LAX,2026-05-04 16:53,64.00,49.00,13.00,250.00,30.00,0.00,FEW
LAX,2026-05-04 17:53,65.00,49.00,13.00,240.00,30.01,0.00,FEW
LAX,2026-05-04 18:53,67.00,48.00,12.00,250.00,30.01,0.00,FEW
LAX,2026-05-04 19:53,67.00,48.00,14.00,250.00,30.00,0.00,FEW
LAX,2026-05-04 20:53,66.00,53.00,14.00,250.00,30.00,0.00,SCT
LAX,2026-05-04 21:53,66.00,53.00,18.00,260.00,29.99,0.00,SCT
LAX,2026-05-04 22:53,65.00,52.00,18.00,270.00,29.97,0.00,FEW
LAX,2026-05-04 23:53,63.00,53.00,16.00,240.00,29.97,0.00,FEW
LAX,2026-05-05 00:53,63.00,52.00,12.00,260.00,29.97,0.00,FEW
LAX,2026-05-05 01:53,62.00,52.00,11.00,230.00,29.97,0.00,FEW
LAX,2026-05-05 02:53,60.00,53.00,10.00,230.00,29.97,0.00,FEW
LAX,2026-05-05 03:53,60.00,53.00,9.00,240.00,29.98,0.00,FEW
LAX,2026-05-05 04:53,60.00,53.00,8.00,260.00,29.98,0.00,FEW
LAX,2026-05-05 05:53,60.00,53.00,8.00,270.00,29.97,0.00,SCT
LAX,2026-05-05 06:53,60.00,53.00,9.00,260.00,29.97,0.00,SCT
LAX,2026-05-05 07:53,60.00,53.00,7.00,300.00,29.96,0.00,BKN
LAX,2026-05-05 08:53,60.00,51.00,5.00,320.00,29.95,0.00,FEW
LAX,2026-05-05 09:53,59.00,49.00,6.00,300.00,29.94,0.00,SCT
LAX,2026-05-05 10:53,59.00,50.00,9.00,270.00,29.93,0.00,FEW
LAX,2026-05-05 11:53,57.00,51.00,9.00,270.00,29.93,0.00,FEW
LAX,2026-05-05 12:53,58.00,51.00,11.00,270.00,29.93,0.00,SCT
LAX,2026-05-05 13:53,58.00,52.00,9.00,270.00,29.94,0.00,FEW
LAX,2026-05-05 14:53,60.00,51.00,6.00,290.00,29.94,0.00,FEW
LAX,2026-05-05 15:53,61.00,50.00,10.00,260.00,29.95,0.00,FEW
LAX,2026-05-05 16:53,64.00,51.00,11.00,260.00,29.97,0.00,FEW
LAX,2026-05-05 17:53,65.00,49.00,13.00,250.00,29.98,0.00,FEW
LAX,2026-05-05 18:53,64.00,49.00,13.00,250.00,29.99,0.00,FEW
LAX,2026-05-05 19:53,65.00,48.00,15.00,260.00,29.98,0.00,FEW
LAX,2026-05-05 20:53,64.00,48.00,13.00,250.00,29.98,0.00,FEW
LAX,2026-05-05 21:53,65.00,49.00,12.00,250.00,29.97,0.00,FEW
LAX,2026-05-05 22:53,64.00,48.00,13.00,250.00,29.96,0.00,FEW
LAX,2026-05-05 23:53,64.00,49.00,9.00,220.00,29.95,0.00,FEW
LAX,2026-05-06 00:53,63.00,47.00,8.00,260.00,29.96,0.00,FEW
LAX,2026-05-06 01:53,63.00,49.00,6.00,250.00,29.96,0.00,FEW
LAX,2026-05-06 02:53,61.00,52.00,4.00,260.00,29.98,0.00,FEW
LAX,2026-05-06 03:53,61.00,50.00,6.00,230.00,30.00,0.00,FEW
LAX,2026-05-06 04:53,61.00,49.00,4.00,null,30.02,0.00,FEW
LAX,2026-05-06 05:53,60.00,53.00,3.00,170.00,30.03,0.00,FEW
LAX,2026-05-06 06:53,60.00,54.00,7.00,190.00,30.04,0.00,FEW
LAX,2026-05-06 07:53,59.00,53.00,4.00,190.00,30.05,0.00,FEW
LAX,2026-05-06 08:53,59.00,54.00,0.00,0.00,30.05,0.00,FEW
LAX,2026-05-06 09:53,58.00,52.00,4.00,80.00,30.04,0.00,FEW
LAX,2026-05-06 10:53,57.00,51.00,5.00,50.00,30.04,0.00,FEW
LAX,2026-05-06 11:53,57.00,51.00,3.00,null,30.04,0.00,FEW
LAX,2026-05-06 12:53,56.00,51.00,3.00,40.00,30.06,0.00,FEW
LAX,2026-05-06 13:53,57.00,51.00,3.00,90.00,30.07,0.00,FEW
LAX,2026-05-06 14:53,60.00,52.00,4.00,90.00,30.08,0.00,FEW
LAX,2026-05-06 15:53,63.00,53.00,0.00,0.00,30.08,0.00,FEW
LAX,2026-05-06 16:53,65.00,51.00,0.00,0.00,30.07,0.00,FEW
LAX,2026-05-06 17:53,68.00,52.00,6.00,250.00,30.08,0.00,FEW
LAX,2026-05-06 18:53,67.00,54.00,11.00,250.00,30.08,0.00,FEW
LAX,2026-05-06 19:53,68.00,53.00,10.00,240.00,30.06,0.00,FEW
LAX,2026-05-06 20:53,67.00,54.00,13.00,250.00,30.05,0.00,FEW
LAX,2026-05-06 21:53,68.00,54.00,13.00,250.00,30.03,0.00,FEW
LAX,2026-05-06 22:53,67.00,54.00,14.00,260.00,30.01,0.00,FEW
LAX,2026-05-06 23:53,66.00,56.00,13.00,250.00,30.00,0.00,FEW
LAX,2026-05-07 00:53,65.00,54.00,15.00,260.00,30.00,0.00,FEW
LAX,2026-05-07 01:53,63.00,54.00,14.00,260.00,30.01,0.00,CLR
LAX,2026-05-07 02:53,61.00,55.00,15.00,270.00,30.02,0.00,FEW
LAX,2026-05-07 03:53,60.00,55.00,11.00,260.00,30.04,0.00,FEW
LAX,2026-05-07 04:53,59.00,56.00,6.00,220.00,30.05,0.00,BKN
LAX,2026-05-07 05:53,59.00,56.00,4.00,250.00,30.05,0.00,SCT
LAX,2026-05-07 06:53,59.00,56.00,5.00,260.00,30.04,0.00,FEW
LAX,2026-05-07 07:53,59.00,55.00,3.00,220.00,30.04,0.00,FEW
LAX,2026-05-07 08:53,59.00,55.00,3.00,240.00,30.03,0.00,FEW
LAX,2026-05-07 09:53,59.00,55.00,0.00,0.00,30.01,0.00,FEW
LAX,2026-05-07 10:53,58.00,54.00,0.00,0.00,30.01,0.00,FEW
LAX,2026-05-07 11:53,59.00,55.00,0.00,0.00,30.00,0.00,FEW
LAX,2026-05-07 12:53,59.00,55.00,3.00,240.00,30.00,0.00,FEW
LAX,2026-05-07 13:53,60.00,56.00,5.00,260.00,30.01,0.00,FEW
LAX,2026-05-07 14:53,62.00,56.00,5.00,250.00,30.03,0.00,SCT
LAX,2026-05-07 15:53,63.00,56.00,3.00,230.00,30.03,0.00,SCT
LAX,2026-05-07 16:53,66.00,56.00,8.00,260.00,30.02,0.00,FEW
LAX,2026-05-07 17:53,66.00,56.00,8.00,250.00,30.02,0.00,FEW
LAX,2026-05-07 18:53,68.00,57.00,10.00,260.00,30.01,0.00,FEW
LAX,2026-05-07 19:53,68.00,56.00,11.00,250.00,30.00,0.00,FEW
LAX,2026-05-07 20:53,67.00,56.00,12.00,250.00,29.99,0.00,FEW
LAX,2026-05-07 21:53,68.00,56.00,13.00,260.00,29.97,0.00,FEW
LAX,2026-05-07 22:53,67.00,58.00,13.00,270.00,29.95,0.00,SCT
LAX,2026-05-07 23:53,66.00,57.00,10.00,230.00,29.95,0.00,FEW
LAX,2026-05-08 00:53,65.00,56.00,11.00,240.00,29.95,0.00,FEW
LAX,2026-05-08 01:53,63.00,56.00,9.00,240.00,29.95,0.00,SCT
LAX,2026-05-08 02:53,61.00,56.00,9.00,270.00,29.96,0.00,SCT
LAX,2026-05-08 03:53,60.00,57.00,4.00,250.00,29.98,0.00,FEW
LAX,2026-05-08 04:53,62.00,58.00,5.00,200.00,30.00,0.00,FEW
LAX,2026-05-08 05:53,61.00,57.00,4.00,200.00,30.00,0.00,FEW
LAX,2026-05-08 06:53,60.00,57.00,3.00,170.00,30.01,0.00,FEW
LAX,2026-05-08 07:53,60.00,57.00,5.00,240.00,30.01,0.00,FEW
LAX,2026-05-08 08:53,61.00,57.00,4.00,230.00,30.00,0.00,FEW
LAX,2026-05-08 09:53,62.00,57.00,0.00,0.00,29.99,0.00,FEW
LAX,2026-05-08 10:53,62.00,56.00,8.00,150.00,29.99,0.00,FEW
LAX,2026-05-08 11:53,61.00,56.00,3.00,120.00,29.99,0.00,FEW
LAX,2026-05-08 12:53,61.00,56.00,6.00,70.00,30.00,0.00,FEW
LAX,2026-05-08 13:53,62.00,57.00,4.00,100.00,30.01,0.00,OVC
LAX,2026-05-08 14:53,62.00,57.00,3.00,null,30.02,0.00,OVC
LAX,2026-05-08 15:53,63.00,57.00,0.00,0.00,30.02,0.00,OVC
LAX,2026-05-08 16:53,64.00,57.00,3.00,90.00,30.02,0.00,OVC
LAX,2026-05-08 17:53,65.00,58.00,7.00,250.00,30.02,0.00,OVC
LAX,2026-05-08 18:53,65.00,57.00,8.00,260.00,30.01,0.00,OVC
LAX,2026-05-08 19:53,68.00,57.00,8.00,250.00,30.00,0.00,SCT
LAX,2026-05-08 20:53,68.00,57.00,10.00,250.00,29.98,0.00,FEW
LAX,2026-05-08 21:53,69.00,57.00,10.00,250.00,29.96,0.00,FEW
LAX,2026-05-08 22:53,67.00,57.00,12.00,260.00,29.94,0.00,SCT
LAX,2026-05-08 23:53,64.00,57.00,10.00,250.00,29.93,0.00,BKN
LAX,2026-05-09 00:53,63.00,57.00,8.00,250.00,29.93,0.00,OVC
LAX,2026-05-09 01:53,62.00,57.00,11.00,260.00,29.93,0.00,OVC
LAX,2026-05-09 02:53,60.00,56.00,8.00,270.00,29.94,0.00,SCT
LAX,2026-05-09 03:53,59.00,56.00,7.00,270.00,29.96,0.00,OVC
LAX,2026-05-09 04:53,59.00,56.00,3.00,260.00,29.96,0.00,OVC
LAX,2026-05-09 05:53,60.00,56.00,4.00,210.00,29.97,0.00,OVC
LAX,2026-05-09 06:53,60.00,56.00,0.00,0.00,29.96,0.00,OVC
LAX,2026-05-09 07:53,60.00,57.00,5.00,110.00,29.95,0.00,OVC
LAX,2026-05-09 08:53,61.00,57.00,0.00,0.00,29.94,0.00,OVC
LAX,2026-05-09 09:53,61.00,56.00,3.00,10.00,29.93,0.00,OVC
LAX,2026-05-09 10:53,62.00,57.00,0.00,0.00,29.92,0.00,OVC
LAX,2026-05-09 11:53,61.00,57.00,0.00,0.00,29.92,0.00,OVC
LAX,2026-05-09 12:53,61.00,57.00,4.00,150.00,29.92,0.00,OVC
LAX,2026-05-09 13:53,61.00,57.00,4.00,130.00,29.94,0.00,OVC
LAX,2026-05-09 14:53,62.00,57.00,4.00,140.00,29.94,0.00,OVC
LAX,2026-05-09 15:53,63.00,57.00,3.00,null,29.94,0.00,OVC
LAX,2026-05-09 16:53,64.00,57.00,0.00,0.00,29.94,0.00,OVC
LAX,2026-05-09 17:53,66.00,58.00,7.00,270.00,29.95,0.00,FEW
LAX,2026-05-09 18:53,67.00,58.00,9.00,250.00,29.94,0.00,FEW
LAX,2026-05-09 19:53,69.00,58.00,10.00,260.00,29.93,0.00,FEW
LAX,2026-05-09 20:53,69.00,57.00,11.00,260.00,29.92,0.00,FEW
LAX,2026-05-09 21:53,68.00,57.00,12.00,260.00,29.91,0.00,FEW
LAX,2026-05-09 22:53,68.00,58.00,11.00,240.00,29.88,0.00,FEW
LAX,2026-05-09 23:53,65.00,58.00,11.00,250.00,29.88,0.00,BKN
LAX,2026-05-10 00:53,63.00,58.00,11.00,270.00,29.88,0.00,SCT
LAX,2026-05-10 01:53,61.00,57.00,9.00,270.00,29.88,0.00,OVC
LAX,2026-05-10 02:53,59.00,57.00,8.00,260.00,29.90,0.00,OVC
LAX,2026-05-10 03:53,59.00,57.00,8.00,270.00,29.92,0.00,OVC
LAX,2026-05-10 04:53,58.00,56.00,6.00,260.00,29.93,0.00,OVC
LAX,2026-05-10 05:53,58.00,56.00,4.00,230.00,29.93,0.00,OVC
LAX,2026-05-10 06:53,59.00,57.00,3.00,null,29.92,0.00,OVC
LAX,2026-05-10 07:53,59.00,57.00,0.00,0.00,29.92,0.00,OVC
LAX,2026-05-10 08:53,60.00,57.00,5.00,120.00,29.91,0.00,OVC
LAX,2026-05-10 09:53,60.00,57.00,0.00,0.00,29.91,0.00,OVC
LAX,2026-05-10 10:53,61.00,57.00,3.00,90.00,29.90,0.00,OVC
LAX,2026-05-10 11:53,61.00,57.00,5.00,110.00,29.91,0.00,OVC
LAX,2026-05-10 12:53,61.00,57.00,3.00,110.00,29.91,0.00,OVC
LAX,2026-05-10 13:53,61.00,56.00,0.00,0.00,29.91,0.00,OVC
LAX,2026-05-10 14:53,62.00,57.00,0.00,0.00,29.93,0.00,OVC
LAX,2026-05-10 15:53,63.00,56.00,0.00,0.00,29.93,0.00,OVC
LAX,2026-05-10 16:53,66.00,56.00,0.00,0.00,29.93,0.00,SCT
LAX,2026-05-10 17:53,69.00,57.00,8.00,260.00,29.94,0.00,FEW
LAX,2026-05-10 18:53,68.00,57.00,9.00,240.00,29.94,0.00,FEW
LAX,2026-05-10 19:53,68.00,56.00,10.00,240.00,29.94,0.00,FEW
LAX,2026-05-10 20:53,68.00,56.00,12.00,260.00,29.94,0.00,FEW
LAX,2026-05-10 21:53,67.00,56.00,11.00,260.00,29.93,0.00,FEW
LAX,2026-05-10 22:53,68.00,58.00,9.00,270.00,29.92,0.00,FEW
LAX,2026-05-10 23:53,66.00,57.00,10.00,250.00,29.93,0.00,FEW
LAX,2026-05-11 00:53,64.00,57.00,8.00,260.00,29.93,0.00,FEW
LAX,2026-05-11 01:53,62.00,57.00,8.00,260.00,29.93,0.00,FEW
LAX,2026-05-11 02:53,61.00,57.00,6.00,260.00,29.95,0.00,SCT
LAX,2026-05-11 03:53,61.00,57.00,5.00,300.00,29.96,0.00,BKN
LAX,2026-05-11 04:53,61.00,57.00,5.00,240.00,29.98,0.00,BKN
LAX,2026-05-11 05:53,62.00,57.00,4.00,280.00,29.98,0.00,FEW
LAX,2026-05-11 06:53,61.00,57.00,3.00,250.00,29.98,0.00,FEW
LAX,2026-05-11 07:53,61.00,57.00,0.00,0.00,29.98,0.00,FEW
LAX,2026-05-11 08:53,61.00,57.00,4.00,280.00,29.97,0.00,FEW
LAX,2026-05-11 09:53,60.00,57.00,3.00,310.00,29.96,0.00,BKN
LAX,2026-05-11 10:53,60.00,57.00,0.00,0.00,29.95,0.00,BKN
LAX,2026-05-11 11:53,60.00,57.00,0.00,0.00,29.94,0.00,FEW
LAX,2026-05-11 12:53,60.00,57.00,0.00,0.00,29.95,0.00,FEW
LAX,2026-05-11 13:53,61.00,58.00,5.00,300.00,29.94,0.00,FEW
LAX,2026-05-11 14:53,61.00,57.00,7.00,310.00,29.95,0.00,BKN
LAX,2026-05-11 15:53,61.00,56.00,5.00,250.00,29.95,0.00,BKN
LAX,2026-05-11 16:53,63.00,57.00,9.00,250.00,29.97,0.00,FEW
LAX,2026-05-11 17:53,65.00,57.00,10.00,230.00,29.99,0.00,FEW
LAX,2026-05-11 18:53,64.00,58.00,12.00,270.00,30.00,0.00,FEW
LAX,2026-05-11 19:53,66.00,57.00,9.00,250.00,29.99,0.00,FEW
LAX,2026-05-11 20:53,66.00,57.00,11.00,260.00,29.98,0.00,FEW
LAX,2026-05-11 21:53,66.00,57.00,13.00,270.00,29.98,0.00,FEW
LAX,2026-05-11 22:53,66.00,57.00,12.00,260.00,29.96,0.00,FEW
LAX,2026-05-11 23:53,65.00,57.00,12.00,260.00,29.94,0.00,FEW
LAX,2026-05-12 00:53,64.00,57.00,12.00,260.00,29.92,0.00,FEW
LAX,2026-05-12 01:53,62.00,57.00,13.00,260.00,29.92,0.00,FEW
LAX,2026-05-12 02:53,59.00,57.00,10.00,250.00,29.92,0.00,OVC
LAX,2026-05-12 03:53,58.00,57.00,9.00,250.00,29.94,0.00,VV 
LAX,2026-05-12 04:53,58.00,57.00,9.00,270.00,29.95,0.00,VV 
LAX,2026-05-12 05:53,58.00,57.00,9.00,270.00,29.95,0.00,VV 
LAX,2026-05-12 06:53,57.00,56.00,7.00,250.00,29.95,0.00,VV 
LAX,2026-05-12 07:53,58.00,57.00,6.00,240.00,29.96,0.00,VV 
LAX,2026-05-12 08:53,57.00,56.00,4.00,250.00,29.93,0.00,VV 
LAX,2026-05-12 09:53,57.00,56.00,9.00,250.00,29.93,0.00,VV 
LAX,2026-05-12 10:53,57.00,56.00,6.00,240.00,29.95,0.00,OVC
LAX,2026-05-12 11:53,57.00,55.00,0.00,0.00,29.94,0.00,SCT
LAX,2026-05-12 12:53,58.00,55.00,3.00,null,29.94,0.00,FEW
LAX,2026-05-12 13:53,59.00,55.00,3.00,null,29.96,0.00,FEW
LAX,2026-05-12 14:53,60.00,55.00,5.00,230.00,29.97,0.00,FEW
LAX,2026-05-12 15:53,60.00,54.00,4.00,180.00,29.99,0.00,FEW
LAX,2026-05-12 16:53,61.00,54.00,0.00,0.00,30.01,0.00,FEW
LAX,2026-05-12 17:53,63.00,54.00,8.00,240.00,30.03,0.00,FEW
LAX,2026-05-12 18:53,63.00,53.00,6.00,260.00,30.04,0.00,OVC
LAX,2026-05-12 19:53,64.00,54.00,7.00,270.00,30.05,0.00,SCT
LAX,2026-05-12 20:53,65.00,54.00,8.00,250.00,30.04,0.00,SCT
LAX,2026-05-12 21:53,66.00,54.00,9.00,260.00,30.03,0.00,SCT
LAX,2026-05-12 22:53,66.00,55.00,9.00,240.00,30.02,0.00,FEW
LAX,2026-05-12 23:53,65.00,54.00,9.00,260.00,30.01,0.00,FEW
LAX,2026-05-13 00:53,64.00,54.00,10.00,260.00,30.01,0.00,FEW
LAX,2026-05-13 01:53,63.00,54.00,8.00,280.00,30.01,0.00,FEW
LAX,2026-05-13 02:53,62.00,54.00,8.00,250.00,30.03,0.00,FEW
LAX,2026-05-13 03:53,61.00,55.00,7.00,250.00,30.04,0.00,FEW
LAX,2026-05-13 04:53,61.00,54.00,7.00,280.00,30.06,0.00,FEW
LAX,2026-05-13 05:53,61.00,55.00,7.00,250.00,30.06,0.00,FEW
LAX,2026-05-13 06:53,61.00,54.00,7.00,260.00,30.06,0.00,BKN
LAX,2026-05-13 07:53,61.00,54.00,7.00,280.00,30.06,0.00,BKN
LAX,2026-05-13 08:53,61.00,53.00,5.00,280.00,30.06,0.00,BKN
LAX,2026-05-13 09:53,61.00,54.00,8.00,270.00,30.07,0.00,BKN
LAX,2026-05-13 10:53,61.00,53.00,3.00,280.00,30.06,0.00,BKN
LAX,2026-05-13 11:53,61.00,54.00,6.00,250.00,30.06,0.00,FEW
LAX,2026-05-13 12:53,60.00,54.00,5.00,250.00,30.07,0.00,FEW
LAX,2026-05-13 13:53,61.00,54.00,4.00,250.00,30.08,0.00,FEW
LAX,2026-05-13 14:53,63.00,54.00,5.00,250.00,30.09,0.00,FEW
LAX,2026-05-13 15:53,64.00,53.00,8.00,260.00,30.11,0.00,FEW
LAX,2026-05-13 16:53,65.00,52.00,8.00,260.00,30.11,0.00,FEW
LAX,2026-05-13 17:53,66.00,51.00,9.00,250.00,30.12,0.00,SCT
LAX,2026-05-13 18:53,67.00,51.00,8.00,240.00,30.11,0.00,SCT
LAX,2026-05-13 19:53,68.00,52.00,11.00,240.00,30.10,0.00,SCT
LAX,2026-05-13 20:53,68.00,51.00,11.00,240.00,30.08,0.00,FEW
LAX,2026-05-13 21:53,69.00,51.00,14.00,250.00,30.07,0.00,FEW
LAX,2026-05-13 22:53,67.00,50.00,12.00,250.00,30.05,0.00,FEW
LAX,2026-05-13 23:53,67.00,51.00,12.00,240.00,30.04,0.00,FEW
LAX,2026-05-14 00:53,65.00,53.00,13.00,250.00,30.03,0.00,FEW
LAX,2026-05-14 01:53,63.00,53.00,11.00,280.00,30.02,0.00,FEW
LAX,2026-05-14 02:53,61.00,53.00,9.00,270.00,30.02,0.00,FEW
LAX,2026-05-14 03:53,61.00,53.00,7.00,270.00,30.02,0.00,FEW
LAX,2026-05-14 04:53,61.00,53.00,6.00,250.00,30.03,0.00,CLR
LAX,2026-05-14 05:53,61.00,54.00,6.00,240.00,30.02,0.00,FEW
LAX,2026-05-14 06:53,60.00,55.00,4.00,230.00,30.02,0.00,FEW
LAX,2026-05-14 07:53,60.00,56.00,4.00,180.00,30.01,0.00,FEW
LAX,2026-05-14 08:53,60.00,55.00,3.00,170.00,30.01,0.00,FEW
LAX,2026-05-14 09:53,60.00,54.00,3.00,120.00,30.01,0.00,FEW
LAX,2026-05-14 10:53,58.00,53.00,4.00,80.00,30.01,0.00,FEW
LAX,2026-05-14 11:53,58.00,53.00,4.00,110.00,30.01,0.00,FEW
LAX,2026-05-14 12:53,60.00,54.00,4.00,90.00,30.01,0.00,FEW
LAX,2026-05-14 13:53,61.00,54.00,4.00,40.00,30.02,0.00,FEW
LAX,2026-05-14 14:53,62.00,54.00,6.00,50.00,30.03,0.00,FEW
LAX,2026-05-14 15:53,63.00,54.00,3.00,140.00,30.04,0.00,FEW
LAX,2026-05-14 16:53,64.00,54.00,6.00,120.00,30.04,0.00,FEW
LAX,2026-05-14 17:53,65.00,54.00,3.00,200.00,30.04,0.00,FEW
LAX,2026-05-14 18:53,65.00,54.00,9.00,260.00,30.05,0.00,FEW
LAX,2026-05-14 19:53,67.00,53.00,7.00,240.00,30.03,0.00,FEW
LAX,2026-05-14 20:53,68.00,53.00,5.00,null,30.02,0.00,FEW
LAX,2026-05-14 21:53,69.00,53.00,10.00,250.00,30.00,0.00,FEW
LAX,2026-05-14 22:53,69.00,53.00,12.00,260.00,29.98,0.00,FEW
LAX,2026-05-14 23:53,68.00,54.00,13.00,250.00,29.97,0.00,CLR
LAX,2026-05-15 00:53,65.00,56.00,12.00,250.00,29.96,0.00,FEW
LAX,2026-05-15 01:53,64.00,55.00,12.00,270.00,29.97,0.00,FEW
LAX,2026-05-15 02:53,62.00,57.00,10.00,260.00,29.97,0.00,FEW
LAX,2026-05-15 03:53,61.00,56.00,7.00,250.00,29.98,0.00,FEW
LAX,2026-05-15 04:53,61.00,56.00,8.00,260.00,29.99,0.00,CLR
LAX,2026-05-15 05:53,61.00,56.00,6.00,250.00,30.00,0.00,FEW
LAX,2026-05-15 06:53,60.00,55.00,5.00,240.00,30.00,0.00,FEW
LAX,2026-05-15 07:53,60.00,55.00,4.00,240.00,29.99,0.00,FEW
LAX,2026-05-15 08:53,60.00,56.00,6.00,240.00,29.98,0.00,FEW
LAX,2026-05-15 09:53,61.00,56.00,4.00,250.00,29.97,0.00,FEW
LAX,2026-05-15 10:53,61.00,56.00,0.00,0.00,29.96,0.00,FEW
LAX,2026-05-15 11:53,62.00,55.00,3.00,null,29.96,0.00,FEW
LAX,2026-05-15 12:53,62.00,55.00,3.00,110.00,29.96,0.00,FEW
LAX,2026-05-15 13:53,62.00,55.00,4.00,140.00,29.97,0.00,FEW
LAX,2026-05-15 14:53,63.00,54.00,3.00,null,29.98,0.00,FEW
LAX,2026-05-15 15:53,64.00,54.00,5.00,110.00,29.99,0.00,FEW
LAX,2026-05-15 16:53,64.00,54.00,3.00,null,30.00,0.00,FEW
LAX,2026-05-15 17:53,65.00,54.00,5.00,120.00,30.00,0.00,FEW
LAX,2026-05-15 18:53,65.00,56.00,7.00,230.00,30.01,0.00,FEW
LAX,2026-05-15 19:53,66.00,56.00,9.00,280.00,30.00,0.00,FEW
LAX,2026-05-15 20:53,66.00,56.00,9.00,250.00,29.99,0.00,OVC
LAX,2026-05-15 21:53,68.00,56.00,9.00,260.00,29.97,0.00,FEW
LAX,2026-05-15 22:53,67.00,56.00,11.00,260.00,29.95,0.00,FEW
LAX,2026-05-15 23:53,67.00,56.00,11.00,250.00,29.94,0.00,FEW
LAX,2026-05-16 00:53,65.00,57.00,12.00,280.00,29.93,0.00,SCT
LAX,2026-05-16 01:53,64.00,56.00,11.00,250.00,29.93,0.00,SCT
LAX,2026-05-16 02:53,62.00,57.00,9.00,250.00,29.93,0.00,SCT
LAX,2026-05-16 03:53,62.00,57.00,7.00,240.00,29.93,0.00,FEW
LAX,2026-05-16 04:53,61.00,57.00,6.00,250.00,29.95,0.00,FEW
LAX,2026-05-16 05:53,60.00,57.00,7.00,250.00,29.95,0.00,FEW
LAX,2026-05-16 06:53,60.00,56.00,5.00,240.00,29.95,0.00,OVC
LAX,2026-05-16 07:53,61.00,56.00,5.00,250.00,29.94,0.00,FEW
LAX,2026-05-16 08:53,61.00,56.00,4.00,250.00,29.93,0.00,FEW
LAX,2026-05-16 09:53,61.00,56.00,4.00,260.00,29.92,0.00,FEW
LAX,2026-05-16 10:53,61.00,56.00,3.00,250.00,29.91,0.00,OVC
LAX,2026-05-16 11:53,61.00,56.00,5.00,240.00,29.91,0.00,OVC
LAX,2026-05-16 12:53,61.00,56.00,4.00,280.00,29.91,0.00,FEW
LAX,2026-05-16 13:53,62.00,56.00,4.00,240.00,29.92,0.00,BKN
LAX,2026-05-16 14:53,63.00,56.00,6.00,280.00,29.94,0.00,SCT
LAX,2026-05-16 15:53,64.00,56.00,8.00,270.00,29.93,0.00,FEW
LAX,2026-05-16 16:53,66.00,56.00,10.00,250.00,29.93,0.00,FEW
LAX,2026-05-16 17:53,68.00,56.00,12.00,260.00,29.93,0.00,FEW
LAX,2026-05-16 18:53,69.00,55.00,9.00,250.00,29.92,0.00,FEW
LAX,2026-05-16 19:53,68.00,56.00,12.00,250.00,29.91,0.00,FEW
LAX,2026-05-16 20:53,68.00,56.00,12.00,270.00,29.90,0.00,FEW
LAX,2026-05-16 21:53,66.00,56.00,14.00,240.00,29.89,0.00,SCT
LAX,2026-05-16 22:53,67.00,55.00,15.00,260.00,29.86,0.00,FEW
LAX,2026-05-16 23:53,66.00,53.00,13.00,260.00,29.85,0.00,FEW
LAX,2026-05-17 00:53,65.00,52.00,6.00,240.00,29.84,0.00,FEW
LAX,2026-05-17 01:53,65.00,52.00,5.00,240.00,29.83,0.00,FEW
LAX,2026-05-17 02:53,64.00,52.00,7.00,250.00,29.84,0.00,FEW
LAX,2026-05-17 03:53,63.00,55.00,4.00,220.00,29.85,0.00,FEW
LAX,2026-05-17 04:53,62.00,55.00,3.00,240.00,29.85,0.00,FEW
LAX,2026-05-17 05:53,63.00,53.00,5.00,130.00,29.86,0.00,FEW
LAX,2026-05-17 06:53,62.00,53.00,0.00,0.00,29.85,0.00,CLR
LAX,2026-05-17 07:53,62.00,55.00,4.00,null,29.84,0.00,CLR
LAX,2026-05-17 08:53,60.00,54.00,5.00,80.00,29.83,0.00,CLR
LAX,2026-05-17 09:53,60.00,54.00,5.00,80.00,29.82,0.00,CLR
LAX,2026-05-17 10:53,60.00,54.00,5.00,60.00,29.81,0.00,SCT
LAX,2026-05-17 11:53,59.00,53.00,3.00,70.00,29.80,0.00,CLR
LAX,2026-05-17 12:53,59.00,54.00,0.00,0.00,29.79,0.00,FEW
LAX,2026-05-17 13:53,62.00,55.00,4.00,110.00,29.80,0.00,FEW
LAX,2026-05-17 14:53,63.00,55.00,4.00,160.00,29.81,0.00,FEW
LAX,2026-05-17 15:53,65.00,55.00,6.00,170.00,29.80,0.00,SCT
LAX,2026-05-17 16:53,65.00,54.00,7.00,270.00,29.81,0.00,FEW
LAX,2026-05-17 17:53,66.00,53.00,11.00,250.00,29.82,0.00,BKN
LAX,2026-05-17 18:53,69.00,54.00,8.00,190.00,29.80,0.00,FEW
LAX,2026-05-17 19:53,69.00,55.00,13.00,220.00,29.79,0.00,SCT
LAX,2026-05-17 20:53,69.00,54.00,12.00,250.00,29.78,0.00,FEW
LAX,2026-05-17 21:53,69.00,55.00,13.00,260.00,29.77,0.00,FEW
LAX,2026-05-17 22:53,67.00,56.00,10.00,260.00,29.74,0.00,FEW
LAX,2026-05-17 23:53,67.00,55.00,12.00,270.00,29.74,0.00,FEW
LAX,2026-05-18 00:53,65.00,55.00,11.00,260.00,29.73,0.00,FEW
LAX,2026-05-18 01:53,63.00,55.00,10.00,270.00,29.74,0.00,SCT
LAX,2026-05-18 02:53,61.00,55.00,7.00,270.00,29.74,0.00,FEW
LAX,2026-05-18 03:53,61.00,55.00,0.00,0.00,29.76,0.00,FEW
LAX,2026-05-18 04:20,null,null,5.00,200.00,29.77,null,BKN
LAX,2026-05-18 04:20,62.00,54.00,5.00,null,29.77,0.00,BKN
LAX,2026-05-18 06:53,62.00,53.00,4.00,null,29.80,0.00,FEW
LAX,2026-05-18 07:53,62.00,54.00,5.00,110.00,29.81,0.00,BKN
LAX,2026-05-18 08:53,60.00,54.00,5.00,80.00,29.81,0.00,SCT
LAX,2026-05-18 09:53,60.00,54.00,4.00,80.00,29.80,0.00,SCT
LAX,2026-05-18 10:53,59.00,53.00,4.00,90.00,29.82,0.00,FEW
LAX,2026-05-18 11:53,61.00,54.00,4.00,60.00,29.83,0.00,BKN
LAX,2026-05-18 12:53,61.00,54.00,4.00,30.00,29.84,0.00,BKN
LAX,2026-05-18 13:53,62.00,54.00,3.00,70.00,29.86,0.00,BKN
LAX,2026-05-18 14:53,63.00,54.00,3.00,110.00,29.87,0.00,SCT
LAX,2026-05-18 15:53,65.00,54.00,5.00,140.00,29.88,0.00,SCT
LAX,2026-05-18 16:53,66.00,53.00,4.00,null,29.89,0.00,SCT
LAX,2026-05-18 17:53,69.00,54.00,7.00,250.00,29.89,0.00,FEW
LAX,2026-05-18 18:53,71.00,54.00,9.00,250.00,29.90,0.00,FEW
LAX,2026-05-18 19:53,70.00,54.00,12.00,240.00,29.90,0.00,CLR
LAX,2026-05-18 20:53,71.00,54.00,13.00,250.00,29.89,0.00,CLR
LAX,2026-05-18 21:53,69.00,55.00,14.00,270.00,29.89,0.00,FEW
LAX,2026-05-18 22:53,69.00,56.00,14.00,260.00,29.87,0.00,FEW
LAX,2026-05-18 23:53,69.00,58.00,14.00,260.00,29.87,0.00,FEW
LAX,2026-05-19 00:53,68.00,55.00,13.00,240.00,29.87,0.00,FEW
LAX,2026-05-19 01:53,66.00,55.00,11.00,220.00,29.88,0.00,CLR
LAX,2026-05-19 02:53,64.00,54.00,7.00,240.00,29.90,0.00,CLR
LAX,2026-05-19 03:53,63.00,57.00,6.00,180.00,29.93,0.00,CLR
LAX,2026-05-19 04:53,63.00,57.00,3.00,220.00,29.94,0.00,CLR
LAX,2026-05-19 05:53,63.00,54.00,0.00,0.00,29.95,0.00,FEW
LAX,2026-05-19 06:53,63.00,55.00,3.00,250.00,29.95,0.00,FEW
LAX,2026-05-19 07:53,63.00,57.00,4.00,330.00,29.95,0.00,FEW
LAX,2026-05-19 08:53,62.00,57.00,3.00,null,29.94,0.00,FEW
LAX,2026-05-19 09:53,60.00,56.00,3.00,50.00,29.94,0.00,FEW
LAX,2026-05-19 10:53,61.00,56.00,4.00,40.00,29.94,0.00,FEW
LAX,2026-05-19 11:53,60.00,55.00,4.00,20.00,29.93,0.00,FEW
LAX,2026-05-19 12:53,58.00,54.00,4.00,90.00,29.93,0.00,FEW
LAX,2026-05-19 13:53,61.00,56.00,0.00,0.00,29.96,0.00,FEW
LAX,2026-05-19 14:53,64.00,57.00,0.00,0.00,29.97,0.00,FEW
LAX,2026-05-19 15:53,68.00,54.00,0.00,0.00,29.98,0.00,FEW
LAX,2026-05-19 16:53,74.00,54.00,8.00,270.00,29.98,0.00,FEW
LAX,2026-05-19 17:53,72.00,55.00,10.00,260.00,29.98,0.00,FEW
LAX,2026-05-19 18:53,72.00,54.00,9.00,260.00,29.98,0.00,FEW
LAX,2026-05-19 19:53,72.00,55.00,12.00,250.00,29.96,0.00,FEW
LAX,2026-05-19 20:53,71.00,59.00,14.00,250.00,29.95,0.00,FEW
LAX,2026-05-19 21:53,71.00,58.00,16.00,260.00,29.94,0.00,FEW
LAX,2026-05-19 22:53,71.00,55.00,15.00,260.00,29.92,0.00,FEW
LAX,2026-05-19 23:53,71.00,54.00,13.00,250.00,29.90,0.00,FEW
LAX,2026-05-20 00:53,70.00,55.00,10.00,250.00,29.90,0.00,FEW
LAX,2026-05-20 01:53,71.00,52.00,9.00,240.00,29.89,0.00,FEW
LAX,2026-05-20 02:53,71.00,49.00,13.00,250.00,29.90,0.00,FEW
LAX,2026-05-20 03:53,71.00,49.00,4.00,300.00,29.91,0.00,CLR
LAX,2026-05-20 04:53,69.00,51.00,7.00,270.00,29.92,0.00,CLR
LAX,2026-05-20 05:53,71.00,43.00,5.00,320.00,29.92,0.00,FEW
LAX,2026-05-20 06:53,72.00,39.00,4.00,310.00,29.91,0.00,FEW
LAX,2026-05-20 07:53,66.00,46.00,5.00,120.00,29.91,0.00,FEW
LAX,2026-05-20 08:53,63.00,49.00,4.00,70.00,29.92,0.00,CLR
LAX,2026-05-20 09:53,65.00,46.00,7.00,70.00,29.91,0.00,CLR
LAX,2026-05-20 10:53,62.00,44.00,5.00,80.00,29.91,0.00,CLR
LAX,2026-05-20 11:53,62.00,44.00,5.00,100.00,29.91,0.00,CLR
LAX,2026-05-20 12:53,62.00,49.00,4.00,70.00,29.91,0.00,FEW
LAX,2026-05-20 13:53,64.00,55.00,7.00,90.00,29.92,0.00,FEW
LAX,2026-05-20 14:53,67.00,58.00,4.00,120.00,29.93,0.00,FEW
LAX,2026-05-20 15:53,71.00,55.00,4.00,130.00,29.92,0.00,FEW
LAX,2026-05-20 16:53,76.00,51.00,0.00,0.00,29.91,0.00,CLR
LAX,2026-05-20 17:53,75.00,59.00,9.00,260.00,29.91,0.00,CLR
LAX,2026-05-20 18:53,74.00,58.00,11.00,270.00,29.91,0.00,CLR
LAX,2026-05-20 19:53,74.00,57.00,12.00,240.00,29.90,0.00,CLR
LAX,2026-05-20 20:53,75.00,56.00,11.00,230.00,29.88,0.00,FEW
LAX,2026-05-20 21:53,75.00,54.00,12.00,260.00,29.86,0.00,FEW
LAX,2026-05-20 22:53,75.00,52.00,12.00,250.00,29.84,0.00,FEW
LAX,2026-05-20 23:53,73.00,56.00,12.00,240.00,29.83,0.00,FEW
LAX,2026-05-21 00:53,73.00,55.00,13.00,240.00,29.82,0.00,FEW
LAX,2026-05-21 01:53,69.00,55.00,10.00,260.00,29.82,0.00,FEW
LAX,2026-05-21 02:53,67.00,54.00,7.00,250.00,29.82,0.00,FEW
LAX,2026-05-21 03:53,68.00,52.00,5.00,230.00,29.82,0.00,FEW
LAX,2026-05-21 04:53,68.00,51.00,7.00,240.00,29.84,0.00,FEW
LAX,2026-05-21 05:53,65.00,58.00,4.00,190.00,29.85,0.00,FEW
LAX,2026-05-21 06:53,63.00,58.00,4.00,150.00,29.87,0.00,FEW
LAX,2026-05-21 07:53,62.00,57.00,3.00,null,29.87,0.00,FEW
LAX,2026-05-21 08:53,62.00,56.00,3.00,280.00,29.87,0.00,FEW
LAX,2026-05-21 09:53,62.00,56.00,0.00,0.00,29.86,0.00,FEW
LAX,2026-05-21 10:53,61.00,56.00,4.00,360.00,29.87,0.00,FEW
LAX,2026-05-21 11:53,61.00,56.00,0.00,0.00,29.86,0.00,FEW
LAX,2026-05-21 12:53,62.00,56.00,3.00,70.00,29.87,0.00,FEW
LAX,2026-05-21 13:53,63.00,60.00,5.00,70.00,29.88,0.00,SCT
LAX,2026-05-21 14:53,66.00,60.00,5.00,120.00,29.89,0.00,FEW
LAX,2026-05-21 15:53,68.00,59.00,5.00,140.00,29.90,0.00,FEW
LAX,2026-05-21 16:53,72.00,58.00,4.00,240.00,29.90,0.00,FEW
LAX,2026-05-21 17:53,70.00,60.00,12.00,260.00,29.90,0.00,FEW
LAX,2026-05-21 18:53,71.00,59.00,11.00,250.00,29.90,0.00,FEW
LAX,2026-05-21 19:53,69.00,59.00,11.00,260.00,29.89,0.00,FEW
LAX,2026-05-21 20:53,68.00,58.00,11.00,260.00,29.89,0.00,SCT
LAX,2026-05-21 21:53,67.00,57.00,9.00,270.00,29.87,0.00,FEW
LAX,2026-05-21 22:53,67.00,56.00,10.00,240.00,29.85,0.00,FEW
LAX,2026-05-21 23:53,66.00,56.00,11.00,240.00,29.83,0.00,FEW
LAX,2026-05-22 00:53,65.00,57.00,11.00,240.00,29.83,0.00,FEW
LAX,2026-05-22 01:53,62.00,57.00,10.00,250.00,29.84,0.00,BKN
LAX,2026-05-22 02:53,61.00,57.00,9.00,260.00,29.84,0.00,BKN
LAX,2026-05-22 03:53,61.00,56.00,6.00,260.00,29.84,0.00,BKN
LAX,2026-05-22 04:53,60.00,56.00,5.00,null,29.86,0.00,OVC
LAX,2026-05-22 05:53,60.00,55.00,3.00,170.00,29.86,0.00,BKN
LAX,2026-05-22 06:53,60.00,55.00,5.00,210.00,29.86,0.00,SCT
LAX,2026-05-22 07:53,60.00,55.00,4.00,260.00,29.86,0.00,BKN
LAX,2026-05-22 08:53,61.00,56.00,0.00,0.00,29.86,0.00,BKN
LAX,2026-05-22 09:53,61.00,55.00,4.00,110.00,29.85,0.00,FEW
LAX,2026-05-22 10:53,62.00,55.00,0.00,0.00,29.84,0.00,FEW
LAX,2026-05-22 11:53,62.00,54.00,0.00,0.00,29.84,0.00,FEW
LAX,2026-05-22 12:53,62.00,54.00,4.00,120.00,29.84,0.00,FEW
LAX,2026-05-22 13:53,62.00,54.00,0.00,0.00,29.85,0.00,FEW
LAX,2026-05-22 14:53,64.00,54.00,4.00,90.00,29.86,0.00,FEW
LAX,2026-05-22 15:53,64.00,55.00,6.00,250.00,29.87,0.00,FEW
LAX,2026-05-22 16:53,64.00,56.00,9.00,260.00,29.88,0.00,FEW
LAX,2026-05-22 17:53,64.00,55.00,6.00,260.00,29.88,0.00,FEW
LAX,2026-05-22 18:53,66.00,55.00,9.00,270.00,29.88,0.00,FEW
LAX,2026-05-22 19:53,66.00,55.00,11.00,260.00,29.88,0.00,SCT
LAX,2026-05-22 20:53,67.00,54.00,9.00,240.00,29.87,0.00,FEW
LAX,2026-05-22 21:53,67.00,54.00,11.00,240.00,29.87,0.00,FEW
LAX,2026-05-22 22:53,67.00,53.00,9.00,240.00,29.86,0.00,FEW
LAX,2026-05-22 23:53,65.00,54.00,10.00,260.00,29.85,0.00,FEW
LAX,2026-05-23 00:53,64.00,54.00,10.00,250.00,29.85,0.00,SCT
LAX,2026-05-23 01:53,62.00,54.00,9.00,250.00,29.86,0.00,FEW
LAX,2026-05-23 02:53,61.00,54.00,9.00,240.00,29.87,0.00,FEW
LAX,2026-05-23 03:53,60.00,54.00,7.00,260.00,29.89,0.00,SCT
LAX,2026-05-23 04:53,60.00,54.00,6.00,240.00,29.91,0.00,BKN
LAX,2026-05-23 05:53,60.00,54.00,3.00,240.00,29.92,0.00,SCT
LAX,2026-05-23 06:53,61.00,54.00,0.00,0.00,29.92,0.00,BKN
LAX,2026-05-23 07:53,61.00,54.00,4.00,120.00,29.92,0.00,OVC
LAX,2026-05-23 08:53,62.00,54.00,4.00,80.00,29.91,0.00,OVC
LAX,2026-05-23 09:53,62.00,54.00,4.00,100.00,29.91,0.00,OVC
LAX,2026-05-23 10:53,62.00,54.00,0.00,0.00,29.91,0.00,OVC
LAX,2026-05-23 11:53,62.00,54.00,5.00,190.00,29.91,0.00,OVC
LAX,2026-05-23 12:53,62.00,54.00,3.00,null,29.91,0.00,OVC
LAX,2026-05-23 13:53,62.00,53.00,3.00,null,29.93,0.00,OVC
LAX,2026-05-23 14:53,63.00,54.00,5.00,210.00,29.96,0.00,OVC
LAX,2026-05-23 15:53,63.00,54.00,4.00,180.00,29.98,0.00,OVC
LAX,2026-05-23 16:53,64.00,54.00,4.00,null,29.98,0.00,OVC
LAX,2026-05-23 17:53,65.00,55.00,5.00,220.00,29.99,0.00,OVC
LAX,2026-05-23 18:53,67.00,56.00,8.00,220.00,29.99,0.00,OVC
LAX,2026-05-23 19:53,67.00,55.00,11.00,260.00,29.98,0.00,BKN
LAX,2026-05-23 20:53,68.00,56.00,12.00,260.00,29.97,0.00,SCT
LAX,2026-05-23 21:53,67.00,56.00,12.00,250.00,29.96,0.00,SCT
LAX,2026-05-23 22:53,66.00,57.00,14.00,250.00,29.95,0.00,BKN
LAX,2026-05-23 23:53,65.00,56.00,14.00,270.00,29.95,0.00,BKN
LAX,2026-05-24 00:53,64.00,56.00,12.00,250.00,29.96,0.00,BKN
LAX,2026-05-24 01:53,62.00,56.00,13.00,260.00,29.97,0.00,BKN
LAX,2026-05-24 02:53,61.00,56.00,10.00,250.00,29.97,0.00,SCT
LAX,2026-05-24 03:53,61.00,55.00,11.00,250.00,29.99,0.00,SCT
LAX,2026-05-24 04:53,61.00,55.00,8.00,250.00,30.02,0.00,SCT
LAX,2026-05-24 05:53,61.00,55.00,8.00,240.00,30.02,0.00,FEW
LAX,2026-05-24 06:53,61.00,55.00,7.00,250.00,30.02,0.00,FEW
LAX,2026-05-24 07:53,61.00,54.00,7.00,260.00,30.02,0.00,FEW
LAX,2026-05-24 08:53,61.00,53.00,6.00,270.00,30.01,0.00,FEW
LAX,2026-05-24 09:53,61.00,54.00,6.00,270.00,29.99,0.00,FEW
LAX,2026-05-24 10:53,60.00,54.00,4.00,240.00,29.99,0.00,FEW
LAX,2026-05-24 11:53,60.00,53.00,7.00,260.00,29.99,0.00,FEW
LAX,2026-05-24 12:53,60.00,52.00,7.00,270.00,30.00,0.00,FEW
LAX,2026-05-24 13:53,60.00,53.00,7.00,260.00,30.01,0.00,FEW
LAX,2026-05-24 14:53,61.00,53.00,7.00,260.00,30.03,0.00,FEW
LAX,2026-05-24 15:53,61.00,53.00,4.00,230.00,30.04,0.00,BKN
LAX,2026-05-24 16:53,62.00,54.00,4.00,240.00,30.04,0.00,BKN
LAX,2026-05-24 17:53,64.00,54.00,3.00,null,30.04,0.00,SCT
LAX,2026-05-24 18:53,64.00,54.00,9.00,250.00,30.04,0.00,SCT
LAX,2026-05-24 19:53,65.00,53.00,11.00,240.00,30.03,0.00,BKN
LAX,2026-05-24 20:53,67.00,53.00,13.00,270.00,30.01,0.00,FEW
LAX,2026-05-24 21:53,67.00,52.00,11.00,270.00,30.00,0.00,FEW
LAX,2026-05-24 22:53,66.00,53.00,16.00,270.00,29.98,0.00,FEW
LAX,2026-05-24 23:53,68.00,52.00,17.00,270.00,29.97,0.00,FEW
LAX,2026-05-25 00:53,65.00,52.00,16.00,260.00,29.95,0.00,FEW
LAX,2026-05-25 01:53,63.00,52.00,14.00,250.00,29.95,0.00,FEW
LAX,2026-05-25 02:53,62.00,54.00,13.00,250.00,29.95,0.00,FEW
LAX,2026-05-25 03:53,62.00,52.00,10.00,250.00,29.96,0.00,CLR
LAX,2026-05-25 04:53,61.00,52.00,13.00,240.00,29.97,0.00,CLR
LAX,2026-05-25 05:53,61.00,52.00,14.00,250.00,29.98,0.00,CLR
LAX,2026-05-25 06:53,61.00,52.00,10.00,250.00,29.98,0.00,CLR
LAX,2026-05-25 07:53,61.00,53.00,13.00,260.00,29.98,0.00,CLR
LAX,2026-05-25 08:53,61.00,53.00,7.00,280.00,29.97,0.00,FEW
LAX,2026-05-25 09:53,60.00,52.00,4.00,320.00,29.97,0.00,FEW
LAX,2026-05-25 10:53,59.00,53.00,0.00,0.00,29.96,0.00,FEW
LAX,2026-05-25 11:53,58.00,52.00,3.00,10.00,29.96,0.00,FEW
LAX,2026-05-25 12:53,58.00,52.00,3.00,360.00,29.97,0.00,FEW
LAX,2026-05-25 13:53,59.00,52.00,3.00,40.00,29.98,0.00,FEW
LAX,2026-05-25 14:53,62.00,53.00,3.00,null,29.98,0.00,FEW
LAX,2026-05-25 15:53,63.00,52.00,5.00,180.00,29.99,0.00,FEW
LAX,2026-05-25 16:53,66.00,52.00,9.00,240.00,29.99,0.00,FEW
LAX,2026-05-25 17:53,66.00,53.00,9.00,250.00,29.99,0.00,FEW
LAX,2026-05-25 18:53,68.00,53.00,8.00,230.00,29.97,0.00,FEW
LAX,2026-05-25 19:53,68.00,52.00,11.00,240.00,29.96,0.00,FEW
LAX,2026-05-25 20:53,68.00,53.00,13.00,250.00,29.94,0.00,FEW
LAX,2026-05-25 21:53,67.00,54.00,14.00,240.00,29.93,0.00,FEW
LAX,2026-05-25 22:53,67.00,53.00,14.00,260.00,29.91,0.00,FEW
LAX,2026-05-25 23:53,66.00,53.00,17.00,260.00,29.90,0.00,FEW
LAX,2026-05-26 00:53,65.00,52.00,15.00,240.00,29.89,0.00,FEW
LAX,2026-05-26 01:53,64.00,52.00,14.00,250.00,29.89,0.00,FEW
LAX,2026-05-26 02:53,62.00,53.00,10.00,240.00,29.89,0.00,FEW
LAX,2026-05-26 03:53,62.00,53.00,11.00,240.00,29.90,0.00,FEW
LAX,2026-05-26 04:53,61.00,54.00,10.00,230.00,29.91,0.00,CLR
LAX,2026-05-26 05:53,60.00,54.00,10.00,240.00,29.92,0.00,FEW
LAX,2026-05-26 06:53,60.00,54.00,9.00,240.00,29.90,0.00,FEW
LAX,2026-05-26 07:53,60.00,53.00,10.00,230.00,29.90,0.00,FEW
LAX,2026-05-26 08:53,60.00,54.00,8.00,240.00,29.90,0.00,FEW
LAX,2026-05-26 09:53,60.00,54.00,0.00,0.00,29.88,0.00,FEW
LAX,2026-05-26 10:53,61.00,55.00,0.00,0.00,29.87,0.00,FEW
LAX,2026-05-26 11:53,61.00,54.00,0.00,0.00,29.86,0.00,FEW
LAX,2026-05-26 12:53,61.00,54.00,0.00,0.00,29.87,0.00,SCT
LAX,2026-05-26 13:53,62.00,54.00,6.00,170.00,29.88,0.00,BKN
LAX,2026-05-26 14:53,62.00,53.00,9.00,210.00,29.88,0.00,SCT
LAX,2026-05-26 15:53,63.00,52.00,6.00,200.00,29.88,0.00,SCT
LAX,2026-05-26 16:53,63.00,52.00,10.00,220.00,29.89,0.00,BKN
LAX,2026-05-26 17:53,63.00,51.00,10.00,220.00,29.89,0.00,SCT
LAX,2026-05-26 18:53,64.00,50.00,10.00,240.00,29.89,0.00,SCT
LAX,2026-05-26 19:53,67.00,50.00,7.00,250.00,29.85,0.00,FEW
LAX,2026-05-26 20:53,68.00,51.00,11.00,240.00,29.84,0.00,FEW
LAX,2026-05-26 21:53,67.00,52.00,13.00,260.00,29.83,0.00,FEW
LAX,2026-05-26 22:53,66.00,53.00,16.00,270.00,29.81,0.00,FEW
LAX,2026-05-26 23:53,64.00,50.00,14.00,260.00,29.79,0.00,FEW
LAX,2026-05-27 00:53,64.00,53.00,15.00,250.00,29.79,0.00,FEW
LAX,2026-05-27 01:53,63.00,51.00,18.00,270.00,29.77,0.00,FEW
LAX,2026-05-27 02:53,61.00,51.00,17.00,260.00,29.78,0.00,FEW
LAX,2026-05-27 03:53,60.00,51.00,13.00,250.00,29.79,0.00,FEW
LAX,2026-05-27 04:53,60.00,51.00,10.00,240.00,29.79,0.00,FEW
LAX,2026-05-27 05:53,59.00,50.00,11.00,240.00,29.80,0.00,BKN
LAX,2026-05-27 06:53,59.00,50.00,12.00,250.00,29.80,0.00,BKN
LAX,2026-05-27 07:53,58.00,51.00,8.00,250.00,29.80,0.00,SCT
LAX,2026-05-27 08:53,58.00,50.00,8.00,240.00,29.80,0.00,FEW
LAX,2026-05-27 09:53,58.00,50.00,0.00,0.00,29.80,0.00,BKN
LAX,2026-05-27 10:53,58.00,50.00,4.00,350.00,29.79,0.00,BKN
LAX,2026-05-27 11:53,58.00,50.00,3.00,null,29.80,0.00,FEW
LAX,2026-05-27 12:53,58.00,50.00,0.00,0.00,29.81,0.00,FEW
LAX,2026-05-27 13:53,59.00,50.00,4.00,150.00,29.83,0.00,FEW
LAX,2026-05-27 14:53,60.00,50.00,6.00,150.00,29.84,0.00,FEW
LAX,2026-05-27 15:53,61.00,50.00,6.00,180.00,29.85,0.00,BKN
LAX,2026-05-27 16:53,64.00,50.00,10.00,250.00,29.85,0.00,BKN
LAX,2026-05-27 17:53,65.00,48.00,11.00,230.00,29.85,0.00,FEW
LAX,2026-05-27 18:53,65.00,49.00,13.00,240.00,29.86,0.00,FEW
LAX,2026-05-27 19:53,65.00,50.00,15.00,240.00,29.86,0.00,FEW
LAX,2026-05-27 20:53,64.00,51.00,17.00,250.00,29.85,0.00,SCT
LAX,2026-05-27 21:53,64.00,48.00,15.00,240.00,29.85,0.00,FEW
LAX,2026-05-27 22:53,65.00,49.00,12.00,250.00,29.85,0.00,FEW
LAX,2026-05-27 23:53,64.00,48.00,13.00,240.00,29.85,0.00,FEW
LAX,2026-05-28 00:53,64.00,49.00,11.00,250.00,29.85,0.00,FEW
LAX,2026-05-28 01:53,62.00,50.00,13.00,260.00,29.86,0.00,FEW
LAX,2026-05-28 02:53,60.00,50.00,11.00,250.00,29.89,0.00,FEW
LAX,2026-05-28 03:53,60.00,51.00,9.00,250.00,29.89,0.00,FEW
LAX,2026-05-28 04:53,59.00,48.00,10.00,260.00,29.92,0.00,FEW
LAX,2026-05-28 05:53,60.00,47.00,10.00,260.00,29.94,0.00,FEW
LAX,2026-05-28 06:53,59.00,48.00,9.00,270.00,29.94,0.00,FEW
LAX,2026-05-28 07:53,58.00,48.00,5.00,240.00,29.94,0.00,FEW
LAX,2026-05-28 08:53,58.00,47.00,3.00,10.00,29.91,0.00,FEW
LAX,2026-05-28 09:53,57.00,47.00,4.00,50.00,29.90,0.00,FEW
LAX,2026-05-28 10:53,58.00,46.00,0.00,0.00,29.92,0.00,FEW
LAX,2026-05-28 11:53,56.00,46.00,5.00,360.00,29.92,0.00,FEW
LAX,2026-05-28 12:53,57.00,46.00,4.00,null,29.91,0.00,FEW
LAX,2026-05-28 13:53,58.00,47.00,5.00,110.00,29.93,0.00,FEW
LAX,2026-05-28 14:53,60.00,48.00,5.00,90.00,29.94,0.00,FEW
LAX,2026-05-28 15:53,61.00,48.00,0.00,0.00,29.96,0.00,FEW
LAX,2026-05-28 16:53,62.00,47.00,5.00,280.00,29.97,0.00,FEW
LAX,2026-05-28 17:53,63.00,48.00,0.00,0.00,29.96,0.00,FEW
LAX,2026-05-28 18:53,64.00,47.00,8.00,220.00,29.97,0.00,FEW
LAX,2026-05-28 19:53,66.00,46.00,9.00,250.00,29.96,0.00,FEW
LAX,2026-05-28 20:53,68.00,45.00,8.00,240.00,29.95,0.00,FEW
LAX,2026-05-28 21:53,68.00,45.00,14.00,230.00,29.95,0.00,FEW
LAX,2026-05-28 22:53,67.00,45.00,16.00,260.00,29.94,0.00,FEW
LAX,2026-05-28 23:53,66.00,47.00,17.00,260.00,29.94,0.00,FEW
LAX,2026-05-29 00:53,63.00,50.00,15.00,260.00,29.93,0.00,FEW
LAX,2026-05-29 01:53,62.00,52.00,11.00,270.00,29.93,0.00,FEW
LAX,2026-05-29 02:53,61.00,52.00,13.00,260.00,29.95,0.00,SCT
LAX,2026-05-29 03:53,61.00,52.00,12.00,270.00,29.96,0.00,SCT
LAX,2026-05-29 04:53,61.00,52.00,10.00,260.00,29.97,0.00,BKN
LAX,2026-05-29 05:53,61.00,51.00,12.00,280.00,29.98,0.00,FEW
LAX,2026-05-29 06:53,61.00,52.00,10.00,260.00,29.97,0.00,BKN
LAX,2026-05-29 07:53,60.00,52.00,10.00,280.00,29.97,0.00,FEW
LAX,2026-05-29 08:53,59.00,54.00,7.00,250.00,29.95,0.00,FEW
LAX,2026-05-29 09:53,60.00,52.00,8.00,260.00,29.96,0.00,FEW
LAX,2026-05-29 10:53,60.00,52.00,7.00,280.00,29.96,0.00,FEW
LAX,2026-05-29 11:53,60.00,51.00,8.00,260.00,29.96,0.00,FEW
LAX,2026-05-29 12:53,59.00,52.00,8.00,280.00,29.97,0.00,FEW
LAX,2026-05-29 13:53,60.00,52.00,9.00,270.00,29.99,0.00,FEW
LAX,2026-05-29 14:53,61.00,51.00,6.00,260.00,30.00,0.00,FEW
LAX,2026-05-29 15:53,63.00,50.00,7.00,270.00,30.01,0.00,FEW
LAX,2026-05-29 16:53,66.00,49.00,9.00,250.00,30.01,0.00,FEW
LAX,2026-05-29 17:53,66.00,51.00,11.00,250.00,30.02,0.00,FEW
LAX,2026-05-29 18:53,66.00,50.00,14.00,270.00,30.03,0.00,FEW
LAX,2026-05-29 19:53,67.00,52.00,16.00,270.00,30.03,0.00,FEW
LAX,2026-05-29 20:53,66.00,54.00,16.00,260.00,30.02,0.00,FEW
LAX,2026-05-29 21:53,67.00,54.00,16.00,250.00,30.02,0.00,FEW
LAX,2026-05-29 22:53,67.00,55.00,15.00,250.00,30.01,0.00,FEW
LAX,2026-05-29 23:53,66.00,54.00,13.00,250.00,30.00,0.00,FEW
LAX,2026-05-30 00:53,65.00,55.00,15.00,240.00,30.00,0.00,FEW
LAX,2026-05-30 01:53,63.00,55.00,13.00,250.00,30.00,0.00,FEW
LAX,2026-05-30 02:53,62.00,56.00,8.00,250.00,30.01,0.00,FEW
LAX,2026-05-30 03:53,62.00,55.00,8.00,260.00,30.02,0.00,FEW
LAX,2026-05-30 04:53,61.00,55.00,6.00,240.00,30.02,0.00,CLR
LAX,2026-05-30 05:53,62.00,55.00,7.00,230.00,30.03,0.00,CLR
LAX,2026-05-30 06:53,61.00,55.00,3.00,220.00,30.02,0.00,CLR
LAX,2026-05-30 07:53,61.00,55.00,4.00,250.00,30.01,0.00,FEW
LAX,2026-05-30 08:53,60.00,55.00,0.00,0.00,30.01,0.00,SCT
LAX,2026-05-30 09:53,61.00,56.00,0.00,0.00,30.01,0.00,BKN
LAX,2026-05-30 10:53,62.00,56.00,0.00,0.00,30.00,0.00,BKN
LAX,2026-05-30 11:53,61.00,56.00,3.00,340.00,30.01,0.00,BKN
LAX,2026-05-30 12:53,61.00,55.00,4.00,350.00,30.02,0.00,BKN
LAX,2026-05-30 13:53,62.00,55.00,4.00,360.00,30.02,0.00,SCT
LAX,2026-05-30 14:53,63.00,55.00,3.00,null,30.03,0.00,FEW
LAX,2026-05-30 15:53,66.00,55.00,0.00,0.00,30.04,0.00,FEW
LAX,2026-05-30 16:53,68.00,56.00,3.00,null,30.03,0.00,FEW
LAX,2026-05-30 17:53,69.00,54.00,10.00,250.00,30.02,0.00,CLR
LAX,2026-05-30 18:53,69.00,54.00,12.00,240.00,30.01,0.00,CLR
LAX,2026-05-30 19:53,69.00,54.00,13.00,260.00,30.01,0.00,FEW
LAX,2026-05-30 20:53,69.00,57.00,16.00,250.00,30.00,0.00,FEW
LAX,2026-05-30 21:53,68.00,56.00,12.00,260.00,29.98,0.00,FEW
LAX,2026-05-30 22:53,68.00,56.00,12.00,260.00,29.97,0.00,FEW
LAX,2026-05-30 23:53,67.00,56.00,13.00,250.00,29.95,0.00,FEW
LAX,2026-05-31 00:53,66.00,57.00,9.00,240.00,29.94,0.00,FEW
LAX,2026-05-31 01:53,66.00,56.00,7.00,220.00,29.93,0.00,FEW
LAX,2026-05-31 02:53,63.00,56.00,6.00,230.00,29.93,0.00,CLR
LAX,2026-05-31 03:53,63.00,58.00,4.00,240.00,29.94,0.00,CLR
LAX,2026-05-31 04:53,63.00,57.00,3.00,190.00,29.94,0.00,CLR
LAX,2026-05-31 05:53,62.00,58.00,3.00,null,29.95,0.00,CLR
LAX,2026-05-31 06:53,63.00,58.00,0.00,0.00,29.94,0.00,CLR
LAX,2026-05-31 07:53,62.00,58.00,4.00,260.00,29.93,0.00,SCT
LAX,2026-05-31 08:53,62.00,58.00,4.00,null,29.92,0.00,FEW
LAX,2026-05-31 09:53,61.00,58.00,3.00,340.00,29.91,0.00,FEW
LAX,2026-05-31 10:53,61.00,56.00,3.00,10.00,29.91,0.00,FEW
LAX,2026-05-31 11:53,60.00,56.00,0.00,0.00,29.90,0.00,FEW
LAX,2026-05-31 12:53,60.00,56.00,3.00,120.00,29.90,0.00,CLR
LAX,2026-05-31 13:53,62.00,57.00,4.00,110.00,29.92,0.00,FEW
LAX,2026-05-31 14:53,63.00,58.00,6.00,120.00,29.93,0.00,SCT
LAX,2026-05-31 15:53,66.00,58.00,0.00,0.00,29.94,0.00,FEW
LAX,2026-05-31 16:53,69.00,56.00,3.00,null,29.94,0.00,FEW
LAX,2026-05-31 17:53,69.00,58.00,9.00,240.00,29.94,0.00,CLR
LAX,2026-05-31 18:53,70.00,58.00,10.00,270.00,29.94,0.00,CLR
LAX,2026-05-31 19:53,70.00,58.00,11.00,270.00,29.93,0.00,CLR
LAX,2026-05-31 20:53,71.00,58.00,12.00,260.00,29.92,0.00,CLR
LAX,2026-05-31 21:53,70.00,58.00,11.00,270.00,29.92,0.00,CLR
LAX,2026-05-31 22:53,70.00,59.00,10.00,260.00,29.89,0.00,CLR
LAX,2026-05-31 23:53,69.00,59.00,11.00,270.00,29.88,0.00,CLR
LAX,2026-06-01 00:53,68.00,60.00,10.00,260.00,29.87,0.00,CLR
LAX,2026-06-01 01:53,66.00,59.00,9.00,250.00,29.86,0.00,FEW
LAX,2026-06-01 02:53,64.00,58.00,6.00,250.00,29.86,0.00,CLR
LAX,2026-06-01 03:53,63.00,57.00,7.00,220.00,29.87,0.00,CLR
LAX,2026-06-01 04:53,63.00,59.00,7.00,200.00,29.90,0.00,FEW
LAX,2026-06-01 05:53,63.00,60.00,0.00,0.00,29.90,0.00,FEW
LAX,2026-06-01 06:53,63.00,59.00,4.00,190.00,29.90,0.00,FEW
LAX,2026-06-01 07:53,63.00,58.00,7.00,220.00,29.90,0.00,FEW
LAX,2026-06-01 08:53,62.00,58.00,3.00,260.00,29.91,0.00,FEW
LAX,2026-06-01 09:53,62.00,59.00,3.00,250.00,29.91,0.00,FEW
LAX,2026-06-01 10:53,62.00,58.00,3.00,170.00,29.92,0.00,FEW
LAX,2026-06-01 11:53,62.00,57.00,3.00,90.00,29.93,0.00,FEW
LAX,2026-06-01 12:53,63.00,57.00,7.00,120.00,29.93,0.00,FEW
LAX,2026-06-01 13:53,63.00,56.00,7.00,110.00,29.94,0.00,FEW
LAX,2026-06-01 14:53,65.00,57.00,5.00,70.00,29.95,0.00,FEW
LAX,2026-06-01 15:53,66.00,57.00,6.00,120.00,29.96,0.00,FEW
LAX,2026-06-01 16:53,68.00,56.00,0.00,0.00,29.96,0.00,FEW
LAX,2026-06-01 17:53,71.00,55.00,6.00,140.00,29.96,0.00,FEW
LAX,2026-06-01 18:53,71.00,57.00,11.00,250.00,29.96,0.00,FEW
LAX,2026-06-01 19:53,71.00,56.00,12.00,220.00,29.96,0.00,FEW
LAX,2026-06-01 20:53,71.00,56.00,10.00,250.00,29.94,0.00,FEW
LAX,2026-06-01 21:53,70.00,57.00,11.00,250.00,29.95,0.00,CLR
LAX,2026-06-01 22:53,70.00,56.00,13.00,250.00,29.94,0.00,CLR
LAX,2026-06-01 23:53,68.00,56.00,13.00,260.00,29.94,0.00,CLR
LAX,2026-06-02 00:53,67.00,56.00,10.00,260.00,29.94,0.00,CLR
LAX,2026-06-02 01:53,65.00,57.00,10.00,250.00,29.94,0.00,FEW
LAX,2026-06-02 02:53,64.00,57.00,8.00,280.00,29.96,0.00,FEW
LAX,2026-06-02 03:53,62.00,57.00,8.00,270.00,29.98,0.00,FEW
LAX,2026-06-02 04:53,62.00,57.00,7.00,270.00,30.00,0.00,FEW
LAX,2026-06-02 05:53,61.00,57.00,5.00,240.00,30.01,0.00,SCT
LAX,2026-06-02 06:53,61.00,57.00,3.00,240.00,30.01,0.00,BKN
LAX,2026-06-02 07:53,62.00,57.00,3.00,220.00,30.01,0.00,FEW
LAX,2026-06-02 08:53,62.00,57.00,3.00,null,30.00,0.00,FEW
LAX,2026-06-02 09:53,62.00,57.00,0.00,0.00,29.99,0.00,FEW
LAX,2026-06-02 10:53,63.00,56.00,3.00,80.00,29.99,0.00,FEW
LAX,2026-06-02 11:53,62.00,57.00,5.00,290.00,29.98,0.00,FEW
LAX,2026-06-02 12:53,62.00,57.00,4.00,330.00,29.98,0.00,FEW
LAX,2026-06-02 13:53,63.00,57.00,4.00,310.00,29.98,0.00,FEW
LAX,2026-06-02 14:53,63.00,57.00,3.00,null,30.00,0.00,OVC
LAX,2026-06-02 15:53,63.00,56.00,7.00,240.00,30.02,0.00,FEW
LAX,2026-06-02 16:53,63.00,56.00,8.00,250.00,30.04,0.00,OVC
LAX,2026-06-02 17:53,65.00,55.00,8.00,250.00,30.05,0.00,OVC
LAX,2026-06-02 18:53,67.00,55.00,8.00,260.00,30.05,0.00,BKN
LAX,2026-06-02 19:53,68.00,54.00,6.00,250.00,30.03,0.00,FEW
LAX,2026-06-02 20:53,69.00,55.00,11.00,250.00,30.02,0.00,FEW
LAX,2026-06-02 21:53,69.00,55.00,12.00,240.00,30.00,0.00,FEW
LAX,2026-06-02 22:53,68.00,55.00,15.00,270.00,29.98,0.00,FEW
LAX,2026-06-02 23:53,67.00,56.00,15.00,260.00,29.97,0.00,FEW
LAX,2026-06-03 00:53,65.00,57.00,16.00,260.00,29.96,0.00,FEW
LAX,2026-06-03 01:53,64.00,57.00,16.00,260.00,29.96,0.00,FEW
LAX,2026-06-03 02:53,62.00,58.00,12.00,250.00,29.97,0.00,FEW
LAX,2026-06-03 03:53,62.00,57.00,11.00,230.00,29.99,0.00,BKN
LAX,2026-06-03 04:53,61.00,57.00,7.00,270.00,30.01,0.00,OVC
LAX,2026-06-03 05:53,61.00,57.00,6.00,270.00,30.03,0.00,OVC
LAX,2026-06-03 06:53,61.00,56.00,6.00,270.00,30.02,0.00,OVC
LAX,2026-06-03 07:53,61.00,56.00,3.00,250.00,30.01,0.00,BKN
LAX,2026-06-03 08:53,61.00,56.00,0.00,0.00,29.99,0.00,BKN
LAX,2026-06-03 09:53,61.00,56.00,3.00,250.00,29.98,0.00,OVC
LAX,2026-06-03 10:53,61.00,56.00,4.00,280.00,29.98,0.00,OVC
LAX,2026-06-03 11:53,61.00,55.00,0.00,0.00,29.96,0.00,OVC
LAX,2026-06-03 12:53,61.00,55.00,0.00,0.00,29.97,0.00,OVC
LAX,2026-06-03 13:53,62.00,55.00,0.00,0.00,29.99,0.00,OVC
LAX,2026-06-03 14:53,63.00,55.00,5.00,250.00,29.99,0.00,OVC
LAX,2026-06-03 15:53,63.00,55.00,4.00,240.00,30.00,0.00,BKN
LAX,2026-06-03 16:53,65.00,55.00,7.00,250.00,30.00,0.00,SCT
LAX,2026-06-03 17:53,67.00,56.00,9.00,280.00,29.99,0.00,FEW
LAX,2026-06-03 18:53,67.00,55.00,10.00,260.00,30.00,0.00,FEW
LAX,2026-06-03 19:53,67.00,55.00,9.00,260.00,29.99,0.00,FEW
LAX,2026-06-03 20:53,68.00,56.00,11.00,250.00,29.96,0.00,FEW
LAX,2026-06-03 21:53,67.00,56.00,12.00,260.00,29.94,0.00,FEW
LAX,2026-06-03 22:53,67.00,55.00,12.00,240.00,29.92,0.00,FEW
LAX,2026-06-03 23:53,67.00,56.00,11.00,250.00,29.90,0.00,FEW
LAX,2026-06-04 00:53,65.00,57.00,12.00,260.00,29.90,0.00,FEW
LAX,2026-06-04 01:53,64.00,57.00,9.00,250.00,29.90,0.00,FEW
LAX,2026-06-04 02:53,62.00,57.00,8.00,260.00,29.90,0.00,BKN
LAX,2026-06-04 03:53,61.00,57.00,5.00,270.00,29.91,0.00,BKN
LAX,2026-06-04 04:53,61.00,57.00,0.00,0.00,29.92,0.00,SCT
LAX,2026-06-04 05:53,61.00,57.00,0.00,0.00,29.92,0.00,FEW
LAX,2026-06-04 06:53,61.00,58.00,4.00,230.00,29.91,0.00,FEW
LAX,2026-06-04 07:53,62.00,58.00,3.00,80.00,29.90,0.00,FEW
LAX,2026-06-04 08:53,63.00,58.00,7.00,130.00,29.89,0.00,FEW
LAX,2026-06-04 09:53,63.00,58.00,0.00,0.00,29.88,0.00,FEW
LAX,2026-06-04 10:53,63.00,58.00,5.00,null,29.87,0.00,FEW
LAX,2026-06-04 11:53,63.00,58.00,3.00,null,29.87,0.00,FEW
LAX,2026-06-04 12:53,62.00,58.00,3.00,150.00,29.87,0.00,FEW
LAX,2026-06-04 13:53,63.00,58.00,0.00,0.00,29.87,0.00,FEW
LAX,2026-06-04 14:53,64.00,58.00,3.00,100.00,29.89,0.00,FEW
LAX,2026-06-04 15:53,65.00,59.00,4.00,null,29.90,0.00,FEW
LAX,2026-06-04 16:53,65.00,59.00,3.00,null,29.91,0.00,SCT
LAX,2026-06-04 17:53,66.00,59.00,8.00,270.00,29.91,0.00,FEW
LAX,2026-06-04 18:53,70.00,59.00,7.00,260.00,29.91,0.00,FEW
LAX,2026-06-04 19:53,70.00,59.00,7.00,270.00,29.90,0.00,FEW
LAX,2026-06-04 20:53,71.00,59.00,8.00,240.00,29.90,0.00,FEW
LAX,2026-06-04 21:53,71.00,59.00,10.00,250.00,29.89,0.00,FEW
LAX,2026-06-04 22:53,71.00,59.00,11.00,260.00,29.88,0.00,SCT
LAX,2026-06-04 23:53,69.00,59.00,12.00,260.00,29.88,0.00,BKN
LAX,2026-06-05 00:53,66.00,59.00,12.00,250.00,29.87,0.00,SCT
LAX,2026-06-05 01:53,66.00,59.00,8.00,240.00,29.87,0.00,SCT
LAX,2026-06-05 02:53,64.00,59.00,9.00,260.00,29.88,0.00,OVC
LAX,2026-06-05 03:53,64.00,59.00,7.00,240.00,29.89,0.00,OVC
LAX,2026-06-05 04:53,64.00,59.00,5.00,250.00,29.90,0.00,SCT
LAX,2026-06-05 05:53,64.00,59.00,3.00,240.00,29.90,0.00,FEW
LAX,2026-06-05 06:53,64.00,59.00,3.00,170.00,29.89,0.00,FEW
LAX,2026-06-05 07:53,64.00,59.00,0.00,0.00,29.88,0.00,FEW
LAX,2026-06-05 08:53,64.00,59.00,3.00,280.00,29.87,0.00,FEW
LAX,2026-06-05 09:53,65.00,59.00,0.00,0.00,29.85,0.00,FEW
LAX,2026-06-05 10:53,64.00,59.00,0.00,0.00,29.85,0.00,FEW
LAX,2026-06-05 11:53,64.00,59.00,0.00,0.00,29.84,0.00,FEW
LAX,2026-06-05 12:53,64.00,60.00,4.00,100.00,29.84,0.00,FEW
LAX,2026-06-05 13:53,65.00,59.00,3.00,null,29.85,0.00,FEW
LAX,2026-06-05 14:53,65.00,60.00,5.00,250.00,29.86,0.00,FEW
LAX,2026-06-05 15:53,64.00,60.00,8.00,250.00,29.87,0.00,OVC
LAX,2026-06-05 16:53,64.00,59.00,6.00,230.00,29.88,0.00,FEW
LAX,2026-06-05 17:53,64.00,59.00,5.00,270.00,29.88,0.00,SCT
LAX,2026-06-05 18:53,67.00,59.00,9.00,250.00,29.89,0.00,BKN
LAX,2026-06-05 19:53,68.00,59.00,9.00,260.00,29.88,0.00,FEW
LAX,2026-06-05 20:53,68.00,59.00,9.00,270.00,29.87,0.00,FEW
LAX,2026-06-05 21:53,69.00,60.00,10.00,260.00,29.86,0.00,FEW
LAX,2026-06-05 22:53,70.00,59.00,12.00,250.00,29.86,0.00,SCT
LAX,2026-06-05 23:53,69.00,59.00,10.00,230.00,29.85,0.00,FEW
LAX,2026-06-06 00:53,68.00,59.00,10.00,260.00,29.84,0.00,SCT
LAX,2026-06-06 01:53,66.00,59.00,6.00,260.00,29.84,0.00,BKN
LAX,2026-06-06 02:53,65.00,59.00,7.00,260.00,29.85,0.00,OVC
LAX,2026-06-06 03:53,65.00,59.00,6.00,250.00,29.85,0.00,OVC
LAX,2026-06-06 04:53,65.00,59.00,5.00,300.00,29.86,0.00,OVC
LAX,2026-06-06 05:53,65.00,59.00,5.00,270.00,29.87,0.00,OVC
LAX,2026-06-06 06:53,65.00,59.00,0.00,0.00,29.86,0.00,OVC
LAX,2026-06-06 07:53,66.00,58.00,7.00,110.00,29.85,0.00,BKN
LAX,2026-06-06 08:53,65.00,58.00,5.00,120.00,29.84,0.00,BKN
LAX,2026-06-06 09:53,65.00,58.00,3.00,180.00,29.84,0.00,BKN
LAX,2026-06-06 10:53,65.00,57.00,5.00,160.00,29.84,0.00,SCT
LAX,2026-06-06 11:53,65.00,57.00,6.00,160.00,29.83,0.00,OVC
LAX,2026-06-06 12:53,65.00,57.00,5.00,180.00,29.85,0.00,FEW
LAX,2026-06-06 13:53,65.00,57.00,4.00,160.00,29.86,0.00,SCT
LAX,2026-06-06 14:53,65.00,57.00,0.00,0.00,29.86,0.00,FEW
LAX,2026-06-06 15:53,66.00,57.00,4.00,null,29.87,0.00,FEW
LAX,2026-06-06 16:53,67.00,57.00,5.00,180.00,29.88,0.00,FEW
LAX,2026-06-06 17:53,69.00,57.00,4.00,190.00,29.88,0.00,OVC
LAX,2026-06-06 18:53,70.00,58.00,6.00,190.00,29.88,0.00,BKN
LAX,2026-06-06 19:53,71.00,57.00,10.00,250.00,29.87,0.00,SCT
LAX,2026-06-06 20:53,71.00,57.00,9.00,250.00,29.86,0.00,SCT
LAX,2026-06-06 21:53,71.00,57.00,11.00,240.00,29.85,0.00,FEW
LAX,2026-06-06 22:53,71.00,57.00,12.00,250.00,29.84,0.00,FEW
LAX,2026-06-06 23:53,69.00,59.00,10.00,260.00,29.83,0.00,FEW
LAX,2026-06-07 00:53,69.00,58.00,12.00,260.00,29.83,0.00,FEW
LAX,2026-06-07 01:53,66.00,58.00,12.00,260.00,29.83,0.00,FEW
LAX,2026-06-07 02:53,64.00,58.00,11.00,260.00,29.83,0.00,FEW
LAX,2026-06-07 03:53,64.00,58.00,10.00,290.00,29.84,0.00,FEW
LAX,2026-06-07 04:53,63.00,58.00,9.00,270.00,29.86,0.00,FEW
LAX,2026-06-07 05:53,64.00,57.00,6.00,290.00,29.86,0.00,FEW
LAX,2026-06-07 06:53,63.00,57.00,4.00,300.00,29.85,0.00,FEW
LAX,2026-06-07 07:53,63.00,57.00,6.00,270.00,29.84,0.00,FEW
LAX,2026-06-07 08:53,64.00,57.00,5.00,290.00,29.83,0.00,FEW
LAX,2026-06-07 09:53,64.00,57.00,0.00,0.00,29.83,0.00,OVC
LAX,2026-06-07 10:53,64.00,57.00,4.00,240.00,29.83,0.00,FEW
LAX,2026-06-07 11:53,64.00,57.00,4.00,270.00,29.82,0.00,OVC
LAX,2026-06-07 12:53,64.00,58.00,0.00,0.00,29.82,0.00,FEW
LAX,2026-06-07 13:53,65.00,57.00,0.00,0.00,29.83,0.00,SCT
LAX,2026-06-07 14:53,66.00,56.00,4.00,220.00,29.83,0.00,FEW
LAX,2026-06-07 15:53,66.00,57.00,6.00,230.00,29.84,0.00,FEW
LAX,2026-06-07 16:53,67.00,56.00,9.00,250.00,29.84,0.00,FEW
LAX,2026-06-07 17:53,69.00,54.00,9.00,250.00,29.85,0.00,FEW
LAX,2026-06-07 18:53,71.00,56.00,9.00,250.00,29.84,0.00,FEW
LAX,2026-06-07 19:53,70.00,55.00,9.00,230.00,29.83,0.00,FEW
LAX,2026-06-07 20:53,71.00,56.00,11.00,250.00,29.83,0.00,FEW
LAX,2026-06-07 21:53,70.00,55.00,15.00,260.00,29.83,0.00,FEW
LAX,2026-06-07 22:53,70.00,56.00,14.00,260.00,29.82,0.00,FEW
LAX,2026-06-07 23:53,68.00,56.00,14.00,250.00,29.81,0.00,FEW
LAX,2026-06-08 00:53,67.00,56.00,11.00,250.00,29.81,0.00,FEW
LAX,2026-06-08 01:53,65.00,56.00,12.00,250.00,29.82,0.00,FEW
LAX,2026-06-08 02:53,63.00,56.00,10.00,270.00,29.83,0.00,FEW
LAX,2026-06-08 03:53,62.00,56.00,7.00,250.00,29.84,0.00,FEW
LAX,2026-06-08 04:53,62.00,55.00,6.00,260.00,29.85,0.00,FEW
LAX,2026-06-08 05:53,62.00,55.00,0.00,0.00,29.85,0.00,FEW
LAX,2026-06-08 06:53,63.00,55.00,0.00,0.00,29.86,0.00,BKN
LAX,2026-06-08 07:53,63.00,55.00,4.00,350.00,29.85,0.00,BKN
LAX,2026-06-08 08:53,63.00,55.00,5.00,350.00,29.85,0.00,OVC
LAX,2026-06-08 09:53,63.00,54.00,4.00,360.00,29.84,0.00,OVC
LAX,2026-06-08 10:53,64.00,54.00,3.00,310.00,29.83,0.00,OVC
LAX,2026-06-08 11:53,64.00,54.00,5.00,110.00,29.84,0.00,OVC
LAX,2026-06-08 12:53,65.00,54.00,7.00,110.00,29.85,0.00,FEW
LAX,2026-06-08 13:53,65.00,54.00,5.00,100.00,29.86,0.00,FEW
LAX,2026-06-08 14:53,66.00,54.00,4.00,100.00,29.87,0.00,FEW
LAX,2026-06-08 15:53,67.00,55.00,7.00,250.00,29.89,0.00,OVC
LAX,2026-06-08 16:53,68.00,55.00,8.00,260.00,29.89,0.00,BKN
LAX,2026-06-08 17:53,70.00,56.00,10.00,240.00,29.90,0.00,BKN
LAX,2026-06-08 18:53,71.00,56.00,13.00,260.00,29.91,0.00,FEW
LAX,2026-06-08 19:53,72.00,55.00,11.00,260.00,29.90,0.00,FEW
LAX,2026-06-08 20:53,71.00,56.00,12.00,250.00,29.91,0.00,FEW
LAX,2026-06-08 21:53,70.00,56.00,14.00,270.00,29.90,0.00,BKN
LAX,2026-06-08 22:53,69.00,56.00,16.00,260.00,29.90,0.00,BKN
LAX,2026-06-08 23:53,68.00,56.00,13.00,260.00,29.90,0.00,FEW
LAX,2026-06-09 00:53,66.00,58.00,13.00,260.00,29.89,0.00,FEW
LAX,2026-06-09 01:53,64.00,58.00,13.00,250.00,29.90,0.00,FEW
LAX,2026-06-09 02:53,63.00,57.00,11.00,270.00,29.91,0.00,FEW
LAX,2026-06-09 03:53,63.00,58.00,6.00,260.00,29.90,0.00,FEW
LAX,2026-06-09 04:53,63.00,57.00,6.00,260.00,29.92,0.00,FEW
LAX,2026-06-09 05:53,63.00,55.00,4.00,240.00,29.91,0.00,FEW
LAX,2026-06-09 06:53,62.00,55.00,0.00,0.00,29.91,0.00,FEW
LAX,2026-06-09 07:53,63.00,56.00,3.00,null,29.90,0.00,FEW
LAX,2026-06-09 08:53,63.00,55.00,3.00,210.00,29.89,0.00,FEW
LAX,2026-06-09 09:53,62.00,56.00,0.00,0.00,29.89,0.00,FEW
LAX,2026-06-09 10:53,62.00,56.00,0.00,0.00,29.88,0.00,FEW
LAX,2026-06-09 11:53,61.00,56.00,0.00,0.00,29.88,0.00,FEW
LAX,2026-06-09 12:53,62.00,56.00,3.00,null,29.89,0.00,FEW
LAX,2026-06-09 13:53,64.00,56.00,0.00,0.00,29.90,0.00,FEW
LAX,2026-06-09 14:53,65.00,58.00,3.00,260.00,29.90,0.00,BKN
LAX,2026-06-09 15:53,67.00,58.00,6.00,240.00,29.91,0.00,SCT
LAX,2026-06-09 16:53,70.00,58.00,9.00,230.00,29.91,0.00,FEW
LAX,2026-06-09 17:53,71.00,57.00,8.00,240.00,29.91,0.00,FEW
LAX,2026-06-09 18:53,71.00,57.00,10.00,240.00,29.91,0.00,FEW
LAX,2026-06-09 19:53,71.00,58.00,11.00,250.00,29.91,0.00,FEW
LAX,2026-06-09 20:53,71.00,58.00,12.00,230.00,29.90,0.00,FEW
LAX,2026-06-09 21:53,72.00,59.00,13.00,260.00,29.88,0.00,FEW
LAX,2026-06-09 22:53,72.00,59.00,10.00,230.00,29.85,0.00,CLR
LAX,2026-06-09 23:53,70.00,58.00,10.00,260.00,29.84,0.00,CLR
LAX,2026-06-10 00:53,70.00,57.00,9.00,250.00,29.83,0.00,CLR
LAX,2026-06-10 01:53,69.00,58.00,8.00,270.00,29.84,0.00,CLR
LAX,2026-06-10 02:53,67.00,60.00,7.00,240.00,29.84,0.00,CLR
LAX,2026-06-10 03:53,67.00,60.00,5.00,240.00,29.84,0.00,CLR
LAX,2026-06-10 04:53,67.00,60.00,4.00,230.00,29.86,0.00,CLR
LAX,2026-06-10 05:53,66.00,60.00,4.00,null,29.86,0.00,CLR
LAX,2026-06-10 06:53,65.00,62.00,3.00,240.00,29.85,0.00,CLR
LAX,2026-06-10 07:53,66.00,62.00,0.00,0.00,29.84,0.00,CLR
LAX,2026-06-10 08:53,65.00,61.00,0.00,0.00,29.85,0.00,CLR
LAX,2026-06-10 09:53,65.00,61.00,3.00,20.00,29.83,0.00,CLR
LAX,2026-06-10 10:53,64.00,60.00,4.00,130.00,29.83,0.00,FEW
LAX,2026-06-10 12:53,64.00,61.00,3.00,130.00,29.83,0.00,FEW
LAX,2026-06-10 13:53,66.00,61.00,3.00,130.00,29.84,0.00,FEW
LAX,2026-06-10 14:53,68.00,61.00,4.00,120.00,29.86,0.00,FEW
LAX,2026-06-10 15:53,71.00,61.00,3.00,100.00,29.86,0.00,SCT
LAX,2026-06-10 16:53,72.00,61.00,7.00,260.00,29.85,0.00,FEW
LAX,2026-06-10 17:53,73.00,61.00,7.00,270.00,29.85,0.00,FEW
LAX,2026-06-10 18:53,73.00,61.00,10.00,260.00,29.84,0.00,FEW
LAX,2026-06-10 19:53,73.00,61.00,10.00,250.00,29.84,0.00,CLR
LAX,2026-06-10 20:53,72.00,61.00,11.00,250.00,29.83,0.00,CLR
LAX,2026-06-10 21:53,74.00,61.00,11.00,250.00,29.82,0.00,FEW
LAX,2026-06-10 22:53,73.00,61.00,12.00,270.00,29.81,0.00,CLR
LAX,2026-06-10 23:53,72.00,61.00,9.00,250.00,29.79,0.00,CLR
LAX,2026-06-11 00:53,71.00,61.00,10.00,260.00,29.78,0.00,CLR
LAX,2026-06-11 01:53,70.00,62.00,9.00,260.00,29.79,0.00,FEW
LAX,2026-06-11 02:53,68.00,62.00,7.00,260.00,29.79,0.00,FEW
LAX,2026-06-11 03:53,67.00,63.00,6.00,260.00,29.80,0.00,FEW
LAX,2026-06-11 04:53,66.00,62.00,3.00,260.00,29.82,0.00,FEW
LAX,2026-06-11 05:53,67.00,62.00,3.00,200.00,29.83,0.00,FEW
LAX,2026-06-11 06:53,67.00,62.00,4.00,100.00,29.83,0.00,SCT
LAX,2026-06-11 07:53,67.00,62.00,4.00,90.00,29.82,0.00,BKN
LAX,2026-06-11 08:53,66.00,60.00,7.00,140.00,29.83,0.00,OVC
LAX,2026-06-11 09:53,66.00,60.00,6.00,140.00,29.83,0.00,OVC
LAX,2026-06-11 10:53,65.00,60.00,6.00,90.00,29.83,0.00,OVC
LAX,2026-06-11 11:53,65.00,60.00,4.00,null,29.82,0.00,OVC
LAX,2026-06-11 12:53,65.00,60.00,3.00,null,29.82,0.00,BKN
LAX,2026-06-11 13:53,66.00,60.00,0.00,0.00,29.84,0.00,FEW
LAX,2026-06-11 14:53,68.00,60.00,4.00,null,29.85,0.00,FEW
LAX,2026-06-11 15:53,71.00,61.00,5.00,140.00,29.86,0.00,FEW
LAX,2026-06-11 16:53,72.00,61.00,3.00,null,29.86,0.00,FEW
LAX,2026-06-11 17:53,73.00,62.00,8.00,310.00,29.87,0.00,FEW
LAX,2026-06-11 18:53,74.00,62.00,9.00,280.00,29.87,0.00,FEW
LAX,2026-06-11 19:53,73.00,62.00,7.00,260.00,29.87,0.00,FEW
LAX,2026-06-11 20:53,73.00,62.00,10.00,240.00,29.86,0.00,FEW
LAX,2026-06-11 21:53,73.00,62.00,11.00,250.00,29.85,0.00,FEW
LAX,2026-06-11 22:53,73.00,62.00,10.00,250.00,29.85,0.00,FEW
LAX,2026-06-11 23:53,72.00,62.00,11.00,240.00,29.84,0.00,FEW
LAX,2026-06-12 00:53,70.00,62.00,10.00,260.00,29.84,0.00,FEW
LAX,2026-06-12 01:53,68.00,62.00,8.00,240.00,29.84,0.00,BKN
LAX,2026-06-12 02:53,67.00,62.00,9.00,260.00,29.85,0.00,FEW
LAX,2026-06-12 03:53,66.00,62.00,6.00,250.00,29.85,0.00,BKN
LAX,2026-06-12 04:53,66.00,62.00,8.00,260.00,29.86,0.00,FEW
LAX,2026-06-12 05:53,65.00,62.00,7.00,260.00,29.87,0.00,FEW
LAX,2026-06-12 06:53,65.00,62.00,8.00,280.00,29.88,0.00,BKN
LAX,2026-06-12 07:53,65.00,62.00,6.00,260.00,29.88,0.00,BKN
LAX,2026-06-12 08:53,65.00,62.00,4.00,270.00,29.87,0.00,OVC
LAX,2026-06-12 09:53,65.00,62.00,5.00,260.00,29.87,0.00,OVC
LAX,2026-06-12 10:53,65.00,62.00,5.00,250.00,29.87,0.00,OVC
LAX,2026-06-12 11:53,65.00,62.00,0.00,0.00,29.87,0.00,OVC
LAX,2026-06-12 12:53,65.00,62.00,0.00,0.00,29.88,0.00,OVC
LAX,2026-06-12 13:53,66.00,62.00,0.00,0.00,29.89,0.00,SCT
LAX,2026-06-12 14:53,67.00,62.00,3.00,270.00,29.90,0.00,SCT
LAX,2026-06-12 15:53,70.00,62.00,5.00,260.00,29.90,0.00,FEW
LAX,2026-06-12 16:53,72.00,62.00,5.00,230.00,29.89,0.00,FEW
LAX,2026-06-12 17:53,73.00,62.00,8.00,270.00,29.88,0.00,FEW
LAX,2026-06-12 18:53,73.00,62.00,10.00,260.00,29.87,0.00,FEW
LAX,2026-06-12 19:53,72.00,62.00,11.00,270.00,29.86,0.00,FEW
LAX,2026-06-12 20:53,73.00,63.00,13.00,270.00,29.85,0.00,FEW
LAX,2026-06-12 21:53,73.00,62.00,14.00,260.00,29.84,0.00,FEW
LAX,2026-06-12 22:53,71.00,62.00,15.00,240.00,29.84,0.00,FEW
LAX,2026-06-12 23:53,69.00,62.00,15.00,250.00,29.83,0.00,BKN
LAX,2026-06-13 00:53,68.00,62.00,16.00,260.00,29.83,0.00,BKN
LAX,2026-06-13 01:53,68.00,62.00,14.00,260.00,29.83,0.00,BKN
LAX,2026-06-13 02:53,65.00,61.00,13.00,260.00,29.84,0.00,BKN
LAX,2026-06-13 03:53,65.00,61.00,11.00,260.00,29.86,0.00,BKN
LAX,2026-06-13 04:53,66.00,62.00,9.00,250.00,29.89,0.00,BKN
LAX,2026-06-13 05:53,64.00,61.00,6.00,250.00,29.91,0.00,OVC
LAX,2026-06-13 06:53,64.00,60.00,8.00,260.00,29.91,0.00,OVC
LAX,2026-06-13 07:53,63.00,60.00,8.00,250.00,29.90,0.00,OVC
LAX,2026-06-13 08:53,63.00,60.00,4.00,270.00,29.87,0.00,OVC
LAX,2026-06-13 09:53,63.00,61.00,3.00,270.00,29.87,0.00,OVC
LAX,2026-06-13 10:53,64.00,60.00,5.00,300.00,29.87,0.00,OVC
LAX,2026-06-13 11:53,64.00,61.00,0.00,0.00,29.87,0.00,OVC
LAX,2026-06-13 12:53,64.00,61.00,5.00,180.00,29.87,0.00,OVC
LAX,2026-06-13 13:53,64.00,61.00,3.00,null,29.88,0.00,OVC
LAX,2026-06-13 14:53,66.00,61.00,4.00,210.00,29.89,0.00,BKN
LAX,2026-06-13 15:53,69.00,62.00,6.00,220.00,29.89,0.00,SCT
LAX,2026-06-13 16:53,70.00,61.00,9.00,230.00,29.91,0.00,FEW
LAX,2026-06-13 17:53,70.00,61.00,8.00,250.00,29.92,0.00,SCT
LAX,2026-06-13 18:53,70.00,61.00,10.00,250.00,29.93,0.00,SCT
LAX,2026-06-13 19:53,71.00,61.00,10.00,250.00,29.93,0.00,SCT
LAX,2026-06-13 20:53,70.00,60.00,14.00,260.00,29.93,0.00,FEW
LAX,2026-06-13 21:53,70.00,60.00,11.00,240.00,29.92,0.00,FEW
LAX,2026-06-13 22:53,70.00,60.00,10.00,250.00,29.90,0.00,FEW
LAX,2026-06-13 23:53,69.00,60.00,13.00,270.00,29.89,0.00,SCT
LAX,2026-06-14 00:53,67.00,60.00,12.00,260.00,29.88,0.00,BKN
LAX,2026-06-14 01:53,65.00,60.00,9.00,270.00,29.88,0.00,BKN
LAX,2026-06-14 02:53,64.00,60.00,12.00,260.00,29.90,0.00,OVC
LAX,2026-06-14 03:53,62.00,60.00,9.00,240.00,29.91,0.00,OVC
LAX,2026-06-14 04:53,63.00,59.00,9.00,240.00,29.93,0.00,OVC
LAX,2026-06-14 05:53,62.00,59.00,8.00,240.00,29.94,0.00,OVC
LAX,2026-06-14 06:53,62.00,59.00,6.00,250.00,29.94,0.00,BKN
LAX,2026-06-14 07:53,62.00,59.00,5.00,250.00,29.94,0.00,OVC
LAX,2026-06-14 08:53,62.00,59.00,7.00,260.00,29.93,0.00,OVC
LAX,2026-06-14 09:53,62.00,59.00,5.00,null,29.93,0.00,OVC
LAX,2026-06-14 10:53,62.00,59.00,6.00,250.00,29.92,0.00,OVC
LAX,2026-06-14 11:53,62.00,59.00,5.00,260.00,29.93,0.00,OVC
LAX,2026-06-14 12:53,62.00,59.00,0.00,0.00,29.93,0.00,BKN
LAX,2026-06-14 13:53,64.00,60.00,4.00,200.00,29.95,0.00,BKN
LAX,2026-06-14 14:53,66.00,60.00,3.00,160.00,29.95,0.00,SCT
LAX,2026-06-14 15:53,69.00,59.00,5.00,180.00,29.97,0.00,FEW
LAX,2026-06-14 16:53,69.00,60.00,10.00,250.00,29.98,0.00,FEW
LAX,2026-06-14 17:53,69.00,60.00,11.00,260.00,30.00,0.00,FEW
LAX,2026-06-14 18:53,70.00,59.00,10.00,250.00,30.01,0.00,FEW
LAX,2026-06-14 19:53,71.00,59.00,12.00,250.00,30.00,0.00,FEW
LAX,2026-06-14 20:53,70.00,59.00,12.00,250.00,29.99,0.00,FEW
LAX,2026-06-14 21:53,71.00,60.00,15.00,260.00,29.98,0.00,FEW
LAX,2026-06-14 22:53,69.00,59.00,15.00,260.00,29.97,0.00,FEW
LAX,2026-06-14 23:53,69.00,59.00,14.00,250.00,29.96,0.00,FEW
LAX,2026-06-15 00:53,68.00,59.00,15.00,250.00,29.94,0.00,FEW
LAX,2026-06-15 01:53,67.00,60.00,15.00,260.00,29.94,0.00,SCT
LAX,2026-06-15 02:53,66.00,60.00,13.00,250.00,29.95,0.00,BKN
LAX,2026-06-15 03:53,65.00,60.00,11.00,250.00,29.95,0.00,FEW
LAX,2026-06-15 04:53,65.00,60.00,11.00,250.00,29.97,0.00,FEW
LAX,2026-06-15 05:53,64.00,60.00,8.00,260.00,29.98,0.00,FEW
LAX,2026-06-15 06:53,64.00,59.00,8.00,250.00,29.99,0.00,FEW
LAX,2026-06-15 07:53,64.00,59.00,7.00,260.00,29.99,0.00,FEW
LAX,2026-06-15 08:53,64.00,59.00,6.00,240.00,29.99,0.00,FEW
LAX,2026-06-15 09:53,63.00,59.00,8.00,250.00,29.98,0.00,FEW
LAX,2026-06-15 10:53,63.00,59.00,6.00,250.00,29.98,0.00,FEW
LAX,2026-06-15 11:53,63.00,59.00,5.00,null,29.98,0.00,FEW
LAX,2026-06-15 12:53,63.00,60.00,6.00,190.00,29.98,0.00,FEW
LAX,2026-06-15 13:53,64.00,60.00,5.00,180.00,30.00,0.00,BKN
LAX,2026-06-15 14:53,67.00,61.00,7.00,210.00,30.01,0.00,SCT
LAX,2026-06-15 15:53,67.00,60.00,9.00,250.00,30.02,0.00,BKN
LAX,2026-06-15 16:53,67.00,60.00,9.00,250.00,30.03,0.00,BKN
LAX,2026-06-15 17:53,69.00,59.00,9.00,240.00,30.03,0.00,FEW
LAX,2026-06-15 18:53,67.00,59.00,12.00,260.00,30.04,0.00,FEW
LAX,2026-06-15 19:53,69.00,59.00,12.00,250.00,30.03,0.00,FEW
LAX,2026-06-15 20:53,69.00,58.00,16.00,260.00,30.02,0.00,FEW
LAX,2026-06-15 21:53,71.00,59.00,14.00,250.00,30.00,0.00,FEW
LAX,2026-06-15 22:53,70.00,59.00,15.00,260.00,29.98,0.00,FEW
LAX,2026-06-15 23:53,69.00,59.00,17.00,250.00,29.97,0.00,FEW
LAX,2026-06-16 00:53,68.00,59.00,12.00,240.00,29.96,0.00,FEW
LAX,2026-06-16 01:53,66.00,59.00,12.00,240.00,29.96,0.00,FEW
LAX,2026-06-16 02:53,65.00,59.00,12.00,250.00,29.97,0.00,FEW
LAX,2026-06-16 03:53,64.00,59.00,11.00,250.00,29.98,0.00,FEW
LAX,2026-06-16 04:53,64.00,59.00,8.00,250.00,29.99,0.00,FEW
LAX,2026-06-16 05:53,64.00,59.00,8.00,220.00,30.00,0.00,SCT
LAX,2026-06-16 06:53,63.00,59.00,8.00,240.00,30.00,0.00,BKN
LAX,2026-06-16 07:53,63.00,59.00,6.00,260.00,30.00,0.00,FEW
LAX,2026-06-16 08:53,63.00,59.00,6.00,240.00,29.99,0.00,FEW
LAX,2026-06-16 09:53,63.00,59.00,3.00,230.00,29.98,0.00,FEW
LAX,2026-06-16 10:53,63.00,59.00,5.00,190.00,29.96,0.00,FEW
LAX,2026-06-16 11:53,63.00,59.00,6.00,190.00,29.97,0.00,OVC
LAX,2026-06-16 12:53,63.00,59.00,3.00,null,29.97,0.00,OVC
LAX,2026-06-16 13:53,63.00,59.00,7.00,130.00,29.99,0.00,OVC
LAX,2026-06-16 14:53,64.00,59.00,4.00,100.00,30.00,0.00,OVC
LAX,2026-06-16 15:53,64.00,59.00,6.00,170.00,30.00,0.00,BKN
LAX,2026-06-16 16:53,66.00,59.00,6.00,250.00,30.00,0.00,BKN
LAX,2026-06-16 17:53,68.00,59.00,6.00,260.00,30.00,0.00,SCT
LAX,2026-06-16 18:53,69.00,58.00,7.00,240.00,29.99,0.00,SCT
LAX,2026-06-16 19:53,68.00,58.00,9.00,260.00,29.98,0.00,SCT
LAX,2026-06-16 20:53,69.00,59.00,12.00,250.00,29.97,0.00,SCT
LAX,2026-06-16 21:53,69.00,58.00,14.00,230.00,29.96,0.00,FEW
LAX,2026-06-16 22:53,69.00,58.00,13.00,250.00,29.94,0.00,FEW
LAX,2026-06-16 23:53,67.00,59.00,14.00,270.00,29.93,0.00,BKN
LAX,2026-06-17 00:53,66.00,59.00,13.00,250.00,29.91,0.00,BKN
LAX,2026-06-17 01:53,64.00,58.00,13.00,250.00,29.92,0.00,OVC
LAX,2026-06-17 02:53,62.00,58.00,13.00,280.00,29.92,0.00,OVC
LAX,2026-06-17 03:53,62.00,59.00,11.00,260.00,29.92,0.00,OVC
LAX,2026-06-17 04:53,62.00,58.00,9.00,260.00,29.94,0.00,OVC
LAX,2026-06-17 05:53,62.00,58.00,9.00,220.00,29.93,0.00,OVC
LAX,2026-06-17 06:53,62.00,59.00,7.00,260.00,29.93,0.00,OVC
LAX,2026-06-17 07:53,62.00,59.00,4.00,270.00,29.93,0.00,OVC
LAX,2026-06-17 08:53,62.00,58.00,6.00,170.00,29.93,0.00,OVC
LAX,2026-06-17 09:53,62.00,59.00,4.00,240.00,29.92,0.00,OVC
LAX,2026-06-17 10:53,62.00,59.00,4.00,160.00,29.91,0.00,OVC
LAX,2026-06-17 11:53,62.00,59.00,5.00,150.00,29.92,0.00,OVC
LAX,2026-06-17 12:53,62.00,59.00,6.00,140.00,29.93,0.00,FEW
LAX,2026-06-17 13:53,63.00,58.00,3.00,null,29.94,0.00,OVC
LAX,2026-06-17 14:53,64.00,57.00,0.00,0.00,29.94,0.00,OVC
LAX,2026-06-17 15:53,65.00,58.00,6.00,230.00,29.95,0.00,OVC
LAX,2026-06-17 16:53,68.00,58.00,8.00,260.00,29.95,0.00,FEW
LAX,2026-06-17 17:53,68.00,57.00,7.00,260.00,29.95,0.00,FEW
LAX,2026-06-17 18:53,70.00,58.00,8.00,250.00,29.95,0.00,FEW
LAX,2026-06-17 19:53,70.00,59.00,12.00,240.00,29.95,0.00,FEW
LAX,2026-06-17 20:53,68.00,59.00,12.00,250.00,29.94,0.00,FEW
LAX,2026-06-17 21:53,69.00,58.00,13.00,250.00,29.94,0.00,BKN
LAX,2026-06-17 22:53,69.00,57.00,12.00,250.00,29.93,0.00,SCT
LAX,2026-06-17 23:53,69.00,57.00,11.00,260.00,29.91,0.00,FEW
LAX,2026-06-18 00:53,67.00,57.00,11.00,270.00,29.91,0.00,FEW
LAX,2026-06-18 01:53,66.00,58.00,10.00,280.00,29.91,0.00,SCT
LAX,2026-06-18 02:53,64.00,58.00,12.00,260.00,29.92,0.00,BKN
LAX,2026-06-18 03:53,64.00,58.00,11.00,260.00,29.93,0.00,BKN
LAX,2026-06-18 04:53,63.00,58.00,10.00,260.00,29.94,0.00,BKN
LAX,2026-06-18 05:53,63.00,58.00,7.00,260.00,29.94,0.00,FEW
LAX,2026-06-18 06:53,63.00,58.00,8.00,250.00,29.94,0.00,FEW
LAX,2026-06-18 07:53,62.00,58.00,8.00,280.00,29.94,0.00,FEW
LAX,2026-06-18 08:53,63.00,57.00,8.00,240.00,29.93,0.00,BKN
LAX,2026-06-18 09:53,63.00,57.00,4.00,240.00,29.93,0.00,SCT
LAX,2026-06-18 10:53,63.00,57.00,5.00,230.00,29.93,0.00,FEW
LAX,2026-06-18 11:53,63.00,57.00,3.00,190.00,29.93,0.00,FEW
LAX,2026-06-18 12:53,64.00,57.00,0.00,0.00,29.93,0.00,FEW
LAX,2026-06-18 13:53,63.00,57.00,5.00,250.00,29.95,0.00,FEW
LAX,2026-06-18 14:53,63.00,58.00,5.00,250.00,29.97,0.00,FEW
LAX,2026-06-18 15:53,65.00,57.00,5.00,240.00,29.98,0.00,FEW
LAX,2026-06-18 16:53,66.00,57.00,7.00,240.00,29.98,0.00,FEW
LAX,2026-06-18 17:53,66.00,57.00,6.00,250.00,29.98,0.00,FEW
LAX,2026-06-18 18:53,68.00,57.00,9.00,270.00,29.99,0.00,FEW
LAX,2026-06-18 19:53,68.00,57.00,8.00,260.00,29.99,0.00,FEW
LAX,2026-06-18 20:53,69.00,57.00,11.00,260.00,29.98,0.00,FEW
LAX,2026-06-18 21:53,70.00,58.00,11.00,260.00,29.98,0.00,FEW
LAX,2026-06-18 22:53,70.00,58.00,13.00,250.00,29.97,0.00,FEW
LAX,2026-06-18 23:53,68.00,58.00,15.00,250.00,29.97,0.00,FEW
LAX,2026-06-19 00:53,66.00,58.00,12.00,280.00,29.95,0.00,SCT
LAX,2026-06-19 01:53,66.00,58.00,14.00,260.00,29.95,0.00,FEW
LAX,2026-06-19 02:53,64.00,57.00,14.00,270.00,29.96,0.00,SCT
LAX,2026-06-19 03:53,64.00,57.00,8.00,270.00,29.97,0.00,SCT
LAX,2026-06-19 04:53,63.00,57.00,11.00,270.00,29.98,0.00,FEW
LAX,2026-06-19 05:53,63.00,57.00,10.00,270.00,29.99,0.00,FEW
LAX,2026-06-19 06:53,63.00,58.00,11.00,290.00,29.98,0.00,FEW
LAX,2026-06-19 07:53,63.00,57.00,9.00,310.00,29.98,0.00,FEW
LAX,2026-06-19 08:53,63.00,57.00,7.00,290.00,29.97,0.00,FEW
LAX,2026-06-19 09:53,62.00,58.00,6.00,280.00,29.97,0.00,SCT
LAX,2026-06-19 10:53,62.00,57.00,4.00,null,29.97,0.00,OVC
LAX,2026-06-19 11:53,62.00,57.00,3.00,250.00,29.97,0.00,SCT
LAX,2026-06-19 12:53,63.00,57.00,5.00,250.00,29.98,0.00,FEW
LAX,2026-06-19 13:53,63.00,56.00,6.00,250.00,30.00,0.00,FEW
LAX,2026-06-19 16:53,65.00,56.00,6.00,240.00,30.02,0.00,FEW
LAX,2026-06-19 17:53,67.00,57.00,8.00,280.00,30.03,0.00,FEW
LAX,2026-06-19 18:53,70.00,57.00,10.00,260.00,30.03,0.00,FEW
LAX,2026-06-19 19:53,69.00,57.00,13.00,260.00,30.03,0.00,FEW
LAX,2026-06-19 20:53,69.00,58.00,13.00,260.00,30.01,0.00,FEW
LAX,2026-06-19 21:53,68.00,57.00,16.00,260.00,30.01,0.00,FEW
LAX,2026-06-19 22:53,68.00,57.00,16.00,260.00,30.00,0.00,FEW
LAX,2026-06-19 23:53,67.00,56.00,17.00,260.00,29.99,0.00,FEW
LAX,2026-06-20 00:53,67.00,56.00,17.00,270.00,29.98,0.00,FEW
LAX,2026-06-20 01:53,65.00,56.00,17.00,270.00,29.98,0.00,FEW
LAX,2026-06-20 02:53,63.00,56.00,15.00,260.00,29.98,0.00,FEW
LAX,2026-06-20 03:53,63.00,56.00,10.00,260.00,29.98,0.00,FEW
LAX,2026-06-20 04:53,63.00,55.00,9.00,240.00,29.99,0.00,FEW
LAX,2026-06-20 05:53,62.00,57.00,5.00,210.00,29.99,0.00,FEW
LAX,2026-06-20 06:53,62.00,56.00,3.00,140.00,29.98,0.00,CLR
LAX,2026-06-20 07:53,61.00,56.00,5.00,70.00,29.97,0.00,CLR
LAX,2026-06-20 08:53,60.00,56.00,5.00,90.00,29.96,0.00,CLR
LAX,2026-06-20 09:53,60.00,56.00,3.00,90.00,29.96,0.00,CLR
LAX,2026-06-20 10:53,59.00,56.00,4.00,80.00,29.95,0.00,FEW
LAX,2026-06-20 11:53,59.00,56.00,4.00,80.00,29.95,0.00,FEW
LAX,2026-06-20 12:53,58.00,56.00,4.00,80.00,29.96,0.00,FEW
LAX,2026-06-20 13:53,61.00,57.00,4.00,80.00,29.97,0.00,FEW
LAX,2026-06-20 14:53,63.00,57.00,4.00,220.00,29.99,0.00,FEW
LAX,2026-06-20 15:53,65.00,57.00,5.00,250.00,30.00,0.00,FEW
LAX,2026-06-20 16:53,66.00,56.00,7.00,240.00,30.00,0.00,FEW
LAX,2026-06-20 17:53,68.00,55.00,10.00,220.00,30.01,0.00,FEW
LAX,2026-06-20 18:53,68.00,55.00,10.00,240.00,30.00,0.00,FEW
LAX,2026-06-20 19:53,69.00,55.00,11.00,250.00,30.00,0.00,FEW
LAX,2026-06-20 20:53,70.00,56.00,13.00,250.00,29.98,0.00,FEW
LAX,2026-06-20 21:53,69.00,55.00,15.00,260.00,29.98,0.00,FEW
LAX,2026-06-20 22:53,68.00,55.00,16.00,260.00,29.96,0.00,FEW
LAX,2026-06-20 23:53,67.00,55.00,14.00,260.00,29.95,0.00,FEW
LAX,2026-06-21 00:53,67.00,55.00,14.00,260.00,29.94,0.00,FEW
LAX,2026-06-21 01:53,66.00,55.00,11.00,260.00,29.93,0.00,FEW
LAX,2026-06-21 02:53,64.00,56.00,11.00,260.00,29.93,0.00,FEW
LAX,2026-06-21 03:53,63.00,57.00,9.00,240.00,29.93,0.00,FEW
LAX,2026-06-21 04:53,63.00,56.00,9.00,240.00,29.93,0.00,FEW
LAX,2026-06-21 05:53,62.00,57.00,8.00,230.00,29.93,0.00,FEW
LAX,2026-06-21 06:53,62.00,57.00,4.00,220.00,29.92,0.00,FEW
LAX,2026-06-21 07:53,62.00,57.00,3.00,200.00,29.91,0.00,FEW
LAX,2026-06-21 08:53,61.00,58.00,0.00,0.00,29.90,0.00,CLR
LAX,2026-06-21 09:53,61.00,57.00,7.00,250.00,29.90,0.00,CLR
LAX,2026-06-21 10:53,60.00,57.00,4.00,230.00,29.89,0.00,FEW
LAX,2026-06-21 11:53,60.00,57.00,0.00,0.00,29.90,0.00,SCT
LAX,2026-06-21 12:53,60.00,57.00,5.00,120.00,29.90,0.00,FEW
LAX,2026-06-21 13:53,62.00,57.00,7.00,130.00,29.91,0.00,SCT
LAX,2026-06-21 14:53,64.00,57.00,6.00,null,29.93,0.00,FEW
LAX,2026-06-21 15:53,65.00,57.00,6.00,null,29.94,0.00,FEW
LAX,2026-06-21 16:53,66.00,56.00,6.00,190.00,29.93,0.00,FEW
LAX,2026-06-21 17:53,67.00,56.00,10.00,260.00,29.93,0.00,FEW
LAX,2026-06-21 18:53,69.00,56.00,11.00,260.00,29.94,0.00,FEW
LAX,2026-06-21 19:53,70.00,56.00,13.00,240.00,29.93,0.00,FEW
LAX,2026-06-21 20:53,70.00,56.00,12.00,250.00,29.92,0.00,FEW
LAX,2026-06-21 21:53,70.00,56.00,12.00,260.00,29.90,0.00,FEW
LAX,2026-06-21 22:53,70.00,55.00,12.00,240.00,29.88,0.00,FEW
LAX,2026-06-21 23:53,70.00,56.00,12.00,260.00,29.87,0.00,FEW
LAX,2026-06-22 00:53,68.00,57.00,14.00,240.00,29.87,0.00,FEW
LAX,2026-06-22 01:53,66.00,57.00,10.00,260.00,29.87,0.00,FEW
LAX,2026-06-22 02:53,64.00,58.00,11.00,260.00,29.88,0.00,FEW
LAX,2026-06-22 03:53,63.00,58.00,9.00,240.00,29.89,0.00,CLR
LAX,2026-06-22 04:53,63.00,58.00,8.00,240.00,29.91,0.00,FEW
LAX,2026-06-22 05:53,63.00,58.00,7.00,250.00,29.91,0.00,FEW
LAX,2026-06-22 06:53,62.00,58.00,8.00,240.00,29.90,0.00,FEW
LAX,2026-06-22 07:53,62.00,58.00,6.00,240.00,29.90,0.00,FEW
LAX,2026-06-22 08:53,62.00,58.00,7.00,250.00,29.90,0.00,FEW
LAX,2026-06-22 09:53,62.00,58.00,4.00,250.00,29.89,0.00,FEW
LAX,2026-06-22 10:53,62.00,58.00,4.00,270.00,29.89,0.00,FEW
LAX,2026-06-22 11:53,63.00,58.00,0.00,0.00,29.89,0.00,FEW
LAX,2026-06-22 12:53,62.00,57.00,3.00,220.00,29.90,0.00,FEW
LAX,2026-06-22 13:53,63.00,57.00,5.00,250.00,29.92,0.00,FEW
LAX,2026-06-22 14:53,64.00,57.00,4.00,null,29.94,0.00,FEW
LAX,2026-06-22 15:53,65.00,57.00,6.00,240.00,29.95,0.00,FEW
LAX,2026-06-22 16:53,69.00,57.00,0.00,0.00,29.95,0.00,FEW
LAX,2026-06-22 17:53,69.00,57.00,6.00,null,29.96,0.00,FEW
LAX,2026-06-22 18:53,70.00,57.00,10.00,270.00,29.96,0.00,FEW
LAX,2026-06-22 19:53,70.00,58.00,11.00,260.00,29.96,0.00,FEW
LAX,2026-06-22 20:53,71.00,58.00,11.00,250.00,29.95,0.00,FEW
LAX,2026-06-22 21:53,71.00,58.00,11.00,260.00,29.94,0.00,CLR
LAX,2026-06-22 22:53,71.00,58.00,10.00,250.00,29.93,0.00,CLR
LAX,2026-06-22 23:53,70.00,57.00,12.00,250.00,29.93,0.00,CLR
LAX,2026-06-23 00:53,69.00,58.00,11.00,270.00,29.92,0.00,CLR
LAX,2026-06-23 01:53,67.00,59.00,11.00,260.00,29.93,0.00,CLR
LAX,2026-06-23 02:53,65.00,59.00,11.00,270.00,29.94,0.00,FEW
LAX,2026-06-23 03:53,64.00,60.00,10.00,260.00,29.95,0.00,FEW
LAX,2026-06-23 04:53,64.00,59.00,10.00,260.00,29.98,0.00,FEW
LAX,2026-06-23 05:53,63.00,59.00,8.00,250.00,29.99,0.00,FEW
LAX,2026-06-23 06:53,63.00,59.00,6.00,250.00,29.99,0.00,FEW
LAX,2026-06-23 07:53,63.00,59.00,4.00,250.00,29.99,0.00,FEW
LAX,2026-06-23 08:53,63.00,59.00,4.00,250.00,29.99,0.00,SCT
LAX,2026-06-23 09:53,63.00,59.00,4.00,270.00,30.00,0.00,SCT
LAX,2026-06-23 10:53,63.00,59.00,4.00,280.00,30.00,0.00,FEW
LAX,2026-06-23 11:53,64.00,59.00,4.00,250.00,29.99,0.00,FEW
LAX,2026-06-23 12:53,64.00,58.00,0.00,0.00,30.00,0.00,FEW
LAX,2026-06-23 13:53,64.00,58.00,5.00,null,30.02,0.00,FEW
LAX,2026-06-23 14:53,65.00,58.00,0.00,0.00,30.04,0.00,FEW
LAX,2026-06-23 15:53,66.00,59.00,4.00,240.00,30.05,0.00,FEW
LAX,2026-06-23 16:53,66.00,59.00,6.00,270.00,30.07,0.00,FEW
LAX,2026-06-23 17:53,67.00,59.00,8.00,250.00,30.06,0.00,FEW
LAX,2026-06-23 18:53,68.00,59.00,7.00,260.00,30.06,0.00,FEW
LAX,2026-06-23 19:53,71.00,59.00,7.00,240.00,30.03,0.00,FEW
LAX,2026-06-23 20:53,71.00,60.00,10.00,270.00,30.01,0.00,FEW
LAX,2026-06-23 21:53,71.00,59.00,11.00,270.00,30.00,0.00,FEW
LAX,2026-06-23 22:53,71.00,59.00,11.00,260.00,29.99,0.00,FEW
LAX,2026-06-23 23:53,70.00,59.00,12.00,270.00,29.97,0.00,FEW
LAX,2026-06-24 00:53,67.00,59.00,12.00,250.00,29.97,0.00,FEW
LAX,2026-06-24 01:53,67.00,59.00,10.00,270.00,29.98,0.00,FEW
LAX,2026-06-24 02:53,66.00,59.00,11.00,260.00,29.99,0.00,FEW
LAX,2026-06-24 03:53,65.00,60.00,9.00,260.00,30.00,0.00,FEW
LAX,2026-06-24 04:53,64.00,60.00,8.00,270.00,30.02,0.00,FEW
LAX,2026-06-24 05:53,64.00,60.00,9.00,260.00,30.03,0.00,FEW
LAX,2026-06-24 06:53,64.00,60.00,7.00,280.00,30.03,0.00,BKN
LAX,2026-06-24 07:53,64.00,60.00,7.00,290.00,30.02,0.00,BKN
LAX,2026-06-24 08:53,63.00,59.00,5.00,280.00,30.01,0.00,BKN
LAX,2026-06-24 09:53,63.00,59.00,6.00,290.00,30.00,0.00,BKN
LAX,2026-06-24 10:53,62.00,59.00,7.00,270.00,30.01,0.00,BKN
LAX,2026-06-24 11:53,62.00,59.00,6.00,270.00,30.00,0.00,FEW
LAX,2026-06-24 12:53,62.00,59.00,3.00,250.00,30.01,0.00,FEW
LAX,2026-06-24 13:53,63.00,59.00,0.00,0.00,30.01,0.00,FEW
LAX,2026-06-24 14:53,64.00,59.00,0.00,0.00,30.02,0.00,FEW
LAX,2026-06-24 15:53,66.00,59.00,0.00,0.00,30.02,0.00,FEW
LAX,2026-06-24 16:53,68.00,59.00,8.00,270.00,30.02,0.00,FEW
LAX,2026-06-24 17:53,70.00,59.00,9.00,260.00,30.02,0.00,FEW
LAX,2026-06-24 18:53,70.00,59.00,9.00,250.00,30.02,0.00,FEW
LAX,2026-06-24 19:53,69.00,58.00,12.00,270.00,30.01,0.00,FEW
LAX,2026-06-24 20:53,70.00,58.00,14.00,270.00,30.00,0.00,FEW
LAX,2026-06-24 21:53,70.00,58.00,13.00,260.00,29.99,0.00,FEW
LAX,2026-06-24 22:53,69.00,58.00,13.00,250.00,29.97,0.00,FEW
LAX,2026-06-24 23:53,68.00,58.00,14.00,270.00,29.96,0.00,FEW
LAX,2026-06-25 00:53,67.00,58.00,13.00,240.00,29.94,0.00,SCT
LAX,2026-06-25 01:53,65.00,58.00,13.00,260.00,29.94,0.00,SCT
LAX,2026-06-25 02:53,64.00,58.00,10.00,260.00,29.94,0.00,BKN
LAX,2026-06-25 03:53,62.00,58.00,9.00,260.00,29.95,0.00,OVC
LAX,2026-06-25 04:53,62.00,58.00,11.00,260.00,29.97,0.00,BKN
LAX,2026-06-25 05:53,62.00,58.00,9.00,270.00,29.97,0.00,BKN
LAX,2026-06-25 06:53,62.00,58.00,5.00,240.00,29.96,0.00,BKN
LAX,2026-06-25 07:53,62.00,57.00,7.00,240.00,29.96,0.00,FEW
LAX,2026-06-25 08:53,62.00,58.00,5.00,240.00,29.95,0.00,FEW
LAX,2026-06-25 09:53,63.00,58.00,5.00,240.00,29.94,0.00,FEW
LAX,2026-06-25 10:53,63.00,58.00,3.00,280.00,29.93,0.00,FEW
LAX,2026-06-25 11:53,63.00,58.00,3.00,null,29.93,0.00,FEW
LAX,2026-06-25 12:53,63.00,58.00,3.00,null,29.93,0.00,FEW
LAX,2026-06-25 13:53,64.00,57.00,4.00,130.00,29.94,0.00,FEW
LAX,2026-06-25 14:53,65.00,57.00,5.00,150.00,29.94,0.00,FEW
LAX,2026-06-25 15:53,66.00,58.00,3.00,310.00,29.96,0.00,FEW
LAX,2026-06-25 16:53,67.00,58.00,6.00,null,29.96,0.00,FEW
LAX,2026-06-25 17:53,68.00,58.00,7.00,240.00,29.96,0.00,FEW
LAX,2026-06-25 18:53,70.00,57.00,7.00,270.00,29.96,0.00,FEW
LAX,2026-06-25 19:53,71.00,57.00,9.00,250.00,29.95,0.00,FEW
LAX,2026-06-25 20:53,71.00,57.00,12.00,250.00,29.93,0.00,FEW
LAX,2026-06-25 21:53,71.00,57.00,12.00,260.00,29.91,0.00,FEW
LAX,2026-06-25 22:53,70.00,58.00,14.00,260.00,29.90,0.00,FEW
LAX,2026-06-25 23:53,69.00,59.00,16.00,260.00,29.89,0.00,FEW
LAX,2026-06-26 00:53,67.00,59.00,14.00,260.00,29.88,0.00,SCT
LAX,2026-06-26 01:53,65.00,58.00,11.00,250.00,29.89,0.00,SCT
LAX,2026-06-26 02:53,64.00,58.00,13.00,260.00,29.90,0.00,BKN
LAX,2026-06-26 03:53,63.00,58.00,10.00,250.00,29.91,0.00,BKN
LAX,2026-06-26 04:53,63.00,58.00,12.00,260.00,29.91,0.00,FEW
LAX,2026-06-26 05:53,62.00,58.00,7.00,260.00,29.92,0.00,FEW
LAX,2026-06-26 06:53,63.00,57.00,6.00,250.00,29.92,0.00,FEW
LAX,2026-06-26 07:53,62.00,57.00,5.00,250.00,29.92,0.00,FEW
LAX,2026-06-26 08:53,63.00,57.00,4.00,340.00,29.91,0.00,FEW
LAX,2026-06-26 09:53,63.00,57.00,3.00,300.00,29.90,0.00,FEW
LAX,2026-06-26 10:53,63.00,57.00,4.00,270.00,29.90,0.00,FEW
LAX,2026-06-26 11:53,63.00,57.00,3.00,280.00,29.90,0.00,FEW
LAX,2026-06-26 12:53,63.00,57.00,0.00,0.00,29.91,0.00,FEW
LAX,2026-06-26 13:53,63.00,57.00,5.00,240.00,29.92,0.00,FEW
LAX,2026-06-26 14:53,64.00,57.00,3.00,310.00,29.94,0.00,FEW
LAX,2026-06-26 15:53,66.00,57.00,0.00,0.00,29.95,0.00,FEW
LAX,2026-06-26 16:53,67.00,57.00,3.00,130.00,29.96,0.00,FEW
LAX,2026-06-26 17:53,69.00,56.00,8.00,260.00,29.96,0.00,FEW
LAX,2026-06-26 18:53,70.00,56.00,10.00,260.00,29.96,0.00,FEW
LAX,2026-06-26 19:53,70.00,55.00,14.00,240.00,29.97,0.00,FEW
LAX,2026-06-26 20:53,70.00,55.00,12.00,250.00,29.97,0.00,FEW
LAX,2026-06-26 21:53,70.00,56.00,12.00,250.00,29.95,0.00,FEW
LAX,2026-06-26 22:53,70.00,57.00,13.00,240.00,29.94,0.00,FEW
LAX,2026-06-26 23:53,69.00,57.00,14.00,260.00,29.93,0.00,FEW
LAX,2026-06-27 00:53,67.00,58.00,13.00,260.00,29.93,0.00,SCT
LAX,2026-06-27 01:53,66.00,57.00,10.00,250.00,29.93,0.00,BKN
LAX,2026-06-27 02:53,64.00,58.00,10.00,250.00,29.93,0.00,SCT
LAX,2026-06-27 03:53,64.00,58.00,11.00,270.00,29.95,0.00,BKN
LAX,2026-06-27 04:53,63.00,58.00,8.00,290.00,29.97,0.00,SCT
LAX,2026-06-27 05:53,63.00,57.00,0.00,0.00,29.96,0.00,FEW
LAX,2026-06-27 06:53,64.00,57.00,4.00,230.00,29.95,0.00,FEW
LAX,2026-06-27 07:53,64.00,57.00,0.00,0.00,29.94,0.00,BKN
LAX,2026-06-27 08:53,64.00,57.00,4.00,340.00,29.94,0.00,BKN
LAX,2026-06-27 09:53,64.00,57.00,4.00,310.00,29.93,0.00,BKN
LAX,2026-06-27 10:53,64.00,57.00,0.00,0.00,29.93,0.00,BKN
LAX,2026-06-27 11:53,64.00,57.00,3.00,100.00,29.92,0.00,OVC
LAX,2026-06-27 12:53,65.00,55.00,5.00,160.00,29.94,0.00,FEW
LAX,2026-06-27 13:53,66.00,54.00,7.00,130.00,29.95,0.00,FEW
LAX,2026-06-27 14:53,66.00,54.00,3.00,170.00,29.96,0.00,FEW
LAX,2026-06-27 15:53,68.00,55.00,6.00,null,29.97,0.00,SCT
LAX,2026-06-27 16:53,70.00,55.00,6.00,null,29.98,0.00,SCT
LAX,2026-06-27 17:53,70.00,57.00,9.00,240.00,29.98,0.00,SCT
LAX,2026-06-27 18:53,72.00,57.00,13.00,250.00,29.97,0.00,FEW
LAX,2026-06-27 19:53,72.00,58.00,10.00,250.00,29.96,0.00,FEW
LAX,2026-06-27 20:53,72.00,57.00,13.00,240.00,29.96,0.00,FEW
LAX,2026-06-27 21:53,72.00,59.00,13.00,240.00,29.95,0.00,FEW
LAX,2026-06-27 22:53,70.00,58.00,13.00,260.00,29.94,0.00,SCT
LAX,2026-06-27 23:53,70.00,58.00,12.00,240.00,29.92,0.00,SCT
LAX,2026-06-28 00:53,68.00,59.00,12.00,250.00,29.90,0.00,SCT
LAX,2026-06-28 01:53,67.00,59.00,11.00,260.00,29.90,0.00,SCT
LAX,2026-06-28 02:53,65.00,59.00,11.00,250.00,29.91,0.00,FEW
LAX,2026-06-28 03:53,64.00,59.00,10.00,250.00,29.92,0.00,BKN
LAX,2026-06-28 04:53,63.00,59.00,9.00,250.00,29.93,0.00,SCT
LAX,2026-06-28 05:53,64.00,57.00,14.00,260.00,29.92,0.00,FEW
LAX,2026-06-28 06:53,64.00,57.00,10.00,270.00,29.93,0.00,BKN
LAX,2026-06-28 07:53,63.00,57.00,5.00,230.00,29.92,0.00,BKN
LAX,2026-06-28 08:53,63.00,57.00,4.00,250.00,29.92,0.00,BKN
LAX,2026-06-28 09:53,64.00,57.00,0.00,0.00,29.91,0.00,BKN
LAX,2026-06-28 10:53,64.00,57.00,3.00,200.00,29.91,0.00,BKN
LAX,2026-06-28 11:53,63.00,57.00,0.00,0.00,29.90,0.00,OVC
LAX,2026-06-28 12:53,63.00,57.00,3.00,230.00,29.91,0.00,SCT
LAX,2026-06-28 13:53,64.00,56.00,0.00,0.00,29.92,0.00,FEW
LAX,2026-06-28 14:53,66.00,55.00,6.00,160.00,29.93,0.00,FEW
LAX,2026-06-28 15:53,67.00,55.00,6.00,140.00,29.93,0.00,FEW
LAX,2026-06-28 16:53,67.00,55.00,7.00,200.00,29.94,0.00,BKN
LAX,2026-06-28 17:53,67.00,56.00,13.00,260.00,29.94,0.00,BKN
LAX,2026-06-28 18:53,67.00,55.00,10.00,250.00,29.94,0.00,BKN
LAX,2026-06-28 19:53,71.00,55.00,9.00,260.00,29.93,0.00,SCT
LAX,2026-06-28 20:53,71.00,57.00,10.00,250.00,29.91,0.00,FEW
LAX,2026-06-28 21:53,71.00,56.00,12.00,270.00,29.90,0.00,FEW
LAX,2026-06-28 22:53,69.00,56.00,12.00,250.00,29.88,0.00,FEW
LAX,2026-06-28 23:53,69.00,56.00,13.00,280.00,29.86,0.00,FEW
LAX,2026-06-29 00:53,68.00,55.00,12.00,260.00,29.85,0.00,FEW
LAX,2026-06-29 01:53,67.00,55.00,12.00,270.00,29.85,0.00,FEW
LAX,2026-06-29 02:53,65.00,55.00,9.00,250.00,29.85,0.00,FEW
LAX,2026-06-29 03:53,64.00,56.00,7.00,240.00,29.85,0.00,CLR
LAX,2026-06-29 04:53,64.00,57.00,4.00,220.00,29.87,0.00,CLR
LAX,2026-06-29 05:53,64.00,57.00,5.00,230.00,29.86,0.00,CLR
LAX,2026-06-29 06:53,63.00,57.00,6.00,240.00,29.86,0.00,FEW
LAX,2026-06-29 07:53,63.00,56.00,4.00,260.00,29.87,0.00,FEW
LAX,2026-06-29 08:53,63.00,55.00,4.00,250.00,29.86,0.00,FEW
LAX,2026-06-29 09:53,63.00,55.00,0.00,0.00,29.86,0.00,FEW
LAX,2026-06-29 10:53,63.00,55.00,3.00,320.00,29.87,0.00,FEW
LAX,2026-06-29 11:53,62.00,56.00,5.00,10.00,29.87,0.00,FEW
LAX,2026-06-29 12:53,62.00,56.00,4.00,350.00,29.88,0.00,FEW
LAX,2026-06-29 13:53,64.00,56.00,0.00,0.00,29.89,0.00,FEW
LAX,2026-06-29 14:53,66.00,56.00,3.00,180.00,29.90,0.00,FEW
LAX,2026-06-29 15:53,68.00,57.00,7.00,140.00,29.91,0.00,FEW
LAX,2026-06-29 16:53,66.00,58.00,7.00,260.00,29.93,0.00,SCT
LAX,2026-06-29 17:53,67.00,56.00,9.00,260.00,29.93,0.00,SCT
LAX,2026-06-29 18:53,66.00,56.00,6.00,260.00,29.93,0.00,FEW
LAX,2026-06-29 19:53,67.00,58.00,8.00,260.00,29.92,0.00,FEW
LAX,2026-06-29 20:53,71.00,57.00,8.00,270.00,29.91,0.00,FEW
LAX,2026-06-29 21:53,72.00,57.00,10.00,240.00,29.89,0.00,FEW
LAX,2026-06-29 22:53,71.00,58.00,12.00,260.00,29.88,0.00,FEW
LAX,2026-06-29 23:53,70.00,57.00,12.00,250.00,29.88,0.00,FEW
LAX,2026-06-30 00:53,69.00,58.00,11.00,260.00,29.87,0.00,FEW
LAX,2026-06-30 01:53,67.00,57.00,9.00,240.00,29.87,0.00,FEW
LAX,2026-06-30 02:53,65.00,57.00,8.00,260.00,29.89,0.00,FEW
LAX,2026-06-30 03:53,65.00,59.00,10.00,270.00,29.90,0.00,FEW
LAX,2026-06-30 04:53,65.00,58.00,8.00,270.00,29.92,0.00,FEW
LAX,2026-06-30 05:53,65.00,57.00,8.00,260.00,29.93,0.00,FEW
LAX,2026-06-30 06:53,65.00,57.00,6.00,240.00,29.93,0.00,FEW
LAX,2026-06-30 07:53,65.00,58.00,8.00,260.00,29.92,0.00,FEW
LAX,2026-06-30 08:53,65.00,57.00,5.00,270.00,29.92,0.00,FEW
LAX,2026-06-30 09:53,65.00,57.00,3.00,250.00,29.91,0.00,FEW
LAX,2026-06-30 10:53,65.00,58.00,4.00,300.00,29.90,0.00,FEW
LAX,2026-06-30 11:53,65.00,57.00,5.00,250.00,29.90,0.00,FEW
LAX,2026-06-30 12:53,64.00,58.00,6.00,260.00,29.92,0.00,FEW
LAX,2026-06-30 13:53,64.00,58.00,11.00,270.00,29.93,0.00,FEW
LAX,2026-06-30 14:53,65.00,57.00,9.00,260.00,29.95,0.00,FEW
LAX,2026-06-30 15:53,67.00,57.00,8.00,260.00,29.96,0.00,FEW
LAX,2026-06-30 16:53,66.00,57.00,11.00,260.00,29.96,0.00,FEW
LAX,2026-06-30 17:53,68.00,57.00,10.00,270.00,29.96,0.00,FEW
LAX,2026-06-30 18:53,69.00,57.00,10.00,250.00,29.96,0.00,FEW
LAX,2026-06-30 19:53,70.00,58.00,13.00,250.00,29.96,0.00,FEW
LAX,2026-06-30 20:53,69.00,57.00,11.00,250.00,29.95,0.00,FEW
LAX,2026-06-30 21:53,69.00,57.00,14.00,270.00,29.94,0.00,FEW
LAX,2026-06-30 22:53,69.00,57.00,11.00,250.00,29.94,0.00,SCT
LAX,2026-06-30 23:53,68.00,57.00,15.00,260.00,29.93,0.00,FEW
LAX,2026-07-01 00:53,68.00,57.00,11.00,250.00,29.92,0.00,FEW
LAX,2026-07-01 01:53,66.00,57.00,11.00,250.00,29.91,0.00,FEW
LAX,2026-07-01 02:53,65.00,57.00,10.00,250.00,29.92,0.00,FEW
LAX,2026-07-01 03:53,64.00,57.00,8.00,240.00,29.92,0.00,FEW
LAX,2026-07-01 04:53,64.00,57.00,7.00,250.00,29.94,0.00,FEW
LAX,2026-07-01 05:53,65.00,58.00,6.00,270.00,29.93,0.00,FEW
LAX,2026-07-01 06:53,64.00,58.00,7.00,280.00,29.92,0.00,BKN
LAX,2026-07-01 07:53,64.00,58.00,7.00,280.00,29.91,0.00,BKN
LAX,2026-07-01 08:53,64.00,57.00,4.00,280.00,29.90,0.00,BKN
LAX,2026-07-01 09:53,64.00,57.00,4.00,240.00,29.90,0.00,BKN
LAX,2026-07-01 10:53,64.00,58.00,6.00,280.00,29.90,0.00,BKN
LAX,2026-07-01 11:53,64.00,58.00,5.00,270.00,29.90,0.00,BKN
LAX,2026-07-01 12:53,64.00,58.00,0.00,0.00,29.91,0.00,FEW
LAX,2026-07-01 13:53,64.00,57.00,3.00,20.00,29.91,0.00,FEW
LAX,2026-07-01 14:53,65.00,57.00,0.00,0.00,29.92,0.00,FEW
LAX,2026-07-01 15:53,66.00,58.00,5.00,250.00,29.94,0.00,BKN
LAX,2026-07-01 16:53,65.00,59.00,8.00,230.00,29.94,0.00,SCT
LAX,2026-07-01 17:53,67.00,59.00,9.00,260.00,29.95,0.00,FEW
LAX,2026-07-01 18:53,68.00,58.00,7.00,240.00,29.96,0.00,FEW
LAX,2026-07-01 19:53,68.00,59.00,8.00,260.00,29.96,0.00,SCT
LAX,2026-07-01 20:53,69.00,59.00,13.00,260.00,29.95,0.00,FEW
LAX,2026-07-01 21:53,70.00,59.00,10.00,250.00,29.95,0.00,FEW
LAX,2026-07-01 22:53,69.00,58.00,13.00,260.00,29.93,0.00,SCT
LAX,2026-07-01 23:53,68.00,58.00,13.00,230.00,29.92,0.00,SCT
LAX,2026-07-02 00:53,67.00,57.00,12.00,240.00,29.92,0.00,BKN
LAX,2026-07-02 01:53,66.00,57.00,11.00,240.00,29.91,0.00,BKN
LAX,2026-07-02 02:53,65.00,58.00,9.00,250.00,29.91,0.00,SCT
LAX,2026-07-02 03:53,64.00,58.00,9.00,250.00,29.91,0.00,FEW
LAX,2026-07-02 04:53,64.00,58.00,9.00,240.00,29.93,0.00,SCT
LAX,2026-07-02 05:53,64.00,58.00,9.00,260.00,29.94,0.00,FEW
LAX,2026-07-02 06:53,64.00,58.00,8.00,250.00,29.94,0.00,FEW
LAX,2026-07-02 07:53,63.00,58.00,7.00,260.00,29.93,0.00,FEW
LAX,2026-07-02 08:53,63.00,58.00,7.00,260.00,29.92,0.00,FEW
LAX,2026-07-02 09:53,64.00,58.00,5.00,260.00,29.91,0.00,FEW
LAX,2026-07-02 10:53,64.00,58.00,4.00,270.00,29.92,0.00,FEW
LAX,2026-07-02 11:53,65.00,57.00,4.00,210.00,29.93,0.00,FEW
LAX,2026-07-02 12:53,65.00,58.00,6.00,270.00,29.94,0.00,SCT
LAX,2026-07-02 13:53,64.00,58.00,5.00,270.00,29.95,0.00,SCT
LAX,2026-07-02 14:53,65.00,58.00,3.00,130.00,29.96,0.00,SCT
LAX,2026-07-02 15:53,67.00,58.00,4.00,250.00,29.98,0.00,SCT
LAX,2026-07-02 16:53,66.00,58.00,5.00,250.00,29.98,0.00,SCT
LAX,2026-07-02 17:53,67.00,58.00,6.00,260.00,29.99,0.00,SCT
LAX,2026-07-02 18:53,69.00,58.00,9.00,240.00,29.99,0.00,SCT
LAX,2026-07-02 19:53,72.00,57.00,6.00,290.00,29.99,0.00,FEW
LAX,2026-07-02 20:53,72.00,57.00,9.00,240.00,29.98,0.00,FEW
LAX,2026-07-02 21:53,72.00,57.00,13.00,240.00,29.97,0.00,FEW
LAX,2026-07-02 22:53,71.00,58.00,13.00,260.00,29.96,0.00,FEW
LAX,2026-07-02 23:53,69.00,59.00,16.00,280.00,29.94,0.00,FEW
LAX,2026-07-03 00:53,69.00,59.00,15.00,270.00,29.92,0.00,FEW
LAX,2026-07-03 01:53,68.00,59.00,13.00,270.00,29.92,0.00,FEW
LAX,2026-07-03 02:53,66.00,59.00,13.00,270.00,29.92,0.00,FEW
LAX,2026-07-03 03:53,65.00,59.00,13.00,270.00,29.93,0.00,FEW
LAX,2026-07-03 04:53,65.00,59.00,11.00,260.00,29.93,0.00,CLR
LAX,2026-07-03 05:53,64.00,59.00,9.00,240.00,29.95,0.00,FEW
LAX,2026-07-03 06:53,64.00,60.00,7.00,250.00,29.95,0.00,FEW
LAX,2026-07-03 07:53,63.00,59.00,6.00,260.00,29.94,0.00,FEW
LAX,2026-07-03 08:53,64.00,60.00,3.00,null,29.94,0.00,FEW
LAX,2026-07-03 09:53,63.00,59.00,3.00,220.00,29.94,0.00,FEW
LAX,2026-07-03 10:53,63.00,59.00,3.00,null,29.94,0.00,FEW
LAX,2026-07-03 11:53,63.00,59.00,6.00,190.00,29.95,0.00,FEW
LAX,2026-07-03 12:53,62.00,59.00,7.00,220.00,29.97,0.00,FEW
LAX,2026-07-03 13:53,63.00,59.00,5.00,230.00,30.00,0.00,FEW
LAX,2026-07-03 14:53,65.00,59.00,4.00,null,30.01,0.00,FEW
LAX,2026-07-03 15:53,66.00,58.00,0.00,0.00,30.01,0.00,FEW
LAX,2026-07-03 16:53,68.00,58.00,0.00,0.00,30.01,0.00,FEW
LAX,2026-07-03 17:53,71.00,59.00,5.00,260.00,30.01,0.00,FEW
LAX,2026-07-03 18:53,71.00,58.00,8.00,260.00,30.02,0.00,FEW
LAX,2026-07-03 19:53,71.00,59.00,9.00,270.00,30.00,0.00,FEW
LAX,2026-07-03 20:53,72.00,59.00,10.00,250.00,30.00,0.00,FEW
LAX,2026-07-03 21:53,72.00,59.00,12.00,260.00,29.99,0.00,FEW
LAX,2026-07-03 22:53,71.00,59.00,13.00,250.00,29.99,0.00,FEW
LAX,2026-07-03 23:53,71.00,59.00,12.00,250.00,29.98,0.00,FEW
LAX,2026-07-04 00:53,69.00,60.00,10.00,260.00,29.97,0.00,FEW
LAX,2026-07-04 01:53,68.00,60.00,10.00,260.00,29.97,0.00,FEW
LAX,2026-07-04 02:53,66.00,60.00,11.00,260.00,29.99,0.00,FEW
LAX,2026-07-04 03:53,65.00,60.00,12.00,270.00,30.00,0.00,SCT
LAX,2026-07-04 04:53,65.00,60.00,11.00,260.00,30.01,0.00,SCT
LAX,2026-07-04 05:53,64.00,60.00,10.00,250.00,30.01,0.00,BKN
LAX,2026-07-04 06:53,64.00,60.00,12.00,260.00,30.03,0.00,BKN
LAX,2026-07-04 07:53,63.00,59.00,4.00,260.00,30.01,0.00,BKN
LAX,2026-07-04 08:53,63.00,59.00,5.00,250.00,29.99,0.00,BKN
LAX,2026-07-04 09:53,63.00,59.00,4.00,240.00,29.99,0.00,BKN
LAX,2026-07-04 10:53,63.00,59.00,6.00,null,29.98,0.00,SCT
LAX,2026-07-04 11:53,62.00,59.00,3.00,null,29.99,0.00,FEW
LAX,2026-07-04 12:53,63.00,59.00,0.00,0.00,30.01,0.00,BKN
LAX,2026-07-04 13:53,64.00,59.00,0.00,0.00,30.02,0.00,FEW
LAX,2026-07-04 14:53,66.00,60.00,5.00,270.00,30.03,0.00,FEW
LAX,2026-07-04 15:53,69.00,60.00,5.00,240.00,30.03,0.00,FEW
LAX,2026-07-04 16:53,69.00,60.00,3.00,null,30.03,0.00,FEW
LAX,2026-07-04 17:53,70.00,60.00,10.00,270.00,30.04,0.00,SCT
LAX,2026-07-04 18:53,71.00,59.00,6.00,260.00,30.03,0.00,SCT
LAX,2026-07-04 19:53,72.00,60.00,8.00,250.00,30.03,0.00,FEW
LAX,2026-07-04 20:53,74.00,60.00,8.00,260.00,30.01,0.00,FEW
LAX,2026-07-04 21:53,75.00,61.00,10.00,260.00,30.00,0.00,FEW
LAX,2026-07-04 22:53,74.00,61.00,9.00,250.00,29.99,0.00,FEW
LAX,2026-07-04 23:53,71.00,61.00,11.00,270.00,29.98,0.00,FEW
LAX,2026-07-05 00:53,71.00,61.00,9.00,260.00,29.96,0.00,SCT
LAX,2026-07-05 01:53,69.00,62.00,11.00,270.00,29.96,0.00,FEW
LAX,2026-07-05 02:53,68.00,62.00,13.00,260.00,29.97,0.00,SCT
LAX,2026-07-05 03:53,66.00,61.00,13.00,260.00,29.97,0.00,SCT
LAX,2026-07-05 04:53,66.00,61.00,12.00,270.00,29.99,0.00,SCT
LAX,2026-07-05 05:53,65.00,60.00,12.00,260.00,29.99,0.00,FEW
LAX,2026-07-05 06:53,65.00,60.00,8.00,240.00,29.99,0.00,FEW
LAX,2026-07-05 07:53,65.00,61.00,6.00,250.00,29.98,0.00,FEW
LAX,2026-07-05 08:53,65.00,61.00,4.00,240.00,29.98,0.00,FEW
LAX,2026-07-05 09:53,65.00,61.00,7.00,240.00,29.98,0.00,FEW
LAX,2026-07-05 10:53,65.00,61.00,6.00,260.00,29.98,0.00,SCT
LAX,2026-07-05 11:53,65.00,61.00,5.00,260.00,29.99,0.00,SCT
LAX,2026-07-05 12:53,65.00,60.00,5.00,250.00,29.99,0.00,FEW
LAX,2026-07-05 13:53,66.00,61.00,5.00,270.00,29.99,0.00,SCT
LAX,2026-07-05 14:53,67.00,61.00,4.00,270.00,30.00,0.00,SCT
LAX,2026-07-05 15:53,70.00,61.00,6.00,260.00,30.01,0.00,FEW
LAX,2026-07-05 16:53,72.00,61.00,8.00,250.00,30.00,0.00,FEW
LAX,2026-07-05 17:53,72.00,61.00,8.00,250.00,30.00,0.00,FEW
LAX,2026-07-05 18:53,72.00,61.00,9.00,270.00,30.00,0.00,FEW
LAX,2026-07-05 19:53,72.00,61.00,10.00,260.00,29.99,0.00,FEW
LAX,2026-07-05 20:53,75.00,61.00,11.00,260.00,29.98,0.00,FEW
LAX,2026-07-05 21:53,73.00,62.00,12.00,260.00,29.97,0.00,FEW
LAX,2026-07-05 22:53,74.00,60.00,15.00,260.00,29.95,0.00,FEW
LAX,2026-07-05 23:53,72.00,60.00,15.00,260.00,29.93,0.00,FEW
LAX,2026-07-06 00:53,71.00,61.00,12.00,250.00,29.92,0.00,FEW
LAX,2026-07-06 01:53,69.00,62.00,12.00,250.00,29.93,0.00,FEW
LAX,2026-07-06 02:53,67.00,59.00,13.00,260.00,29.93,0.00,FEW
LAX,2026-07-06 03:53,66.00,60.00,9.00,250.00,29.93,0.00,FEW
LAX,2026-07-06 04:53,66.00,59.00,13.00,250.00,29.94,0.00,CLR
LAX,2026-07-06 05:53,65.00,61.00,8.00,240.00,29.94,0.00,FEW
LAX,2026-07-06 06:53,65.00,60.00,6.00,250.00,29.94,0.00,FEW
LAX,2026-07-06 07:53,65.00,60.00,3.00,null,29.93,0.00,FEW
LAX,2026-07-06 08:53,65.00,60.00,5.00,240.00,29.93,0.00,FEW
LAX,2026-07-06 09:53,65.00,61.00,4.00,180.00,29.92,0.00,FEW
LAX,2026-07-06 10:53,64.00,61.00,3.00,270.00,29.92,0.00,FEW
LAX,2026-07-06 11:53,64.00,61.00,4.00,260.00,29.92,0.00,FEW
LAX,2026-07-06 12:53,64.00,60.00,5.00,260.00,29.92,0.00,FEW
LAX,2026-07-06 13:53,65.00,61.00,5.00,230.00,29.93,0.00,FEW
LAX,2026-07-06 14:53,67.00,61.00,3.00,270.00,29.95,0.00,SCT
LAX,2026-07-06 15:53,70.00,61.00,4.00,260.00,29.96,0.00,FEW
LAX,2026-07-06 16:53,72.00,61.00,4.00,270.00,29.95,0.00,FEW
LAX,2026-07-06 17:53,74.00,61.00,7.00,250.00,29.95,0.00,CLR
LAX,2026-07-06 18:53,74.00,61.00,10.00,250.00,29.95,0.00,CLR
LAX,2026-07-06 19:53,73.00,60.00,11.00,240.00,29.95,0.00,CLR
LAX,2026-07-06 20:53,73.00,61.00,10.00,260.00,29.94,0.00,FEW
LAX,2026-07-06 21:53,74.00,60.00,13.00,240.00,29.93,0.00,FEW
LAX,2026-07-06 22:53,72.00,60.00,15.00,250.00,29.92,0.00,FEW
LAX,2026-07-06 23:53,71.00,61.00,14.00,240.00,29.91,0.00,FEW
LAX,2026-07-07 00:53,70.00,60.00,14.00,260.00,29.90,0.00,FEW
LAX,2026-07-07 01:53,69.00,60.00,11.00,250.00,29.89,0.00,FEW
LAX,2026-07-07 02:53,68.00,59.00,8.00,240.00,29.90,0.00,CLR
LAX,2026-07-07 03:53,67.00,59.00,7.00,250.00,29.90,0.00,CLR
LAX,2026-07-07 04:53,66.00,60.00,6.00,210.00,29.90,0.00,CLR
LAX,2026-07-07 05:53,66.00,61.00,8.00,190.00,29.91,0.00,CLR
LAX,2026-07-07 06:53,65.00,61.00,9.00,220.00,29.92,0.00,FEW
LAX,2026-07-07 07:53,64.00,60.00,6.00,210.00,29.92,0.00,FEW
LAX,2026-07-07 08:53,64.00,59.00,5.00,190.00,29.92,0.00,FEW
LAX,2026-07-07 09:53,64.00,59.00,3.00,200.00,29.92,0.00,FEW
LAX,2026-07-07 10:53,63.00,59.00,3.00,null,29.92,0.00,FEW
LAX,2026-07-07 11:53,64.00,60.00,4.00,280.00,29.92,0.00,FEW
LAX,2026-07-07 12:53,64.00,60.00,3.00,null,29.93,0.00,FEW
LAX,2026-07-07 13:53,65.00,61.00,3.00,250.00,29.94,0.00,FEW
LAX,2026-07-07 14:53,67.00,61.00,0.00,0.00,29.96,0.00,FEW
LAX,2026-07-07 15:53,70.00,61.00,4.00,260.00,29.97,0.00,FEW
LAX,2026-07-07 16:53,70.00,61.00,7.00,290.00,29.97,0.00,FEW
LAX,2026-07-07 17:53,71.00,61.00,8.00,240.00,29.97,0.00,FEW
LAX,2026-07-07 18:53,72.00,60.00,10.00,270.00,29.97,0.00,FEW
LAX,2026-07-07 19:53,73.00,61.00,10.00,260.00,29.96,0.00,CLR
LAX,2026-07-07 20:53,74.00,59.00,14.00,260.00,29.95,0.00,CLR
LAX,2026-07-07 21:53,74.00,60.00,16.00,270.00,29.94,0.00,FEW
LAX,2026-07-07 22:53,74.00,58.00,17.00,260.00,29.93,0.00,CLR
LAX,2026-07-07 23:53,74.00,57.00,14.00,260.00,29.91,0.00,CLR
LAX,2026-07-08 00:53,72.00,58.00,12.00,240.00,29.91,0.00,CLR
LAX,2026-07-08 01:53,70.00,59.00,15.00,240.00,29.91,0.00,CLR
LAX,2026-07-08 02:53,68.00,61.00,13.00,260.00,29.90,0.00,CLR
LAX,2026-07-08 03:53,68.00,58.00,7.00,230.00,29.90,0.00,CLR
LAX,2026-07-08 04:53,67.00,57.00,9.00,230.00,29.91,0.00,CLR
LAX,2026-07-08 05:53,66.00,57.00,8.00,220.00,29.92,0.00,CLR
LAX,2026-07-08 06:53,65.00,58.00,6.00,230.00,29.94,0.00,CLR
LAX,2026-07-08 07:53,65.00,60.00,3.00,110.00,29.95,0.00,FEW
LAX,2026-07-08 08:53,65.00,59.00,4.00,10.00,29.94,0.00,FEW
LAX,2026-07-08 09:53,65.00,59.00,0.00,0.00,29.94,0.00,CLR
LAX,2026-07-08 10:53,65.00,60.00,4.00,330.00,29.94,0.00,CLR
LAX,2026-07-08 11:53,65.00,60.00,0.00,0.00,29.94,0.00,CLR
LAX,2026-07-08 12:53,64.00,60.00,3.00,150.00,29.95,0.00,CLR
LAX,2026-07-08 13:53,66.00,60.00,0.00,0.00,29.96,0.00,CLR
LAX,2026-07-08 14:53,68.00,60.00,3.00,null,29.96,0.00,FEW
LAX,2026-07-08 15:53,70.00,60.00,0.00,0.00,29.97,0.00,FEW
LAX,2026-07-08 16:53,72.00,61.00,7.00,240.00,29.97,0.00,FEW
LAX,2026-07-08 17:53,71.00,61.00,7.00,250.00,29.98,0.00,FEW
LAX,2026-07-08 18:53,72.00,62.00,10.00,260.00,29.97,0.00,FEW
LAX,2026-07-08 19:53,74.00,62.00,7.00,230.00,29.97,0.00,FEW
LAX,2026-07-08 20:53,73.00,61.00,11.00,250.00,29.95,0.00,FEW
LAX,2026-07-08 21:53,72.00,61.00,12.00,270.00,29.93,0.00,FEW
LAX,2026-07-08 22:53,73.00,58.00,16.00,270.00,29.90,0.00,CLR
LAX,2026-07-08 23:53,72.00,59.00,13.00,260.00,29.89,0.00,CLR
LAX,2026-07-09 00:53,72.00,58.00,13.00,270.00,29.87,0.00,CLR
LAX,2026-07-09 01:53,71.00,59.00,10.00,260.00,29.87,0.00,CLR
LAX,2026-07-09 02:53,69.00,62.00,8.00,240.00,29.87,0.00,CLR
LAX,2026-07-09 03:53,68.00,62.00,5.00,250.00,29.87,0.00,CLR
LAX,2026-07-09 04:53,68.00,60.00,6.00,240.00,29.88,0.00,CLR
LAX,2026-07-09 05:53,67.00,61.00,5.00,230.00,29.88,0.00,CLR
LAX,2026-07-09 06:53,67.00,58.00,0.00,0.00,29.88,0.00,CLR
LAX,2026-07-09 07:53,66.00,61.00,3.00,190.00,29.89,0.00,FEW
LAX,2026-07-09 08:53,66.00,62.00,3.00,240.00,29.89,0.00,FEW
LAX,2026-07-09 09:53,65.00,61.00,0.00,0.00,29.88,0.00,FEW
LAX,2026-07-09 10:53,65.00,61.00,3.00,null,29.88,0.00,FEW
LAX,2026-07-09 11:53,65.00,61.00,4.00,null,29.88,0.00,FEW
LAX,2026-07-09 12:53,64.00,61.00,5.00,110.00,29.88,0.00,FEW
LAX,2026-07-09 13:53,66.00,62.00,3.00,100.00,29.88,0.00,FEW
LAX,2026-07-09 14:53,68.00,62.00,0.00,0.00,29.89,0.00,FEW
LAX,2026-07-09 15:53,71.00,62.00,0.00,0.00,29.90,0.00,FEW
LAX,2026-07-09 16:53,70.00,62.00,9.00,260.00,29.91,0.00,FEW
LAX,2026-07-09 17:53,71.00,63.00,9.00,280.00,29.91,0.00,FEW
LAX,2026-07-09 18:53,72.00,62.00,8.00,270.00,29.91,0.00,FEW
LAX,2026-07-09 19:53,72.00,62.00,7.00,270.00,29.90,0.00,FEW
LAX,2026-07-09 20:53,74.00,62.00,8.00,270.00,29.89,0.00,FEW
LAX,2026-07-09 21:53,73.00,62.00,8.00,240.00,29.88,0.00,FEW
LAX,2026-07-09 22:53,72.00,62.00,10.00,260.00,29.87,0.00,FEW
LAX,2026-07-09 23:53,71.00,63.00,9.00,250.00,29.85,0.00,FEW
LAX,2026-07-10 00:53,69.00,62.00,9.00,270.00,29.85,0.00,FEW
LAX,2026-07-10 01:53,67.00,62.00,6.00,260.00,29.84,0.00,BKN
LAX,2026-07-10 02:53,66.00,62.00,7.00,280.00,29.84,0.00,BKN
LAX,2026-07-10 03:53,65.00,61.00,7.00,240.00,29.84,0.00,BKN
LAX,2026-07-10 04:53,65.00,62.00,6.00,240.00,29.86,0.00,BKN
LAX,2026-07-10 05:53,65.00,62.00,4.00,240.00,29.86,0.00,BKN
LAX,2026-07-10 06:53,65.00,62.00,3.00,210.00,29.86,0.00,FEW
LAX,2026-07-10 07:53,65.00,62.00,4.00,240.00,29.85,0.00,FEW
LAX,2026-07-10 08:53,65.00,62.00,3.00,270.00,29.85,0.00,FEW
LAX,2026-07-10 09:53,66.00,62.00,4.00,null,29.85,0.00,FEW
LAX,2026-07-10 10:53,66.00,62.00,3.00,210.00,29.86,0.00,FEW
LAX,2026-07-10 11:53,65.00,62.00,4.00,160.00,29.86,0.00,FEW
LAX,2026-07-10 12:53,65.00,62.00,5.00,110.00,29.88,0.00,FEW
LAX,2026-07-10 13:53,65.00,61.00,3.00,100.00,29.89,0.00,FEW
LAX,2026-07-10 14:53,66.00,61.00,3.00,100.00,29.89,0.00,FEW
LAX,2026-07-10 15:53,68.00,61.00,6.00,120.00,29.88,0.00,FEW
LAX,2026-07-10 16:53,72.00,62.00,0.00,0.00,29.87,0.00,FEW
LAX,2026-07-10 17:53,74.00,61.00,4.00,230.00,29.90,0.00,FEW
LAX,2026-07-10 18:53,73.00,61.00,11.00,240.00,29.92,0.00,FEW
LAX,2026-07-10 19:53,73.00,61.00,11.00,250.00,29.92,0.00,FEW
LAX,2026-07-10 20:53,73.00,61.00,11.00,250.00,29.91,0.00,FEW
LAX,2026-07-10 21:53,72.00,61.00,11.00,270.00,29.90,0.00,FEW
LAX,2026-07-10 22:53,72.00,61.00,9.00,260.00,29.89,0.00,FEW
LAX,2026-07-10 23:53,72.00,61.00,10.00,270.00,29.87,0.00,CLR
LAX,2026-07-11 00:53,72.00,61.00,7.00,270.00,29.85,0.00,CLR
LAX,2026-07-11 01:53,70.00,61.00,9.00,270.00,29.85,0.00,CLR
LAX,2026-07-11 02:53,68.00,62.00,10.00,260.00,29.85,0.00,FEW
LAX,2026-07-11 03:53,67.00,62.00,8.00,260.00,29.86,0.00,SCT
LAX,2026-07-11 04:53,67.00,63.00,6.00,260.00,29.89,0.00,SCT
LAX,2026-07-11 05:53,67.00,62.00,5.00,260.00,29.89,0.00,SCT
LAX,2026-07-11 06:53,66.00,62.00,6.00,250.00,29.89,0.00,FEW
LAX,2026-07-11 07:53,66.00,62.00,5.00,null,29.89,0.00,FEW
LAX,2026-07-11 08:53,66.00,62.00,3.00,280.00,29.89,0.00,FEW
LAX,2026-07-11 09:53,67.00,62.00,0.00,0.00,29.90,0.00,FEW
LAX,2026-07-11 10:53,67.00,62.00,4.00,300.00,29.90,0.00,FEW
LAX,2026-07-11 11:53,67.00,62.00,5.00,310.00,29.91,0.00,FEW
LAX,2026-07-11 12:53,68.00,61.00,6.00,120.00,29.92,0.00,FEW
LAX,2026-07-11 13:53,68.00,61.00,0.00,0.00,29.89,0.00,FEW
LAX,2026-07-11 14:53,69.00,61.00,4.00,null,29.93,0.00,FEW
LAX,2026-07-11 15:53,69.00,60.00,5.00,90.00,29.95,0.00,FEW
LAX,2026-07-11 16:53,71.00,61.00,9.00,140.00,29.96,0.00,BKN
LAX,2026-07-11 17:53,75.00,60.00,8.00,170.00,29.96,0.00,SCT
LAX,2026-07-11 18:53,75.00,60.00,6.00,140.00,29.96,0.00,FEW
LAX,2026-07-11 19:53,74.00,60.00,11.00,250.00,29.95,0.00,FEW
LAX,2026-07-11 20:53,75.00,60.00,10.00,280.00,29.93,0.00,FEW
LAX,2026-07-11 21:53,73.00,60.00,8.00,260.00,29.92,0.00,FEW
LAX,2026-07-11 22:53,74.00,59.00,9.00,230.00,29.91,0.00,FEW
LAX,2026-07-11 23:53,72.00,60.00,9.00,250.00,29.92,0.00,FEW
LAX,2026-07-12 00:53,71.00,60.00,9.00,240.00,29.93,0.00,FEW
LAX,2026-07-12 01:53,70.00,61.00,9.00,230.00,29.95,0.00,FEW
LAX,2026-07-12 02:53,68.00,61.00,8.00,280.00,29.94,0.00,FEW
LAX,2026-07-12 03:53,68.00,61.00,9.00,280.00,29.93,0.00,FEW
LAX,2026-07-12 04:53,69.00,62.00,4.00,210.00,29.92,0.00,FEW
LAX,2026-07-12 05:53,68.00,62.00,4.00,250.00,29.92,0.00,SCT
LAX,2026-07-12 06:53,67.00,62.00,6.00,240.00,29.93,0.00,FEW
LAX,2026-07-12 07:53,68.00,63.00,6.00,260.00,29.92,0.00,FEW
LAX,2026-07-12 08:53,67.00,63.00,5.00,280.00,29.91,0.00,FEW
LAX,2026-07-12 09:53,67.00,63.00,6.00,260.00,29.91,0.00,FEW
LAX,2026-07-12 10:53,67.00,63.00,3.00,250.00,29.92,0.00,FEW
LAX,2026-07-12 11:53,67.00,63.00,0.00,0.00,29.93,0.00,FEW
LAX,2026-07-12 12:53,67.00,63.00,0.00,0.00,29.95,0.00,FEW
LAX,2026-07-12 13:53,68.00,63.00,5.00,110.00,29.96,0.00,FEW
LAX,2026-07-12 14:53,70.00,62.00,6.00,100.00,29.97,0.00,FEW
LAX,2026-07-12 15:53,72.00,62.00,3.00,null,29.98,0.00,FEW
LAX,2026-07-12 16:53,74.00,64.00,4.00,230.00,29.99,0.00,FEW
LAX,2026-07-12 17:53,74.00,64.00,8.00,250.00,29.97,0.00,FEW
LAX,2026-07-12 18:53,73.00,64.00,12.00,270.00,29.94,0.00,FEW
LAX,2026-07-12 19:53,72.00,64.00,7.00,200.00,29.94,0.00,FEW
LAX,2026-07-12 20:53,70.00,63.00,10.00,250.00,29.95,0.00,FEW
LAX,2026-07-12 21:53,71.00,64.00,7.00,280.00,29.94,0.00,FEW
LAX,2026-07-12 22:53,71.00,64.00,8.00,280.00,29.92,0.00,FEW
LAX,2026-07-12 23:53,71.00,64.00,10.00,270.00,29.90,0.00,FEW
LAX,2026-07-13 00:53,73.00,65.00,13.00,260.00,29.89,0.00,FEW
LAX,2026-07-13 01:53,71.00,64.00,11.00,270.00,29.89,0.00,FEW
LAX,2026-07-13 02:53,69.00,64.00,9.00,260.00,29.91,0.00,FEW
LAX,2026-07-13 03:53,68.00,64.00,8.00,250.00,29.92,0.00,FEW
LAX,2026-07-13 04:53,68.00,64.00,5.00,240.00,29.93,0.00,FEW
LAX,2026-07-13 05:53,69.00,64.00,5.00,250.00,29.95,0.00,FEW
LAX,2026-07-13 06:53,69.00,64.00,3.00,null,29.94,0.00,FEW
LAX,2026-07-13 07:53,69.00,65.00,4.00,200.00,29.93,0.00,FEW
LAX,2026-07-13 08:53,68.00,65.00,7.00,250.00,29.92,0.00,FEW
LAX,2026-07-13 09:53,67.00,64.00,6.00,260.00,29.93,0.00,BKN
LAX,2026-07-13 10:53,68.00,65.00,8.00,260.00,29.93,0.00,BKN
LAX,2026-07-13 11:53,67.00,64.00,9.00,290.00,29.93,0.00,BKN
LAX,2026-07-13 12:53,68.00,64.00,7.00,260.00,29.95,0.00,BKN
LAX,2026-07-13 13:53,68.00,63.00,3.00,300.00,29.96,0.00,SCT
LAX,2026-07-13 14:53,68.00,63.00,4.00,310.00,29.96,0.00,FEW
LAX,2026-07-13 15:53,70.00,64.00,5.00,250.00,29.97,0.00,FEW
LAX,2026-07-13 16:53,72.00,64.00,5.00,null,29.98,0.00,FEW
LAX,2026-07-13 17:53,73.00,64.00,6.00,260.00,29.98,0.00,FEW
LAX,2026-07-13 18:53,75.00,64.00,10.00,280.00,29.98,0.00,FEW
LAX,2026-07-13 19:53,73.00,64.00,7.00,260.00,29.98,0.00,FEW
LAX,2026-07-13 20:53,74.00,64.00,9.00,260.00,29.96,0.00,FEW
LAX,2026-07-13 21:53,74.00,64.00,11.00,280.00,29.96,0.00,FEW
LAX,2026-07-13 22:53,74.00,64.00,10.00,270.00,29.94,0.00,FEW
LAX,2026-07-13 23:53,73.00,64.00,13.00,260.00,29.93,0.00,FEW
LAX,2026-07-14 00:53,71.00,63.00,16.00,260.00,29.92,0.00,FEW
LAX,2026-07-14 01:53,69.00,63.00,14.00,260.00,29.92,0.00,SCT
LAX,2026-07-14 02:53,68.00,63.00,12.00,250.00,29.93,0.00,BKN
LAX,2026-07-14 03:53,68.00,64.00,8.00,250.00,29.96,0.00,BKN
LAX,2026-07-14 04:53,68.00,64.00,8.00,250.00,29.97,0.00,BKN
LAX,2026-07-14 05:53,68.00,64.00,4.00,240.00,29.98,0.00,FEW
LAX,2026-07-14 06:53,68.00,64.00,3.00,210.00,29.98,0.00,FEW
LAX,2026-07-14 07:53,68.00,64.00,8.00,240.00,29.99,0.00,FEW
LAX,2026-07-14 08:53,68.00,64.00,6.00,260.00,29.98,0.00,BKN
LAX,2026-07-14 09:53,68.00,63.00,3.00,230.00,29.98,0.00,FEW
LAX,2026-07-14 10:53,68.00,63.00,0.00,0.00,29.98,0.00,FEW
LAX,2026-07-14 11:53,67.00,64.00,5.00,270.00,29.97,0.00,SCT
LAX,2026-07-14 12:53,67.00,64.00,7.00,260.00,29.97,0.00,SCT
LAX,2026-07-14 13:53,67.00,64.00,4.00,260.00,29.98,0.00,SCT
LAX,2026-07-14 14:53,70.00,64.00,4.00,280.00,29.98,0.00,FEW
LAX,2026-07-14 15:53,71.00,64.00,8.00,260.00,29.99,0.00,SCT
LAX,2026-07-14 16:53,71.00,64.00,5.00,270.00,29.99,0.00,FEW
LAX,2026-07-14 17:53,73.00,64.00,10.00,260.00,29.99,0.00,FEW
LAX,2026-07-14 18:53,74.00,64.00,11.00,260.00,29.98,0.00,FEW
LAX,2026-07-14 19:53,75.00,64.00,11.00,250.00,29.97,0.00,FEW
LAX,2026-07-14 20:53,76.00,64.00,11.00,270.00,29.95,0.00,FEW
LAX,2026-07-14 21:53,77.00,62.00,11.00,260.00,29.93,0.00,FEW
LAX,2026-07-14 22:53,76.00,63.00,12.00,250.00,29.90,0.00,FEW
LAX,2026-07-14 23:53,76.00,62.00,17.00,250.00,29.89,0.00,FEW
LAX,2026-07-15 00:53,74.00,63.00,15.00,260.00,29.88,0.00,FEW
LAX,2026-07-15 01:53,73.00,64.00,13.00,230.00,29.87,0.00,FEW
LAX,2026-07-15 02:53,73.00,58.00,13.00,230.00,29.87,0.00,FEW
LAX,2026-07-15 03:53,70.00,60.00,15.00,250.00,29.88,0.00,FEW
LAX,2026-07-15 04:53,70.00,60.00,6.00,250.00,29.90,0.00,CLR
LAX,2026-07-15 05:53,69.00,62.00,5.00,240.00,29.91,0.00,CLR
LAX,2026-07-15 06:53,70.00,62.00,4.00,160.00,29.91,0.00,CLR
LAX,2026-07-15 07:53,70.00,62.00,4.00,240.00,29.91,0.00,CLR
LAX,2026-07-15 08:53,69.00,64.00,0.00,0.00,29.90,0.00,FEW
LAX,2026-07-15 09:53,68.00,64.00,0.00,0.00,29.89,0.00,FEW
LAX,2026-07-15 10:53,68.00,64.00,4.00,220.00,29.88,0.00,FEW
LAX,2026-07-15 11:53,68.00,64.00,0.00,0.00,29.88,0.00,FEW
LAX,2026-07-15 13:53,69.00,65.00,0.00,0.00,29.98,0.00,FEW
LAX,2026-07-15 14:53,73.00,62.00,0.00,0.00,29.88,0.00,FEW
LAX,2026-07-15 15:53,76.00,61.00,0.00,0.00,29.89,0.00,FEW
LAX,2026-07-15 16:53,77.00,64.00,7.00,270.00,29.88,0.00,FEW
LAX,2026-07-15 17:53,78.00,65.00,8.00,250.00,29.87,0.00,FEW
LAX,2026-07-15 18:53,79.00,65.00,8.00,250.00,29.87,0.00,FEW
LAX,2026-07-15 19:53,80.00,65.00,10.00,260.00,29.86,0.00,FEW
LAX,2026-07-15 20:53,79.00,65.00,11.00,260.00,29.85,0.00,FEW
LAX,2026-07-15 21:53,79.00,64.00,11.00,240.00,29.83,0.00,FEW
LAX,2026-07-15 22:53,78.00,63.00,10.00,260.00,29.80,0.00,FEW
LAX,2026-07-15 23:53,79.00,64.00,11.00,260.00,29.79,0.00,FEW
LAX,2026-07-16 00:53,76.00,63.00,10.00,260.00,29.77,0.00,FEW
LAX,2026-07-16 01:53,75.00,66.00,7.00,250.00,29.77,0.00,FEW
LAX,2026-07-16 02:53,73.00,65.00,6.00,240.00,29.77,0.00,FEW
LAX,2026-07-16 03:53,72.00,67.00,5.00,null,29.79,0.00,FEW
LAX,2026-07-16 04:53,71.00,67.00,5.00,250.00,29.80,0.00,FEW
LAX,2026-07-16 05:53,71.00,65.00,3.00,210.00,29.81,0.00,FEW
LAX,2026-07-16 06:53,72.00,65.00,4.00,100.00,29.81,0.00,FEW
LAX,2026-07-16 07:53,71.00,65.00,9.00,120.00,29.81,0.00,FEW
LAX,2026-07-16 08:53,71.00,66.00,7.00,120.00,29.81,0.00,FEW
LAX,2026-07-16 09:53,70.00,64.00,6.00,90.00,29.81,0.00,FEW
LAX,2026-07-16 10:53,70.00,65.00,6.00,110.00,29.80,0.00,FEW
LAX,2026-07-16 11:53,70.00,66.00,6.00,100.00,29.80,0.00,FEW
LAX,2026-07-16 12:53,69.00,66.00,5.00,90.00,29.81,0.00,FEW
LAX,2026-07-16 13:53,70.00,66.00,0.00,0.00,29.82,0.00,FEW
LAX,2026-07-16 14:53,73.00,66.00,6.00,110.00,29.83,0.00,FEW
LAX,2026-07-16 15:53,76.00,66.00,5.00,130.00,29.84,0.00,FEW
LAX,2026-07-16 16:53,78.00,65.00,8.00,130.00,29.83,0.00,FEW
LAX,2026-07-16 17:53,81.00,66.00,10.00,130.00,29.84,0.00,FEW
LAX,2026-07-16 18:53,82.00,65.00,4.00,180.00,29.84,0.00,FEW
LAX,2026-07-16 19:53,80.00,65.00,9.00,270.00,29.84,0.00,FEW
LAX,2026-07-16 20:53,80.00,65.00,11.00,270.00,29.83,0.00,FEW
LAX,2026-07-16 21:53,79.00,66.00,10.00,250.00,29.81,0.00,FEW
LAX,2026-07-16 22:53,78.00,66.00,10.00,260.00,29.80,0.00,FEW
LAX,2026-07-16 23:53,77.00,65.00,9.00,260.00,29.79,0.00,FEW
LAX,2026-07-17 00:53,75.00,66.00,8.00,240.00,29.78,0.00,FEW
LAX,2026-07-17 01:53,74.00,65.00,10.00,250.00,29.79,0.00,CLR
LAX,2026-07-17 02:53,72.00,66.00,5.00,220.00,29.81,0.00,FEW
LAX,2026-07-17 03:53,72.00,66.00,3.00,160.00,29.83,0.00,CLR
LAX,2026-07-17 04:53,72.00,65.00,5.00,130.00,29.86,0.00,FEW
LAX,2026-07-17 05:53,71.00,65.00,5.00,120.00,29.87,0.00,FEW
LAX,2026-07-17 06:53,70.00,64.00,8.00,100.00,29.86,0.00,FEW
LAX,2026-07-17 07:53,70.00,64.00,10.00,100.00,29.87,0.00,FEW
LAX,2026-07-17 08:53,70.00,64.00,7.00,120.00,29.87,0.00,FEW
LAX,2026-07-17 09:53,69.00,64.00,5.00,100.00,29.87,0.00,FEW
LAX,2026-07-17 10:53,69.00,64.00,8.00,110.00,29.87,0.00,FEW
LAX,2026-07-17 11:53,70.00,64.00,7.00,140.00,29.88,0.00,FEW
LAX,2026-07-17 12:53,70.00,64.00,10.00,110.00,29.90,0.00,SCT
LAX,2026-07-17 13:53,71.00,64.00,5.00,100.00,29.91,0.00,FEW
LAX,2026-07-17 14:53,72.00,64.00,4.00,130.00,29.92,0.00,BKN
LAX,2026-07-17 15:53,74.00,64.00,5.00,120.00,29.93,0.00,BKN
LAX,2026-07-17 16:53,76.00,64.00,6.00,null,29.93,0.00,SCT
LAX,2026-07-17 17:53,79.00,63.00,9.00,110.00,29.94,0.00,FEW
LAX,2026-07-17 18:53,81.00,63.00,9.00,140.00,29.94,0.00,FEW
LAX,2026-07-17 19:53,84.00,60.00,9.00,160.00,29.94,0.00,FEW
LAX,2026-07-17 20:53,86.00,60.00,5.00,90.00,29.94,0.00,FEW
LAX,2026-07-17 21:53,81.00,64.00,9.00,270.00,29.94,0.00,FEW
LAX,2026-07-17 22:53,78.00,65.00,12.00,270.00,29.93,0.00,FEW
LAX,2026-07-17 23:53,76.00,65.00,11.00,240.00,29.92,0.00,FEW
LAX,2026-07-18 00:53,74.00,65.00,9.00,220.00,29.92,0.00,FEW
LAX,2026-07-18 01:53,73.00,65.00,8.00,250.00,29.92,0.00,FEW
LAX,2026-07-18 02:53,72.00,65.00,7.00,250.00,29.94,0.00,FEW
LAX,2026-07-18 03:53,71.00,65.00,6.00,250.00,29.95,0.00,SCT
LAX,2026-07-18 04:53,71.00,65.00,4.00,240.00,29.98,0.00,FEW
LAX,2026-07-18 05:53,71.00,65.00,3.00,220.00,29.98,0.00,FEW
LAX,2026-07-18 06:53,71.00,65.00,5.00,240.00,29.98,0.00,FEW
LAX,2026-07-18 07:53,71.00,65.00,0.00,0.00,29.98,0.00,FEW
LAX,2026-07-18 08:53,71.00,65.00,4.00,160.00,29.98,0.00,SCT
LAX,2026-07-18 09:53,70.00,64.00,3.00,null,29.98,0.00,SCT
LAX,2026-07-18 10:53,70.00,64.00,6.00,100.00,29.98,0.00,FEW
LAX,2026-07-18 11:53,69.00,63.00,6.00,110.00,29.99,0.00,FEW
LAX,2026-07-18 12:53,69.00,64.00,4.00,110.00,30.00,0.00,FEW
LAX,2026-07-18 13:53,70.00,64.00,5.00,110.00,30.01,0.00,SCT
LAX,2026-07-18 14:53,72.00,64.00,4.00,90.00,30.01,0.00,SCT
LAX,2026-07-18 15:53,75.00,64.00,0.00,0.00,30.01,0.00,SCT
LAX,2026-07-18 16:53,76.00,64.00,9.00,240.00,30.01,0.00,SCT
LAX,2026-07-18 17:53,77.00,65.00,8.00,280.00,30.00,0.00,FEW
LAX,2026-07-18 18:53,77.00,65.00,8.00,260.00,29.99,0.00,FEW
LAX,2026-07-18 19:53,77.00,64.00,10.00,270.00,29.98,0.00,FEW
LAX,2026-07-18 20:53,78.00,64.00,12.00,260.00,29.97,0.00,FEW
LAX,2026-07-18 21:53,77.00,66.00,12.00,260.00,29.96,0.00,FEW
LAX,2026-07-18 22:53,76.00,65.00,13.00,260.00,29.94,0.00,FEW
LAX,2026-07-18 23:53,76.00,64.00,14.00,260.00,29.93,0.00,FEW
LAX,2026-07-19 00:53,74.00,65.00,14.00,260.00,29.92,0.00,FEW
LAX,2026-07-19 01:53,72.00,64.00,11.00,250.00,29.92,0.00,FEW
LAX,2026-07-19 02:53,71.00,65.00,8.00,260.00,29.93,0.00,SCT
LAX,2026-07-19 03:53,70.00,65.00,7.00,240.00,29.94,0.00,SCT
LAX,2026-07-19 04:53,69.00,65.00,9.00,240.00,29.96,0.00,SCT
LAX,2026-07-19 05:53,69.00,65.00,7.00,230.00,29.97,0.00,SCT
LAX,2026-07-19 06:53,69.00,64.00,6.00,280.00,29.98,0.00,BKN
LAX,2026-07-19 07:53,69.00,65.00,4.00,null,29.99,0.00,BKN
LAX,2026-07-19 08:53,68.00,64.00,6.00,240.00,29.99,0.00,BKN
LAX,2026-07-19 09:53,68.00,64.00,4.00,230.00,29.98,0.00,BKN
LAX,2026-07-19 10:53,68.00,64.00,0.00,0.00,29.97,0.00,BKN
LAX,2026-07-19 11:53,69.00,64.00,0.00,0.00,29.97,0.00,SCT
LAX,2026-07-19 12:53,69.00,64.00,0.00,0.00,29.97,0.00,BKN
LAX,2026-07-19 13:53,70.00,64.00,3.00,null,29.97,0.00,BKN
LAX,2026-07-19 14:53,71.00,64.00,0.00,0.00,29.97,0.00,BKN
LAX,2026-07-19 15:53,72.00,65.00,0.00,0.00,29.96,0.00,FEW
LAX,2026-07-19 16:53,76.00,65.00,6.00,270.00,29.95,0.00,FEW
LAX,2026-07-19 17:53,76.00,64.00,9.00,260.00,29.95,0.00,FEW
LAX,2026-07-19 18:53,77.00,64.00,10.00,240.00,29.95,0.00,FEW
LAX,2026-07-19 19:53,76.00,65.00,8.00,260.00,29.94,0.00,FEW
LAX,2026-07-19 20:53,77.00,65.00,10.00,270.00,29.92,0.00,FEW
LAX,2026-07-19 21:53,77.00,65.00,10.00,270.00,29.90,0.00,FEW
LAX,2026-07-19 22:53,76.00,65.00,11.00,260.00,29.88,0.00,FEW
LAX,2026-07-19 23:53,75.00,66.00,16.00,260.00,29.87,0.00,FEW
LAX,2026-07-20 00:53,74.00,66.00,17.00,260.00,29.87,0.00,FEW
LAX,2026-07-20 01:53,72.00,66.00,14.00,250.00,29.86,0.00,FEW
LAX,2026-07-20 02:53,70.00,66.00,5.00,null,29.87,0.00,FEW
LAX,2026-07-20 03:53,69.00,65.00,8.00,230.00,29.89,0.00,SCT
LAX,2026-07-20 04:53,69.00,65.00,6.00,230.00,29.91,0.00,SCT
LAX,2026-07-20 05:53,69.00,64.00,6.00,230.00,29.93,0.00,FEW
LAX,2026-07-20 06:53,69.00,64.00,6.00,230.00,29.93,0.00,FEW
LAX,2026-07-20 07:53,69.00,65.00,6.00,240.00,29.93,0.00,FEW
LAX,2026-07-20 08:53,69.00,64.00,4.00,null,29.91,0.00,FEW
LAX,2026-07-20 09:53,68.00,64.00,3.00,80.00,29.90,0.00,FEW
LAX,2026-07-20 10:53,68.00,64.00,0.00,0.00,29.90,0.00,FEW
LAX,2026-07-20 11:53,68.00,64.00,0.00,0.00,29.91,0.00,FEW
LAX,2026-07-20 12:53,69.00,65.00,3.00,160.00,29.93,0.00,FEW
LAX,2026-07-20 13:53,69.00,65.00,3.00,140.00,29.94,0.00,OVC
LAX,2026-07-20 14:53,70.00,64.00,5.00,110.00,29.95,0.00,SCT
LAX,2026-07-20 15:53,74.00,64.00,3.00,40.00,29.95,0.00,FEW
LAX,2026-07-20 16:53,78.00,62.00,0.00,0.00,29.95,0.00,FEW
LAX,2026-07-20 17:53,81.00,61.00,0.00,0.00,29.94,0.00,FEW
LAX,2026-07-20 18:53,79.00,65.00,11.00,250.00,29.94,0.00,FEW
LAX,2026-07-20 19:53,79.00,65.00,12.00,250.00,29.93,0.00,FEW
LAX,2026-07-20 20:53,78.00,65.00,9.00,260.00,29.92,0.00,FEW
LAX,2026-07-20 21:53,78.00,65.00,10.00,260.00,29.90,0.00,BKN
LAX,2026-07-20 23:53,77.00,66.00,12.00,270.00,29.88,0.00,SCT
LAX,2026-07-21 00:53,75.00,65.00,10.00,260.00,29.87,0.00,SCT
LAX,2026-07-21 01:53,74.00,66.00,9.00,260.00,29.87,0.00,FEW
LAX,2026-07-21 02:53,72.00,65.00,8.00,240.00,29.88,0.00,FEW
LAX,2026-07-21 03:53,71.00,66.00,5.00,280.00,29.89,0.00,SCT
LAX,2026-07-21 04:53,71.00,65.00,8.00,260.00,29.91,0.00,SCT
LAX,2026-07-21 05:53,72.00,65.00,4.00,250.00,29.92,0.00,BKN
LAX,2026-07-21 06:53,72.00,62.00,6.00,240.00,29.92,0.00,BKN
LAX,2026-07-21 07:53,72.00,64.00,3.00,210.00,29.92,0.00,BKN
LAX,2026-07-21 08:53,71.00,67.00,5.00,240.00,29.91,0.00,BKN
LAX,2026-07-21 09:53,71.00,67.00,5.00,240.00,29.92,0.00,FEW
LAX,2026-07-21 10:53,70.00,67.00,3.00,250.00,29.93,0.00,FEW
LAX,2026-07-21 11:53,70.00,67.00,3.00,260.00,29.94,0.00,FEW
LAX,2026-07-21 12:53,70.00,67.00,3.00,90.00,29.96,0.00,FEW
LAX,2026-07-21 13:53,70.00,67.00,3.00,260.00,29.97,0.00,FEW
LAX,2026-07-21 14:53,73.00,67.00,0.00,0.00,29.99,0.00,FEW
LAX,2026-07-21 15:53,76.00,65.00,3.00,90.00,30.00,0.00,FEW
LAX,2026-07-21 16:53,78.00,67.00,4.00,310.00,30.00,0.00,FEW
LAX,2026-07-21 17:53,81.00,66.00,8.00,260.00,29.99,0.00,FEW
LAX,2026-07-21 18:53,80.00,65.00,10.00,250.00,29.99,0.00,FEW
LAX,2026-07-21 19:53,79.00,65.00,13.00,250.00,29.99,0.00,FEW
LAX,2026-07-21 20:53,80.00,59.00,13.00,250.00,29.99,0.00,FEW
LAX,2026-07-21 21:53,80.00,61.00,11.00,230.00,29.98,0.00,FEW
LAX,2026-07-21 22:53,80.00,61.00,14.00,260.00,29.96,0.00,FEW
LAX,2026-07-21 23:53,79.00,64.00,14.00,260.00,29.95,0.00,FEW
LAX,2026-07-22 00:53,77.00,59.00,15.00,270.00,29.95,0.00,FEW
LAX,2026-07-22 01:53,76.00,59.00,17.00,250.00,29.95,0.00,CLR
LAX,2026-07-22 02:53,74.00,63.00,13.00,270.00,29.97,0.00,FEW
LAX,2026-07-22 03:53,74.00,62.00,10.00,270.00,29.98,0.00,FEW
LAX,2026-07-22 04:53,73.00,66.00,11.00,260.00,30.00,0.00,FEW
LAX,2026-07-22 05:53,72.00,68.00,10.00,260.00,30.00,0.00,SCT
LAX,2026-07-22 06:53,72.00,68.00,11.00,260.00,30.00,0.00,SCT
LAX,2026-07-22 07:53,71.00,68.00,10.00,260.00,30.00,0.00,FEW
LAX,2026-07-22 08:53,70.00,67.00,9.00,250.00,29.99,0.00,FEW
LAX,2026-07-22 09:53,70.00,67.00,6.00,250.00,29.97,0.00,FEW
LAX,2026-07-22 10:53,70.00,67.00,8.00,260.00,29.97,0.00,FEW
LAX,2026-07-22 11:53,70.00,67.00,7.00,260.00,29.97,0.00,FEW
LAX,2026-07-22 12:53,69.00,67.00,5.00,230.00,29.98,0.00,FEW
LAX,2026-07-22 13:53,69.00,66.00,5.00,230.00,30.00,0.00,FEW
LAX,2026-07-22 14:53,69.00,67.00,3.00,260.00,30.01,0.00,FEW
LAX,2026-07-22 15:53,70.00,66.00,4.00,200.00,30.01,0.00,FEW
LAX,2026-07-22 16:53,72.00,67.00,3.00,170.00,30.00,0.00,FEW
LAX,2026-07-22 17:53,73.00,67.00,9.00,230.00,29.99,0.00,SCT
LAX,2026-07-22 18:53,75.00,66.00,8.00,240.00,29.99,0.00,FEW
LAX,2026-07-22 19:53,75.00,66.00,9.00,230.00,29.97,0.00,SCT
LAX,2026-07-22 20:53,76.00,65.00,14.00,270.00,29.96,0.00,FEW
LAX,2026-07-22 21:53,77.00,63.00,16.00,260.00,29.94,0.00,FEW
LAX,2026-07-22 22:53,77.00,64.00,12.00,230.00,29.92,0.00,FEW
LAX,2026-07-22 23:53,76.00,65.00,12.00,230.00,29.90,0.00,FEW
LAX,2026-07-23 00:53,76.00,66.00,14.00,240.00,29.88,0.00,CLR
LAX,2026-07-23 01:53,74.00,64.00,12.00,250.00,29.87,0.00,CLR
LAX,2026-07-23 02:53,73.00,64.00,11.00,250.00,29.87,0.00,CLR
LAX,2026-07-23 03:53,72.00,63.00,12.00,250.00,29.88,0.00,CLR
LAX,2026-07-23 04:53,71.00,63.00,10.00,250.00,29.90,0.00,CLR
LAX,2026-07-23 05:53,70.00,63.00,10.00,260.00,29.90,0.00,CLR
LAX,2026-07-23 06:53,70.00,64.00,5.00,240.00,29.90,0.00,CLR
LAX,2026-07-23 07:53,70.00,65.00,4.00,170.00,29.90,0.00,CLR
LAX,2026-07-23 08:53,69.00,64.00,0.00,0.00,29.89,0.00,CLR
LAX,2026-07-23 09:53,69.00,64.00,3.00,210.00,29.87,0.00,CLR
LAX,2026-07-23 10:53,69.00,64.00,0.00,0.00,29.88,0.00,CLR
LAX,2026-07-23 11:53,69.00,64.00,3.00,20.00,29.87,0.00,FEW
LAX,2026-07-23 12:53,69.00,64.00,0.00,0.00,29.87,0.00,FEW
LAX,2026-07-23 13:53,71.00,64.00,0.00,0.00,29.88,0.00,FEW
LAX,2026-07-23 14:53,72.00,65.00,0.00,0.00,29.90,0.00,FEW
LAX,2026-07-23 15:53,76.00,64.00,4.00,120.00,29.90,0.00,FEW
LAX,2026-07-23 16:53,76.00,65.00,7.00,240.00,29.89,0.00,CLR
LAX,2026-07-23 17:53,78.00,65.00,8.00,250.00,29.89,0.00,CLR
LAX,2026-07-23 18:53,79.00,65.00,10.00,270.00,29.88,0.00,CLR
LAX,2026-07-23 19:53,78.00,65.00,13.00,260.00,29.87,0.00,FEW
LAX,2026-07-23 20:53,80.00,62.00,13.00,250.00,29.86,0.00,FEW
LAX,2026-07-23 21:53,79.00,63.00,15.00,260.00,29.85,0.00,FEW
LAX,2026-07-23 22:53,79.00,61.00,16.00,260.00,29.83,0.00,FEW
LAX,2026-07-23 23:53,78.00,62.00,15.00,260.00,29.83,0.00,FEW
LAX,2026-07-24 00:53,77.00,63.00,13.00,250.00,29.82,0.00,FEW
LAX,2026-07-24 01:53,75.00,62.00,14.00,250.00,29.82,0.00,FEW
LAX,2026-07-24 02:53,73.00,63.00,8.00,230.00,29.83,0.00,FEW
LAX,2026-07-24 03:53,73.00,62.00,7.00,220.00,29.84,0.00,FEW
LAX,2026-07-24 04:53,73.00,62.00,6.00,230.00,29.86,0.00,CLR
LAX,2026-07-24 05:53,71.00,61.00,7.00,240.00,29.86,0.00,CLR
LAX,2026-07-24 06:53,71.00,65.00,6.00,200.00,29.87,0.00,FEW
LAX,2026-07-24 07:53,71.00,65.00,4.00,220.00,29.87,0.00,FEW
LAX,2026-07-24 08:53,70.00,63.00,3.00,220.00,29.87,0.00,FEW
LAX,2026-07-24 09:53,69.00,64.00,4.00,240.00,29.86,0.00,FEW
LAX,2026-07-24 10:53,69.00,64.00,4.00,230.00,29.86,0.00,FEW
LAX,2026-07-24 11:53,68.00,65.00,7.00,250.00,29.87,0.00,FEW
LAX,2026-07-24 12:53,68.00,64.00,5.00,250.00,29.88,0.00,FEW
LAX,2026-07-24 13:53,69.00,65.00,4.00,220.00,29.89,0.00,FEW
LAX,2026-07-24 14:53,71.00,65.00,0.00,0.00,29.90,0.00,FEW
LAX,2026-07-24 15:53,73.00,65.00,5.00,260.00,29.91,0.00,FEW
LAX,2026-07-24 16:53,75.00,65.00,4.00,230.00,29.91,0.00,FEW
LAX,2026-07-24 17:53,77.00,65.00,9.00,270.00,29.90,0.00,FEW
LAX,2026-07-24 18:53,78.00,65.00,10.00,270.00,29.90,0.00,FEW
LAX,2026-07-24 19:53,77.00,65.00,10.00,270.00,29.90,0.00,FEW
LAX,2026-07-24 20:53,77.00,65.00,10.00,260.00,29.89,0.00,FEW
LAX,2026-07-24 21:53,77.00,65.00,11.00,270.00,29.87,0.00,FEW
LAX,2026-07-24 22:53,77.00,66.00,10.00,270.00,29.86,0.00,FEW
LAX,2026-07-24 23:53,75.00,66.00,9.00,250.00,29.85,0.00,FEW
LAX,2026-07-25 00:53,75.00,66.00,10.00,270.00,29.84,0.00,FEW
LAX,2026-07-25 01:53,75.00,65.00,8.00,260.00,29.84,0.00,FEW
LAX,2026-07-25 02:53,73.00,65.00,7.00,250.00,29.85,0.00,FEW
LAX,2026-07-25 03:53,72.00,64.00,5.00,250.00,29.86,0.00,FEW
LAX,2026-07-25 04:53,72.00,65.00,4.00,250.00,29.88,0.00,FEW
LAX,2026-07-25 05:53,72.00,65.00,0.00,0.00,29.88,0.00,FEW
LAX,2026-07-25 06:53,72.00,64.00,4.00,250.00,29.89,0.00,FEW
LAX,2026-07-25 07:53,72.00,65.00,3.00,null,29.89,0.00,SCT
LAX,2026-07-25 08:53,72.00,65.00,0.00,0.00,29.89,0.00,BKN
LAX,2026-07-25 09:53,71.00,65.00,0.00,0.00,29.89,0.00,BKN
LAX,2026-07-25 10:53,71.00,65.00,3.00,80.00,29.87,0.00,BKN
LAX,2026-07-25 11:53,70.00,66.00,5.00,120.00,29.86,0.00,FEW
LAX,2026-07-25 12:53,70.00,65.00,5.00,160.00,29.88,0.00,FEW
LAX,2026-07-25 13:53,70.00,65.00,4.00,160.00,29.90,0.00,FEW
LAX,2026-07-25 14:53,72.00,66.00,5.00,null,29.92,0.00,FEW
LAX,2026-07-25 15:53,75.00,66.00,0.00,0.00,29.93,0.00,FEW
LAX,2026-07-25 16:53,77.00,66.00,0.00,0.00,29.92,0.00,SCT
LAX,2026-07-25 17:53,76.00,66.00,8.00,250.00,29.93,0.00,FEW
LAX,2026-07-25 18:53,78.00,66.00,10.00,250.00,29.94,0.00,FEW
LAX,2026-07-25 19:53,76.00,66.00,9.00,260.00,29.92,0.00,FEW
LAX,2026-07-25 20:53,75.00,66.00,10.00,260.00,29.92,0.00,SCT
LAX,2026-07-25 21:53,78.00,66.00,10.00,260.00,29.91,0.00,FEW
LAX,2026-07-25 22:53,78.00,67.00,11.00,260.00,29.89,0.00,FEW
LAX,2026-07-25 23:53,78.00,67.00,10.00,250.00,29.88,0.00,FEW
LAX,2026-07-26 00:53,76.00,67.00,10.00,240.00,29.88,0.00,SCT
LAX,2026-07-26 01:53,74.00,65.00,9.00,260.00,29.88,0.00,SCT
LAX,2026-07-26 02:53,73.00,65.00,7.00,260.00,29.90,0.00,FEW
LAX,2026-07-26 03:53,72.00,65.00,7.00,270.00,29.91,0.00,FEW
LAX,2026-07-26 04:53,72.00,66.00,5.00,230.00,29.93,0.00,FEW
LAX,2026-07-26 05:53,72.00,67.00,0.00,0.00,29.94,0.00,FEW
LAX,2026-07-26 06:53,71.00,67.00,4.00,140.00,29.94,0.00,FEW
LAX,2026-07-26 07:53,71.00,66.00,0.00,0.00,29.93,0.00,FEW
LAX,2026-07-26 08:53,71.00,66.00,3.00,null,29.90,0.00,FEW
LAX,2026-07-26 09:53,70.00,66.00,0.00,0.00,29.89,0.00,FEW
LAX,2026-07-26 10:53,70.00,66.00,0.00,0.00,29.89,0.00,CLR
LAX,2026-07-26 11:53,70.00,67.00,7.00,280.00,29.90,0.00,FEW
LAX,2026-07-26 12:53,70.00,67.00,6.00,250.00,29.92,0.00,SCT
LAX,2026-07-26 13:53,70.00,67.00,6.00,290.00,29.93,0.00,BKN
LAX,2026-07-26 14:53,71.00,67.00,8.00,280.00,29.92,0.00,BKN
LAX,2026-07-26 15:53,73.00,66.00,7.00,240.00,29.91,0.00,FEW
LAX,2026-07-26 16:53,75.00,67.00,10.00,260.00,29.91,0.00,FEW
LAX,2026-07-26 17:53,75.00,66.00,7.00,220.00,29.92,0.00,FEW
LAX,2026-07-26 18:53,77.00,67.00,10.00,260.00,29.93,0.00,FEW
LAX,2026-07-26 19:53,79.00,66.00,8.00,230.00,29.95,0.00,FEW
LAX,2026-07-26 20:53,76.00,66.00,10.00,260.00,29.95,0.00,FEW
LAX,2026-07-26 21:53,77.00,65.00,10.00,270.00,29.93,0.00,FEW
LAX,2026-07-26 22:53,78.00,66.00,10.00,260.00,29.92,0.00,FEW
LAX,2026-07-26 23:53,77.00,66.00,10.00,260.00,29.90,0.00,FEW
LAX,2026-07-27 00:53,76.00,66.00,11.00,270.00,29.90,0.00,FEW
LAX,2026-07-27 01:53,74.00,65.00,12.00,250.00,29.89,0.00,FEW
LAX,2026-07-27 02:53,73.00,64.00,10.00,260.00,29.89,0.00,FEW
LAX,2026-07-27 03:53,71.00,66.00,7.00,250.00,29.90,0.00,FEW
LAX,2026-07-27 04:53,71.00,66.00,3.00,240.00,29.92,0.00,CLR
LAX,2026-07-27 05:53,72.00,65.00,4.00,270.00,29.93,0.00,FEW
LAX,2026-07-27 06:53,71.00,66.00,3.00,190.00,29.93,0.00,FEW
LAX,2026-07-27 07:53,71.00,67.00,0.00,0.00,29.93,0.00,FEW
LAX,2026-07-27 08:53,70.00,66.00,0.00,0.00,29.92,0.00,FEW
LAX,2026-07-27 09:53,70.00,66.00,0.00,0.00,29.92,0.00,FEW
LAX,2026-07-27 10:53,70.00,66.00,0.00,0.00,29.91,0.00,FEW
LAX,2026-07-27 11:53,69.00,66.00,0.00,0.00,29.91,0.00,FEW
LAX,2026-07-27 12:53,69.00,66.00,3.00,150.00,29.92,0.00,FEW
LAX,2026-07-27 14:53,72.00,67.00,3.00,90.00,29.95,0.00,SCT
LAX,2026-07-27 15:53,74.00,67.00,3.00,170.00,29.95,0.00,SCT
LAX,2026-07-27 16:53,79.00,66.00,3.00,null,29.94,0.00,FEW
LAX,2026-07-27 17:53,78.00,67.00,8.00,240.00,29.94,0.00,FEW
LAX,2026-07-27 18:53,78.00,67.00,10.00,260.00,29.95,0.00,FEW
LAX,2026-07-27 19:53,78.00,67.00,9.00,260.00,29.94,0.00,FEW
LAX,2026-07-27 20:53,77.00,67.00,11.00,260.00,29.92,0.00,FEW
LAX,2026-07-27 21:53,77.00,67.00,13.00,260.00,29.92,0.00,FEW
LAX,2026-07-27 22:53,77.00,66.00,12.00,270.00,29.90,0.00,FEW
LAX,2026-07-27 23:53,77.00,65.00,13.00,260.00,29.89,0.00,FEW
LAX,2026-07-28 00:53,75.00,65.00,11.00,250.00,29.87,0.00,FEW
LAX,2026-07-28 01:53,73.00,63.00,12.00,250.00,29.86,0.00,FEW
LAX,2026-07-28 02:53,71.00,62.00,9.00,250.00,29.86,0.00,FEW
LAX,2026-07-28 03:53,72.00,63.00,9.00,270.00,29.86,0.00,FEW
LAX,2026-07-28 04:53,71.00,64.00,6.00,230.00,29.87,0.00,CLR
LAX,2026-07-28 05:53,71.00,64.00,4.00,180.00,29.89,0.00,FEW
LAX,2026-07-28 06:53,71.00,62.00,0.00,0.00,29.91,0.00,FEW
LAX,2026-07-28 07:53,72.00,63.00,5.00,350.00,29.90,0.00,FEW
LAX,2026-07-28 08:53,70.00,64.00,0.00,0.00,29.89,0.00,FEW
LAX,2026-07-28 09:53,70.00,64.00,3.00,60.00,29.88,0.00,FEW
LAX,2026-07-28 10:53,70.00,65.00,4.00,140.00,29.87,0.00,FEW
LAX,2026-07-28 11:53,70.00,65.00,0.00,0.00,29.86,0.00,FEW
LAX,2026-07-28 12:53,70.00,65.00,4.00,120.00,29.87,0.00,FEW
LAX,2026-07-28 13:53,69.00,65.00,0.00,0.00,29.87,0.00,FEW
LAX,2026-07-28 14:53,72.00,65.00,0.00,0.00,29.87,0.00,FEW
LAX,2026-07-28 15:53,74.00,65.00,5.00,170.00,29.89,0.00,FEW
LAX,2026-07-28 16:53,76.00,65.00,8.00,280.00,29.90,0.00,FEW
LAX,2026-07-28 17:53,76.00,65.00,10.00,260.00,29.92,0.00,FEW
LAX,2026-07-28 18:53,77.00,65.00,9.00,260.00,29.91,0.00,FEW
LAX,2026-07-28 19:53,78.00,65.00,9.00,240.00,29.90,0.00,FEW
LAX,2026-07-28 20:53,78.00,65.00,8.00,250.00,29.88,0.00,FEW
LAX,2026-07-28 21:53,77.00,64.00,10.00,270.00,29.87,0.00,FEW
LAX,2026-07-28 22:53,76.00,66.00,11.00,260.00,29.85,0.00,FEW
LAX,2026-07-28 23:53,76.00,66.00,12.00,260.00,29.82,0.00,FEW
LAX,2026-07-29 00:53,75.00,66.00,14.00,270.00,29.80,0.00,FEW
LAX,2026-07-29 01:53,73.00,66.00,11.00,270.00,29.80,0.00,FEW
LAX,2026-07-29 02:53,71.00,65.00,10.00,250.00,29.81,0.00,FEW
LAX,2026-07-29 03:53,70.00,63.00,8.00,240.00,29.82,0.00,CLR
LAX,2026-07-29 04:53,70.00,63.00,7.00,240.00,29.84,0.00,CLR
LAX,2026-07-29 05:53,70.00,65.00,5.00,200.00,29.85,0.00,FEW
LAX,2026-07-29 06:53,70.00,64.00,5.00,180.00,29.86,0.00,FEW
LAX,2026-07-29 07:53,70.00,64.00,0.00,0.00,29.87,0.00,FEW
LAX,2026-07-29 08:53,69.00,64.00,4.00,360.00,29.86,0.00,FEW
LAX,2026-07-29 09:53,70.00,64.00,5.00,40.00,29.85,0.00,FEW
LAX,2026-07-29 10:53,70.00,63.00,7.00,100.00,29.85,0.00,FEW
LAX,2026-07-29 11:53,70.00,63.00,3.00,null,29.85,0.00,FEW
LAX,2026-07-29 12:53,71.00,63.00,0.00,0.00,29.86,0.00,FEW
LAX,2026-07-29 13:53,71.00,63.00,5.00,90.00,29.87,0.00,FEW
LAX,2026-07-29 14:53,71.00,63.00,3.00,null,29.88,0.00,FEW
LAX,2026-07-29 15:53,73.00,63.00,5.00,180.00,29.89,0.00,FEW
LAX,2026-07-29 16:53,76.00,62.00,4.00,null,29.88,0.00,FEW
LAX,2026-07-29 17:53,79.00,62.00,5.00,150.00,29.88,0.00,FEW
LAX,2026-07-29 18:53,77.00,64.00,10.00,250.00,29.88,0.00,FEW
LAX,2026-07-29 19:53,78.00,63.00,10.00,260.00,29.87,0.00,CLR
LAX,2026-07-29 20:53,77.00,64.00,12.00,260.00,29.86,0.00,CLR
LAX,2026-07-29 21:53,77.00,64.00,13.00,240.00,29.86,0.00,FEW
LAX,2026-07-29 22:53,76.00,65.00,14.00,250.00,29.84,0.00,FEW
LAX,2026-07-29 23:53,76.00,65.00,12.00,240.00,29.82,0.00,FEW
LAX,2026-07-30 00:53,74.00,66.00,13.00,250.00,29.82,0.00,FEW
LAX,2026-07-30 01:53,72.00,66.00,13.00,250.00,29.83,0.00,SCT
LAX,2026-07-30 02:53,70.00,65.00,10.00,270.00,29.84,0.00,SCT
LAX,2026-07-30 03:53,69.00,65.00,8.00,260.00,29.86,0.00,BKN
LAX,2026-07-30 04:53,69.00,65.00,7.00,240.00,29.89,0.00,BKN
LAX,2026-07-30 05:53,69.00,65.00,5.00,250.00,29.90,0.00,SCT
LAX,2026-07-30 06:53,69.00,65.00,5.00,270.00,29.92,0.00,FEW
LAX,2026-07-30 07:53,70.00,65.00,4.00,260.00,29.92,0.00,FEW
LAX,2026-07-30 08:53,70.00,64.00,3.00,80.00,29.92,0.00,FEW
LAX,2026-07-30 09:53,71.00,63.00,0.00,0.00,29.91,0.00,FEW
LAX,2026-07-30 10:53,71.00,63.00,5.00,130.00,29.89,0.00,FEW
LAX,2026-07-30 11:53,70.00,63.00,3.00,120.00,29.89,0.00,FEW
LAX,2026-07-30 12:53,70.00,63.00,3.00,130.00,29.90,0.00,FEW
LAX,2026-07-30 13:53,71.00,63.00,0.00,0.00,29.90,0.00,FEW
LAX,2026-07-30 14:53,72.00,64.00,0.00,0.00,29.91,0.00,FEW
LAX,2026-07-30 15:53,75.00,63.00,0.00,0.00,29.93,0.00,FEW
LAX,2026-07-30 16:53,75.00,64.00,10.00,270.00,29.93,0.00,FEW
LAX,2026-07-30 17:53,75.00,64.00,7.00,270.00,29.93,0.00,FEW
LAX,2026-07-30 18:53,77.00,65.00,11.00,250.00,29.93,0.00,FEW
LAX,2026-07-30 19:53,77.00,65.00,12.00,260.00,29.92,0.00,FEW
LAX,2026-07-30 20:53,77.00,65.00,11.00,250.00,29.92,0.00,CLR
LAX,2026-07-30 21:53,77.00,65.00,14.00,260.00,29.91,0.00,FEW
LAX,2026-07-30 22:53,76.00,65.00,15.00,260.00,29.90,0.00,FEW
LAX,2026-07-30 23:53,76.00,65.00,15.00,260.00,29.89,0.00,CLR
LAX,2026-07-31 00:53,74.00,66.00,12.00,260.00,29.89,0.00,FEW
LAX,2026-07-31 01:53,72.00,66.00,11.00,240.00,29.90,0.00,BKN
LAX,2026-07-31 02:53,69.00,65.00,11.00,250.00,29.92,0.00,OVC
LAX,2026-07-31 03:53,68.00,65.00,8.00,260.00,29.93,0.00,OVC
LAX,2026-07-31 04:53,67.00,64.00,6.00,270.00,29.95,0.00,BKN
LAX,2026-07-31 05:53,67.00,64.00,6.00,260.00,29.95,0.00,BKN
LAX,2026-07-31 06:53,68.00,64.00,3.00,260.00,29.94,0.00,BKN
LAX,2026-07-31 07:53,67.00,64.00,3.00,230.00,29.95,0.00,FEW
LAX,2026-07-31 08:53,67.00,65.00,0.00,0.00,29.96,0.00,FEW
LAX,2026-07-31 09:53,68.00,65.00,3.00,null,29.96,0.00,FEW
LAX,2026-07-31 10:53,68.00,65.00,3.00,170.00,29.96,0.00,FEW
LAX,2026-07-31 11:53,69.00,64.00,0.00,0.00,29.95,0.00,FEW
LAX,2026-07-31 12:53,68.00,64.00,0.00,0.00,29.95,0.00,FEW
LAX,2026-07-31 13:53,68.00,64.00,4.00,110.00,29.96,0.00,FEW
LAX,2026-07-31 14:53,70.00,64.00,0.00,0.00,29.97,0.00,FEW
LAX,2026-07-31 15:53,75.00,64.00,5.00,110.00,29.98,0.00,FEW
LAX,2026-07-31 16:53,78.00,64.00,0.00,0.00,29.96,0.00,FEW
LAX,2026-07-31 17:53,79.00,66.00,9.00,240.00,29.96,0.00,FEW
LAX,2026-07-31 18:53,77.00,65.00,11.00,270.00,29.96,0.00,FEW
LAX,2026-07-31 19:53,77.00,66.00,11.00,260.00,29.95,0.00,CLR
LAX,2026-07-31 20:53,78.00,66.00,13.00,250.00,29.94,0.00,FEW
LAX,2026-07-31 21:53,79.00,66.00,13.00,240.00,29.94,0.00,FEW
LAX,2026-07-31 22:53,77.00,66.00,13.00,260.00,29.93,0.00,FEW
LAX,2026-07-31 23:53,76.00,66.00,14.00,260.00,29.92,0.00,FEW
LAX,2026-08-01 00:53,75.00,66.00,14.00,270.00,29.90,0.00,FEW
LAX,2026-08-01 01:53,72.00,66.00,13.00,250.00,29.90,0.00,SCT
LAX,2026-08-01 02:53,70.00,66.00,9.00,240.00,29.91,0.00,SCT
LAX,2026-08-01 03:53,70.00,66.00,7.00,270.00,29.92,0.00,SCT
LAX,2026-08-01 04:53,69.00,65.00,4.00,250.00,29.94,0.00,SCT
LAX,2026-08-01 05:53,70.00,65.00,4.00,250.00,29.94,0.00,FEW
LAX,2026-08-01 06:53,70.00,65.00,3.00,230.00,29.94,0.00,FEW
LAX,2026-08-01 07:53,70.00,66.00,5.00,null,29.94,0.00,FEW
LAX,2026-08-01 08:53,69.00,64.00,0.00,0.00,29.94,0.00,FEW
LAX,2026-08-01 09:53,70.00,64.00,0.00,0.00,29.94,0.00,CLR
LAX,2026-08-01 10:53,68.00,64.00,0.00,0.00,29.94,0.00,FEW
LAX,2026-08-01 11:53,68.00,65.00,0.00,0.00,29.92,0.00,FEW
LAX,2026-08-01 12:53,68.00,64.00,0.00,0.00,29.92,0.00,FEW
LAX,2026-08-01 13:53,69.00,66.00,3.00,140.00,29.94,0.00,FEW
LAX,2026-08-01 14:53,71.00,66.00,0.00,0.00,29.95,0.00,FEW
LAX,2026-08-01 15:53,75.00,66.00,3.00,180.00,29.96,0.00,FEW
LAX,2026-08-01 16:53,77.00,66.00,3.00,null,29.96,0.00,FEW
LAX,2026-08-01 17:53,77.00,67.00,7.00,260.00,29.96,0.00,CLR
LAX,2026-08-01 18:53,79.00,67.00,7.00,280.00,29.95,0.00,CLR
LAX,2026-08-01 19:53,79.00,67.00,9.00,260.00,29.95,0.00,CLR
LAX,2026-08-01 20:53,78.00,67.00,10.00,270.00,29.93,0.00,FEW
LAX,2026-08-01 21:53,77.00,67.00,11.00,270.00,29.91,0.00,FEW
LAX,2026-08-01 22:53,78.00,66.00,10.00,250.00,29.89,0.00,FEW
LAX,2026-08-01 23:53,77.00,67.00,13.00,260.00,29.88,0.00,FEW
LAX,2026-08-02 00:53,76.00,66.00,12.00,260.00,29.87,0.00,FEW
LAX,2026-08-02 01:53,73.00,67.00,12.00,260.00,29.86,0.00,FEW
LAX,2026-08-02 02:53,71.00,66.00,10.00,250.00,29.86,0.00,FEW
LAX,2026-08-02 03:53,70.00,66.00,9.00,240.00,29.87,0.00,FEW
LAX,2026-08-02 04:53,70.00,65.00,6.00,230.00,29.88,0.00,FEW
LAX,2026-08-02 05:53,70.00,65.00,5.00,240.00,29.89,0.00,CLR
LAX,2026-08-02 06:53,70.00,64.00,5.00,250.00,29.89,0.00,CLR
LAX,2026-08-02 07:53,70.00,63.00,4.00,240.00,29.88,0.00,CLR
LAX,2026-08-02 08:53,70.00,64.00,4.00,250.00,29.88,0.00,CLR
LAX,2026-08-02 09:53,70.00,65.00,0.00,0.00,29.87,0.00,CLR
LAX,2026-08-02 10:53,70.00,65.00,3.00,230.00,29.87,0.00,FEW
LAX,2026-08-02 11:53,69.00,66.00,4.00,180.00,29.87,0.00,BKN
LAX,2026-08-02 12:53,69.00,66.00,0.00,0.00,29.89,0.00,SCT
LAX,2026-08-02 13:53,70.00,65.00,3.00,30.00,29.89,0.00,SCT
LAX,2026-08-02 14:53,72.00,66.00,0.00,0.00,29.89,0.00,SCT
LAX,2026-08-02 15:53,75.00,66.00,0.00,0.00,29.88,0.00,FEW
LAX,2026-08-02 16:53,77.00,66.00,0.00,0.00,29.88,0.00,FEW
LAX,2026-08-02 17:53,77.00,66.00,7.00,260.00,29.88,0.00,CLR
LAX,2026-08-02 18:53,78.00,67.00,9.00,240.00,29.87,0.00,CLR
LAX,2026-08-02 19:53,78.00,66.00,10.00,250.00,29.86,0.00,FEW
LAX,2026-08-02 20:53,77.00,66.00,13.00,260.00,29.85,0.00,FEW
LAX,2026-08-02 21:53,76.00,66.00,11.00,250.00,29.83,0.00,FEW
LAX,2026-08-02 22:53,77.00,66.00,12.00,250.00,29.81,0.00,FEW
LAX,2026-08-02 23:53,76.00,67.00,11.00,260.00,29.80,0.00,FEW
LAX,2026-08-03 00:53,75.00,67.00,11.00,260.00,29.80,0.00,FEW
LAX,2026-08-03 01:53,72.00,67.00,10.00,260.00,29.80,0.00,BKN
LAX,2026-08-03 02:53,70.00,66.00,9.00,260.00,29.80,0.00,OVC
LAX,2026-08-03 03:53,69.00,65.00,8.00,250.00,29.81,0.00,BKN
LAX,2026-08-03 04:53,69.00,65.00,6.00,260.00,29.82,0.00,FEW
LAX,2026-08-03 05:53,69.00,64.00,6.00,260.00,29.83,0.00,FEW
LAX,2026-08-03 06:53,69.00,64.00,8.00,270.00,29.84,0.00,FEW
LAX,2026-08-03 07:53,68.00,64.00,5.00,260.00,29.83,0.00,FEW
LAX,2026-08-03 08:53,69.00,64.00,4.00,330.00,29.82,0.00,FEW
LAX,2026-08-03 09:53,69.00,64.00,0.00,0.00,29.81,0.00,FEW
LAX,2026-08-03 10:53,69.00,64.00,3.00,80.00,29.81,0.00,FEW
LAX,2026-08-03 11:53,68.00,64.00,3.00,20.00,29.80,0.00,FEW
LAX,2026-08-03 12:53,68.00,64.00,0.00,0.00,29.81,0.00,FEW
LAX,2026-08-03 13:53,69.00,64.00,4.00,280.00,29.81,0.00,FEW
LAX,2026-08-03 14:53,71.00,65.00,0.00,0.00,29.82,0.00,FEW
LAX,2026-08-03 15:53,72.00,65.00,5.00,null,29.83,0.00,FEW
LAX,2026-08-03 16:53,74.00,65.00,4.00,200.00,29.82,0.00,FEW
LAX,2026-08-03 17:53,75.00,65.00,6.00,270.00,29.83,0.00,FEW
LAX,2026-08-03 18:53,78.00,64.00,10.00,250.00,29.82,0.00,FEW
LAX,2026-08-03 19:53,76.00,64.00,9.00,260.00,29.82,0.00,FEW
LAX,2026-08-03 20:53,77.00,64.00,11.00,260.00,29.81,0.00,FEW
LAX,2026-08-03 21:53,76.00,64.00,12.00,270.00,29.80,0.00,FEW
LAX,2026-08-03 22:53,76.00,64.00,13.00,260.00,29.80,0.00,FEW
LAX,2026-08-03 23:53,75.00,64.00,11.00,270.00,29.79,0.00,FEW
LAX,2026-08-04 00:53,74.00,65.00,13.00,260.00,29.77,0.00,FEW
LAX,2026-08-04 01:53,72.00,65.00,10.00,270.00,29.76,0.00,FEW
LAX,2026-08-04 02:53,70.00,65.00,12.00,270.00,29.77,0.00,SCT
LAX,2026-08-04 03:53,69.00,64.00,10.00,270.00,29.79,0.00,BKN
LAX,2026-08-04 04:53,68.00,64.00,8.00,270.00,29.80,0.00,BKN
LAX,2026-08-04 05:53,67.00,63.00,7.00,250.00,29.82,0.00,SCT
LAX,2026-08-04 06:53,67.00,63.00,8.00,270.00,29.83,0.00,FEW
LAX,2026-08-04 07:53,67.00,63.00,4.00,230.00,29.84,0.00,FEW
LAX,2026-08-04 08:53,67.00,63.00,4.00,250.00,29.84,0.00,FEW
LAX,2026-08-04 09:53,67.00,63.00,4.00,250.00,29.83,0.00,FEW
LAX,2026-08-04 10:53,68.00,63.00,0.00,0.00,29.82,0.00,FEW
LAX,2026-08-04 11:53,68.00,63.00,4.00,null,29.82,0.00,FEW
LAX,2026-08-04 12:53,68.00,64.00,0.00,0.00,29.83,0.00,FEW
LAX,2026-08-04 13:53,69.00,64.00,0.00,0.00,29.84,0.00,FEW
LAX,2026-08-04 14:53,70.00,64.00,0.00,0.00,29.85,0.00,FEW
LAX,2026-08-04 15:53,70.00,64.00,3.00,null,29.87,0.00,FEW
LAX,2026-08-04 16:53,75.00,64.00,3.00,null,29.87,0.00,FEW
LAX,2026-08-04 17:53,75.00,64.00,7.00,260.00,29.88,0.00,FEW
LAX,2026-08-04 18:53,77.00,64.00,9.00,260.00,29.88,0.00,FEW
LAX,2026-08-04 19:53,77.00,64.00,10.00,240.00,29.88,0.00,FEW
LAX,2026-08-04 20:53,77.00,64.00,9.00,230.00,29.88,0.00,FEW
LAX,2026-08-04 21:53,76.00,64.00,12.00,250.00,29.87,0.00,FEW
LAX,2026-08-04 22:53,75.00,64.00,11.00,240.00,29.86,0.00,FEW
LAX,2026-08-04 23:53,75.00,64.00,11.00,260.00,29.85,0.00,FEW
LAX,2026-08-05 00:53,74.00,63.00,11.00,260.00,29.86,0.00,FEW
LAX,2026-08-05 01:53,72.00,64.00,10.00,260.00,29.85,0.00,FEW
LAX,2026-08-05 02:53,70.00,63.00,9.00,260.00,29.85,0.00,FEW
LAX,2026-08-05 03:53,70.00,63.00,10.00,260.00,29.87,0.00,FEW
LAX,2026-08-05 04:53,70.00,64.00,7.00,290.00,29.89,0.00,BKN
LAX,2026-08-05 05:53,69.00,64.00,6.00,260.00,29.89,0.00,BKN
LAX,2026-08-05 06:53,69.00,64.00,7.00,260.00,29.89,0.00,FEW
LAX,2026-08-05 07:53,68.00,64.00,6.00,260.00,29.89,0.00,FEW
LAX,2026-08-05 08:53,68.00,64.00,4.00,310.00,29.88,0.00,FEW
LAX,2026-08-05 09:53,68.00,64.00,5.00,280.00,29.88,0.00,BKN
LAX,2026-08-05 10:53,68.00,64.00,7.00,290.00,29.87,0.00,SCT
LAX,2026-08-05 11:53,67.00,64.00,7.00,280.00,29.87,0.00,FEW
LAX,2026-08-05 12:53,68.00,64.00,6.00,270.00,29.88,0.00,OVC
LAX,2026-08-05 13:53,68.00,64.00,5.00,240.00,29.90,0.00,OVC
LAX,2026-08-05 14:53,69.00,64.00,0.00,0.00,29.92,0.00,OVC
LAX,2026-08-05 15:53,70.00,64.00,4.00,null,29.94,0.00,OVC
LAX,2026-08-05 16:53,72.00,64.00,5.00,260.00,29.95,0.00,BKN
LAX,2026-08-05 17:53,75.00,64.00,4.00,220.00,29.96,0.00,BKN
LAX,2026-08-05 18:53,76.00,64.00,8.00,230.00,29.95,0.00,FEW
LAX,2026-08-05 19:53,76.00,63.00,12.00,260.00,29.96,0.00,FEW
LAX,2026-08-05 20:53,75.00,64.00,11.00,240.00,29.94,0.00,FEW
LAX,2026-08-05 21:53,75.00,64.00,9.00,240.00,29.91,0.00,FEW
LAX,2026-08-05 22:53,76.00,64.00,11.00,250.00,29.89,0.00,FEW
LAX,2026-08-05 23:53,73.00,64.00,12.00,260.00,29.88,0.00,FEW
LAX,2026-08-06 00:53,73.00,64.00,14.00,260.00,29.86,0.00,FEW
LAX,2026-08-06 01:53,72.00,64.00,12.00,270.00,29.85,0.00,FEW
LAX,2026-08-06 02:53,71.00,65.00,12.00,270.00,29.86,0.00,FEW
LAX,2026-08-06 03:53,70.00,65.00,8.00,240.00,29.89,0.00,BKN
LAX,2026-08-06 04:53,69.00,64.00,9.00,230.00,29.92,0.00,SCT
LAX,2026-08-06 05:53,69.00,64.00,8.00,270.00,29.93,0.00,BKN
LAX,2026-08-06 06:53,69.00,64.00,6.00,280.00,29.93,0.00,BKN
LAX,2026-08-06 07:53,68.00,64.00,4.00,250.00,29.92,0.00,BKN
LAX,2026-08-06 08:53,68.00,64.00,4.00,240.00,29.92,0.00,SCT
LAX,2026-08-06 09:53,68.00,64.00,5.00,290.00,29.92,0.00,FEW
LAX,2026-08-06 10:53,68.00,64.00,6.00,300.00,29.92,0.00,FEW
LAX,2026-08-06 11:53,68.00,64.00,3.00,null,29.93,0.00,FEW
LAX,2026-08-06 12:53,68.00,64.00,5.00,310.00,29.94,0.00,FEW
LAX,2026-08-06 13:53,69.00,64.00,0.00,0.00,29.96,0.00,FEW
LAX,2026-08-06 14:53,71.00,64.00,3.00,360.00,29.97,0.00,FEW
LAX,2026-08-06 15:53,73.00,65.00,6.00,260.00,29.97,0.00,FEW
LAX,2026-08-06 16:53,74.00,65.00,8.00,280.00,29.96,0.00,FEW
LAX,2026-08-06 17:53,76.00,65.00,6.00,230.00,29.97,0.00,FEW
LAX,2026-08-06 18:53,76.00,65.00,9.00,270.00,29.95,0.00,FEW
LAX,2026-08-06 19:53,77.00,65.00,11.00,240.00,29.95,0.00,FEW
LAX,2026-08-06 20:53,77.00,65.00,13.00,270.00,29.94,0.00,FEW
LAX,2026-08-06 21:53,77.00,66.00,11.00,270.00,29.93,0.00,FEW
LAX,2026-08-06 22:53,76.00,65.00,12.00,270.00,29.92,0.00,FEW
LAX,2026-08-06 23:53,77.00,65.00,11.00,270.00,29.90,0.00,FEW
LAX,2026-08-07 00:53,74.00,65.00,11.00,270.00,29.91,0.00,FEW
LAX,2026-08-07 01:53,73.00,66.00,10.00,260.00,29.91,0.00,FEW
LAX,2026-08-07 02:53,71.00,66.00,8.00,250.00,29.93,0.00,FEW
LAX,2026-08-07 03:53,71.00,66.00,10.00,260.00,29.95,0.00,SCT
LAX,2026-08-07 04:53,71.00,66.00,8.00,270.00,29.99,0.00,SCT
LAX,2026-08-07 05:53,70.00,65.00,5.00,310.00,29.98,0.00,BKN
LAX,2026-08-07 06:53,70.00,65.00,3.00,310.00,29.99,0.00,SCT
LAX,2026-08-07 07:53,69.00,65.00,4.00,280.00,29.99,0.00,FEW
LAX,2026-08-07 08:53,69.00,65.00,4.00,290.00,29.98,0.00,FEW
LAX,2026-08-07 09:53,69.00,65.00,4.00,300.00,29.97,0.00,FEW
LAX,2026-08-07 10:53,69.00,65.00,3.00,330.00,29.97,0.00,FEW
LAX,2026-08-07 11:53,69.00,65.00,6.00,270.00,29.96,0.00,FEW
LAX,2026-08-07 12:53,69.00,65.00,3.00,320.00,29.97,0.00,FEW
LAX,2026-08-07 13:53,69.00,66.00,5.00,240.00,29.98,0.00,FEW
LAX,2026-08-07 14:53,71.00,66.00,7.00,270.00,30.00,0.00,SCT
LAX,2026-08-07 15:53,72.00,66.00,5.00,290.00,30.01,0.00,SCT
LAX,2026-08-07 16:53,74.00,65.00,4.00,270.00,30.01,0.00,FEW
LAX,2026-08-07 17:53,77.00,65.00,6.00,null,30.01,0.00,FEW
LAX,2026-08-07 18:53,78.00,65.00,8.00,260.00,30.01,0.00,FEW
LAX,2026-08-07 19:53,77.00,65.00,8.00,260.00,30.00,0.00,FEW
LAX,2026-08-07 20:53,79.00,65.00,8.00,270.00,29.98,0.00,FEW
LAX,2026-08-07 21:53,79.00,66.00,12.00,250.00,29.97,0.00,FEW
LAX,2026-08-07 22:53,78.00,66.00,12.00,260.00,29.95,0.00,FEW
LAX,2026-08-07 23:53,76.00,66.00,13.00,260.00,29.95,0.00,FEW
LAX,2026-08-08 00:53,76.00,66.00,13.00,260.00,29.95,0.00,FEW
LAX,2026-08-08 01:53,74.00,67.00,13.00,260.00,29.93,0.00,FEW
LAX,2026-08-08 02:53,73.00,67.00,10.00,260.00,29.94,0.00,FEW
LAX,2026-08-08 03:53,71.00,67.00,10.00,250.00,29.95,0.00,BKN
LAX,2026-08-08 04:53,71.00,67.00,9.00,260.00,29.97,0.00,BKN
LAX,2026-08-08 05:53,70.00,66.00,7.00,250.00,29.98,0.00,SCT
LAX,2026-08-08 06:53,70.00,66.00,8.00,270.00,29.99,0.00,SCT
LAX,2026-08-08 07:53,70.00,65.00,6.00,260.00,29.98,0.00,FEW
LAX,2026-08-08 08:53,69.00,65.00,6.00,270.00,29.96,0.00,FEW
LAX,2026-08-08 09:53,69.00,65.00,5.00,290.00,29.96,0.00,FEW
LAX,2026-08-08 10:53,69.00,65.00,4.00,280.00,29.96,0.00,FEW
LAX,2026-08-08 11:53,69.00,66.00,3.00,250.00,29.95,0.00,FEW
LAX,2026-08-08 12:53,68.00,65.00,3.00,250.00,29.96,0.00,FEW
LAX,2026-08-08 13:53,69.00,66.00,3.00,230.00,29.98,0.00,SCT
LAX,2026-08-08 14:53,71.00,66.00,4.00,330.00,29.98,0.00,FEW
LAX,2026-08-08 15:53,74.00,66.00,5.00,230.00,29.97,0.00,FEW
LAX,2026-08-08 16:53,75.00,66.00,7.00,250.00,29.96,0.00,FEW
LAX,2026-08-08 17:53,77.00,66.00,8.00,250.00,29.97,0.00,FEW
LAX,2026-08-08 18:53,77.00,66.00,10.00,260.00,29.95,0.00,FEW
LAX,2026-08-08 19:53,78.00,66.00,10.00,250.00,29.94,0.00,CLR
LAX,2026-08-08 20:53,78.00,66.00,14.00,270.00,29.92,0.00,FEW
LAX,2026-08-08 21:53,79.00,67.00,13.00,260.00,29.89,0.00,FEW
LAX,2026-08-08 22:53,78.00,66.00,12.00,240.00,29.87,0.00,FEW
LAX,2026-08-08 23:53,77.00,65.00,15.00,260.00,29.86,0.00,FEW
LAX,2026-08-09 00:53,76.00,67.00,14.00,260.00,29.85,0.00,CLR
LAX,2026-08-09 01:53,74.00,67.00,13.00,240.00,29.85,0.00,FEW
LAX,2026-08-09 02:53,72.00,65.00,14.00,250.00,29.84,0.00,FEW
LAX,2026-08-09 03:53,71.00,66.00,9.00,230.00,29.86,0.00,FEW
LAX,2026-08-09 04:53,71.00,65.00,7.00,230.00,29.89,0.00,FEW
LAX,2026-08-09 05:53,72.00,63.00,3.00,260.00,29.88,0.00,CLR
LAX,2026-08-09 06:53,71.00,65.00,6.00,190.00,29.89,0.00,CLR
LAX,2026-08-09 07:53,71.00,66.00,4.00,270.00,29.89,0.00,FEW
LAX,2026-08-09 08:53,70.00,67.00,4.00,240.00,29.88,0.00,FEW
LAX,2026-08-09 09:53,70.00,67.00,0.00,0.00,29.88,0.00,FEW
LAX,2026-08-09 10:53,70.00,67.00,0.00,0.00,29.87,0.00,FEW
LAX,2026-08-09 11:53,70.00,67.00,0.00,0.00,29.87,0.00,FEW
LAX,2026-08-09 12:53,70.00,67.00,4.00,230.00,29.88,0.00,FEW
LAX,2026-08-09 13:53,70.00,67.00,5.00,260.00,29.88,0.00,FEW
LAX,2026-08-09 14:53,72.00,67.00,3.00,200.00,29.89,0.00,FEW
LAX,2026-08-09 15:53,74.00,67.00,6.00,230.00,29.90,0.00,FEW
LAX,2026-08-09 16:53,76.00,67.00,6.00,260.00,29.91,0.00,FEW
LAX,2026-08-09 17:53,76.00,66.00,8.00,230.00,29.91,0.00,FEW
LAX,2026-08-09 18:53,77.00,66.00,7.00,250.00,29.90,0.00,FEW
LAX,2026-08-09 19:53,78.00,66.00,10.00,260.00,29.89,0.00,FEW
LAX,2026-08-09 20:53,78.00,66.00,11.00,270.00,29.87,0.00,FEW
LAX,2026-08-09 21:53,80.00,64.00,8.00,260.00,29.84,0.00,FEW
LAX,2026-08-09 22:53,79.00,65.00,10.00,260.00,29.81,0.00,FEW
LAX,2026-08-09 23:53,78.00,65.00,10.00,240.00,29.80,0.00,FEW
LAX,2026-08-10 00:53,77.00,68.00,9.00,230.00,29.82,0.00,FEW
LAX,2026-08-10 01:53,74.00,68.00,11.00,260.00,29.82,0.00,SCT
LAX,2026-08-10 02:53,72.00,67.00,8.00,230.00,29.85,0.00,FEW
LAX,2026-08-10 03:53,72.00,67.00,7.00,270.00,29.87,0.00,OVC
LAX,2026-08-10 04:53,72.00,67.00,7.00,270.00,29.91,0.00,SCT
LAX,2026-08-10 05:53,71.00,66.00,6.00,270.00,29.92,0.00,FEW
LAX,2026-08-10 06:53,71.00,66.00,6.00,290.00,29.91,0.00,FEW
LAX,2026-08-10 07:53,70.00,65.00,4.00,250.00,29.92,0.00,FEW
LAX,2026-08-10 08:53,70.00,65.00,3.00,270.00,29.91,0.00,FEW
LAX,2026-08-10 09:53,70.00,66.00,3.00,300.00,29.89,0.00,FEW
LAX,2026-08-10 10:53,70.00,66.00,3.00,320.00,29.88,0.00,FEW
LAX,2026-08-10 11:53,70.00,66.00,6.00,240.00,29.88,0.00,FEW
LAX,2026-08-10 12:53,70.00,66.00,4.00,260.00,29.89,0.00,FEW
LAX,2026-08-10 13:53,70.00,66.00,5.00,270.00,29.91,0.00,FEW
LAX,2026-08-10 14:53,72.00,67.00,6.00,270.00,29.92,0.00,FEW
LAX,2026-08-10 15:53,74.00,67.00,6.00,260.00,29.94,0.00,FEW
LAX,2026-08-10 16:53,75.00,67.00,8.00,270.00,29.96,0.00,FEW
LAX,2026-08-10 17:53,76.00,67.00,9.00,260.00,29.96,0.00,FEW
LAX,2026-08-10 18:53,78.00,67.00,8.00,240.00,29.96,0.00,FEW
LAX,2026-08-10 19:53,78.00,66.00,11.00,270.00,29.95,0.00,FEW
LAX,2026-08-10 20:53,78.00,66.00,12.00,260.00,29.94,0.00,FEW
LAX,2026-08-10 21:53,78.00,66.00,12.00,260.00,29.91,0.00,FEW
LAX,2026-08-10 22:53,77.00,65.00,11.00,260.00,29.89,0.00,FEW
LAX,2026-08-10 23:53,77.00,65.00,13.00,250.00,29.90,0.00,FEW
LAX,2026-08-11 00:53,75.00,65.00,13.00,260.00,29.90,0.00,FEW
LAX,2026-08-11 01:53,73.00,66.00,13.00,250.00,29.91,0.00,FEW
LAX,2026-08-11 02:53,71.00,65.00,10.00,250.00,29.94,0.00,FEW
LAX,2026-08-11 03:53,70.00,65.00,9.00,260.00,29.96,0.00,SCT
LAX,2026-08-11 04:53,70.00,65.00,7.00,260.00,29.97,0.00,FEW
LAX,2026-08-11 05:53,70.00,65.00,7.00,250.00,29.97,0.00,FEW
LAX,2026-08-11 06:53,70.00,65.00,6.00,240.00,29.96,0.00,FEW
LAX,2026-08-11 07:53,70.00,66.00,7.00,260.00,29.96,0.00,FEW
LAX,2026-08-11 08:53,70.00,66.00,6.00,260.00,29.96,0.00,FEW
LAX,2026-08-11 09:53,70.00,65.00,7.00,260.00,29.96,0.00,FEW
LAX,2026-08-11 10:53,70.00,65.00,4.00,270.00,29.96,0.00,FEW
LAX,2026-08-11 11:53,70.00,65.00,4.00,270.00,29.95,0.00,FEW
LAX,2026-08-11 12:53,70.00,65.00,4.00,250.00,29.96,0.00,FEW
LAX,2026-08-11 13:53,70.00,65.00,5.00,290.00,29.98,0.00,FEW
LAX,2026-08-11 14:53,72.00,66.00,7.00,270.00,29.99,0.00,SCT
LAX,2026-08-11 15:53,74.00,65.00,6.00,260.00,30.00,0.00,SCT
LAX,2026-08-11 16:53,76.00,65.00,4.00,250.00,30.00,0.00,FEW
LAX,2026-08-11 17:53,80.00,65.00,5.00,null,30.01,0.00,FEW
LAX,2026-08-11 18:53,79.00,66.00,12.00,270.00,30.01,0.00,FEW
LAX,2026-08-11 19:53,78.00,65.00,11.00,260.00,30.00,0.00,FEW
LAX,2026-08-11 20:53,78.00,66.00,13.00,250.00,29.98,0.00,FEW
LAX,2026-08-11 21:53,78.00,65.00,13.00,250.00,29.97,0.00,FEW
LAX,2026-08-11 22:53,77.00,66.00,13.00,260.00,29.94,0.00,FEW
LAX,2026-08-11 23:53,76.00,66.00,16.00,260.00,29.92,0.00,FEW
LAX,2026-08-12 00:53,74.00,66.00,14.00,250.00,29.91,0.00,FEW
LAX,2026-08-12 01:53,73.00,66.00,14.00,260.00,29.90,0.00,FEW
LAX,2026-08-12 02:53,71.00,66.00,12.00,260.00,29.92,0.00,FEW
LAX,2026-08-12 03:53,71.00,66.00,9.00,240.00,29.93,0.00,BKN
LAX,2026-08-12 04:53,71.00,66.00,7.00,260.00,29.96,0.00,BKN
LAX,2026-08-12 05:53,71.00,65.00,10.00,260.00,29.97,0.00,BKN
LAX,2026-08-12 06:53,70.00,65.00,8.00,280.00,29.97,0.00,BKN
LAX,2026-08-12 07:53,70.00,64.00,7.00,260.00,29.97,0.00,SCT
LAX,2026-08-12 08:53,70.00,65.00,5.00,290.00,29.96,0.00,FEW
LAX,2026-08-12 09:53,70.00,65.00,5.00,290.00,29.95,0.00,BKN
LAX,2026-08-12 10:53,70.00,64.00,0.00,0.00,29.94,0.00,BKN
LAX,2026-08-12 11:53,70.00,65.00,5.00,null,29.94,0.00,BKN
LAX,2026-08-12 12:53,70.00,64.00,0.00,0.00,29.94,0.00,BKN
LAX,2026-08-12 13:53,70.00,64.00,3.00,330.00,29.94,0.00,BKN
LAX,2026-08-12 14:53,72.00,64.00,3.00,310.00,29.94,0.00,BKN
LAX,2026-08-12 15:53,74.00,65.00,7.00,240.00,29.95,0.00,FEW
LAX,2026-08-12 16:53,74.00,64.00,6.00,280.00,29.95,0.00,FEW
LAX,2026-08-12 17:53,76.00,64.00,7.00,250.00,29.95,0.00,FEW
LAX,2026-08-12 18:53,76.00,65.00,9.00,270.00,29.94,0.00,FEW
LAX,2026-08-12 19:53,76.00,64.00,9.00,240.00,29.92,0.00,FEW
LAX,2026-08-12 20:53,76.00,64.00,11.00,270.00,29.90,0.00,FEW
LAX,2026-08-12 21:53,76.00,64.00,13.00,250.00,29.88,0.00,FEW
LAX,2026-08-12 22:53,75.00,64.00,16.00,270.00,29.86,0.00,FEW
LAX,2026-08-12 23:53,74.00,63.00,15.00,250.00,29.85,0.00,FEW
LAX,2026-08-13 00:53,72.00,63.00,15.00,250.00,29.86,0.00,SCT
LAX,2026-08-13 01:53,71.00,63.00,15.00,260.00,29.87,0.00,SCT
LAX,2026-08-13 02:53,69.00,62.00,12.00,270.00,29.89,0.00,FEW
LAX,2026-08-13 03:53,69.00,62.00,8.00,250.00,29.91,0.00,SCT
LAX,2026-08-13 04:53,68.00,62.00,7.00,250.00,29.92,0.00,FEW
LAX,2026-08-13 05:53,68.00,62.00,6.00,240.00,29.93,0.00,BKN
LAX,2026-08-13 06:53,69.00,61.00,0.00,0.00,29.93,0.00,BKN
LAX,2026-08-13 07:53,69.00,61.00,0.00,0.00,29.93,0.00,BKN
LAX,2026-08-13 08:53,70.00,62.00,0.00,0.00,29.92,0.00,BKN
LAX,2026-08-13 09:53,70.00,62.00,3.00,90.00,29.91,0.00,BKN
LAX,2026-08-13 10:53,70.00,62.00,5.00,90.00,29.90,0.00,BKN
LAX,2026-08-13 11:53,71.00,62.00,5.00,100.00,29.89,0.00,BKN
LAX,2026-08-13 12:53,71.00,61.00,6.00,150.00,29.90,0.00,BKN
LAX,2026-08-13 13:53,71.00,62.00,3.00,220.00,29.91,0.00,BKN
LAX,2026-08-13 14:53,71.00,62.00,4.00,220.00,29.93,0.00,BKN
LAX,2026-08-13 15:53,72.00,62.00,0.00,0.00,29.94,0.00,BKN
LAX,2026-08-13 16:53,73.00,62.00,7.00,230.00,29.95,0.00,BKN
LAX,2026-08-13 17:53,73.00,63.00,8.00,270.00,29.95,0.00,SCT
LAX,2026-08-13 18:53,76.00,62.00,10.00,260.00,29.95,0.00,FEW
LAX,2026-08-13 19:53,76.00,62.00,9.00,260.00,29.94,0.00,SCT
LAX,2026-08-13 20:53,77.00,61.00,11.00,250.00,29.93,0.00,FEW
LAX,2026-08-13 21:53,76.00,62.00,9.00,280.00,29.92,0.00,FEW
LAX,2026-08-13 22:53,75.00,62.00,13.00,250.00,29.92,0.00,FEW
LAX,2026-08-13 23:53,74.00,62.00,12.00,250.00,29.92,0.00,FEW
LAX,2026-08-14 00:53,73.00,62.00,11.00,250.00,29.92,0.00,FEW
LAX,2026-08-14 01:53,72.00,62.00,10.00,260.00,29.91,0.00,FEW
LAX,2026-08-14 02:53,70.00,61.00,9.00,270.00,29.92,0.00,FEW
LAX,2026-08-14 03:53,70.00,62.00,9.00,270.00,29.93,0.00,FEW
LAX,2026-08-14 04:53,69.00,62.00,7.00,260.00,29.95,0.00,FEW
LAX,2026-08-14 05:53,69.00,62.00,7.00,250.00,29.96,0.00,FEW
LAX,2026-08-14 06:53,69.00,62.00,8.00,270.00,29.96,0.00,FEW
LAX,2026-08-14 07:53,69.00,62.00,7.00,270.00,29.97,0.00,FEW
LAX,2026-08-14 08:53,69.00,62.00,5.00,280.00,29.97,0.00,FEW
LAX,2026-08-14 09:53,69.00,62.00,3.00,320.00,29.96,0.00,FEW
LAX,2026-08-14 10:53,69.00,62.00,4.00,310.00,29.96,0.00,BKN
LAX,2026-08-14 11:53,70.00,62.00,5.00,260.00,29.97,0.00,FEW
LAX,2026-08-14 12:53,70.00,61.00,3.00,360.00,29.98,0.00,FEW
LAX,2026-08-14 13:53,71.00,61.00,3.00,340.00,29.98,0.00,FEW
LAX,2026-08-14 14:53,71.00,62.00,0.00,0.00,30.00,0.00,FEW
LAX,2026-08-14 15:53,72.00,63.00,4.00,90.00,29.99,0.00,FEW
LAX,2026-08-14 16:53,74.00,63.00,4.00,120.00,30.00,0.00,FEW
LAX,2026-08-14 17:53,76.00,62.00,8.00,260.00,30.01,0.00,FEW
LAX,2026-08-14 18:53,77.00,62.00,11.00,250.00,30.01,0.00,FEW
LAX,2026-08-14 19:53,78.00,62.00,10.00,240.00,30.01,0.00,FEW
LAX,2026-08-14 20:53,76.00,62.00,10.00,270.00,30.00,0.00,FEW
LAX,2026-08-14 21:53,76.00,63.00,12.00,250.00,30.00,0.00,FEW
LAX,2026-08-14 22:53,77.00,62.00,15.00,260.00,29.99,0.00,FEW
LAX,2026-08-14 23:53,75.00,62.00,13.00,260.00,29.98,0.00,FEW
LAX,2026-08-15 00:53,74.00,62.00,14.00,240.00,29.99,0.00,FEW
LAX,2026-08-15 01:53,72.00,62.00,14.00,260.00,29.98,0.00,SCT
LAX,2026-08-15 02:53,70.00,63.00,12.00,240.00,29.99,0.00,SCT
LAX,2026-08-15 03:53,70.00,63.00,12.00,260.00,30.01,0.00,SCT
LAX,2026-08-15 04:53,69.00,63.00,10.00,270.00,30.03,0.00,SCT
LAX,2026-08-15 05:53,69.00,63.00,10.00,270.00,30.04,0.00,BKN
LAX,2026-08-15 06:53,69.00,63.00,6.00,280.00,30.04,0.00,BKN
LAX,2026-08-15 07:53,69.00,63.00,6.00,260.00,30.05,0.00,BKN
LAX,2026-08-15 08:53,69.00,63.00,5.00,280.00,30.04,0.00,BKN
LAX,2026-08-15 09:53,69.00,63.00,5.00,320.00,30.04,0.00,BKN
LAX,2026-08-15 10:53,68.00,62.00,5.00,320.00,30.02,0.00,BKN
LAX,2026-08-15 11:53,69.00,62.00,0.00,0.00,30.03,0.00,SCT
LAX,2026-08-15 12:53,69.00,62.00,3.00,260.00,30.04,0.00,BKN
LAX,2026-08-15 13:53,69.00,62.00,4.00,280.00,30.07,0.00,BKN
LAX,2026-08-15 14:53,70.00,61.00,3.00,270.00,30.08,0.00,BKN
LAX,2026-08-15 15:53,71.00,61.00,0.00,0.00,30.09,0.00,OVC
LAX,2026-08-15 16:53,72.00,61.00,8.00,270.00,30.09,0.00,BKN
LAX,2026-08-15 17:53,75.00,61.00,8.00,240.00,30.09,0.00,FEW
LAX,2026-08-15 18:53,75.00,60.00,9.00,260.00,30.09,0.00,FEW
LAX,2026-08-15 19:53,76.00,60.00,9.00,250.00,30.08,0.00,FEW
LAX,2026-08-15 20:53,76.00,61.00,13.00,240.00,30.07,0.00,FEW
LAX,2026-08-15 21:53,75.00,61.00,15.00,260.00,30.07,0.00,FEW
LAX,2026-08-15 22:53,75.00,62.00,15.00,250.00,30.05,0.00,FEW
LAX,2026-08-15 23:53,73.00,64.00,13.00,270.00,30.04,0.00,SCT
LAX,2026-08-16 00:53,73.00,63.00,11.00,260.00,30.03,0.00,FEW
LAX,2026-08-16 01:53,71.00,63.00,13.00,270.00,30.03,0.00,SCT
LAX,2026-08-16 02:53,70.00,63.00,9.00,250.00,30.04,0.00,BKN
LAX,2026-08-16 03:53,69.00,63.00,10.00,270.00,30.06,0.00,BKN
LAX,2026-08-16 04:53,69.00,63.00,7.00,280.00,30.07,0.00,BKN
LAX,2026-08-16 05:53,68.00,63.00,7.00,250.00,30.06,0.00,BKN
LAX,2026-08-16 06:53,68.00,63.00,4.00,270.00,30.06,0.00,SCT
LAX,2026-08-16 07:53,67.00,63.00,6.00,240.00,30.06,0.00,SCT
LAX,2026-08-16 08:53,67.00,63.00,4.00,270.00,30.05,0.00,SCT
LAX,2026-08-16 09:53,67.00,63.00,4.00,250.00,30.06,0.00,FEW
LAX,2026-08-16 10:53,67.00,63.00,4.00,230.00,30.06,0.00,FEW
LAX,2026-08-16 11:53,68.00,63.00,0.00,0.00,30.06,0.00,BKN
LAX,2026-08-16 12:53,67.00,63.00,3.00,70.00,30.05,0.00,BKN
LAX,2026-08-16 13:53,68.00,63.00,3.00,100.00,30.06,0.00,BKN
LAX,2026-08-16 14:53,70.00,63.00,0.00,0.00,30.07,0.00,BKN
LAX,2026-08-16 15:53,72.00,63.00,6.00,240.00,30.08,0.00,SCT
LAX,2026-08-16 16:53,73.00,63.00,8.00,260.00,30.08,0.00,FEW
LAX,2026-08-16 17:53,74.00,62.00,7.00,260.00,30.09,0.00,FEW
LAX,2026-08-16 18:53,75.00,63.00,11.00,260.00,30.08,0.00,FEW
LAX,2026-08-16 19:53,75.00,62.00,10.00,260.00,30.05,0.00,FEW
LAX,2026-08-16 20:53,75.00,62.00,12.00,250.00,30.04,0.00,FEW
LAX,2026-08-16 21:53,75.00,64.00,17.00,260.00,30.03,0.00,FEW
LAX,2026-08-16 22:53,76.00,64.00,16.00,260.00,29.99,0.00,FEW
LAX,2026-08-16 23:53,74.00,64.00,15.00,260.00,29.97,0.00,FEW
LAX,2026-08-17 00:53,73.00,64.00,14.00,250.00,29.97,0.00,FEW
LAX,2026-08-17 01:53,71.00,64.00,11.00,240.00,29.96,0.00,FEW
LAX,2026-08-17 02:53,70.00,64.00,8.00,250.00,29.96,0.00,SCT
LAX,2026-08-17 03:53,70.00,64.00,9.00,240.00,29.97,0.00,FEW
LAX,2026-08-17 04:53,70.00,64.00,7.00,240.00,29.99,0.00,CLR
LAX,2026-08-17 05:53,69.00,63.00,7.00,240.00,29.99,0.00,FEW
LAX,2026-08-17 06:53,68.00,64.00,4.00,210.00,30.00,0.00,FEW
LAX,2026-08-17 07:53,68.00,65.00,11.00,240.00,30.01,0.00,FEW
LAX,2026-08-17 08:53,68.00,65.00,5.00,220.00,30.00,0.00,FEW
LAX,2026-08-17 09:53,68.00,65.00,3.00,90.00,30.01,0.00,FEW
LAX,2026-08-17 10:53,68.00,65.00,3.00,100.00,30.00,0.00,FEW
LAX,2026-08-17 11:53,68.00,64.00,4.00,200.00,30.00,0.00,FEW
LAX,2026-08-17 12:53,67.00,64.00,0.00,0.00,30.00,0.00,FEW
LAX,2026-08-17 13:53,67.00,64.00,3.00,150.00,30.00,0.00,FEW
LAX,2026-08-17 14:53,69.00,64.00,3.00,190.00,30.01,0.00,FEW
LAX,2026-08-17 15:53,71.00,64.00,4.00,220.00,30.02,0.00,FEW
LAX,2026-08-17 16:53,75.00,63.00,7.00,280.00,30.03,0.00,FEW
LAX,2026-08-17 17:53,76.00,63.00,6.00,null,30.02,0.00,FEW
LAX,2026-08-17 18:53,77.00,64.00,7.00,260.00,30.00,0.00,FEW
LAX,2026-08-17 19:53,76.00,63.00,10.00,250.00,30.00,0.00,FEW
LAX,2026-08-17 20:53,75.00,64.00,14.00,260.00,29.99,0.00,FEW
LAX,2026-08-17 21:53,76.00,63.00,12.00,260.00,29.98,0.00,FEW
LAX,2026-08-17 22:53,75.00,64.00,15.00,260.00,29.95,0.00,FEW
LAX,2026-08-17 23:53,75.00,64.00,15.00,260.00,29.94,0.00,FEW
LAX,2026-08-18 00:53,74.00,63.00,16.00,260.00,29.93,0.00,FEW
LAX,2026-08-18 01:53,72.00,63.00,15.00,250.00,29.91,0.00,FEW
LAX,2026-08-18 02:53,71.00,63.00,12.00,260.00,29.91,0.00,FEW
LAX,2026-08-18 03:53,71.00,62.00,6.00,210.00,29.93,0.00,FEW
LAX,2026-08-18 04:53,71.00,63.00,6.00,250.00,29.94,0.00,FEW
LAX,2026-08-18 05:53,70.00,64.00,4.00,140.00,29.94,0.00,FEW
LAX,2026-08-18 06:53,69.00,65.00,5.00,160.00,29.96,0.00,FEW
LAX,2026-08-18 07:53,69.00,65.00,4.00,180.00,29.95,0.00,FEW
LAX,2026-08-18 08:53,68.00,65.00,4.00,180.00,29.95,0.00,FEW
LAX,2026-08-18 09:53,69.00,65.00,4.00,130.00,29.95,0.00,FEW
LAX,2026-08-18 10:53,68.00,65.00,0.00,0.00,29.95,0.00,FEW
LAX,2026-08-18 11:53,69.00,64.00,0.00,0.00,29.94,0.00,FEW
LAX,2026-08-18 12:53,68.00,65.00,0.00,0.00,29.95,0.00,FEW
LAX,2026-08-18 13:53,69.00,65.00,3.00,160.00,29.96,0.00,FEW
LAX,2026-08-18 14:53,71.00,64.00,0.00,0.00,29.98,0.00,FEW
LAX,2026-08-18 15:53,73.00,65.00,5.00,null,29.98,0.00,FEW
LAX,2026-08-18 16:53,74.00,64.00,9.00,260.00,29.99,0.00,FEW
LAX,2026-08-18 17:53,76.00,65.00,8.00,250.00,29.99,0.00,FEW
LAX,2026-08-18 18:53,75.00,64.00,8.00,260.00,29.98,0.00,FEW
LAX,2026-08-18 19:53,79.00,63.00,8.00,230.00,29.96,0.00,FEW
LAX,2026-08-18 20:53,81.00,63.00,9.00,260.00,29.94,0.00,FEW
LAX,2026-08-18 21:53,79.00,64.00,11.00,250.00,29.92,0.00,SCT
LAX,2026-08-18 22:53,77.00,65.00,14.00,250.00,29.90,0.00,SCT
LAX,2026-08-18 23:53,76.00,63.00,12.00,240.00,29.89,0.00,FEW
LAX,2026-08-19 00:53,75.00,62.00,11.00,250.00,29.89,0.00,SCT
LAX,2026-08-19 01:53,73.00,65.00,15.00,260.00,29.88,0.00,FEW
LAX,2026-08-19 02:53,71.00,63.00,16.00,270.00,29.88,0.00,FEW
LAX,2026-08-19 03:53,70.00,64.00,12.00,250.00,29.89,0.00,FEW
LAX,2026-08-19 04:53,70.00,64.00,7.00,230.00,29.91,0.00,FEW
LAX,2026-08-19 05:53,69.00,65.00,6.00,220.00,29.91,0.00,FEW
LAX,2026-08-19 06:53,69.00,65.00,5.00,250.00,29.91,0.00,FEW
LAX,2026-08-19 07:53,69.00,64.00,4.00,190.00,29.91,0.00,FEW
LAX,2026-08-19 08:53,69.00,66.00,6.00,200.00,29.90,0.00,FEW
LAX,2026-08-19 09:53,69.00,65.00,0.00,0.00,29.90,0.00,FEW
LAX,2026-08-19 10:53,69.00,66.00,3.00,250.00,29.90,0.00,FEW
LAX,2026-08-19 11:53,68.00,65.00,3.00,270.00,29.90,0.00,FEW
LAX,2026-08-19 12:53,68.00,64.00,6.00,260.00,29.90,0.00,FEW
LAX,2026-08-19 13:53,68.00,64.00,4.00,250.00,29.92,0.00,FEW
LAX,2026-08-19 14:53,70.00,65.00,4.00,240.00,29.93,0.00,FEW
LAX,2026-08-19 15:53,73.00,65.00,0.00,0.00,29.93,0.00,FEW
LAX,2026-08-19 16:53,76.00,65.00,0.00,0.00,29.93,0.00,FEW
LAX,2026-08-19 17:53,80.00,64.00,0.00,0.00,29.93,0.00,FEW
LAX,2026-08-19 18:53,79.00,65.00,5.00,270.00,29.92,0.00,FEW
LAX,2026-08-19 19:53,77.00,65.00,11.00,260.00,29.91,0.00,FEW
LAX,2026-08-19 20:53,79.00,65.00,14.00,260.00,29.89,0.00,FEW
LAX,2026-08-19 21:53,78.00,65.00,14.00,270.00,29.88,0.00,FEW
LAX,2026-08-19 22:53,77.00,64.00,15.00,260.00,29.86,0.00,FEW
LAX,2026-08-19 23:53,76.00,63.00,14.00,250.00,29.85,0.00,FEW
LAX,2026-08-20 00:53,75.00,64.00,12.00,260.00,29.84,0.00,FEW
LAX,2026-08-20 01:53,73.00,64.00,15.00,250.00,29.84,0.00,FEW
LAX,2026-08-20 02:53,71.00,64.00,10.00,230.00,29.84,0.00,FEW
LAX,2026-08-20 03:53,70.00,64.00,10.00,230.00,29.86,0.00,CLR
LAX,2026-08-20 04:53,70.00,64.00,4.00,180.00,29.89,0.00,CLR
LAX,2026-08-20 05:53,70.00,65.00,4.00,180.00,29.90,0.00,FEW
LAX,2026-08-20 06:53,70.00,64.00,7.00,190.00,29.91,0.00,FEW
LAX,2026-08-20 07:53,70.00,65.00,3.00,150.00,29.91,0.00,FEW
LAX,2026-08-20 08:53,69.00,65.00,0.00,0.00,29.91,0.00,FEW
LAX,2026-08-20 09:53,68.00,65.00,4.00,240.00,29.91,0.00,FEW
LAX,2026-08-20 10:53,68.00,65.00,4.00,260.00,29.92,0.00,FEW
LAX,2026-08-20 11:53,68.00,65.00,4.00,260.00,29.92,0.00,FEW
LAX,2026-08-20 12:53,68.00,65.00,3.00,310.00,29.91,0.00,FEW
LAX,2026-08-20 13:53,68.00,65.00,0.00,0.00,29.94,0.00,FEW
LAX,2026-08-20 14:53,70.00,65.00,5.00,100.00,29.95,0.00,FEW
LAX,2026-08-20 15:53,74.00,65.00,0.00,0.00,29.97,0.00,FEW
LAX,2026-08-20 16:53,75.00,66.00,7.00,270.00,29.97,0.00,FEW
LAX,2026-08-20 17:53,75.00,66.00,8.00,260.00,29.98,0.00,FEW
LAX,2026-08-20 18:53,76.00,66.00,8.00,250.00,29.97,0.00,FEW
LAX,2026-08-20 19:53,76.00,66.00,10.00,270.00,29.96,0.00,FEW
LAX,2026-08-20 20:53,76.00,65.00,9.00,250.00,29.94,0.00,FEW
LAX,2026-08-20 21:53,77.00,65.00,9.00,260.00,29.93,0.00,FEW
LAX,2026-08-20 22:53,76.00,66.00,11.00,260.00,29.91,0.00,FEW
LAX,2026-08-20 23:53,76.00,67.00,10.00,240.00,29.91,0.00,FEW
LAX,2026-08-21 00:53,75.00,65.00,10.00,270.00,29.90,0.00,FEW
LAX,2026-08-21 01:53,74.00,65.00,8.00,250.00,29.90,0.00,FEW
LAX,2026-08-21 02:53,72.00,64.00,10.00,260.00,29.91,0.00,FEW
LAX,2026-08-21 03:53,72.00,66.00,7.00,270.00,29.93,0.00,FEW
LAX,2026-08-21 04:53,71.00,67.00,5.00,230.00,29.95,0.00,FEW
LAX,2026-08-21 05:53,71.00,66.00,5.00,250.00,29.95,0.00,FEW
LAX,2026-08-21 06:53,70.00,65.00,6.00,250.00,29.95,0.00,FEW
LAX,2026-08-21 07:53,70.00,65.00,0.00,0.00,29.95,0.00,FEW
LAX,2026-08-21 08:53,70.00,65.00,4.00,260.00,29.94,0.00,FEW
LAX,2026-08-21 09:53,69.00,65.00,6.00,250.00,29.93,0.00,FEW
LAX,2026-08-21 10:53,70.00,66.00,4.00,270.00,29.93,0.00,FEW
LAX,2026-08-21 11:53,69.00,66.00,3.00,220.00,29.94,0.00,FEW
LAX,2026-08-21 12:53,70.00,66.00,3.00,10.00,29.95,0.00,FEW
LAX,2026-08-21 13:53,71.00,66.00,0.00,0.00,29.97,0.00,FEW
LAX,2026-08-21 14:53,74.00,66.00,0.00,0.00,29.97,0.00,FEW
LAX,2026-08-21 15:53,78.00,65.00,0.00,0.00,29.97,0.00,FEW
LAX,2026-08-21 16:53,78.00,67.00,8.00,270.00,29.98,0.00,FEW
LAX,2026-08-21 17:53,79.00,67.00,9.00,270.00,29.99,0.00,FEW
LAX,2026-08-21 18:53,81.00,66.00,8.00,270.00,29.98,0.00,FEW
LAX,2026-08-21 19:53,81.00,67.00,11.00,240.00,29.97,0.00,FEW
LAX,2026-08-21 20:53,80.00,67.00,11.00,260.00,29.96,0.00,FEW
LAX,2026-08-21 21:53,80.00,67.00,13.00,260.00,29.94,0.00,FEW
LAX,2026-08-21 22:53,79.00,67.00,11.00,270.00,29.93,0.00,FEW
LAX,2026-08-21 23:53,79.00,63.00,10.00,260.00,29.92,0.00,FEW
LAX,2026-08-22 00:53,78.00,63.00,10.00,270.00,29.92,0.00,FEW
LAX,2026-08-22 01:53,76.00,65.00,7.00,240.00,29.92,0.00,FEW
LAX,2026-08-22 02:53,73.00,66.00,9.00,260.00,29.92,0.00,FEW
LAX,2026-08-22 03:53,72.00,65.00,6.00,240.00,29.95,0.00,FEW
LAX,2026-08-22 04:53,72.00,66.00,8.00,250.00,29.96,0.00,FEW
LAX,2026-08-22 05:53,72.00,66.00,3.00,230.00,29.96,0.00,FEW
LAX,2026-08-22 06:53,72.00,66.00,3.00,210.00,29.97,0.00,SCT
LAX,2026-08-22 07:53,72.00,67.00,0.00,0.00,29.97,0.00,SCT
LAX,2026-08-22 08:53,73.00,66.00,5.00,null,29.95,0.00,FEW
LAX,2026-08-22 09:53,71.00,67.00,5.00,300.00,29.93,0.00,FEW
LAX,2026-08-22 10:53,71.00,67.00,0.00,0.00,29.93,0.00,CLR
LAX,2026-08-22 11:53,70.00,67.00,4.00,260.00,29.94,0.00,CLR
LAX,2026-08-22 12:53,70.00,67.00,4.00,240.00,29.94,0.00,FEW
LAX,2026-08-22 13:53,70.00,68.00,3.00,240.00,29.96,0.00,FEW
LAX,2026-08-22 14:53,71.00,68.00,6.00,270.00,29.97,0.00,FEW
LAX,2026-08-22 15:53,74.00,68.00,7.00,250.00,29.98,0.00,FEW
LAX,2026-08-22 16:53,77.00,67.00,3.00,270.00,29.98,0.00,FEW
LAX,2026-08-22 17:53,82.00,68.00,6.00,240.00,29.97,0.00,FEW
LAX,2026-08-22 18:53,82.00,67.00,8.00,240.00,29.97,0.00,FEW
LAX,2026-08-22 19:53,80.00,66.00,10.00,250.00,29.95,0.00,FEW
LAX,2026-08-22 20:53,80.00,64.00,11.00,250.00,29.94,0.00,FEW
LAX,2026-08-22 21:53,80.00,66.00,13.00,270.00,29.92,0.00,FEW
LAX,2026-08-22 22:53,79.00,68.00,11.00,250.00,29.90,0.00,FEW
LAX,2026-08-22 23:53,79.00,68.00,11.00,260.00,29.89,0.00,FEW
LAX,2026-08-23 00:53,77.00,65.00,10.00,260.00,29.90,0.00,FEW
LAX,2026-08-23 01:53,75.00,67.00,12.00,260.00,29.88,0.00,FEW
LAX,2026-08-23 02:53,73.00,64.00,10.00,270.00,29.88,0.00,FEW
LAX,2026-08-23 03:53,72.00,64.00,8.00,250.00,29.90,0.00,CLR
LAX,2026-08-23 04:53,73.00,64.00,6.00,250.00,29.90,0.00,CLR
LAX,2026-08-23 05:53,72.00,65.00,7.00,260.00,29.89,0.00,CLR
LAX,2026-08-23 06:53,71.00,65.00,4.00,250.00,29.90,0.00,CLR
LAX,2026-08-23 07:53,72.00,65.00,4.00,260.00,29.89,0.00,CLR
LAX,2026-08-23 08:53,72.00,66.00,0.00,0.00,29.89,0.00,CLR
LAX,2026-08-23 09:53,71.00,66.00,3.00,310.00,29.88,0.00,CLR
LAX,2026-08-23 10:53,71.00,66.00,0.00,0.00,29.88,0.00,CLR
LAX,2026-08-23 11:53,70.00,67.00,0.00,0.00,29.88,0.00,CLR
LAX,2026-08-23 12:53,70.00,67.00,4.00,270.00,29.88,0.00,FEW
LAX,2026-08-23 13:53,71.00,68.00,3.00,null,29.89,0.00,FEW
LAX,2026-08-23 14:53,73.00,67.00,3.00,330.00,29.90,0.00,FEW
LAX,2026-08-23 15:53,78.00,65.00,0.00,0.00,29.90,0.00,FEW
LAX,2026-08-23 16:53,83.00,62.00,0.00,0.00,29.91,0.00,FEW
LAX,2026-08-23 17:53,81.00,66.00,10.00,250.00,29.92,0.00,FEW
LAX,2026-08-23 18:53,82.00,65.00,9.00,260.00,29.92,0.00,FEW
LAX,2026-08-23 19:53,83.00,64.00,9.00,260.00,29.89,0.00,FEW
LAX,2026-08-23 20:53,83.00,65.00,12.00,250.00,29.88,0.00,FEW
LAX,2026-08-23 21:53,82.00,64.00,12.00,250.00,29.87,0.00,FEW
LAX,2026-08-23 22:53,84.00,61.00,10.00,270.00,29.86,0.00,FEW
LAX,2026-08-23 23:53,81.00,63.00,14.00,260.00,29.85,0.00,FEW
LAX,2026-08-24 00:53,79.00,63.00,12.00,260.00,29.85,0.00,FEW
LAX,2026-08-24 01:53,75.00,66.00,10.00,250.00,29.86,0.00,FEW
LAX,2026-08-24 02:53,73.00,66.00,9.00,260.00,29.87,0.00,FEW
LAX,2026-08-24 03:53,72.00,66.00,8.00,240.00,29.89,0.00,FEW
LAX,2026-08-24 04:53,72.00,66.00,5.00,150.00,29.90,0.00,FEW
LAX,2026-08-24 05:53,72.00,65.00,4.00,250.00,29.90,0.00,FEW
LAX,2026-08-24 06:53,72.00,67.00,5.00,250.00,29.91,0.00,FEW
LAX,2026-08-24 07:53,72.00,67.00,6.00,280.00,29.90,0.00,FEW
LAX,2026-08-24 08:53,71.00,67.00,4.00,240.00,29.89,0.00,FEW
LAX,2026-08-24 09:53,71.00,68.00,6.00,270.00,29.89,0.00,FEW
LAX,2026-08-24 10:53,70.00,68.00,4.00,260.00,29.89,0.00,FEW
LAX,2026-08-24 11:53,70.00,68.00,3.00,250.00,29.90,0.00,FEW
LAX,2026-08-24 12:53,70.00,68.00,4.00,330.00,29.91,0.00,FEW
LAX,2026-08-24 13:53,70.00,68.00,4.00,220.00,29.94,0.00,FEW
LAX,2026-08-24 14:53,73.00,68.00,3.00,350.00,29.95,0.00,FEW
LAX,2026-08-24 15:53,77.00,67.00,4.00,100.00,29.96,0.00,FEW
LAX,2026-08-24 16:53,81.00,65.00,0.00,0.00,29.96,0.00,FEW
LAX,2026-08-24 17:53,82.00,68.00,8.00,260.00,29.96,0.00,FEW
LAX,2026-08-24 18:53,82.00,67.00,11.00,260.00,29.95,0.00,FEW
LAX,2026-08-24 19:53,81.00,68.00,11.00,270.00,29.94,0.00,FEW
LAX,2026-08-24 20:53,82.00,68.00,12.00,260.00,29.92,0.00,FEW
LAX,2026-08-24 21:53,82.00,66.00,12.00,260.00,29.90,0.00,FEW
LAX,2026-08-24 22:53,82.00,65.00,13.00,260.00,29.88,0.00,FEW
LAX,2026-08-24 23:53,80.00,64.00,16.00,270.00,29.87,0.00,FEW
LAX,2026-08-25 00:53,79.00,64.00,11.00,250.00,29.87,0.00,FEW
LAX,2026-08-25 01:53,77.00,65.00,8.00,220.00,29.88,0.00,FEW
LAX,2026-08-25 02:53,76.00,66.00,5.00,190.00,29.89,0.00,FEW
LAX,2026-08-25 03:53,74.00,66.00,5.00,null,29.91,0.00,FEW
LAX,2026-08-25 04:53,74.00,66.00,5.00,170.00,29.93,0.00,FEW
LAX,2026-08-25 05:53,73.00,67.00,3.00,170.00,29.92,0.00,FEW
LAX,2026-08-25 06:53,73.00,66.00,4.00,190.00,29.93,0.00,FEW
LAX,2026-08-25 07:53,73.00,66.00,0.00,0.00,29.93,0.00,FEW
LAX,2026-08-25 08:53,72.00,67.00,4.00,250.00,29.92,0.00,FEW
LAX,2026-08-25 09:53,72.00,68.00,4.00,240.00,29.92,0.00,FEW
LAX,2026-08-25 10:53,72.00,67.00,4.00,260.00,29.91,0.00,FEW
LAX,2026-08-25 11:53,72.00,66.00,3.00,null,29.91,0.00,FEW
LAX,2026-08-25 12:53,71.00,67.00,3.00,250.00,29.93,0.00,FEW
LAX,2026-08-25 13:53,72.00,67.00,3.00,30.00,29.94,0.00,FEW
LAX,2026-08-25 14:53,74.00,68.00,4.00,110.00,29.96,0.00,FEW
LAX,2026-08-25 15:53,78.00,67.00,0.00,0.00,29.95,0.00,FEW
LAX,2026-08-25 16:53,81.00,67.00,3.00,null,29.95,0.00,FEW
LAX,2026-08-25 17:53,84.00,68.00,8.00,250.00,29.95,0.00,FEW
LAX,2026-08-25 18:53,81.00,68.00,10.00,250.00,29.95,0.00,FEW
LAX,2026-08-25 19:53,83.00,69.00,11.00,250.00,29.94,0.00,FEW
LAX,2026-08-25 20:53,83.00,65.00,10.00,260.00,29.92,0.00,FEW
LAX,2026-08-25 21:53,82.00,67.00,10.00,270.00,29.89,0.00,FEW
LAX,2026-08-25 22:53,81.00,68.00,11.00,280.00,29.87,0.00,FEW
LAX,2026-08-25 23:53,80.00,67.00,11.00,270.00,29.86,0.00,FEW
LAX,2026-08-26 00:53,78.00,67.00,13.00,260.00,29.86,0.00,FEW
LAX,2026-08-26 01:53,76.00,66.00,12.00,260.00,29.86,0.00,FEW
LAX,2026-08-26 02:53,74.00,67.00,6.00,220.00,29.87,0.00,FEW
LAX,2026-08-26 03:53,74.00,66.00,5.00,220.00,29.89,0.00,FEW
LAX,2026-08-26 04:53,74.00,65.00,4.00,250.00,29.90,0.00,CLR
LAX,2026-08-26 05:53,74.00,67.00,5.00,260.00,29.90,0.00,FEW
LAX,2026-08-26 06:53,73.00,68.00,3.00,340.00,29.90,0.00,FEW
LAX,2026-08-26 07:53,73.00,67.00,3.00,20.00,29.89,0.00,FEW
LAX,2026-08-26 08:53,73.00,67.00,0.00,0.00,29.87,0.00,FEW
LAX,2026-08-26 09:53,73.00,66.00,0.00,0.00,29.85,0.00,FEW
LAX,2026-08-26 10:53,74.00,66.00,0.00,0.00,29.84,0.00,FEW
LAX,2026-08-26 11:53,75.00,66.00,6.00,270.00,29.84,0.00,FEW
LAX,2026-08-26 12:53,73.00,68.00,4.00,310.00,29.84,0.00,FEW
LAX,2026-08-26 13:53,74.00,66.00,0.00,0.00,29.86,0.00,FEW
LAX,2026-08-26 14:53,75.00,68.00,5.00,260.00,29.87,0.00,CLR
LAX,2026-08-26 15:53,79.00,68.00,4.00,230.00,29.88,0.00,CLR
LAX,2026-08-26 16:53,81.00,67.00,5.00,240.00,29.89,0.00,CLR
LAX,2026-08-26 17:53,83.00,67.00,6.00,280.00,29.90,0.00,CLR
LAX,2026-08-26 18:53,85.00,66.00,7.00,250.00,29.90,0.00,FEW
LAX,2026-08-26 19:53,84.00,67.00,9.00,270.00,29.88,0.00,FEW
LAX,2026-08-26 20:53,85.00,67.00,11.00,270.00,29.88,0.00,FEW
LAX,2026-08-26 21:53,85.00,65.00,10.00,260.00,29.85,0.00,FEW
LAX,2026-08-26 22:53,87.00,62.00,10.00,260.00,29.83,0.00,FEW
LAX,2026-08-26 23:53,85.00,63.00,11.00,260.00,29.82,0.00,FEW
LAX,2026-08-27 00:53,81.00,67.00,11.00,270.00,29.82,0.00,FEW
LAX,2026-08-27 01:53,79.00,68.00,7.00,260.00,29.82,0.00,FEW
LAX,2026-08-27 02:53,77.00,68.00,8.00,270.00,29.83,0.00,FEW
LAX,2026-08-27 03:53,76.00,67.00,5.00,240.00,29.84,0.00,FEW
LAX,2026-08-27 04:53,77.00,66.00,5.00,260.00,29.85,0.00,SCT
LAX,2026-08-27 05:53,77.00,68.00,5.00,190.00,29.85,0.00,SCT
LAX,2026-08-27 06:53,77.00,67.00,0.00,0.00,29.85,0.00,SCT
LAX,2026-08-27 07:53,76.00,68.00,0.00,0.00,29.84,0.00,FEW
LAX,2026-08-27 08:53,76.00,68.00,0.00,0.00,29.83,0.00,FEW
LAX,2026-08-27 09:53,76.00,69.00,3.00,260.00,29.83,0.00,FEW
LAX,2026-08-27 10:53,75.00,71.00,3.00,280.00,29.84,0.00,FEW
LAX,2026-08-27 11:53,75.00,71.00,0.00,0.00,29.85,0.00,FEW
LAX,2026-08-27 12:53,76.00,70.00,3.00,100.00,29.85,0.00,FEW
LAX,2026-08-27 13:53,77.00,69.00,4.00,160.00,29.87,0.00,FEW
LAX,2026-08-27 14:53,79.00,70.00,0.00,0.00,29.88,0.00,FEW
LAX,2026-08-27 15:53,80.00,70.00,11.00,80.00,29.87,0.00,FEW
LAX,2026-08-27 16:53,84.00,72.00,4.00,null,29.88,0.00,FEW
LAX,2026-08-27 17:53,84.00,72.00,10.00,250.00,29.92,0.00,FEW
LAX,2026-08-27 18:53,83.00,71.00,0.00,0.00,29.90,0.00,FEW
LAX,2026-08-27 19:53,88.00,68.00,6.00,null,29.87,0.00,FEW
LAX,2026-08-27 20:53,88.00,69.00,3.00,270.00,29.86,0.00,FEW
LAX,2026-08-27 21:53,84.00,70.00,10.00,260.00,29.84,0.00,FEW
LAX,2026-08-27 22:53,80.00,71.00,11.00,260.00,29.82,null,FEW
LAX,2026-08-27 23:53,81.00,72.00,13.00,260.00,29.80,0.00,FEW
LAX,2026-08-28 00:53,79.00,68.00,11.00,260.00,29.80,0.00,FEW
LAX,2026-08-28 01:53,77.00,68.00,4.00,240.00,29.79,0.00,FEW
LAX,2026-08-28 02:53,77.00,67.00,5.00,240.00,29.79,0.00,FEW
LAX,2026-08-28 03:53,76.00,67.00,6.00,260.00,29.81,0.00,FEW
LAX,2026-08-28 04:53,76.00,67.00,4.00,250.00,29.83,0.00,FEW
LAX,2026-08-28 05:53,76.00,68.00,5.00,240.00,29.83,0.00,FEW
LAX,2026-08-28 06:53,76.00,69.00,3.00,210.00,29.83,0.00,FEW
LAX,2026-08-28 07:53,77.00,68.00,0.00,0.00,29.83,0.00,FEW
LAX,2026-08-28 08:53,77.00,68.00,0.00,0.00,29.84,0.00,FEW
LAX,2026-08-28 09:53,75.00,69.00,4.00,260.00,29.83,0.00,FEW
LAX,2026-08-28 10:53,75.00,69.00,0.00,0.00,29.83,0.00,FEW
LAX,2026-08-28 11:53,75.00,69.00,3.00,50.00,29.83,0.00,FEW
LAX,2026-08-28 12:53,75.00,69.00,3.00,300.00,29.85,0.00,FEW
LAX,2026-08-28 13:53,77.00,65.00,5.00,290.00,29.87,0.00,FEW
LAX,2026-08-28 14:53,78.00,68.00,0.00,0.00,29.87,0.00,FEW
LAX,2026-08-28 15:53,82.00,67.00,3.00,100.00,29.87,0.00,FEW
LAX,2026-08-28 16:53,84.00,68.00,5.00,260.00,29.89,0.00,FEW
LAX,2026-08-28 17:53,85.00,69.00,8.00,270.00,29.90,0.00,FEW
LAX,2026-08-28 18:53,85.00,69.00,9.00,260.00,29.90,0.00,FEW
LAX,2026-08-28 19:53,84.00,71.00,11.00,260.00,29.88,0.00,FEW
LAX,2026-08-28 20:53,84.00,69.00,8.00,250.00,29.87,0.00,FEW
LAX,2026-08-28 21:53,85.00,68.00,12.00,270.00,29.86,0.00,FEW
LAX,2026-08-28 22:53,84.00,69.00,14.00,260.00,29.83,0.00,FEW
LAX,2026-08-28 23:53,83.00,68.00,14.00,260.00,29.82,0.00,FEW
LAX,2026-08-29 00:53,81.00,67.00,13.00,250.00,29.82,0.00,FEW
LAX,2026-08-29 01:53,78.00,67.00,10.00,260.00,29.82,0.00,FEW
LAX,2026-08-29 02:53,77.00,66.00,7.00,230.00,29.82,0.00,FEW
LAX,2026-08-29 03:53,78.00,66.00,5.00,240.00,29.83,0.00,FEW
LAX,2026-08-29 04:53,77.00,66.00,3.00,200.00,29.84,0.00,FEW
LAX,2026-08-29 05:53,77.00,68.00,4.00,150.00,29.84,0.00,FEW
LAX,2026-08-29 06:53,78.00,66.00,3.00,260.00,29.85,0.00,FEW
LAX,2026-08-29 07:53,77.00,66.00,4.00,180.00,29.86,0.00,FEW
LAX,2026-08-29 08:53,76.00,66.00,4.00,210.00,29.86,0.00,SCT
LAX,2026-08-29 09:53,76.00,67.00,3.00,190.00,29.85,0.00,FEW
LAX,2026-08-29 10:53,76.00,66.00,0.00,0.00,29.85,0.00,FEW
LAX,2026-08-29 11:53,75.00,67.00,3.00,20.00,29.86,0.00,FEW
LAX,2026-08-29 12:53,74.00,67.00,3.00,80.00,29.87,0.00,FEW
LAX,2026-08-29 13:53,75.00,69.00,0.00,0.00,29.88,0.00,FEW
LAX,2026-08-29 14:53,76.00,70.00,3.00,260.00,29.89,0.00,FEW
LAX,2026-08-29 15:53,79.00,70.00,0.00,0.00,29.89,0.00,FEW
LAX,2026-08-29 16:53,82.00,69.00,4.00,260.00,29.90,0.00,FEW
LAX,2026-08-29 17:53,84.00,69.00,5.00,270.00,29.90,0.00,SCT
LAX,2026-08-29 18:53,85.00,68.00,10.00,250.00,29.89,0.00,FEW
LAX,2026-08-29 19:53,85.00,67.00,12.00,250.00,29.88,0.00,FEW
LAX,2026-08-29 20:53,85.00,66.00,12.00,240.00,29.87,0.00,FEW
LAX,2026-08-29 21:53,83.00,70.00,10.00,240.00,29.85,0.00,FEW
LAX,2026-08-29 22:53,81.00,69.00,11.00,260.00,29.83,0.00,FEW
LAX,2026-08-29 23:53,79.00,69.00,12.00,250.00,29.83,0.00,FEW
LAX,2026-08-30 00:53,78.00,66.00,14.00,260.00,29.83,0.00,FEW
LAX,2026-08-30 01:53,77.00,64.00,13.00,270.00,29.82,0.00,FEW
LAX,2026-08-30 02:53,74.00,67.00,7.00,230.00,29.82,0.00,FEW
LAX,2026-08-30 03:53,74.00,66.00,7.00,220.00,29.84,0.00,FEW
LAX,2026-08-30 04:53,74.00,61.00,12.00,260.00,29.84,0.00,FEW
LAX,2026-08-30 05:53,73.00,65.00,5.00,260.00,29.84,0.00,SCT
LAX,2026-08-30 06:53,73.00,67.00,5.00,200.00,29.85,0.00,SCT
LAX,2026-08-30 07:53,73.00,65.00,4.00,190.00,29.85,0.00,BKN
LAX,2026-08-30 08:53,73.00,67.00,6.00,190.00,29.85,0.00,SCT
LAX,2026-08-30 09:53,72.00,66.00,4.00,230.00,29.85,0.00,SCT
LAX,2026-08-30 10:53,72.00,65.00,0.00,0.00,29.85,0.00,BKN
LAX,2026-08-30 11:53,73.00,65.00,0.00,0.00,29.86,0.00,BKN
LAX,2026-08-30 12:53,71.00,65.00,0.00,0.00,29.86,0.00,BKN
LAX,2026-08-30 13:53,73.00,65.00,0.00,0.00,29.88,0.00,SCT
LAX,2026-08-30 14:53,74.00,66.00,4.00,90.00,29.89,0.00,SCT
LAX,2026-08-30 15:53,77.00,65.00,4.00,110.00,29.89,0.00,SCT
LAX,2026-08-30 16:53,80.00,63.00,4.00,160.00,29.89,0.00,FEW
LAX,2026-08-30 17:53,83.00,63.00,7.00,260.00,29.90,0.00,FEW
LAX,2026-08-30 18:53,81.00,66.00,11.00,250.00,29.90,0.00,FEW
LAX,2026-08-30 19:53,82.00,68.00,12.00,260.00,29.89,0.00,FEW
LAX,2026-08-30 20:53,81.00,68.00,11.00,250.00,29.89,0.00,FEW
LAX,2026-08-30 21:53,80.00,68.00,12.00,250.00,29.87,0.00,FEW
LAX,2026-08-30 22:53,80.00,68.00,12.00,260.00,29.85,0.00,FEW
LAX,2026-08-30 23:53,77.00,67.00,13.00,250.00,29.84,0.00,FEW
LAX,2026-08-31 00:53,74.00,65.00,13.00,250.00,29.85,0.00,FEW
LAX,2026-08-31 01:53,74.00,61.00,13.00,260.00,29.84,0.00,FEW
LAX,2026-08-31 02:53,73.00,60.00,11.00,260.00,29.84,0.00,FEW
LAX,2026-08-31 03:53,73.00,63.00,9.00,250.00,29.87,0.00,FEW
LAX,2026-08-31 04:53,72.00,64.00,9.00,240.00,29.88,0.00,FEW
LAX,2026-08-31 05:53,73.00,63.00,5.00,220.00,29.88,0.00,FEW
LAX,2026-08-31 06:53,72.00,60.00,7.00,190.00,29.88,0.00,FEW
LAX,2026-08-31 07:53,71.00,62.00,6.00,180.00,29.89,0.00,FEW
LAX,2026-08-31 08:53,71.00,63.00,4.00,230.00,29.89,0.00,FEW
LAX,2026-08-31 09:53,71.00,64.00,5.00,180.00,29.89,0.00,FEW
LAX,2026-08-31 10:53,70.00,65.00,0.00,0.00,29.89,0.00,FEW
LAX,2026-08-31 11:53,70.00,65.00,3.00,260.00,29.89,0.00,FEW
LAX,2026-08-31 12:53,69.00,65.00,3.00,290.00,29.89,0.00,SCT
LAX,2026-08-31 13:53,69.00,64.00,3.00,350.00,29.90,0.00,SCT
LAX,2026-08-31 14:53,72.00,65.00,3.00,null,29.92,0.00,FEW
LAX,2026-08-31 15:53,74.00,64.00,5.00,150.00,29.93,0.00,FEW
LAX,2026-08-31 16:53,76.00,64.00,3.00,null,29.94,0.00,BKN
LAX,2026-08-31 17:53,76.00,65.00,5.00,240.00,29.95,0.00,FEW
LAX,2026-08-31 18:53,78.00,65.00,9.00,270.00,29.95,0.00,FEW
LAX,2026-08-31 19:53,77.00,64.00,9.00,230.00,29.94,0.00,FEW
LAX,2026-08-31 20:53,77.00,64.00,12.00,250.00,29.93,0.00,FEW
LAX,2026-08-31 22:53,77.00,63.00,13.00,260.00,29.90,0.00,CLR
LAX,2026-08-31 23:53,75.00,64.00,12.00,260.00,29.91,0.00,FEW
LAX,2026-09-01 00:53,73.00,64.00,10.00,250.00,29.91,0.00,FEW
LAX,2026-09-01 01:53,71.00,64.00,11.00,280.00,29.90,0.00,FEW
LAX,2026-09-01 02:53,69.00,64.00,8.00,280.00,29.90,0.00,FEW
LAX,2026-09-01 03:53,68.00,63.00,7.00,260.00,29.92,0.00,FEW
LAX,2026-09-01 04:53,68.00,62.00,7.00,250.00,29.94,0.00,FEW
LAX,2026-09-01 05:53,68.00,61.00,6.00,250.00,29.94,0.00,FEW
LAX,2026-09-01 06:53,67.00,61.00,5.00,250.00,29.96,0.00,FEW
LAX,2026-09-01 07:53,67.00,61.00,5.00,250.00,29.96,0.00,FEW
LAX,2026-09-01 08:53,67.00,61.00,6.00,240.00,29.96,0.00,FEW
LAX,2026-09-01 09:53,67.00,61.00,7.00,270.00,29.95,0.00,FEW
LAX,2026-09-01 10:53,66.00,61.00,4.00,250.00,29.95,0.00,FEW
LAX,2026-09-01 11:53,66.00,60.00,4.00,280.00,29.95,0.00,FEW
LAX,2026-09-01 12:53,67.00,60.00,3.00,240.00,29.95,0.00,FEW
LAX,2026-09-01 13:53,66.00,60.00,3.00,300.00,29.96,0.00,BKN
LAX,2026-09-01 14:53,68.00,61.00,4.00,280.00,29.98,0.00,SCT
LAX,2026-09-01 15:58,70.00,61.00,3.00,270.00,29.99,0.00,BKN
LAX,2026-09-01 16:53,71.00,61.00,3.00,null,29.99,0.00,FEW
LAX,2026-09-01 17:53,73.00,61.00,8.00,280.00,30.00,0.00,FEW
LAX,2026-09-01 18:53,75.00,61.00,8.00,270.00,30.00,0.00,CLR
LAX,2026-09-01 19:53,75.00,60.00,10.00,240.00,29.99,0.00,CLR
LAX,2026-09-01 20:53,75.00,60.00,12.00,260.00,29.98,0.00,CLR
LAX,2026-09-01 21:53,75.00,60.00,12.00,270.00,29.97,0.00,CLR
LAX,2026-09-01 22:53,74.00,61.00,15.00,260.00,29.96,0.00,CLR
LAX,2026-09-01 23:53,73.00,60.00,13.00,260.00,29.95,0.00,CLR
LAX,2026-09-02 00:53,72.00,61.00,13.00,270.00,29.94,0.00,CLR
LAX,2026-09-02 01:53,70.00,60.00,11.00,270.00,29.93,0.00,CLR
LAX,2026-09-02 02:53,70.00,58.00,10.00,260.00,29.94,0.00,CLR
LAX,2026-09-02 03:53,69.00,58.00,9.00,260.00,29.95,0.00,CLR
LAX,2026-09-02 04:53,69.00,58.00,8.00,250.00,29.97,0.00,CLR
LAX,2026-09-02 05:53,69.00,60.00,7.00,230.00,29.97,0.00,CLR
LAX,2026-09-02 06:53,68.00,60.00,8.00,230.00,29.98,0.00,CLR
LAX,2026-09-02 07:53,68.00,60.00,6.00,230.00,29.99,0.00,CLR
LAX,2026-09-02 08:53,68.00,60.00,8.00,250.00,29.99,0.00,CLR
LAX,2026-09-02 09:53,67.00,60.00,4.00,140.00,29.99,0.00,SCT
LAX,2026-09-02 10:53,66.00,59.00,0.00,0.00,29.99,0.00,FEW
LAX,2026-09-02 11:53,66.00,59.00,5.00,60.00,29.99,0.00,FEW
LAX,2026-09-02 12:53,64.00,58.00,4.00,50.00,29.98,0.00,FEW
LAX,2026-09-02 13:53,65.00,59.00,0.00,0.00,29.99,0.00,FEW
LAX,2026-09-02 14:53,68.00,59.00,0.00,0.00,30.01,0.00,FEW
LAX,2026-09-02 15:53,70.00,59.00,0.00,0.00,30.01,0.00,FEW
LAX,2026-09-02 16:53,73.00,59.00,5.00,null,30.01,0.00,FEW
LAX,2026-09-02 17:53,74.00,60.00,6.00,240.00,30.01,0.00,FEW
LAX,2026-09-02 18:53,75.00,61.00,10.00,250.00,30.02,0.00,FEW
LAX,2026-09-02 19:53,76.00,59.00,10.00,250.00,30.00,0.00,FEW
LAX,2026-09-02 20:53,76.00,60.00,11.00,250.00,29.99,0.00,FEW
LAX,2026-09-02 21:53,76.00,58.00,12.00,250.00,29.98,0.00,FEW
LAX,2026-09-02 22:53,75.00,61.00,12.00,270.00,29.96,0.00,CLR
LAX,2026-09-02 23:53,74.00,62.00,14.00,260.00,29.95,0.00,CLR
LAX,2026-09-03 00:53,73.00,62.00,12.00,260.00,29.94,0.00,CLR
LAX,2026-09-03 01:53,71.00,58.00,10.00,250.00,29.94,0.00,FEW
LAX,2026-09-03 02:53,71.00,60.00,10.00,240.00,29.94,0.00,CLR
LAX,2026-09-03 03:53,71.00,62.00,6.00,220.00,29.94,0.00,CLR
LAX,2026-09-03 04:53,72.00,60.00,5.00,290.00,29.95,0.00,CLR
LAX,2026-09-03 05:53,71.00,62.00,5.00,null,29.95,0.00,CLR
LAX,2026-09-03 06:53,70.00,62.00,5.00,230.00,29.96,0.00,CLR
LAX,2026-09-03 07:53,70.00,62.00,4.00,220.00,29.96,0.00,CLR
LAX,2026-09-03 08:53,69.00,63.00,5.00,230.00,29.95,0.00,CLR
LAX,2026-09-03 09:53,68.00,63.00,3.00,210.00,29.95,0.00,FEW
LAX,2026-09-03 10:53,68.00,63.00,5.00,140.00,29.94,0.00,SCT
LAX,2026-09-03 11:53,68.00,62.00,6.00,160.00,29.94,0.00,BKN
LAX,2026-09-03 12:53,67.00,62.00,6.00,100.00,29.94,0.00,FEW
LAX,2026-09-03 13:53,68.00,62.00,4.00,150.00,29.94,0.00,FEW
LAX,2026-09-03 14:53,69.00,61.00,3.00,140.00,29.95,0.00,FEW
LAX,2026-09-03 15:53,70.00,60.00,5.00,null,29.96,0.00,FEW
LAX,2026-09-03 16:53,72.00,60.00,3.00,90.00,29.96,0.00,FEW
LAX,2026-09-03 17:53,75.00,61.00,3.00,120.00,29.96,0.00,FEW
LAX,2026-09-03 18:53,76.00,62.00,9.00,240.00,29.95,0.00,FEW
LAX,2026-09-03 19:53,77.00,62.00,12.00,250.00,29.93,0.00,FEW
LAX,2026-09-03 20:53,76.00,62.00,15.00,240.00,29.92,0.00,FEW
LAX,2026-09-03 21:53,76.00,63.00,14.00,260.00,29.91,0.00,FEW
LAX,2026-09-03 22:53,75.00,63.00,10.00,240.00,29.89,0.00,FEW
LAX,2026-09-03 23:53,74.00,62.00,12.00,270.00,29.88,0.00,FEW
LAX,2026-09-04 00:53,72.00,62.00,11.00,250.00,29.87,0.00,FEW
LAX,2026-09-04 01:53,70.00,62.00,8.00,240.00,29.87,0.00,SCT
LAX,2026-09-04 02:53,69.00,62.00,10.00,270.00,29.87,0.00,FEW
LAX,2026-09-04 03:53,69.00,62.00,9.00,260.00,29.88,0.00,SCT
LAX,2026-09-04 04:53,68.00,61.00,6.00,230.00,29.89,0.00,FEW
LAX,2026-09-04 05:53,69.00,61.00,0.00,0.00,29.89,0.00,FEW
LAX,2026-09-04 06:53,68.00,61.00,4.00,180.00,29.90,0.00,FEW
LAX,2026-09-04 07:53,68.00,62.00,3.00,220.00,29.90,0.00,FEW
LAX,2026-09-04 08:53,68.00,62.00,0.00,0.00,29.89,0.00,FEW
LAX,2026-09-04 09:53,67.00,62.00,3.00,150.00,29.89,0.00,FEW
LAX,2026-09-04 10:53,67.00,61.00,3.00,130.00,29.89,0.00,BKN
LAX,2026-09-04 11:53,66.00,60.00,4.00,80.00,29.89,0.00,SCT
LAX,2026-09-04 12:53,65.00,61.00,4.00,null,29.90,0.00,FEW
LAX,2026-09-04 13:53,66.00,61.00,5.00,90.00,29.91,0.00,FEW
LAX,2026-09-04 14:53,69.00,61.00,6.00,110.00,29.92,0.00,FEW
LAX,2026-09-04 15:53,71.00,61.00,5.00,160.00,29.93,0.00,FEW
LAX,2026-09-04 16:53,73.00,60.00,4.00,150.00,29.94,0.00,SCT
LAX,2026-09-04 17:53,75.00,59.00,4.00,180.00,29.95,0.00,FEW
LAX,2026-09-04 18:53,77.00,61.00,9.00,240.00,29.94,0.00,FEW
LAX,2026-09-04 19:53,76.00,62.00,11.00,260.00,29.93,0.00,FEW
LAX,2026-09-04 20:53,76.00,61.00,10.00,250.00,29.91,0.00,FEW
LAX,2026-09-04 21:53,77.00,62.00,13.00,260.00,29.91,0.00,FEW
LAX,2026-09-04 22:53,76.00,62.00,10.00,270.00,29.90,0.00,FEW
LAX,2026-09-04 23:53,74.00,63.00,13.00,250.00,29.90,0.00,FEW
LAX,2026-09-05 00:53,73.00,63.00,11.00,270.00,29.90,0.00,FEW
LAX,2026-09-05 01:53,71.00,64.00,10.00,260.00,29.89,0.00,FEW
LAX,2026-09-05 02:53,70.00,64.00,10.00,270.00,29.89,0.00,FEW
LAX,2026-09-05 03:53,70.00,65.00,8.00,250.00,29.90,0.00,FEW
LAX,2026-09-05 04:53,69.00,66.00,5.00,230.00,29.92,0.00,FEW
LAX,2026-09-05 05:53,70.00,64.00,0.00,0.00,29.92,0.00,FEW
LAX,2026-09-05 06:53,69.00,64.00,5.00,140.00,29.92,0.00,FEW
LAX,2026-09-05 07:53,69.00,63.00,4.00,130.00,29.93,0.00,CLR
LAX,2026-09-05 08:53,68.00,63.00,3.00,130.00,29.92,0.00,FEW
LAX,2026-09-05 09:53,68.00,62.00,3.00,100.00,29.92,0.00,FEW
LAX,2026-09-05 10:53,67.00,63.00,3.00,70.00,29.91,0.00,FEW
LAX,2026-09-05 11:53,65.00,62.00,4.00,80.00,29.91,0.00,FEW
LAX,2026-09-05 12:53,66.00,61.00,3.00,90.00,29.91,0.00,FEW
LAX,2026-09-05 13:53,66.00,61.00,0.00,0.00,29.93,0.00,FEW
LAX,2026-09-05 14:53,69.00,63.00,3.00,90.00,29.94,0.00,FEW
LAX,2026-09-05 15:53,72.00,62.00,3.00,90.00,29.95,0.00,FEW
LAX,2026-09-05 16:53,75.00,61.00,3.00,null,29.95,0.00,FEW
LAX,2026-09-05 17:53,79.00,62.00,6.00,null,29.96,0.00,FEW
LAX,2026-09-05 18:53,80.00,63.00,10.00,260.00,29.95,0.00,FEW
LAX,2026-09-05 19:53,80.00,63.00,8.00,250.00,29.94,0.00,FEW
LAX,2026-09-05 20:53,80.00,64.00,10.00,260.00,29.92,0.00,FEW
LAX,2026-09-05 21:53,80.00,63.00,10.00,260.00,29.91,0.00,FEW
LAX,2026-09-05 22:53,80.00,63.00,10.00,260.00,29.89,0.00,SCT
LAX,2026-09-05 23:53,78.00,63.00,11.00,260.00,29.89,0.00,SCT
LAX,2026-09-06 00:53,75.00,65.00,11.00,270.00,29.89,0.00,BKN
LAX,2026-09-06 01:53,76.00,62.00,10.00,250.00,29.89,0.00,OVC
LAX,2026-09-06 02:53,74.00,62.00,7.00,280.00,29.88,0.00,FEW
LAX,2026-09-06 03:53,73.00,63.00,6.00,250.00,29.90,0.00,SCT
LAX,2026-09-06 04:53,72.00,65.00,4.00,240.00,29.91,0.00,SCT
LAX,2026-09-06 05:53,73.00,64.00,0.00,0.00,29.90,0.00,FEW
LAX,2026-09-06 06:53,72.00,64.00,3.00,260.00,29.89,0.00,CLR
LAX,2026-09-06 07:53,73.00,65.00,3.00,150.00,29.90,0.00,FEW
LAX,2026-09-06 08:53,73.00,64.00,3.00,130.00,29.89,0.00,BKN
LAX,2026-09-06 09:53,74.00,63.00,0.00,0.00,29.88,0.00,BKN
LAX,2026-09-06 10:53,75.00,63.00,3.00,160.00,29.88,0.00,BKN
LAX,2026-09-06 11:53,74.00,63.00,0.00,0.00,29.89,0.00,FEW
LAX,2026-09-06 12:53,71.00,61.00,6.00,350.00,29.92,0.09,SCT
LAX,2026-09-06 13:53,68.00,58.00,7.00,10.00,29.92,0.02,FEW
LAX,2026-09-06 14:53,68.00,61.00,4.00,80.00,29.93,0.02,SCT
LAX,2026-09-06 15:53,68.00,64.00,7.00,210.00,29.97,0.04,FEW
LAX,2026-09-06 16:53,68.00,65.00,5.00,330.00,29.98,0.15,FEW
LAX,2026-09-06 17:53,68.00,66.00,6.00,10.00,30.00,0.09,SCT
LAX,2026-09-06 18:53,70.00,67.00,7.00,30.00,29.97,0.08,FEW
LAX,2026-09-06 19:53,71.00,68.00,7.00,40.00,29.95,0.07,FEW
LAX,2026-09-06 20:53,72.00,70.00,8.00,50.00,29.93,0.02,FEW
LAX,2026-09-06 21:53,74.00,70.00,8.00,10.00,29.93,0.01,FEW
LAX,2026-09-06 22:53,75.00,70.00,7.00,30.00,29.91,null,FEW
LAX,2026-09-06 23:53,74.00,70.00,9.00,360.00,29.91,null,FEW
LAX,2026-09-07 00:53,74.00,71.00,6.00,20.00,29.89,null,BKN
LAX,2026-09-07 01:53,74.00,70.00,6.00,10.00,29.89,0.00,SCT
LAX,2026-09-07 02:53,74.00,69.00,6.00,340.00,29.88,0.00,BKN
LAX,2026-09-07 03:53,74.00,69.00,3.00,null,29.89,0.01,FEW
LAX,2026-09-07 04:53,75.00,69.00,3.00,null,29.90,null,BKN
LAX,2026-09-07 05:53,73.00,71.00,8.00,250.00,29.90,0.00,FEW
LAX,2026-09-07 06:53,72.00,70.00,6.00,250.00,29.89,0.00,FEW
LAX,2026-09-07 07:53,73.00,70.00,3.00,290.00,29.89,0.00,FEW
LAX,2026-09-07 08:53,73.00,70.00,0.00,0.00,29.89,0.00,FEW
LAX,2026-09-07 09:53,73.00,71.00,5.00,50.00,29.87,0.01,FEW
LAX,2026-09-07 10:53,73.00,69.00,3.00,360.00,29.87,0.01,FEW
LAX,2026-09-07 11:53,73.00,70.00,0.00,0.00,29.87,0.03,FEW
LAX,2026-09-07 12:53,73.00,69.00,4.00,310.00,29.88,null,FEW
LAX,2026-09-07 13:53,74.00,69.00,6.00,360.00,29.89,0.00,FEW
LAX,2026-09-07 14:53,76.00,68.00,4.00,330.00,29.91,null,FEW
LAX,2026-09-07 15:53,77.00,69.00,8.00,330.00,29.90,null,FEW
LAX,2026-09-07 16:53,79.00,69.00,5.00,320.00,29.92,null,FEW
LAX,2026-09-07 17:53,80.00,68.00,4.00,230.00,29.93,0.00,FEW
LAX,2026-09-07 18:53,83.00,68.00,0.00,0.00,29.91,null,FEW
LAX,2026-09-07 19:53,84.00,71.00,9.00,280.00,29.90,0.00,FEW
LAX,2026-09-07 20:53,82.00,69.00,8.00,250.00,29.88,0.00,FEW
LAX,2026-09-07 21:53,84.00,67.00,9.00,270.00,29.87,0.00,FEW
LAX,2026-09-07 22:53,82.00,68.00,10.00,260.00,29.86,0.00,FEW
LAX,2026-09-07 23:53,79.00,67.00,12.00,260.00,29.86,0.00,FEW
LAX,2026-09-08 00:53,77.00,67.00,14.00,250.00,29.87,0.00,FEW
LAX,2026-09-08 01:53,78.00,63.00,6.00,280.00,29.85,0.00,SCT
LAX,2026-09-08 02:53,78.00,63.00,7.00,260.00,29.86,null,FEW
LAX,2026-09-08 03:53,78.00,60.00,5.00,250.00,29.87,0.00,SCT
LAX,2026-09-08 04:53,78.00,60.00,6.00,250.00,29.89,0.00,FEW
LAX,2026-09-08 05:53,76.00,63.00,7.00,260.00,29.89,0.00,FEW
LAX,2026-09-08 06:53,76.00,64.00,6.00,60.00,29.88,0.00,FEW
LAX,2026-09-08 07:53,77.00,64.00,0.00,0.00,29.89,0.00,FEW
LAX,2026-09-08 08:53,76.00,64.00,0.00,0.00,29.88,0.00,CLR
LAX,2026-09-08 09:53,75.00,66.00,3.00,280.00,29.87,0.00,FEW
LAX,2026-09-08 10:53,75.00,65.00,3.00,300.00,29.86,0.00,FEW
LAX,2026-09-08 11:53,75.00,65.00,0.00,0.00,29.86,0.00,FEW
LAX,2026-09-08 12:53,75.00,65.00,0.00,0.00,29.87,0.00,FEW
LAX,2026-09-08 13:53,76.00,64.00,0.00,0.00,29.89,0.00,FEW
LAX,2026-09-08 14:53,80.00,62.00,4.00,140.00,29.90,0.00,FEW
LAX,2026-09-08 15:53,82.00,63.00,0.00,0.00,29.93,0.00,FEW
LAX,2026-09-08 16:53,79.00,69.00,7.00,290.00,29.94,null,SCT
LAX,2026-09-08 17:53,78.00,70.00,0.00,0.00,29.95,null,FEW
LAX,2026-09-08 18:53,80.00,69.00,4.00,340.00,29.94,null,FEW
LAX,2026-09-08 19:53,85.00,67.00,13.00,280.00,29.92,null,FEW
LAX,2026-09-08 20:53,84.00,66.00,18.00,260.00,29.93,0.00,FEW
LAX,2026-09-08 21:53,81.00,67.00,16.00,260.00,29.93,0.00,FEW
LAX,2026-09-08 22:53,83.00,65.00,12.00,270.00,29.92,0.00,FEW
LAX,2026-09-08 23:53,90.00,63.00,10.00,330.00,29.89,0.00,FEW
LAX,2026-09-09 00:53,91.00,61.00,3.00,330.00,29.87,0.00,FEW
LAX,2026-09-09 01:53,90.00,62.00,4.00,240.00,29.86,0.00,FEW
LAX,2026-09-09 02:53,85.00,62.00,10.00,280.00,29.86,0.00,FEW
LAX,2026-09-09 03:53,79.00,66.00,7.00,270.00,29.88,0.00,FEW
LAX,2026-09-09 04:53,78.00,68.00,5.00,200.00,29.90,0.00,FEW
LAX,2026-09-09 05:53,79.00,68.00,0.00,0.00,29.91,0.00,FEW
LAX,2026-09-09 06:53,78.00,68.00,0.00,0.00,29.92,0.00,FEW
LAX,2026-09-09 07:53,81.00,67.00,0.00,0.00,29.91,0.00,SCT
LAX,2026-09-09 08:53,79.00,68.00,0.00,0.00,29.91,0.00,SCT
LAX,2026-09-09 09:53,79.00,68.00,0.00,0.00,29.90,0.00,BKN
LAX,2026-09-09 10:53,79.00,68.00,0.00,0.00,29.90,0.00,SCT
LAX,2026-09-09 11:53,77.00,68.00,0.00,0.00,29.90,0.00,FEW
LAX,2026-09-09 12:53,78.00,68.00,0.00,0.00,29.91,0.00,FEW
LAX,2026-09-09 13:53,80.00,67.00,3.00,320.00,29.92,0.00,FEW
LAX,2026-09-09 14:53,79.00,69.00,3.00,270.00,29.95,0.00,FEW
LAX,2026-09-09 15:53,87.00,66.00,0.00,0.00,29.95,0.00,FEW
LAX,2026-09-09 16:53,93.00,64.00,0.00,0.00,29.95,0.00,FEW
LAX,2026-09-09 17:53,97.00,62.00,0.00,0.00,29.95,0.00,FEW
LAX,2026-09-09 18:53,96.00,65.00,9.00,260.00,29.94,0.00,FEW
LAX,2026-09-09 19:53,94.00,67.00,10.00,260.00,29.93,0.00,FEW
LAX,2026-09-09 20:53,92.00,66.00,9.00,270.00,29.92,0.00,FEW
LAX,2026-09-09 21:53,92.00,65.00,9.00,250.00,29.90,0.00,FEW
LAX,2026-09-09 22:53,87.00,69.00,12.00,260.00,29.88,0.00,FEW
LAX,2026-09-09 23:53,87.00,65.00,15.00,250.00,29.88,0.00,FEW
LAX,2026-09-10 00:53,86.00,64.00,12.00,250.00,29.87,0.00,FEW
LAX,2026-09-10 01:53,82.00,65.00,9.00,240.00,29.87,0.00,FEW
LAX,2026-09-10 02:53,82.00,64.00,8.00,240.00,29.87,0.00,FEW
LAX,2026-09-10 03:53,84.00,64.00,5.00,240.00,29.89,0.00,FEW
LAX,2026-09-10 04:53,84.00,64.00,0.00,0.00,29.91,0.00,FEW
LAX,2026-09-10 05:53,83.00,66.00,0.00,0.00,29.90,0.00,FEW
LAX,2026-09-10 06:53,82.00,66.00,0.00,0.00,29.91,0.00,FEW
LAX,2026-09-10 07:53,80.00,66.00,3.00,null,29.91,0.00,FEW
LAX,2026-09-10 08:53,78.00,68.00,3.00,280.00,29.91,0.00,FEW
LAX,2026-09-10 09:53,79.00,66.00,4.00,170.00,29.90,0.00,FEW
LAX,2026-09-10 10:53,77.00,68.00,5.00,120.00,29.90,0.00,FEW
LAX,2026-09-10 11:53,77.00,68.00,5.00,90.00,29.90,0.00,FEW
LAX,2026-09-10 12:53,76.00,67.00,5.00,90.00,29.90,0.00,SCT
LAX,2026-09-10 13:53,78.00,67.00,4.00,100.00,29.90,0.00,FEW
LAX,2026-09-10 14:53,80.00,67.00,5.00,100.00,29.92,0.00,FEW
LAX,2026-09-10 15:53,83.00,66.00,8.00,120.00,29.92,0.00,FEW
LAX,2026-09-10 16:53,86.00,66.00,8.00,130.00,29.92,0.00,FEW
LAX,2026-09-10 17:53,89.00,66.00,7.00,140.00,29.93,0.00,FEW
LAX,2026-09-10 18:53,91.00,64.00,4.00,null,29.91,0.00,FEW
LAX,2026-09-10 19:53,88.00,67.00,11.00,280.00,29.89,0.00,FEW
LAX,2026-09-10 20:53,88.00,67.00,10.00,280.00,29.87,0.00,FEW
LAX,2026-09-10 21:53,88.00,67.00,9.00,260.00,29.85,0.00,FEW
LAX,2026-09-10 22:53,85.00,69.00,11.00,260.00,29.83,0.00,FEW
LAX,2026-09-10 23:53,82.00,69.00,9.00,260.00,29.82,0.00,FEW
LAX,2026-09-11 00:53,81.00,68.00,7.00,260.00,29.82,0.00,FEW
LAX,2026-09-11 01:53,78.00,71.00,6.00,260.00,29.83,0.00,FEW
LAX,2026-09-11 02:53,79.00,71.00,5.00,270.00,29.83,0.00,CLR
LAX,2026-09-11 03:53,78.00,70.00,0.00,0.00,29.85,0.00,CLR
LAX,2026-09-11 04:53,78.00,70.00,8.00,120.00,29.87,0.00,CLR
LAX,2026-09-11 05:53,77.00,70.00,4.00,null,29.87,0.00,FEW
LAX,2026-09-11 06:53,77.00,70.00,3.00,null,29.87,0.00,FEW
LAX,2026-09-11 07:53,75.00,70.00,5.00,80.00,29.87,0.00,FEW
LAX,2026-09-11 08:53,75.00,70.00,6.00,90.00,29.87,0.00,FEW
LAX,2026-09-11 09:53,74.00,69.00,4.00,80.00,29.86,0.00,FEW
LAX,2026-09-11 10:53,74.00,69.00,5.00,70.00,29.86,0.00,FEW
LAX,2026-09-11 11:53,74.00,69.00,6.00,90.00,29.85,0.00,FEW
LAX,2026-09-11 12:53,73.00,69.00,4.00,80.00,29.85,0.00,FEW
LAX,2026-09-11 13:53,75.00,70.00,3.00,120.00,29.86,0.00,FEW
LAX,2026-09-11 14:53,76.00,70.00,5.00,160.00,29.87,0.00,FEW
LAX,2026-09-11 15:53,80.00,69.00,7.00,110.00,29.88,0.00,FEW
LAX,2026-09-11 16:53,81.00,69.00,4.00,150.00,29.88,0.00,FEW
LAX,2026-09-11 17:53,85.00,69.00,8.00,160.00,29.88,0.00,FEW
LAX,2026-09-11 18:53,82.00,70.00,4.00,200.00,29.88,0.00,FEW
LAX,2026-09-11 19:53,82.00,70.00,9.00,270.00,29.86,0.00,FEW
LAX,2026-09-11 20:53,82.00,70.00,10.00,270.00,29.84,0.00,FEW
LAX,2026-09-11 21:53,81.00,69.00,11.00,280.00,29.82,0.00,FEW
LAX,2026-09-11 22:53,80.00,70.00,10.00,270.00,29.80,0.00,CLR
LAX,2026-09-11 23:53,79.00,69.00,10.00,250.00,29.80,0.00,FEW
LAX,2026-09-12 00:53,77.00,70.00,11.00,260.00,29.79,0.00,FEW
LAX,2026-09-12 01:53,76.00,68.00,8.00,260.00,29.79,0.00,FEW
LAX,2026-09-12 02:53,75.00,66.00,7.00,250.00,29.80,0.00,CLR
LAX,2026-09-12 03:53,74.00,69.00,6.00,230.00,29.81,0.00,CLR
LAX,2026-09-12 04:53,74.00,68.00,5.00,220.00,29.83,0.00,CLR
LAX,2026-09-12 05:53,74.00,70.00,0.00,0.00,29.85,0.00,FEW
LAX,2026-09-12 06:53,73.00,70.00,4.00,250.00,29.86,0.00,SCT
LAX,2026-09-12 07:53,73.00,70.00,4.00,230.00,29.87,0.00,BKN
LAX,2026-09-12 08:53,73.00,69.00,3.00,240.00,29.86,0.00,BKN
LAX,2026-09-12 09:53,73.00,69.00,0.00,0.00,29.86,0.00,OVC
LAX,2026-09-12 10:53,74.00,70.00,3.00,90.00,29.86,0.00,OVC
LAX,2026-09-12 11:53,73.00,68.00,3.00,160.00,29.86,0.00,BKN
LAX,2026-09-12 12:53,73.00,68.00,0.00,0.00,29.87,0.00,BKN
LAX,2026-09-12 13:53,73.00,69.00,3.00,330.00,29.89,0.00,BKN
LAX,2026-09-12 14:53,74.00,69.00,3.00,330.00,29.91,0.00,BKN
LAX,2026-09-12 15:53,77.00,68.00,0.00,0.00,29.91,0.00,BKN
LAX,2026-09-12 16:53,78.00,68.00,0.00,0.00,29.92,0.00,SCT
LAX,2026-09-12 17:53,81.00,68.00,3.00,null,29.92,0.00,FEW
LAX,2026-09-12 18:53,80.00,68.00,10.00,250.00,29.93,0.00,FEW
LAX,2026-09-12 19:53,80.00,68.00,12.00,240.00,29.92,0.00,FEW
LAX,2026-09-12 20:53,81.00,68.00,11.00,250.00,29.91,0.00,FEW
LAX,2026-09-12 21:53,79.00,69.00,12.00,250.00,29.90,0.00,SCT
LAX,2026-09-12 22:53,78.00,68.00,12.00,260.00,29.88,0.00,SCT
LAX,2026-09-12 23:53,76.00,68.00,12.00,270.00,29.87,0.00,BKN
LAX,2026-09-13 00:53,75.00,68.00,11.00,260.00,29.87,0.00,BKN
LAX,2026-09-13 01:53,72.00,67.00,12.00,270.00,29.86,0.00,SCT
LAX,2026-09-13 02:53,72.00,65.00,10.00,260.00,29.87,0.00,FEW
LAX,2026-09-13 03:53,72.00,65.00,9.00,260.00,29.89,0.00,CLR
LAX,2026-09-13 04:53,71.00,66.00,5.00,230.00,29.90,0.00,FEW
LAX,2026-09-13 05:53,72.00,66.00,0.00,0.00,29.91,0.00,CLR
LAX,2026-09-13 06:53,71.00,66.00,5.00,250.00,29.91,0.00,FEW
LAX,2026-09-13 07:53,71.00,66.00,3.00,250.00,29.90,0.00,FEW
LAX,2026-09-13 08:53,70.00,66.00,4.00,230.00,29.89,0.00,FEW
LAX,2026-09-13 09:53,70.00,67.00,4.00,190.00,29.88,0.00,BKN
LAX,2026-09-13 10:53,70.00,66.00,3.00,180.00,29.88,0.00,BKN
LAX,2026-09-13 11:53,71.00,66.00,0.00,0.00,29.87,0.00,FEW
LAX,2026-09-13 12:53,71.00,66.00,0.00,0.00,29.87,0.00,BKN
LAX,2026-09-13 13:53,72.00,66.00,5.00,310.00,29.88,0.00,BKN
LAX,2026-09-13 14:53,72.00,67.00,3.00,250.00,29.90,0.00,SCT
LAX,2026-09-13 15:53,73.00,66.00,3.00,170.00,29.90,0.00,FEW
LAX,2026-09-13 16:53,76.00,67.00,7.00,270.00,29.90,0.00,FEW
LAX,2026-09-13 17:53,76.00,67.00,6.00,250.00,29.90,0.00,SCT
LAX,2026-09-13 18:53,77.00,67.00,7.00,240.00,29.89,0.00,FEW
LAX,2026-09-13 19:53,78.00,66.00,11.00,240.00,29.88,0.00,FEW
LAX,2026-09-13 20:53,78.00,66.00,10.00,260.00,29.86,0.00,FEW
LAX,2026-09-13 21:53,77.00,66.00,12.00,240.00,29.84,0.00,FEW
LAX,2026-09-13 22:53,77.00,66.00,13.00,260.00,29.82,0.00,FEW
LAX,2026-09-13 23:53,75.00,66.00,12.00,240.00,29.81,0.00,FEW
LAX,2026-09-14 00:53,74.00,67.00,10.00,260.00,29.81,0.00,FEW
LAX,2026-09-14 01:53,72.00,67.00,8.00,250.00,29.81,0.00,FEW
LAX,2026-09-14 02:53,71.00,66.00,5.00,250.00,29.81,0.00,FEW
LAX,2026-09-14 03:53,71.00,65.00,3.00,220.00,29.81,0.00,CLR
LAX,2026-09-14 04:53,71.00,64.00,5.00,190.00,29.83,0.00,CLR
LAX,2026-09-14 05:53,71.00,64.00,4.00,230.00,29.83,0.00,CLR
LAX,2026-09-14 06:53,71.00,64.00,3.00,210.00,29.84,0.00,CLR
LAX,2026-09-14 07:53,70.00,64.00,0.00,0.00,29.84,0.00,CLR
LAX,2026-09-14 08:53,70.00,63.00,3.00,150.00,29.84,0.00,FEW
LAX,2026-09-14 09:53,69.00,63.00,3.00,90.00,29.84,0.00,FEW
LAX,2026-09-14 10:53,70.00,65.00,4.00,90.00,29.83,0.00,BKN
LAX,2026-09-14 11:53,70.00,65.00,5.00,90.00,29.82,0.00,BKN
LAX,2026-09-14 12:53,70.00,65.00,5.00,90.00,29.83,0.00,BKN
LAX,2026-09-14 13:53,71.00,64.00,5.00,90.00,29.83,0.00,SCT
LAX,2026-09-14 14:53,72.00,63.00,6.00,120.00,29.84,0.00,SCT
LAX,2026-09-14 15:53,73.00,63.00,8.00,120.00,29.86,0.00,FEW
LAX,2026-09-14 16:53,74.00,63.00,4.00,null,29.86,0.00,FEW
LAX,2026-09-14 17:53,77.00,63.00,5.00,140.00,29.86,0.00,FEW
LAX,2026-09-14 18:53,78.00,65.00,8.00,260.00,29.84,0.00,FEW
LAX,2026-09-14 19:53,78.00,64.00,12.00,230.00,29.83,0.00,FEW
LAX,2026-09-14 20:53,78.00,64.00,9.00,240.00,29.82,0.00,FEW
LAX,2026-09-14 21:53,77.00,64.00,10.00,240.00,29.81,0.00,CLR
LAX,2026-09-14 22:53,76.00,64.00,11.00,260.00,29.80,0.00,CLR
LAX,2026-09-14 23:53,75.00,64.00,8.00,260.00,29.79,0.00,CLR
LAX,2026-09-15 00:53,74.00,64.00,10.00,250.00,29.79,0.00,CLR
LAX,2026-09-15 01:53,72.00,65.00,8.00,250.00,29.79,0.00,CLR
LAX,2026-09-15 02:53,71.00,66.00,6.00,240.00,29.81,0.00,FEW
LAX,2026-09-15 03:53,72.00,66.00,4.00,230.00,29.84,0.00,FEW
LAX,2026-09-15 04:53,72.00,65.00,4.00,170.00,29.86,0.00,OVC
LAX,2026-09-15 05:53,71.00,64.00,5.00,null,29.87,0.00,OVC
LAX,2026-09-15 06:53,70.00,61.00,8.00,100.00,29.87,0.00,OVC
LAX,2026-09-15 07:53,70.00,61.00,6.00,130.00,29.87,0.00,OVC
LAX,2026-09-15 08:53,69.00,60.00,7.00,90.00,29.87,0.00,OVC
LAX,2026-09-15 09:53,70.00,60.00,7.00,90.00,29.87,0.00,OVC
LAX,2026-09-15 10:53,70.00,59.00,8.00,90.00,29.87,0.00,OVC
LAX,2026-09-15 11:53,70.00,59.00,8.00,100.00,29.87,0.00,BKN
LAX,2026-09-15 12:53,70.00,59.00,6.00,80.00,29.88,0.00,BKN
LAX,2026-09-15 13:53,71.00,59.00,9.00,80.00,29.90,0.00,SCT
LAX,2026-09-15 14:53,72.00,59.00,11.00,100.00,29.92,0.00,FEW
LAX,2026-09-15 15:53,72.00,59.00,9.00,110.00,29.92,0.00,FEW
LAX,2026-09-15 16:53,73.00,59.00,6.00,120.00,29.94,0.00,FEW
LAX,2026-09-15 17:53,76.00,60.00,7.00,160.00,29.94,0.00,FEW
LAX,2026-09-15 18:53,76.00,59.00,4.00,null,29.94,0.00,FEW
LAX,2026-09-15 19:53,78.00,60.00,4.00,null,29.92,0.00,FEW
LAX,2026-09-15 20:53,80.00,59.00,9.00,160.00,29.91,0.00,FEW
LAX,2026-09-15 21:53,79.00,60.00,13.00,230.00,29.90,0.00,FEW
LAX,2026-09-15 22:53,77.00,61.00,12.00,240.00,29.88,0.00,FEW
LAX,2026-09-15 23:53,75.00,63.00,11.00,230.00,29.88,0.00,FEW
LAX,2026-09-16 00:53,73.00,64.00,10.00,250.00,29.89,0.00,FEW
LAX,2026-09-16 01:53,71.00,63.00,8.00,250.00,29.89,0.00,FEW
LAX,2026-09-16 02:53,70.00,64.00,9.00,270.00,29.90,0.00,FEW
LAX,2026-09-16 03:53,70.00,64.00,7.00,270.00,29.91,0.00,OVC
LAX,2026-09-16 04:53,70.00,63.00,7.00,250.00,29.93,0.00,OVC
LAX,2026-09-16 05:53,70.00,63.00,6.00,240.00,29.93,0.00,OVC
LAX,2026-09-16 06:53,71.00,62.00,6.00,220.00,29.93,0.00,OVC
LAX,2026-09-16 07:53,71.00,61.00,3.00,null,29.94,0.00,OVC
LAX,2026-09-16 08:53,71.00,62.00,0.00,0.00,29.93,0.00,SCT
LAX,2026-09-16 10:53,70.00,62.00,5.00,90.00,29.93,0.00,SCT
LAX,2026-09-16 11:53,70.00,61.00,6.00,80.00,29.93,0.00,FEW
LAX,2026-09-16 12:53,70.00,61.00,6.00,80.00,29.94,0.00,FEW
LAX,2026-09-16 13:53,70.00,61.00,6.00,80.00,29.96,0.00,FEW
LAX,2026-09-16 14:53,71.00,60.00,7.00,180.00,29.98,0.00,FEW
LAX,2026-09-16 15:53,72.00,59.00,6.00,null,29.98,0.00,FEW
LAX,2026-09-16 16:53,74.00,58.00,8.00,140.00,30.00,0.00,FEW
LAX,2026-09-16 17:53,75.00,58.00,8.00,110.00,30.02,0.00,FEW
LAX,2026-09-16 18:53,78.00,57.00,3.00,120.00,30.00,0.00,FEW
