station,valid,tmpf,dwpf,sknt,drct,alti,p01i,vsby,skyc1
NYC,2026-01-01 00:51,30.00,13.00,6.00,M,29.77,0.00,10.00,SCT
NYC,2026-01-01 01:51,32.00,14.00,6.00,M,29.75,0.00,10.00,BKN
NYC,2026-01-01 02:51,32.00,15.00,4.00,M,29.72,0.00,9.00,OVC
NYC,2026-01-01 03:51,32.00,18.00,3.00,200.00,29.70,T,10.00,SCT
NYC,2026-01-01 04:51,33.00,17.00,M,M,29.65,0.00,10.00,FEW
NYC,2026-01-01 05:51,33.00,18.00,3.00,M,29.62,0.00,10.00,BKN
NYC,2026-01-01 06:51,33.00,19.00,M,M,29.61,0.00,10.00,OVC
NYC,2026-01-01 07:51,34.00,20.00,4.00,M,29.59,0.00,10.00,OVC
NYC,2026-01-01 08:51,35.00,20.00,5.00,M,29.57,0.00,10.00,OVC
NYC,2026-01-01 09:51,36.00,21.00,M,M,29.53,0.00,10.00,OVC
NYC,2026-01-01 10:51,36.00,22.00,M,M,29.54,0.00,9.00,FEW
NYC,2026-01-01 11:51,27.00,21.00,7.00,300.00,29.65,0.02,1.00,BKN
NYC,2026-01-01 12:51,25.00,9.00,13.00,290.00,29.68,T,10.00,FEW
NYC,2026-01-01 13:51,24.00,7.00,12.00,310.00,29.73,0.00,10.00,CLR
NYC,2026-01-01 14:51,24.00,2.00,11.00,300.00,29.76,0.00,10.00,CLR
NYC,2026-01-01 15:51,25.00,2.00,5.00,M,29.77,0.00,10.00,CLR
NYC,2026-01-01 16:51,26.00,1.00,15.00,310.00,29.78,0.00,10.00,CLR
NYC,2026-01-01 17:51,27.00,0.00,13.00,310.00,29.77,0.00,10.00,CLR
NYC,2026-01-01 18:51,26.00,-1.00,15.00,280.00,29.79,0.00,10.00,CLR
NYC,2026-01-01 19:51,26.00,-1.00,M,M,29.80,0.00,10.00,CLR
NYC,2026-01-01 20:51,26.00,0.00,M,M,29.82,0.00,10.00,CLR
NYC,2026-01-01 21:51,25.00,-2.00,10.00,290.00,29.86,0.00,10.00,CLR
NYC,2026-01-01 22:51,24.00,0.00,7.00,290.00,29.88,0.00,10.00,CLR
NYC,2026-01-01 23:51,23.00,0.00,5.00,M,29.89,0.00,10.00,CLR
NYC,2026-01-02 00:51,23.00,0.00,7.00,300.00,29.90,0.00,10.00,CLR
NYC,2026-01-02 01:51,22.00,2.00,5.00,270.00,29.90,0.00,10.00,CLR
NYC,2026-01-02 02:51,22.00,2.00,7.00,290.00,29.90,0.00,10.00,CLR
NYC,2026-01-02 03:51,23.00,4.00,M,M,29.89,0.00,10.00,OVC
NYC,2026-01-02 04:51,23.00,5.00,6.00,M,29.88,0.00,10.00,BKN
NYC,2026-01-02 05:51,22.00,5.00,6.00,M,29.87,0.00,10.00,BKN
NYC,2026-01-02 06:51,21.00,10.00,6.00,270.00,29.86,T,4.00,OVC
NYC,2026-01-02 07:51,21.00,11.00,5.00,M,29.86,T,9.00,FEW
NYC,2026-01-02 08:51,21.00,10.00,M,M,29.84,0.00,10.00,FEW
NYC,2026-01-02 09:51,21.00,11.00,4.00,M,29.82,0.00,10.00,OVC
NYC,2026-01-02 10:51,21.00,10.00,0.00,0.00,29.82,0.00,10.00,FEW
NYC,2026-01-02 11:51,22.00,10.00,4.00,240.00,29.83,0.00,10.00,OVC
NYC,2026-01-02 12:51,22.00,10.00,M,M,29.82,0.00,10.00,OVC
NYC,2026-01-02 13:51,23.00,10.00,6.00,M,29.83,0.00,10.00,OVC
NYC,2026-01-02 14:51,24.00,11.00,6.00,260.00,29.83,0.00,10.00,OVC
NYC,2026-01-02 15:51,25.00,11.00,4.00,M,29.80,0.00,10.00,OVC
NYC,2026-01-02 16:51,27.00,11.00,9.00,230.00,29.77,0.00,10.00,OVC
NYC,2026-01-02 17:51,29.00,11.00,3.00,M,29.75,0.00,10.00,OVC
NYC,2026-01-02 18:51,30.00,10.00,M,M,29.73,0.00,10.00,OVC
NYC,2026-01-02 19:51,30.00,10.00,6.00,M,29.74,0.00,10.00,FEW
NYC,2026-01-02 20:51,30.00,12.00,5.00,M,29.76,0.00,10.00,OVC
NYC,2026-01-02 21:51,29.00,13.00,5.00,270.00,29.77,0.00,10.00,FEW
NYC,2026-01-02 22:51,29.00,8.00,10.00,310.00,29.80,0.00,10.00,BKN
NYC,2026-01-02 23:51,28.00,10.00,5.00,M,29.82,0.00,10.00,SCT
NYC,2026-01-03 00:51,28.00,11.00,5.00,280.00,29.83,0.00,10.00,BKN
NYC,2026-01-03 01:51,28.00,13.00,5.00,270.00,29.85,0.00,10.00,FEW
NYC,2026-01-03 02:51,28.00,14.00,M,M,29.87,0.00,10.00,OVC
NYC,2026-01-03 03:51,27.00,6.00,6.00,M,29.88,0.00,10.00,SCT
NYC,2026-01-03 04:51,26.00,5.00,9.00,310.00,29.89,0.00,10.00,CLR
NYC,2026-01-03 05:51,26.00,5.00,6.00,280.00,29.89,0.00,10.00,CLR
NYC,2026-01-03 06:51,25.00,4.00,4.00,260.00,29.91,0.00,10.00,CLR
NYC,2026-01-03 07:51,25.00,4.00,6.00,M,29.92,0.00,10.00,CLR
NYC,2026-01-03 08:51,24.00,4.00,8.00,270.00,29.92,0.00,10.00,CLR
NYC,2026-01-03 09:51,24.00,5.00,6.00,280.00,29.93,0.00,10.00,CLR
NYC,2026-01-03 10:51,24.00,5.00,5.00,290.00,29.94,0.00,10.00,CLR
NYC,2026-01-03 11:51,23.00,6.00,8.00,280.00,29.97,0.00,10.00,CLR
NYC,2026-01-03 12:51,23.00,5.00,4.00,M,29.98,0.00,10.00,CLR
NYC,2026-01-03 13:51,24.00,5.00,3.00,M,30.00,0.00,10.00,CLR
NYC,2026-01-03 14:51,25.00,5.00,M,M,30.01,0.00,10.00,CLR
NYC,2026-01-03 15:51,27.00,5.00,6.00,M,30.00,0.00,10.00,CLR
NYC,2026-01-03 16:51,28.00,7.00,M,M,29.99,0.00,10.00,CLR
NYC,2026-01-03 17:51,28.00,6.00,9.00,290.00,29.98,0.00,10.00,CLR
NYC,2026-01-03 18:51,28.00,7.00,6.00,M,29.98,0.00,10.00,CLR
NYC,2026-01-03 19:51,30.00,8.00,5.00,290.00,29.97,0.00,10.00,CLR
NYC,2026-01-03 20:51,30.00,8.00,3.00,M,29.97,0.00,10.00,CLR
NYC,2026-01-03 21:51,30.00,9.00,4.00,M,29.99,0.00,10.00,CLR
NYC,2026-01-03 22:51,30.00,9.00,4.00,310.00,30.01,0.00,10.00,SCT
NYC,2026-01-03 23:51,30.00,10.00,6.00,300.00,30.01,0.00,10.00,SCT
NYC,2026-01-04 00:51,30.00,10.00,3.00,320.00,30.01,0.00,10.00,BKN
NYC,2026-01-04 01:51,30.00,10.00,3.00,310.00,30.01,0.00,10.00,BKN
NYC,2026-01-04 02:51,29.00,11.00,3.00,M,30.01,0.00,10.00,CLR
NYC,2026-01-04 03:51,28.00,11.00,0.00,0.00,30.01,0.00,10.00,CLR
NYC,2026-01-04 04:51,28.00,11.00,3.00,270.00,29.99,0.00,10.00,OVC
NYC,2026-01-04 05:51,28.00,12.00,6.00,310.00,30.00,0.00,10.00,OVC
NYC,2026-01-04 06:51,28.00,11.00,M,M,30.01,0.00,10.00,SCT
NYC,2026-01-04 07:51,28.00,11.00,M,M,30.01,0.00,10.00,OVC
NYC,2026-01-04 08:51,28.00,12.00,6.00,300.00,30.01,0.00,10.00,OVC
NYC,2026-01-04 09:51,26.00,17.00,7.00,300.00,30.02,T,6.00,BKN
NYC,2026-01-04 10:51,26.00,18.00,5.00,290.00,30.03,T,6.00,BKN
NYC,2026-01-04 11:51,26.00,18.00,3.00,M,30.04,0.00,10.00,OVC
NYC,2026-01-04 12:51,26.00,18.00,5.00,M,30.06,0.00,10.00,CLR
NYC,2026-01-04 13:51,26.00,18.00,4.00,320.00,30.08,0.00,10.00,CLR
NYC,2026-01-04 14:51,28.00,19.00,0.00,0.00,30.09,0.00,10.00,CLR
NYC,2026-01-04 15:51,30.00,18.00,4.00,M,30.09,0.00,10.00,FEW
NYC,2026-01-04 16:51,32.00,17.00,5.00,M,30.06,0.00,10.00,CLR
NYC,2026-01-04 17:51,33.00,14.00,0.00,0.00,30.06,0.00,10.00,CLR
NYC,2026-01-04 18:51,34.00,15.00,8.00,280.00,30.07,0.00,10.00,BKN
NYC,2026-01-04 19:51,33.00,15.00,9.00,290.00,30.09,0.00,10.00,FEW
NYC,2026-01-04 20:51,31.00,14.00,7.00,320.00,30.10,0.00,10.00,SCT
NYC,2026-01-04 21:51,31.00,14.00,4.00,M,30.12,0.00,10.00,OVC
NYC,2026-01-04 22:51,31.00,14.00,3.00,M,30.14,0.00,10.00,SCT
NYC,2026-01-04 23:51,31.00,14.00,3.00,M,30.14,0.00,10.00,SCT
NYC,2026-01-05 00:51,31.00,15.00,0.00,0.00,30.16,0.00,10.00,BKN
NYC,2026-01-05 01:51,32.00,15.00,5.00,250.00,30.17,0.00,10.00,OVC
NYC,2026-01-05 02:51,31.00,15.00,0.00,0.00,30.18,0.00,10.00,CLR
NYC,2026-01-05 03:51,31.00,16.00,3.00,M,30.18,0.00,10.00,BKN
NYC,2026-01-05 04:51,32.00,16.00,6.00,M,30.19,0.00,10.00,OVC
NYC,2026-01-05 05:51,31.00,15.00,6.00,300.00,30.19,0.00,10.00,BKN
NYC,2026-01-05 06:51,30.00,16.00,4.00,M,30.19,0.00,10.00,CLR
NYC,2026-01-05 07:51,30.00,15.00,5.00,280.00,30.20,0.00,10.00,CLR
NYC,2026-01-05 08:51,30.00,14.00,5.00,280.00,30.21,0.00,10.00,CLR
NYC,2026-01-05 09:51,30.00,14.00,3.00,M,30.22,0.00,10.00,CLR
NYC,2026-01-05 10:51,29.00,14.00,3.00,M,30.23,0.00,10.00,CLR
NYC,2026-01-05 11:51,30.00,14.00,0.00,0.00,30.24,0.00,10.00,CLR
NYC,2026-01-05 12:51,30.00,14.00,0.00,0.00,30.24,0.00,10.00,CLR
NYC,2026-01-05 13:51,31.00,15.00,0.00,0.00,30.24,0.00,10.00,BKN
NYC,2026-01-05 14:51,32.00,17.00,0.00,0.00,30.25,0.00,10.00,OVC
NYC,2026-01-05 15:51,33.00,16.00,5.00,170.00,30.23,0.00,10.00,BKN
NYC,2026-01-05 16:51,33.00,17.00,6.00,M,30.20,0.00,10.00,BKN
NYC,2026-01-05 17:51,35.00,16.00,5.00,M,30.17,0.00,10.00,FEW
NYC,2026-01-05 18:51,34.00,16.00,M,M,30.15,0.00,10.00,OVC
NYC,2026-01-05 19:51,34.00,17.00,5.00,M,30.14,0.00,10.00,BKN
NYC,2026-01-05 20:51,34.00,19.00,3.00,130.00,30.11,0.00,10.00,BKN
NYC,2026-01-05 21:51,35.00,21.00,6.00,M,30.09,0.00,10.00,OVC
NYC,2026-01-05 22:51,36.00,20.00,0.00,0.00,30.09,0.00,10.00,OVC
NYC,2026-01-05 23:51,37.00,21.00,0.00,0.00,30.07,0.00,10.00,OVC
NYC,2026-01-06 00:51,37.00,24.00,M,M,30.06,0.00,10.00,OVC
NYC,2026-01-06 01:51,38.00,26.00,4.00,240.00,30.05,0.00,10.00,OVC
NYC,2026-01-06 02:51,38.00,27.00,5.00,230.00,30.05,0.00,10.00,OVC
NYC,2026-01-06 03:51,38.00,28.00,3.00,M,30.02,0.00,10.00,BKN
NYC,2026-01-06 04:51,39.00,29.00,4.00,M,30.00,0.00,10.00,OVC
NYC,2026-01-06 05:51,38.00,28.00,3.00,280.00,29.99,0.00,10.00,OVC
NYC,2026-01-06 06:51,37.00,27.00,3.00,280.00,30.00,0.00,10.00,OVC
NYC,2026-01-06 07:51,36.00,26.00,4.00,300.00,30.00,0.00,10.00,BKN
NYC,2026-01-06 08:51,36.00,25.00,3.00,260.00,29.99,0.00,10.00,CLR
NYC,2026-01-06 09:51,36.00,25.00,0.00,0.00,29.99,0.00,9.00,CLR
NYC,2026-01-06 10:51,36.00,25.00,0.00,0.00,29.99,0.00,9.00,CLR
NYC,2026-01-06 11:51,38.00,25.00,0.00,0.00,29.99,0.00,9.00,CLR
NYC,2026-01-06 12:51,37.00,26.00,3.00,350.00,30.00,0.00,8.00,CLR
NYC,2026-01-06 13:51,38.00,27.00,0.00,0.00,30.00,0.00,7.00,CLR
NYC,2026-01-06 14:51,39.00,27.00,0.00,0.00,30.01,0.00,7.00,CLR
NYC,2026-01-06 15:51,41.00,26.00,5.00,M,29.98,0.00,7.00,CLR
NYC,2026-01-06 16:51,40.00,27.00,4.00,80.00,29.95,0.00,6.00,CLR
NYC,2026-01-06 17:51,41.00,27.00,3.00,100.00,29.92,0.00,6.00,CLR
NYC,2026-01-06 18:51,42.00,27.00,4.00,100.00,29.91,0.00,6.00,CLR
NYC,2026-01-06 19:51,40.00,28.00,6.00,60.00,29.89,0.00,6.00,CLR
NYC,2026-01-06 20:51,39.00,28.00,5.00,70.00,29.87,0.00,6.00,CLR
NYC,2026-01-06 21:51,38.00,29.00,4.00,M,29.86,0.00,7.00,CLR
NYC,2026-01-06 22:51,39.00,30.00,5.00,M,29.84,0.00,7.00,OVC
NYC,2026-01-06 23:51,39.00,31.00,5.00,M,29.83,0.00,7.00,OVC
NYC,2026-01-07 00:51,38.00,32.00,3.00,60.00,29.83,0.00,5.00,OVC
NYC,2026-01-07 01:51,38.00,34.00,4.00,M,29.79,T,1.75,OVC
NYC,2026-01-07 02:51,38.00,35.00,5.00,70.00,29.76,0.01,2.50,OVC
NYC,2026-01-07 03:51,38.00,35.00,8.00,60.00,29.74,0.00,3.00,OVC
NYC,2026-01-07 04:51,38.00,35.00,7.00,50.00,29.71,0.00,2.50,OVC
NYC,2026-01-07 05:51,37.00,35.00,7.00,60.00,29.69,T,2.00,OVC
NYC,2026-01-07 06:51,37.00,35.00,4.00,70.00,29.68,0.01,1.50,OVC
NYC,2026-01-07 07:51,37.00,35.00,3.00,40.00,29.68,0.00,0.75,OVC
NYC,2026-01-07 08:51,37.00,35.00,5.00,50.00,29.66,0.00,0.75,VV 
NYC,2026-01-07 09:51,37.00,35.00,3.00,50.00,29.65,0.00,1.00,OVC
NYC,2026-01-07 10:51,37.00,35.00,0.00,0.00,29.66,0.00,1.00,OVC
NYC,2026-01-07 11:51,38.00,35.00,0.00,0.00,29.67,0.00,2.00,OVC
NYC,2026-01-07 12:51,40.00,37.00,0.00,0.00,29.69,0.00,2.00,OVC
NYC,2026-01-07 13:51,41.00,37.00,5.00,250.00,29.70,0.00,4.00,CLR
NYC,2026-01-07 14:51,43.00,37.00,4.00,M,29.71,0.00,5.00,CLR
NYC,2026-01-07 15:51,48.00,36.00,12.00,270.00,29.72,0.00,10.00,BKN
NYC,2026-01-07 16:51,49.00,33.00,7.00,290.00,29.73,0.00,10.00,BKN
NYC,2026-01-07 17:51,48.00,32.00,11.00,300.00,29.75,0.00,10.00,BKN
NYC,2026-01-07 18:51,48.00,32.00,M,M,29.77,0.00,10.00,OVC
NYC,2026-01-07 19:51,49.00,33.00,5.00,M,29.80,0.00,10.00,OVC
NYC,2026-01-07 20:51,48.00,32.00,4.00,M,29.83,0.00,10.00,FEW
NYC,2026-01-07 21:51,47.00,31.00,7.00,270.00,29.88,0.00,10.00,OVC
NYC,2026-01-07 22:51,46.00,31.00,10.00,300.00,29.90,0.00,10.00,OVC
NYC,2026-01-07 23:51,45.00,32.00,6.00,M,29.93,0.00,10.00,BKN
NYC,2026-01-08 00:51,45.00,32.00,3.00,M,29.97,0.00,10.00,OVC
NYC,2026-01-08 01:51,45.00,32.00,9.00,300.00,30.00,0.00,10.00,OVC
NYC,2026-01-08 02:51,44.00,32.00,7.00,310.00,30.02,0.00,10.00,OVC
NYC,2026-01-08 03:51,43.00,32.00,4.00,M,30.01,0.00,10.00,FEW
NYC,2026-01-08 04:51,42.00,32.00,5.00,290.00,30.01,0.00,10.00,CLR
NYC,2026-01-08 05:51,42.00,32.00,7.00,290.00,30.01,0.00,10.00,CLR
NYC,2026-01-08 06:51,43.00,32.00,6.00,280.00,30.05,0.00,10.00,SCT
NYC,2026-01-08 07:51,43.00,32.00,7.00,310.00,30.08,0.00,10.00,OVC
NYC,2026-01-08 08:51,43.00,32.00,6.00,300.00,30.09,0.00,10.00,OVC
NYC,2026-01-08 09:51,43.00,32.00,6.00,300.00,30.10,0.00,10.00,OVC
NYC,2026-01-08 10:51,44.00,32.00,12.00,310.00,30.13,0.00,10.00,OVC
NYC,2026-01-08 11:51,43.00,31.00,6.00,M,30.14,0.00,10.00,FEW
NYC,2026-01-08 12:51,43.00,32.00,3.00,M,30.16,0.00,10.00,CLR
NYC,2026-01-08 13:51,44.00,32.00,5.00,M,30.18,0.00,10.00,CLR
NYC,2026-01-08 14:51,46.00,32.00,6.00,280.00,30.22,0.00,10.00,CLR
NYC,2026-01-08 15:51,47.00,31.00,M,M,30.22,0.00,10.00,CLR
NYC,2026-01-08 16:51,49.00,30.00,7.00,310.00,30.22,0.00,10.00,CLR
NYC,2026-01-08 17:51,49.00,30.00,4.00,M,30.22,0.00,10.00,CLR
NYC,2026-01-08 18:51,49.00,30.00,M,M,30.22,0.00,10.00,FEW
NYC,2026-01-08 19:51,49.00,30.00,6.00,270.00,30.22,0.00,10.00,CLR
NYC,2026-01-08 20:51,49.00,29.00,6.00,310.00,30.23,0.00,10.00,CLR
NYC,2026-01-08 21:51,48.00,29.00,3.00,310.00,30.25,0.00,10.00,CLR
NYC,2026-01-08 22:51,47.00,29.00,3.00,50.00,30.27,0.00,10.00,CLR
NYC,2026-01-08 23:51,47.00,29.00,3.00,30.00,30.30,0.00,10.00,CLR
NYC,2026-01-09 00:51,46.00,29.00,3.00,40.00,30.31,0.00,10.00,CLR
NYC,2026-01-09 01:51,46.00,30.00,3.00,280.00,30.31,0.00,10.00,CLR
NYC,2026-01-09 02:51,44.00,30.00,0.00,0.00,30.31,0.00,10.00,CLR
NYC,2026-01-09 03:51,44.00,32.00,0.00,0.00,30.31,0.00,10.00,CLR
NYC,2026-01-09 04:51,43.00,31.00,4.00,60.00,30.29,0.00,10.00,CLR
NYC,2026-01-09 05:51,42.00,32.00,0.00,0.00,30.31,0.00,10.00,CLR
NYC,2026-01-09 06:51,42.00,32.00,0.00,0.00,30.31,0.00,10.00,CLR
NYC,2026-01-09 07:51,41.00,33.00,4.00,130.00,30.31,0.00,10.00,CLR
NYC,2026-01-09 08:51,41.00,34.00,0.00,0.00,30.32,0.00,10.00,CLR
NYC,2026-01-09 09:51,41.00,34.00,0.00,0.00,30.32,0.00,10.00,CLR
NYC,2026-01-09 10:51,39.00,34.00,3.00,50.00,30.32,0.00,10.00,SCT
NYC,2026-01-09 11:51,40.00,34.00,M,M,30.31,0.00,10.00,CLR
NYC,2026-01-09 12:51,43.00,36.00,M,M,30.31,0.00,10.00,CLR
NYC,2026-01-09 13:51,45.00,37.00,M,M,30.30,0.00,10.00,CLR
NYC,2026-01-09 14:51,46.00,38.00,M,M,30.28,0.00,10.00,FEW
NYC,2026-01-09 15:51,48.00,38.00,M,M,30.26,0.00,10.00,FEW
NYC,2026-01-09 16:51,49.00,39.00,M,M,30.22,0.00,10.00,FEW
NYC,2026-01-09 17:51,48.00,40.00,M,M,30.19,0.00,10.00,OVC
NYC,2026-01-09 18:51,49.00,40.00,M,M,30.15,0.00,10.00,SCT
NYC,2026-01-09 19:51,49.00,41.00,M,M,30.13,0.00,10.00,BKN
NYC,2026-01-09 20:51,48.00,41.00,M,M,30.12,0.00,10.00,OVC
NYC,2026-01-09 21:51,48.00,42.00,M,M,30.09,T,10.00,BKN
NYC,2026-01-09 22:51,49.00,43.00,M,M,30.08,0.00,10.00,OVC
NYC,2026-01-09 23:51,49.00,45.00,M,M,30.05,0.01,10.00,OVC
NYC,2026-01-10 00:51,52.00,47.00,M,M,30.07,T,10.00,OVC
NYC,2026-01-10 01:51,53.00,47.00,M,M,30.08,0.00,10.00,OVC
NYC,2026-01-10 02:51,53.00,47.00,M,M,30.09,0.00,10.00,OVC
NYC,2026-01-10 03:51,53.00,48.00,M,M,30.11,0.00,8.00,OVC
NYC,2026-01-10 04:51,52.00,47.00,M,M,30.11,0.00,7.00,FEW
NYC,2026-01-10 05:51,52.00,46.00,M,M,30.14,0.00,7.00,CLR
NYC,2026-01-10 06:51,51.00,45.00,M,M,30.15,0.00,9.00,CLR
NYC,2026-01-10 07:51,50.00,39.00,M,M,30.18,0.00,10.00,CLR
NYC,2026-01-10 08:51,49.00,36.00,M,M,30.19,0.00,10.00,CLR
NYC,2026-01-10 09:51,47.00,34.00,M,M,30.20,0.00,10.00,CLR
NYC,2026-01-10 10:51,45.00,33.00,M,M,30.20,0.00,10.00,CLR
NYC,2026-01-10 11:51,44.00,32.00,M,M,30.22,0.00,10.00,CLR
NYC,2026-01-10 12:51,44.00,32.00,M,M,30.22,0.00,10.00,CLR
NYC,2026-01-10 13:51,43.00,30.00,M,M,30.23,0.00,10.00,CLR
NYC,2026-01-10 14:51,44.00,30.00,M,M,30.23,0.00,10.00,CLR
NYC,2026-01-10 15:51,44.00,31.00,M,M,30.23,0.00,10.00,CLR
NYC,2026-01-10 16:51,43.00,29.00,M,M,30.19,0.00,10.00,CLR
NYC,2026-01-10 17:51,42.00,30.00,M,M,30.16,T,10.00,FEW
NYC,2026-01-10 18:51,41.00,32.00,M,M,30.12,T,10.00,OVC
NYC,2026-01-10 19:51,41.00,34.00,M,M,30.12,0.02,4.00,OVC
NYC,2026-01-10 20:51,40.00,36.00,M,M,30.11,0.08,2.50,BKN
NYC,2026-01-10 21:51,39.00,35.00,M,M,30.06,0.09,6.00,BKN
NYC,2026-01-10 22:51,39.00,36.00,M,M,30.03,0.05,5.00,OVC
NYC,2026-01-10 23:51,40.00,37.00,M,M,29.96,0.01,6.00,OVC
NYC,2026-01-11 00:51,41.00,38.00,M,M,29.91,0.06,2.50,OVC
NYC,2026-01-11 01:51,41.00,38.00,M,M,29.87,0.05,3.00,OVC
NYC,2026-01-11 02:51,41.00,38.00,M,M,29.82,T,4.00,OVC
NYC,2026-01-11 03:51,41.00,38.00,M,M,29.77,0.01,6.00,OVC
NYC,2026-01-11 04:51,41.00,38.00,M,M,29.76,T,6.00,OVC
NYC,2026-01-11 05:51,42.00,39.00,M,M,29.77,T,4.00,OVC
NYC,2026-01-11 06:51,41.00,39.00,M,M,29.77,0.00,4.00,OVC
NYC,2026-01-11 07:51,42.00,39.00,M,M,29.77,0.00,8.00,BKN
NYC,2026-01-11 08:51,42.00,39.00,M,M,29.77,0.01,9.00,FEW
NYC,2026-01-11 09:51,42.00,39.00,M,M,29.81,T,10.00,FEW
NYC,2026-01-11 10:51,43.00,38.00,M,M,29.83,T,10.00,OVC
NYC,2026-01-11 11:51,43.00,38.00,M,M,29.83,0.00,10.00,OVC
NYC,2026-01-11 12:51,44.00,38.00,M,M,29.83,0.00,10.00,BKN
NYC,2026-01-11 13:51,44.00,37.00,M,M,29.84,0.00,10.00,FEW
NYC,2026-01-11 14:51,44.00,31.00,M,M,29.84,0.00,10.00,OVC
NYC,2026-01-11 15:51,44.00,29.00,M,M,29.84,0.00,10.00,FEW
NYC,2026-01-11 16:51,46.00,26.00,M,M,29.78,0.00,10.00,SCT
NYC,2026-01-11 17:51,46.00,26.00,M,M,29.76,0.00,10.00,FEW
NYC,2026-01-11 18:51,47.00,22.00,M,M,29.75,0.00,10.00,SCT
NYC,2026-01-11 19:51,45.00,22.00,M,M,29.78,0.00,10.00,BKN
NYC,2026-01-11 20:51,43.00,20.00,M,M,29.80,0.00,10.00,FEW
NYC,2026-01-11 21:51,42.00,21.00,11.00,280.00,29.81,0.00,10.00,SCT
NYC,2026-01-11 22:51,37.00,27.00,8.00,280.00,29.87,0.00,10.00,SCT
NYC,2026-01-11 23:51,36.00,26.00,6.00,M,29.88,T,10.00,FEW
NYC,2026-01-12 00:51,37.00,19.00,11.00,270.00,29.90,0.00,10.00,CLR
NYC,2026-01-12 01:51,36.00,17.00,11.00,290.00,29.93,0.00,10.00,CLR
NYC,2026-01-12 02:51,36.00,18.00,14.00,270.00,29.95,0.00,10.00,FEW
NYC,2026-01-12 03:51,35.00,16.00,10.00,290.00,29.98,0.00,10.00,BKN
NYC,2026-01-12 04:51,34.00,14.00,12.00,290.00,30.01,0.00,10.00,BKN
NYC,2026-01-12 05:51,34.00,15.00,4.00,M,30.02,0.00,10.00,CLR
NYC,2026-01-12 06:51,33.00,14.00,13.00,290.00,30.04,0.00,10.00,CLR
NYC,2026-01-12 07:51,32.00,14.00,12.00,280.00,30.06,0.00,10.00,CLR
NYC,2026-01-12 08:51,32.00,13.00,12.00,280.00,30.09,0.00,10.00,CLR
NYC,2026-01-12 09:51,32.00,14.00,12.00,280.00,30.10,0.00,10.00,CLR
NYC,2026-01-12 10:51,32.00,14.00,8.00,280.00,30.14,0.00,10.00,CLR
NYC,2026-01-12 11:51,32.00,14.00,5.00,M,30.17,0.00,10.00,CLR
NYC,2026-01-12 12:51,32.00,16.00,M,M,30.20,0.00,10.00,CLR
NYC,2026-01-12 13:51,33.00,15.00,8.00,230.00,30.22,0.00,10.00,CLR
NYC,2026-01-12 14:51,35.00,16.00,3.00,M,30.21,0.00,10.00,CLR
NYC,2026-01-12 15:51,36.00,16.00,6.00,M,30.20,0.00,10.00,CLR
NYC,2026-01-12 16:51,38.00,16.00,6.00,M,30.18,0.00,10.00,CLR
NYC,2026-01-12 17:51,39.00,16.00,4.00,M,30.14,0.00,10.00,CLR
NYC,2026-01-12 18:51,40.00,17.00,8.00,230.00,30.13,0.00,10.00,CLR
NYC,2026-01-12 19:51,39.00,17.00,8.00,270.00,30.13,0.00,10.00,CLR
NYC,2026-01-12 20:51,40.00,18.00,10.00,260.00,30.12,0.00,10.00,CLR
NYC,2026-01-12 21:51,39.00,18.00,7.00,260.00,30.12,0.00,10.00,CLR
NYC,2026-01-12 22:51,39.00,19.00,7.00,240.00,30.13,0.00,10.00,CLR
NYC,2026-01-12 23:51,38.00,19.00,M,M,30.13,0.00,10.00,CLR
NYC,2026-01-13 00:51,38.00,18.00,3.00,M,30.14,0.00,10.00,CLR
NYC,2026-01-13 01:51,38.00,19.00,M,M,30.14,0.00,10.00,CLR
NYC,2026-01-13 02:51,38.00,18.00,4.00,M,30.14,0.00,10.00,CLR
NYC,2026-01-13 03:51,37.00,18.00,6.00,M,30.13,0.00,10.00,CLR
NYC,2026-01-13 04:51,37.00,19.00,4.00,250.00,30.13,0.00,10.00,CLR
NYC,2026-01-13 05:51,36.00,19.00,3.00,M,30.12,0.00,10.00,CLR
NYC,2026-01-13 06:51,37.00,19.00,5.00,250.00,30.11,0.00,10.00,CLR
NYC,2026-01-13 07:51,37.00,18.00,6.00,M,30.12,0.00,10.00,CLR
NYC,2026-01-13 08:51,36.00,18.00,M,M,30.10,0.00,10.00,CLR
NYC,2026-01-13 09:51,36.00,18.00,3.00,240.00,30.11,0.00,10.00,CLR
NYC,2026-01-13 10:51,36.00,18.00,4.00,230.00,30.11,0.00,10.00,CLR
NYC,2026-01-13 11:51,36.00,19.00,5.00,M,30.11,0.00,10.00,CLR
NYC,2026-01-13 12:51,36.00,19.00,5.00,M,30.11,0.00,10.00,CLR
NYC,2026-01-13 13:51,38.00,19.00,0.00,0.00,30.11,0.00,10.00,CLR
NYC,2026-01-13 14:51,40.00,19.00,M,M,30.10,0.00,10.00,CLR
NYC,2026-01-13 15:51,41.00,19.00,4.00,M,30.09,0.00,10.00,CLR
NYC,2026-01-13 16:51,43.00,19.00,M,M,30.03,0.00,10.00,CLR
NYC,2026-01-13 17:51,45.00,20.00,7.00,200.00,30.00,0.00,10.00,CLR
NYC,2026-01-13 18:51,46.00,20.00,5.00,180.00,29.96,0.00,10.00,CLR
NYC,2026-01-13 19:51,47.00,21.00,7.00,190.00,29.93,0.00,10.00,CLR
NYC,2026-01-13 20:51,45.00,26.00,3.00,M,29.91,0.00,10.00,CLR
NYC,2026-01-13 21:51,45.00,27.00,7.00,150.00,29.88,0.00,10.00,CLR
NYC,2026-01-13 22:51,45.00,28.00,0.00,0.00,29.87,0.00,10.00,CLR
NYC,2026-01-13 23:51,45.00,24.00,M,M,29.84,0.00,10.00,CLR
NYC,2026-01-14 00:51,44.00,24.00,M,M,29.82,0.00,10.00,CLR
NYC,2026-01-14 01:51,44.00,27.00,3.00,M,29.81,0.00,10.00,CLR
NYC,2026-01-14 02:51,45.00,28.00,3.00,M,29.79,0.00,10.00,CLR
NYC,2026-01-14 03:51,45.00,28.00,4.00,M,29.75,0.00,10.00,OVC
NYC,2026-01-14 04:51,45.00,28.00,3.00,M,29.72,0.00,10.00,FEW
NYC,2026-01-14 05:51,45.00,28.00,4.00,M,29.72,0.00,10.00,SCT
NYC,2026-01-14 06:51,46.00,27.00,4.00,220.00,29.71,0.00,10.00,FEW
NYC,2026-01-14 07:51,46.00,27.00,M,M,29.70,0.00,10.00,CLR
NYC,2026-01-14 08:51,47.00,25.00,5.00,M,29.68,0.00,10.00,CLR
NYC,2026-01-14 09:51,47.00,25.00,6.00,M,29.67,0.00,10.00,CLR
NYC,2026-01-14 10:51,47.00,24.00,5.00,230.00,29.68,0.00,10.00,CLR
NYC,2026-01-14 11:51,48.00,23.00,8.00,220.00,29.68,0.00,10.00,CLR
NYC,2026-01-14 12:51,48.00,24.00,5.00,M,29.69,0.00,10.00,CLR
NYC,2026-01-14 13:51,48.00,24.00,M,M,29.70,0.00,10.00,OVC
NYC,2026-01-14 14:51,50.00,23.00,8.00,220.00,29.70,0.00,10.00,OVC
NYC,2026-01-14 15:51,50.00,24.00,5.00,M,29.69,0.00,10.00,OVC
NYC,2026-01-14 16:51,51.00,25.00,3.00,250.00,29.65,0.00,10.00,OVC
NYC,2026-01-14 17:51,52.00,25.00,0.00,0.00,29.62,0.00,10.00,OVC
NYC,2026-01-14 18:51,52.00,30.00,3.00,60.00,29.60,0.00,10.00,OVC
NYC,2026-01-14 19:51,51.00,31.00,4.00,130.00,29.59,0.00,10.00,CLR
NYC,2026-01-14 20:51,50.00,30.00,3.00,M,29.60,0.00,10.00,OVC
NYC,2026-01-14 21:51,49.00,30.00,M,M,29.57,0.00,10.00,OVC
NYC,2026-01-14 22:51,48.00,32.00,7.00,100.00,29.53,0.00,10.00,SCT
NYC,2026-01-14 23:51,47.00,31.00,M,M,29.52,0.00,10.00,OVC
NYC,2026-01-15 00:51,45.00,35.00,4.00,140.00,29.51,0.00,10.00,OVC
NYC,2026-01-15 01:51,46.00,35.00,3.00,M,29.49,0.00,10.00,OVC
NYC,2026-01-15 02:51,46.00,36.00,0.00,0.00,29.48,0.00,10.00,BKN
NYC,2026-01-15 03:51,47.00,35.00,4.00,M,29.45,0.00,10.00,BKN
NYC,2026-01-15 04:51,46.00,36.00,0.00,0.00,29.42,0.00,10.00,BKN
NYC,2026-01-15 05:51,47.00,34.00,5.00,240.00,29.39,0.00,10.00,OVC
NYC,2026-01-15 06:51,46.00,33.00,7.00,220.00,29.38,0.00,10.00,FEW
NYC,2026-01-15 07:51,46.00,33.00,3.00,M,29.37,0.00,10.00,SCT
NYC,2026-01-15 08:51,45.00,33.00,8.00,240.00,29.37,0.00,10.00,FEW
NYC,2026-01-15 09:51,44.00,33.00,7.00,230.00,29.36,0.00,10.00,SCT
NYC,2026-01-15 10:51,44.00,34.00,6.00,M,29.37,0.00,10.00,FEW
NYC,2026-01-15 11:51,43.00,35.00,3.00,M,29.38,0.00,10.00,BKN
NYC,2026-01-15 12:51,43.00,34.00,9.00,250.00,29.40,0.00,10.00,BKN
NYC,2026-01-15 13:51,42.00,27.00,11.00,290.00,29.43,0.00,10.00,OVC
NYC,2026-01-15 14:51,39.00,24.00,7.00,260.00,29.47,0.00,10.00,SCT
NYC,2026-01-15 15:51,39.00,20.00,M,M,29.46,0.00,10.00,CLR
NYC,2026-01-15 16:51,37.00,15.00,12.00,240.00,29.45,0.00,10.00,CLR
NYC,2026-01-15 17:51,M,M,M,M,29.45,0.00,10.00,CLR
NYC,2026-01-15 18:51,M,M,7.00,280.00,29.44,0.00,10.00,CLR
NYC,2026-01-15 19:51,35.00,10.00,10.00,270.00,29.46,0.00,10.00,CLR
NYC,2026-01-15 20:51,34.00,10.00,3.00,M,29.49,0.00,10.00,CLR
NYC,2026-01-15 21:51,31.00,8.00,11.00,250.00,29.51,0.00,10.00,CLR
NYC,2026-01-15 22:51,29.00,7.00,6.00,270.00,29.54,0.00,10.00,CLR
NYC,2026-01-15 23:51,29.00,6.00,10.00,290.00,29.56,0.00,10.00,FEW
NYC,2026-01-16 00:51,28.00,4.00,5.00,M,29.55,0.00,10.00,FEW
NYC,2026-01-16 01:51,26.00,3.00,10.00,260.00,29.54,0.00,10.00,CLR
NYC,2026-01-16 02:51,25.00,3.00,8.00,260.00,29.58,0.00,10.00,CLR
NYC,2026-01-16 03:51,25.00,3.00,11.00,280.00,29.58,0.00,10.00,CLR
NYC,2026-01-16 04:51,24.00,0.00,10.00,290.00,29.58,0.00,10.00,CLR
NYC,2026-01-16 05:51,23.00,2.00,12.00,290.00,29.58,0.00,10.00,CLR
NYC,2026-01-16 06:51,22.00,4.00,5.00,M,29.60,0.00,10.00,CLR
NYC,2026-01-16 07:51,22.00,3.00,10.00,290.00,29.63,0.00,10.00,CLR
NYC,2026-01-16 08:51,22.00,3.00,15.00,280.00,29.65,0.00,10.00,CLR
NYC,2026-01-16 09:51,22.00,4.00,9.00,270.00,29.70,0.00,10.00,CLR
NYC,2026-01-16 10:51,22.00,3.00,10.00,280.00,29.75,0.00,10.00,CLR
NYC,2026-01-16 11:51,22.00,3.00,11.00,290.00,29.78,0.00,10.00,CLR
NYC,2026-01-16 12:51,22.00,4.00,M,M,29.81,0.00,10.00,CLR
NYC,2026-01-16 13:51,24.00,5.00,M,M,29.85,0.00,10.00,CLR
NYC,2026-01-16 14:51,26.00,5.00,10.00,280.00,29.88,0.00,10.00,CLR
NYC,2026-01-16 15:51,27.00,4.00,11.00,280.00,29.88,0.00,10.00,CLR
NYC,2026-01-16 16:51,29.00,5.00,5.00,M,29.91,0.00,10.00,CLR
NYC,2026-01-16 17:51,30.00,5.00,10.00,270.00,29.92,0.00,10.00,FEW
NYC,2026-01-16 18:51,31.00,7.00,5.00,M,29.94,0.00,10.00,OVC
NYC,2026-01-16 19:51,32.00,6.00,M,M,29.96,0.00,10.00,SCT
NYC,2026-01-16 20:51,32.00,8.00,4.00,M,29.98,0.00,10.00,CLR
NYC,2026-01-16 21:51,31.00,8.00,3.00,M,30.01,0.00,10.00,CLR
NYC,2026-01-16 22:51,32.00,8.00,7.00,210.00,30.03,0.00,10.00,CLR
NYC,2026-01-16 23:51,30.00,9.00,0.00,0.00,30.05,0.00,10.00,CLR
NYC,2026-01-17 00:51,31.00,8.00,6.00,M,30.06,0.00,10.00,CLR
NYC,2026-01-17 01:51,32.00,8.00,4.00,210.00,30.07,0.00,10.00,OVC
NYC,2026-01-17 02:51,32.00,9.00,7.00,230.00,30.08,0.00,10.00,OVC
NYC,2026-01-17 03:51,34.00,9.00,4.00,M,30.09,0.00,10.00,OVC
NYC,2026-01-17 04:51,33.00,11.00,5.00,200.00,30.08,0.00,10.00,FEW
NYC,2026-01-17 05:51,35.00,12.00,4.00,160.00,30.07,0.00,10.00,CLR
NYC,2026-01-17 06:51,35.00,12.00,3.00,M,30.08,0.00,10.00,OVC
NYC,2026-01-17 07:51,36.00,13.00,5.00,M,30.10,0.00,10.00,SCT
NYC,2026-01-17 08:51,34.00,18.00,0.00,0.00,30.08,0.00,10.00,BKN
NYC,2026-01-17 09:51,36.00,19.00,6.00,M,30.08,0.00,10.00,OVC
NYC,2026-01-17 10:51,36.00,17.00,4.00,160.00,30.07,0.00,10.00,FEW
NYC,2026-01-17 11:51,37.00,16.00,3.00,M,30.06,0.00,10.00,SCT
NYC,2026-01-17 12:51,38.00,15.00,5.00,M,30.07,0.00,10.00,BKN
NYC,2026-01-17 13:51,39.00,16.00,8.00,220.00,30.10,T,10.00,OVC
NYC,2026-01-17 14:51,39.00,17.00,4.00,M,30.09,T,10.00,BKN
NYC,2026-01-17 15:51,35.00,27.00,0.00,0.00,30.06,T,2.50,SCT
NYC,2026-01-17 16:51,33.00,30.00,4.00,250.00,30.05,T,0.50,VV 
NYC,2026-01-17 17:51,32.00,31.00,4.00,M,30.04,0.09,0.25,OVC
NYC,2026-01-17 18:51,32.00,31.00,5.00,M,30.04,0.07,0.25,OVC
NYC,2026-01-17 19:51,33.00,31.00,M,M,30.04,0.01,5.00,FEW
NYC,2026-01-17 20:51,33.00,30.00,M,M,30.05,0.00,6.00,BKN
NYC,2026-01-17 21:51,34.00,30.00,3.00,M,30.08,0.00,6.00,OVC
NYC,2026-01-17 22:51,33.00,30.00,4.00,M,30.09,0.00,7.00,OVC
NYC,2026-01-17 23:51,33.00,30.00,3.00,M,30.12,0.00,6.00,BKN
NYC,2026-01-18 00:51,33.00,29.00,5.00,250.00,30.12,0.00,6.00,CLR
NYC,2026-01-18 01:51,32.00,29.00,7.00,250.00,30.13,0.00,6.00,CLR
NYC,2026-01-18 02:51,32.00,29.00,3.00,270.00,30.14,0.00,5.00,CLR
NYC,2026-01-18 03:51,32.00,29.00,3.00,M,30.11,0.00,5.00,CLR
NYC,2026-01-18 04:51,33.00,29.00,3.00,270.00,30.12,0.00,5.00,CLR
NYC,2026-01-18 05:51,33.00,29.00,0.00,0.00,30.11,0.00,5.00,CLR
NYC,2026-01-18 06:51,33.00,30.00,4.00,290.00,30.11,0.00,5.00,CLR
NYC,2026-01-18 07:51,33.00,30.00,0.00,0.00,30.11,0.00,4.00,BKN
NYC,2026-01-18 08:51,34.00,30.00,3.00,M,30.07,0.00,5.00,OVC
NYC,2026-01-18 09:51,34.00,30.00,0.00,0.00,30.05,T,5.00,OVC
NYC,2026-01-18 10:51,35.00,31.00,3.00,150.00,30.06,0.00,5.00,OVC
NYC,2026-01-18 11:51,34.00,32.00,0.00,0.00,30.09,0.01,3.00,BKN
NYC,2026-01-18 12:51,32.00,31.00,0.00,0.00,30.09,0.04,1.00,VV 
NYC,2026-01-18 13:51,32.00,32.00,0.00,0.00,30.09,0.04,0.25,VV 
NYC,2026-01-18 14:51,33.00,32.00,3.00,30.00,30.08,0.02,0.75,OVC
NYC,2026-01-18 15:51,34.00,33.00,4.00,20.00,30.06,T,1.00,OVC
NYC,2026-01-18 16:51,34.00,32.00,4.00,20.00,30.02,0.01,1.00,OVC
NYC,2026-01-18 17:51,33.00,32.00,5.00,20.00,29.98,0.02,1.00,OVC
NYC,2026-01-18 18:51,33.00,31.00,3.00,M,29.94,T,1.25,OVC
NYC,2026-01-18 19:51,33.00,31.00,6.00,30.00,29.91,0.01,5.00,SCT
NYC,2026-01-18 20:51,34.00,30.00,4.00,M,29.88,T,4.00,FEW
NYC,2026-01-18 21:51,33.00,30.00,7.00,20.00,29.86,T,1.25,BKN
NYC,2026-01-18 22:48,32.00,30.00,6.00,M,29.85,0.02,0.75,FEW
NYC,2026-01-18 23:51,32.00,31.00,0.00,0.00,29.87,0.04,0.75,OVC
NYC,2026-01-19 00:51,32.00,31.00,6.00,M,29.88,0.05,0.75,OVC
NYC,2026-01-19 01:51,31.00,30.00,7.00,360.00,29.85,0.02,1.50,BKN
NYC,2026-01-19 02:51,31.00,29.00,4.00,M,29.84,T,3.00,SCT
NYC,2026-01-19 03:51,31.00,29.00,7.00,300.00,29.84,0.00,6.00,FEW
NYC,2026-01-19 04:51,30.00,28.00,7.00,310.00,29.84,0.00,7.00,FEW
NYC,2026-01-19 05:51,29.00,27.00,5.00,280.00,29.83,0.00,7.00,BKN
NYC,2026-01-19 06:51,29.00,27.00,6.00,M,29.86,0.00,8.00,BKN
NYC,2026-01-19 07:51,29.00,25.00,0.00,0.00,29.84,0.00,8.00,OVC
NYC,2026-01-19 08:51,28.00,26.00,7.00,270.00,29.86,0.00,7.00,OVC
NYC,2026-01-19 09:51,27.00,23.00,7.00,240.00,29.89,0.00,7.00,OVC
NYC,2026-01-19 10:51,25.00,21.00,6.00,260.00,29.91,0.00,8.00,BKN
NYC,2026-01-19 11:51,23.00,18.00,0.00,0.00,29.91,0.00,8.00,CLR
NYC,2026-01-19 12:51,23.00,17.00,M,M,29.94,0.00,7.00,CLR
NYC,2026-01-19 13:51,22.00,15.00,5.00,240.00,29.96,0.00,8.00,CLR
NYC,2026-01-19 14:51,24.00,14.00,6.00,M,29.98,0.00,9.00,CLR
NYC,2026-01-19 15:51,26.00,14.00,11.00,280.00,29.96,0.00,9.00,BKN
NYC,2026-01-19 16:51,28.00,15.00,9.00,260.00,29.96,0.00,9.00,CLR
NYC,2026-01-19 17:51,31.00,16.00,7.00,270.00,29.93,0.00,10.00,FEW
NYC,2026-01-19 18:51,31.00,17.00,8.00,230.00,29.93,0.00,10.00,FEW
NYC,2026-01-19 19:51,31.00,15.00,7.00,290.00,29.94,0.00,9.00,BKN
NYC,2026-01-19 20:51,31.00,14.00,M,M,29.98,0.00,10.00,BKN
NYC,2026-01-19 21:51,30.00,13.00,7.00,270.00,30.00,0.00,10.00,FEW
NYC,2026-01-19 22:51,30.00,15.00,7.00,240.00,30.00,0.00,10.00,CLR
NYC,2026-01-19 23:51,30.00,16.00,4.00,M,30.01,0.00,10.00,CLR
NYC,2026-01-20 00:51,31.00,15.00,6.00,M,30.02,0.00,10.00,CLR
NYC,2026-01-20 01:51,31.00,16.00,M,M,30.05,0.00,10.00,CLR
NYC,2026-01-20 02:51,29.00,12.00,6.00,M,30.07,0.00,10.00,CLR
NYC,2026-01-20 03:51,27.00,7.00,6.00,M,30.09,0.00,10.00,CLR
NYC,2026-01-20 04:51,26.00,2.00,15.00,270.00,30.11,0.00,10.00,CLR
NYC,2026-01-20 05:51,24.00,2.00,7.00,280.00,30.13,0.00,10.00,CLR
NYC,2026-01-20 06:51,23.00,4.00,8.00,270.00,30.15,0.00,10.00,CLR
NYC,2026-01-20 07:51,21.00,3.00,5.00,M,30.17,0.00,10.00,CLR
NYC,2026-01-20 08:51,20.00,2.00,7.00,250.00,30.19,0.00,10.00,CLR
NYC,2026-01-20 09:51,19.00,2.00,12.00,280.00,30.21,0.00,10.00,CLR
NYC,2026-01-20 10:51,18.00,2.00,7.00,250.00,30.23,0.00,10.00,CLR
NYC,2026-01-20 11:51,17.00,2.00,3.00,M,30.25,0.00,10.00,CLR
NYC,2026-01-20 12:51,16.00,0.00,8.00,260.00,30.28,0.00,10.00,CLR
NYC,2026-01-20 13:51,16.00,-1.00,6.00,280.00,30.30,0.00,10.00,CLR
NYC,2026-01-20 14:51,16.00,-2.00,11.00,270.00,30.31,0.00,10.00,CLR
NYC,2026-01-20 15:51,18.00,-5.00,13.00,280.00,30.33,0.00,10.00,CLR
NYC,2026-01-20 16:51,19.00,-5.00,8.00,260.00,30.32,0.00,10.00,CLR
NYC,2026-01-20 17:51,19.00,-5.00,8.00,280.00,30.31,0.00,10.00,CLR
NYC,2026-01-20 18:51,20.00,-3.00,8.00,270.00,30.30,0.00,10.00,CLR
NYC,2026-01-20 19:51,21.00,-5.00,9.00,270.00,30.32,0.00,10.00,CLR
NYC,2026-01-20 20:51,21.00,-4.00,12.00,280.00,30.34,0.00,10.00,CLR
NYC,2026-01-20 21:51,20.00,-3.00,M,M,30.37,0.00,10.00,CLR
NYC,2026-01-20 22:51,20.00,-3.00,9.00,280.00,30.41,0.00,10.00,CLR
NYC,2026-01-20 23:51,19.00,-2.00,7.00,260.00,30.44,0.00,10.00,CLR
NYC,2026-01-21 00:51,19.00,-2.00,5.00,M,30.46,0.00,10.00,CLR
NYC,2026-01-21 01:51,19.00,-2.00,4.00,M,30.47,0.00,10.00,CLR
NYC,2026-01-21 02:51,19.00,-2.00,7.00,240.00,30.50,0.00,10.00,CLR
NYC,2026-01-21 03:51,19.00,-2.00,5.00,M,30.52,0.00,10.00,CLR
NYC,2026-01-21 04:51,18.00,-2.00,7.00,240.00,30.52,0.00,10.00,CLR
NYC,2026-01-21 05:51,18.00,-3.00,M,M,30.51,0.00,10.00,CLR
NYC,2026-01-21 06:51,18.00,-2.00,0.00,0.00,30.52,0.00,10.00,CLR
NYC,2026-01-21 07:51,17.00,-3.00,M,M,30.53,0.00,10.00,CLR
NYC,2026-01-21 08:51,18.00,-3.00,6.00,290.00,30.53,0.00,10.00,CLR
NYC,2026-01-21 09:51,18.00,-2.00,0.00,0.00,30.55,0.00,10.00,CLR
NYC,2026-01-21 10:51,18.00,-3.00,5.00,M,30.54,0.00,10.00,CLR
NYC,2026-01-21 11:51,17.00,-1.00,4.00,M,30.56,0.00,10.00,CLR
NYC,2026-01-21 12:51,19.00,-1.00,3.00,M,30.55,0.00,10.00,CLR
NYC,2026-01-21 13:51,21.00,0.00,5.00,M,30.55,0.00,10.00,CLR
NYC,2026-01-21 14:51,22.00,-1.00,8.00,250.00,30.56,0.00,10.00,CLR
NYC,2026-01-21 15:51,25.00,0.00,0.00,0.00,30.53,0.00,10.00,CLR
NYC,2026-01-21 16:51,27.00,1.00,5.00,180.00,30.49,0.00,10.00,CLR
NYC,2026-01-21 17:51,28.00,2.00,M,M,30.46,0.00,10.00,CLR
NYC,2026-01-21 18:51,29.00,2.00,7.00,190.00,30.38,0.00,10.00,CLR
NYC,2026-01-21 19:51,31.00,9.00,6.00,M,30.34,0.00,10.00,CLR
NYC,2026-01-21 20:51,33.00,17.00,5.00,M,30.31,0.00,10.00,CLR
NYC,2026-01-21 21:51,34.00,20.00,M,M,30.29,0.00,10.00,OVC
NYC,2026-01-21 22:51,35.00,21.00,3.00,M,30.27,0.00,10.00,OVC
NYC,2026-01-21 23:51,36.00,23.00,4.00,M,30.25,0.00,10.00,OVC
NYC,2026-01-22 00:51,37.00,23.00,6.00,M,30.23,0.00,10.00,BKN
NYC,2026-01-22 01:51,38.00,22.00,3.00,M,30.22,0.00,10.00,SCT
NYC,2026-01-22 02:51,37.00,21.00,4.00,M,30.19,0.00,10.00,OVC
NYC,2026-01-22 03:51,38.00,18.00,M,M,30.17,0.00,10.00,OVC
NYC,2026-01-22 04:51,39.00,18.00,6.00,M,30.12,0.00,10.00,OVC
NYC,2026-01-22 05:51,39.00,18.00,8.00,200.00,30.08,0.00,10.00,BKN
NYC,2026-01-22 06:51,39.00,20.00,4.00,180.00,30.05,0.00,10.00,OVC
NYC,2026-01-22 07:51,39.00,21.00,7.00,230.00,30.04,0.00,10.00,OVC
NYC,2026-01-22 08:51,40.00,20.00,M,M,30.01,0.00,10.00,BKN
NYC,2026-01-22 09:51,40.00,21.00,M,M,30.00,0.00,10.00,BKN
NYC,2026-01-22 10:51,39.00,21.00,4.00,M,30.00,0.00,10.00,BKN
NYC,2026-01-22 11:51,38.00,21.00,6.00,M,30.03,0.00,10.00,BKN
NYC,2026-01-22 12:51,38.00,20.00,6.00,220.00,30.03,0.00,10.00,CLR
NYC,2026-01-22 13:51,40.00,21.00,0.00,0.00,30.04,0.00,10.00,CLR
NYC,2026-01-22 14:51,42.00,22.00,0.00,0.00,30.05,0.00,10.00,CLR
NYC,2026-01-22 15:51,43.00,22.00,6.00,M,30.04,0.00,10.00,CLR
NYC,2026-01-22 16:51,44.00,21.00,3.00,M,30.01,0.00,10.00,CLR
NYC,2026-01-22 17:51,46.00,20.00,6.00,M,30.00,0.00,10.00,SCT
NYC,2026-01-22 18:51,47.00,19.00,9.00,270.00,29.99,0.00,10.00,CLR
NYC,2026-01-22 19:51,47.00,19.00,6.00,250.00,29.99,0.00,10.00,CLR
NYC,2026-01-22 20:51,46.00,18.00,7.00,250.00,30.00,0.00,10.00,CLR
NYC,2026-01-22 21:51,46.00,19.00,6.00,270.00,30.01,0.00,10.00,CLR
NYC,2026-01-22 22:51,46.00,18.00,0.00,0.00,30.03,0.00,10.00,CLR
NYC,2026-01-22 23:51,44.00,19.00,0.00,0.00,30.05,0.00,10.00,CLR
NYC,2026-01-23 00:51,43.00,8.00,5.00,M,30.07,0.00,10.00,CLR
NYC,2026-01-23 01:51,41.00,7.00,4.00,M,30.08,0.00,10.00,CLR
NYC,2026-01-23 02:51,41.00,3.00,5.00,270.00,30.09,0.00,10.00,CLR
NYC,2026-01-23 03:51,40.00,3.00,5.00,260.00,30.10,0.00,10.00,CLR
NYC,2026-01-23 04:51,38.00,3.00,7.00,270.00,30.12,0.00,10.00,CLR
NYC,2026-01-23 05:51,37.00,1.00,10.00,280.00,30.10,0.00,10.00,CLR
NYC,2026-01-23 06:51,36.00,3.00,9.00,280.00,30.12,0.00,10.00,CLR
NYC,2026-01-23 07:51,35.00,4.00,8.00,270.00,30.13,0.00,10.00,CLR
NYC,2026-01-23 08:51,34.00,4.00,7.00,280.00,30.13,0.00,10.00,CLR
NYC,2026-01-23 09:51,32.00,5.00,7.00,280.00,30.14,0.00,10.00,CLR
NYC,2026-01-23 10:51,31.00,6.00,4.00,280.00,30.16,0.00,10.00,CLR
NYC,2026-01-23 11:51,31.00,6.00,5.00,290.00,30.16,0.00,10.00,CLR
NYC,2026-01-23 12:51,31.00,6.00,4.00,M,30.18,0.00,10.00,CLR
NYC,2026-01-23 13:51,32.00,7.00,4.00,M,30.19,0.00,10.00,CLR
NYC,2026-01-23 14:51,32.00,7.00,5.00,M,30.19,0.00,10.00,CLR
NYC,2026-01-23 15:51,34.00,7.00,10.00,240.00,30.16,0.00,10.00,CLR
NYC,2026-01-23 16:51,34.00,5.00,13.00,260.00,30.14,0.00,10.00,CLR
NYC,2026-01-23 17:51,34.00,6.00,6.00,M,30.12,0.00,10.00,CLR
NYC,2026-01-23 18:51,35.00,3.00,7.00,250.00,30.10,0.00,10.00,CLR
NYC,2026-01-23 19:51,36.00,4.00,7.00,230.00,30.09,0.00,10.00,CLR
NYC,2026-01-23 20:51,35.00,3.00,6.00,250.00,30.11,0.00,10.00,CLR
NYC,2026-01-23 21:51,35.00,2.00,9.00,290.00,30.12,0.00,10.00,CLR
NYC,2026-01-23 22:51,34.00,-5.00,13.00,280.00,30.15,0.00,10.00,CLR
NYC,2026-01-23 23:51,31.00,-3.00,5.00,M,30.22,0.00,10.00,CLR
NYC,2026-01-24 00:51,24.00,4.00,7.00,310.00,30.29,0.00,10.00,CLR
NYC,2026-01-24 01:51,22.00,3.00,12.00,300.00,30.33,0.00,10.00,CLR
NYC,2026-01-24 02:51,19.00,-14.00,13.00,300.00,30.39,0.00,10.00,CLR
NYC,2026-01-24 03:51,16.00,-13.00,15.00,300.00,30.45,0.00,10.00,CLR
NYC,2026-01-24 04:51,14.00,-12.00,5.00,M,30.47,0.00,10.00,CLR
NYC,2026-01-24 05:51,13.00,-12.00,7.00,300.00,30.48,0.00,10.00,CLR
NYC,2026-01-24 06:51,11.00,-12.00,12.00,300.00,30.51,0.00,10.00,CLR
NYC,2026-01-24 07:51,11.00,-11.00,6.00,M,30.53,0.00,10.00,CLR
NYC,2026-01-24 08:51,10.00,-10.00,M,M,30.54,0.00,10.00,CLR
NYC,2026-01-24 09:51,10.00,-10.00,11.00,290.00,30.57,0.00,10.00,CLR
NYC,2026-01-24 10:51,9.00,-9.00,11.00,300.00,30.58,0.00,10.00,CLR
NYC,2026-01-24 11:51,9.00,-8.00,M,M,30.60,0.00,10.00,CLR
NYC,2026-01-24 12:51,9.00,-10.00,5.00,M,30.62,0.00,10.00,CLR
NYC,2026-01-24 13:51,10.00,-10.00,M,M,30.65,0.00,10.00,CLR
NYC,2026-01-24 14:51,10.00,-12.00,6.00,M,30.67,0.00,10.00,CLR
NYC,2026-01-24 15:51,11.00,-11.00,4.00,M,30.67,0.00,10.00,CLR
NYC,2026-01-24 16:51,13.00,-11.00,5.00,M,30.66,0.00,10.00,CLR
NYC,2026-01-24 17:51,16.00,-10.00,M,M,30.64,0.00,10.00,CLR
NYC,2026-01-24 18:51,17.00,-11.00,5.00,M,30.63,0.00,10.00,CLR
NYC,2026-01-24 19:51,17.00,-12.00,M,M,30.64,0.00,10.00,CLR
NYC,2026-01-24 20:51,17.00,-13.00,8.00,360.00,30.64,0.00,10.00,CLR
NYC,2026-01-24 21:51,17.00,-12.00,8.00,300.00,30.66,0.00,10.00,CLR
NYC,2026-01-24 22:51,17.00,-13.00,6.00,M,30.65,0.00,10.00,CLR
NYC,2026-01-24 23:51,17.00,-13.00,3.00,M,30.67,0.00,10.00,CLR
NYC,2026-01-25 00:51,16.00,-13.00,9.00,350.00,30.68,0.00,10.00,CLR
NYC,2026-01-25 01:51,15.00,-12.00,M,M,30.69,0.00,10.00,CLR
NYC,2026-01-25 02:51,15.00,-11.00,3.00,M,30.70,0.00,10.00,CLR
NYC,2026-01-25 03:51,15.00,-10.00,3.00,M,30.68,0.00,10.00,FEW
NYC,2026-01-25 04:51,15.00,-7.00,8.00,50.00,30.67,0.00,10.00,CLR
NYC,2026-01-25 05:51,14.00,-14.00,6.00,40.00,30.67,0.00,10.00,SCT
NYC,2026-01-25 06:51,14.00,-11.00,11.00,50.00,30.65,0.00,10.00,OVC
NYC,2026-01-25 07:51,13.00,-10.00,10.00,50.00,30.63,0.00,10.00,OVC
NYC,2026-01-25 08:51,13.00,-9.00,8.00,50.00,30.61,0.00,10.00,OVC
NYC,2026-01-25 09:51,13.00,-8.00,6.00,50.00,30.62,0.00,10.00,BKN
NYC,2026-01-25 10:51,11.00,5.00,6.00,50.00,30.60,0.01,0.50,VV 
NYC,2026-01-25 11:51,11.00,6.00,6.00,20.00,30.59,0.03,0.75,VV 
NYC,2026-01-25 12:51,11.00,7.00,6.00,60.00,30.55,0.04,0.50,VV 
NYC,2026-01-25 13:51,11.00,7.00,8.00,40.00,30.54,0.10,0.25,VV 
NYC,2026-01-25 14:51,11.00,7.00,9.00,40.00,30.48,0.08,0.25,VV 
NYC,2026-01-25 15:51,12.00,8.00,10.00,50.00,30.42,0.13,0.25,VV 
NYC,2026-01-25 16:51,12.00,8.00,8.00,50.00,30.35,0.17,0.25,VV 
NYC,2026-01-25 17:51,12.00,8.00,8.00,50.00,30.26,0.17,0.25,VV 
NYC,2026-01-25 18:51,13.00,9.00,7.00,60.00,30.19,0.24,0.25,VV 
NYC,2026-01-25 19:51,15.00,11.00,9.00,50.00,30.11,0.24,0.50,VV 
NYC,2026-01-25 20:51,15.00,11.00,11.00,50.00,30.08,0.13,0.50,VV 
NYC,2026-01-25 21:51,17.00,13.00,10.00,60.00,30.02,0.09,0.25,VV 
NYC,2026-01-25 22:51,19.00,16.00,11.00,40.00,29.95,0.09,1.00,VV 
NYC,2026-01-25 23:51,19.00,15.00,10.00,40.00,29.90,0.08,1.25,BKN
NYC,2026-01-26 00:51,20.00,17.00,6.00,40.00,29.87,0.10,1.25,SCT
NYC,2026-01-26 01:51,20.00,17.00,11.00,50.00,29.77,0.08,1.75,FEW
NYC,2026-01-26 02:51,21.00,17.00,9.00,30.00,29.75,0.01,3.00,BKN
NYC,2026-01-26 03:51,22.00,19.00,8.00,30.00,29.82,0.01,4.00,OVC
NYC,2026-01-26 04:51,21.00,19.00,M,M,29.80,T,8.00,OVC
NYC,2026-01-26 05:51,20.00,17.00,7.00,20.00,29.75,0.00,10.00,OVC
NYC,2026-01-26 06:51,20.00,17.00,4.00,M,29.76,0.00,10.00,OVC
NYC,2026-01-26 07:51,20.00,16.00,0.00,0.00,29.78,0.00,10.00,BKN
NYC,2026-01-26 08:51,20.00,17.00,5.00,30.00,29.77,0.00,6.00,BKN
NYC,2026-01-26 09:51,20.00,17.00,0.00,0.00,29.79,0.01,1.00,FEW
NYC,2026-01-26 10:51,19.00,16.00,3.00,M,29.77,0.01,1.75,FEW
NYC,2026-01-26 11:51,19.00,15.00,4.00,360.00,29.80,T,9.00,OVC
NYC,2026-01-26 12:51,19.00,15.00,5.00,M,29.80,0.00,10.00,OVC
NYC,2026-01-26 13:51,19.00,15.00,0.00,0.00,29.82,0.00,10.00,OVC
NYC,2026-01-26 14:51,20.00,14.00,0.00,0.00,29.82,0.00,10.00,OVC
NYC,2026-01-26 15:51,20.00,15.00,9.00,310.00,29.82,0.00,10.00,OVC
NYC,2026-01-26 16:51,22.00,17.00,4.00,M,29.78,0.00,6.00,BKN
NYC,2026-01-26 17:51,24.00,17.00,4.00,M,29.75,T,10.00,BKN
NYC,2026-01-26 18:51,25.00,17.00,8.00,300.00,29.74,0.00,10.00,BKN
NYC,2026-01-26 19:51,27.00,13.00,7.00,290.00,29.75,0.00,10.00,OVC
NYC,2026-01-26 20:51,25.00,11.00,9.00,300.00,29.77,0.00,10.00,FEW
NYC,2026-01-26 21:51,24.00,9.00,M,M,29.80,0.00,10.00,FEW
NYC,2026-01-26 22:51,23.00,7.00,12.00,300.00,29.86,0.00,10.00,OVC
NYC,2026-01-26 23:51,22.00,7.00,6.00,M,29.88,0.00,10.00,FEW
NYC,2026-01-27 00:51,21.00,7.00,8.00,300.00,29.89,0.00,10.00,BKN
NYC,2026-01-27 01:51,21.00,5.00,8.00,300.00,29.92,0.00,10.00,BKN
NYC,2026-01-27 02:51,19.00,0.00,9.00,300.00,29.96,0.00,10.00,CLR
NYC,2026-01-27 03:51,18.00,0.00,4.00,M,29.97,0.00,10.00,CLR
NYC,2026-01-27 04:51,17.00,0.00,8.00,290.00,29.99,0.00,10.00,CLR
NYC,2026-01-27 05:51,17.00,0.00,12.00,280.00,30.00,0.00,10.00,CLR
NYC,2026-01-27 06:51,17.00,0.00,10.00,280.00,30.04,0.00,10.00,CLR
NYC,2026-01-27 07:51,16.00,1.00,7.00,300.00,30.06,0.00,10.00,CLR
NYC,2026-01-27 08:51,16.00,1.00,6.00,M,30.07,0.00,10.00,CLR
NYC,2026-01-27 09:51,16.00,0.00,6.00,280.00,30.10,0.00,10.00,CLR
NYC,2026-01-27 10:51,16.00,0.00,M,M,30.10,0.00,10.00,CLR
NYC,2026-01-27 11:51,15.00,-1.00,0.00,0.00,30.12,0.00,10.00,CLR
NYC,2026-01-27 12:51,15.00,0.00,M,M,30.13,0.00,10.00,CLR
NYC,2026-01-27 13:51,16.00,1.00,8.00,240.00,30.14,0.00,10.00,CLR
NYC,2026-01-27 14:51,17.00,2.00,M,M,30.13,0.00,10.00,CLR
NYC,2026-01-27 15:51,19.00,1.00,7.00,230.00,30.09,0.00,10.00,CLR
NYC,2026-01-27 16:51,20.00,-1.00,6.00,M,30.06,0.00,10.00,CLR
NYC,2026-01-27 17:51,21.00,1.00,9.00,230.00,30.02,0.00,10.00,BKN
NYC,2026-01-27 18:51,22.00,-1.00,5.00,M,29.98,0.00,10.00,BKN
NYC,2026-01-27 19:51,21.00,-2.00,7.00,230.00,29.97,0.00,10.00,OVC
NYC,2026-01-27 20:51,20.00,3.00,8.00,240.00,29.97,0.00,10.00,BKN
NYC,2026-01-27 21:51,19.00,4.00,8.00,240.00,29.98,0.00,10.00,OVC
NYC,2026-01-27 22:51,19.00,6.00,6.00,M,29.99,0.00,10.00,SCT
NYC,2026-01-27 23:51,18.00,5.00,M,M,30.00,0.00,10.00,CLR
NYC,2026-01-28 00:51,19.00,4.00,6.00,290.00,30.01,0.00,10.00,CLR
NYC,2026-01-28 01:51,19.00,1.00,13.00,280.00,30.03,0.00,10.00,CLR
NYC,2026-01-28 02:51,18.00,3.00,7.00,280.00,30.05,0.00,10.00,CLR
NYC,2026-01-28 03:51,17.00,2.00,8.00,280.00,30.07,0.00,10.00,CLR
NYC,2026-01-28 04:51,17.00,2.00,10.00,280.00,30.07,0.00,10.00,CLR
NYC,2026-01-28 05:51,16.00,2.00,8.00,280.00,30.08,0.00,10.00,CLR
NYC,2026-01-28 06:51,16.00,2.00,4.00,M,30.10,0.00,10.00,CLR
NYC,2026-01-28 07:51,16.00,2.00,8.00,260.00,30.11,0.00,10.00,CLR
NYC,2026-01-28 08:51,15.00,2.00,7.00,270.00,30.12,0.00,10.00,CLR
NYC,2026-01-28 09:51,15.00,1.00,7.00,280.00,30.13,0.00,10.00,CLR
NYC,2026-01-28 10:51,15.00,2.00,5.00,M,30.15,0.00,10.00,CLR
NYC,2026-01-28 11:51,15.00,1.00,3.00,M,30.17,0.00,10.00,CLR
NYC,2026-01-28 12:51,15.00,1.00,7.00,270.00,30.18,0.00,10.00,CLR
NYC,2026-01-28 13:51,16.00,1.00,8.00,270.00,30.18,0.00,10.00,CLR
NYC,2026-01-28 14:51,17.00,-1.00,7.00,270.00,30.17,0.00,10.00,CLR
NYC,2026-01-28 15:51,19.00,-1.00,M,M,30.17,0.00,10.00,CLR
NYC,2026-01-28 16:51,21.00,-3.00,6.00,310.00,30.13,0.00,10.00,CLR
NYC,2026-01-28 17:51,23.00,-2.00,4.00,M,30.09,0.00,10.00,CLR
NYC,2026-01-28 18:51,23.00,-2.00,3.00,M,30.06,0.00,10.00,CLR
NYC,2026-01-28 19:51,23.00,-3.00,5.00,300.00,30.04,0.00,10.00,CLR
NYC,2026-01-28 20:51,23.00,1.00,5.00,220.00,30.03,0.00,10.00,CLR
NYC,2026-01-28 21:51,22.00,1.00,M,M,30.03,0.00,10.00,CLR
NYC,2026-01-28 22:51,21.00,0.00,3.00,M,30.03,0.00,10.00,CLR
NYC,2026-01-28 23:51,20.00,1.00,8.00,240.00,30.05,0.00,10.00,CLR
NYC,2026-01-29 00:51,19.00,0.00,3.00,M,30.05,0.00,10.00,CLR
NYC,2026-01-29 01:51,17.00,0.00,8.00,260.00,30.05,0.00,10.00,SCT
NYC,2026-01-29 02:51,16.00,-2.00,8.00,290.00,30.04,0.00,10.00,CLR
NYC,2026-01-29 03:51,15.00,-1.00,5.00,M,30.05,0.00,10.00,CLR
NYC,2026-01-29 04:51,14.00,-1.00,0.00,0.00,30.04,0.00,10.00,CLR
NYC,2026-01-29 05:51,14.00,-1.00,M,M,30.03,0.00,10.00,CLR
NYC,2026-01-29 06:51,14.00,-1.00,5.00,290.00,30.04,0.00,10.00,CLR
NYC,2026-01-29 07:51,13.00,0.00,7.00,280.00,30.05,0.00,10.00,CLR
NYC,2026-01-29 08:51,13.00,0.00,0.00,0.00,30.05,0.00,10.00,CLR
NYC,2026-01-29 09:51,13.00,0.00,M,M,30.07,0.00,10.00,CLR
NYC,2026-01-29 10:51,12.00,-2.00,6.00,290.00,30.09,0.00,10.00,CLR
NYC,2026-01-29 11:51,11.00,-2.00,5.00,270.00,30.10,0.00,10.00,CLR
NYC,2026-01-29 12:51,12.00,-1.00,6.00,280.00,30.12,0.00,10.00,CLR
NYC,2026-01-29 13:51,13.00,-2.00,5.00,M,30.12,0.00,10.00,CLR
NYC,2026-01-29 14:51,15.00,-1.00,M,M,30.13,0.00,10.00,CLR
NYC,2026-01-29 15:51,16.00,0.00,5.00,M,30.12,0.00,10.00,CLR
NYC,2026-01-29 16:51,18.00,0.00,8.00,280.00,30.10,0.00,10.00,CLR
NYC,2026-01-29 17:51,20.00,0.00,7.00,300.00,30.09,0.00,10.00,CLR
NYC,2026-01-29 18:51,21.00,0.00,7.00,270.00,30.08,0.00,10.00,CLR
NYC,2026-01-29 19:51,22.00,0.00,9.00,280.00,30.08,0.00,10.00,CLR
NYC,2026-01-29 20:51,23.00,0.00,6.00,M,30.09,0.00,10.00,FEW
NYC,2026-01-29 21:51,22.00,1.00,6.00,300.00,30.10,0.00,10.00,CLR
NYC,2026-01-29 22:51,22.00,1.00,8.00,280.00,30.12,0.00,10.00,CLR
NYC,2026-01-29 23:51,21.00,2.00,0.00,0.00,30.13,0.00,10.00,CLR
NYC,2026-01-30 00:51,20.00,1.00,7.00,290.00,30.14,0.00,10.00,CLR
NYC,2026-01-30 01:51,19.00,2.00,7.00,280.00,30.14,0.00,10.00,CLR
NYC,2026-01-30 02:51,18.00,3.00,9.00,280.00,30.15,0.00,10.00,CLR
NYC,2026-01-30 03:51,17.00,0.00,6.00,M,30.16,0.00,10.00,CLR
NYC,2026-01-30 04:51,16.00,-1.00,5.00,280.00,30.16,0.00,10.00,CLR
NYC,2026-01-30 05:51,15.00,-1.00,9.00,280.00,30.16,0.00,10.00,SCT
NYC,2026-01-30 06:51,14.00,-2.00,6.00,280.00,30.15,0.00,10.00,FEW
NYC,2026-01-30 07:51,13.00,-2.00,5.00,M,30.16,0.00,10.00,CLR
NYC,2026-01-30 08:51,11.00,-5.00,6.00,M,30.15,0.00,10.00,CLR
NYC,2026-01-30 09:51,10.00,-6.00,4.00,M,30.16,0.00,10.00,CLR
NYC,2026-01-30 10:51,10.00,-6.00,4.00,M,30.15,0.00,10.00,CLR
NYC,2026-01-30 11:51,9.00,-7.00,7.00,300.00,30.17,0.00,10.00,CLR
NYC,2026-01-30 12:51,9.00,-6.00,9.00,290.00,30.18,0.00,10.00,CLR
NYC,2026-01-30 13:51,9.00,-6.00,9.00,280.00,30.19,0.00,10.00,CLR
NYC,2026-01-30 14:51,11.00,-7.00,9.00,290.00,30.20,0.00,10.00,CLR
NYC,2026-01-30 15:51,12.00,-8.00,5.00,M,30.20,0.00,10.00,CLR
NYC,2026-01-30 16:51,14.00,-7.00,8.00,280.00,30.17,0.00,10.00,CLR
NYC,2026-01-30 17:51,15.00,-8.00,8.00,300.00,30.15,0.00,10.00,CLR
NYC,2026-01-30 18:51,17.00,-6.00,10.00,280.00,30.14,0.00,10.00,CLR
NYC,2026-01-30 19:51,17.00,-7.00,9.00,280.00,30.14,0.00,10.00,CLR
NYC,2026-01-30 20:51,18.00,-6.00,M,M,30.14,0.00,10.00,CLR
NYC,2026-01-30 21:51,17.00,-7.00,9.00,280.00,30.14,0.00,10.00,CLR
NYC,2026-01-30 22:51,17.00,-5.00,8.00,290.00,30.17,0.00,10.00,CLR
NYC,2026-01-30 23:51,16.00,-5.00,6.00,M,30.18,0.00,10.00,CLR
NYC,2026-02-01 00:51,22.00,4.00,10.00,20.00,30.06,0.00,10.00,CLR
NYC,2026-02-01 01:51,19.00,4.00,12.00,30.00,30.07,0.00,10.00,CLR
NYC,2026-02-01 02:51,17.00,2.00,5.00,M,30.04,0.00,10.00,CLR
NYC,2026-02-01 03:51,16.00,2.00,M,M,30.06,0.00,10.00,CLR
NYC,2026-02-01 04:51,15.00,2.00,13.00,360.00,30.03,0.00,10.00,CLR
NYC,2026-02-01 05:51,14.00,1.00,8.00,20.00,29.99,0.00,10.00,CLR
NYC,2026-02-01 06:51,13.00,0.00,8.00,30.00,29.96,0.00,10.00,CLR
NYC,2026-02-01 07:51,13.00,0.00,11.00,10.00,29.92,0.00,10.00,CLR
NYC,2026-02-01 08:51,12.00,-1.00,9.00,10.00,29.92,0.00,10.00,CLR
NYC,2026-02-01 09:51,11.00,-1.00,7.00,20.00,29.92,0.00,10.00,CLR
NYC,2026-02-01 10:51,11.00,-1.00,11.00,360.00,29.90,0.00,10.00,OVC
NYC,2026-02-01 11:51,10.00,-1.00,12.00,350.00,29.87,0.00,10.00,OVC
NYC,2026-02-01 12:51,10.00,-1.00,8.00,340.00,29.88,0.00,5.00,OVC
NYC,2026-02-01 13:51,11.00,-2.00,7.00,10.00,29.89,0.00,10.00,FEW
NYC,2026-02-01 14:51,12.00,-2.00,10.00,20.00,29.90,0.00,10.00,CLR
NYC,2026-02-01 15:51,14.00,-1.00,6.00,M,29.88,0.00,10.00,CLR
NYC,2026-02-01 16:51,16.00,-2.00,11.00,290.00,29.85,0.00,10.00,CLR
NYC,2026-02-01 17:51,17.00,-3.00,7.00,320.00,29.82,0.00,10.00,CLR
NYC,2026-02-01 18:51,21.00,-2.00,9.00,350.00,29.81,0.00,10.00,CLR
NYC,2026-02-01 19:51,22.00,-1.00,12.00,300.00,29.79,0.00,10.00,CLR
NYC,2026-02-01 20:51,24.00,0.00,9.00,300.00,29.79,0.00,10.00,CLR
NYC,2026-02-01 21:51,23.00,1.00,9.00,300.00,29.81,0.00,10.00,CLR
NYC,2026-02-01 22:51,21.00,2.00,9.00,300.00,29.83,0.00,10.00,CLR
NYC,2026-02-01 23:51,20.00,1.00,11.00,290.00,29.84,0.00,10.00,CLR
NYC,2026-02-02 00:51,19.00,1.00,8.00,300.00,29.85,0.00,10.00,CLR
NYC,2026-02-02 01:51,18.00,1.00,10.00,300.00,29.87,0.00,10.00,CLR
NYC,2026-02-02 02:51,18.00,2.00,6.00,M,29.89,0.00,10.00,CLR
NYC,2026-02-02 03:51,17.00,3.00,7.00,290.00,29.91,0.00,10.00,CLR
NYC,2026-02-02 04:51,16.00,2.00,4.00,M,29.93,0.00,10.00,CLR
NYC,2026-02-02 05:51,15.00,2.00,7.00,290.00,29.94,0.00,10.00,CLR
NYC,2026-02-02 06:51,15.00,0.00,7.00,300.00,29.95,0.00,10.00,CLR
NYC,2026-02-02 07:51,15.00,-2.00,6.00,300.00,29.95,0.00,10.00,CLR
NYC,2026-02-02 08:51,16.00,-2.00,4.00,M,29.96,0.00,10.00,CLR
NYC,2026-02-02 09:51,16.00,-1.00,9.00,310.00,29.97,0.00,10.00,CLR
NYC,2026-02-02 10:51,16.00,0.00,9.00,300.00,30.00,0.00,10.00,CLR
NYC,2026-02-02 11:51,17.00,0.00,5.00,290.00,30.00,0.00,10.00,CLR
NYC,2026-02-02 12:51,18.00,2.00,8.00,310.00,30.02,0.00,10.00,CLR
NYC,2026-02-02 13:51,20.00,2.00,9.00,300.00,30.02,0.00,10.00,CLR
NYC,2026-02-02 14:51,23.00,3.00,M,M,30.03,0.00,10.00,CLR
NYC,2026-02-02 15:51,26.00,6.00,11.00,290.00,30.03,0.00,10.00,CLR
NYC,2026-02-02 16:51,28.00,7.00,11.00,300.00,30.01,0.00,10.00,CLR
NYC,2026-02-02 17:51,31.00,7.00,11.00,290.00,30.00,0.00,10.00,CLR
NYC,2026-02-02 18:51,34.00,9.00,7.00,300.00,30.00,0.00,10.00,CLR
NYC,2026-02-02 19:51,34.00,8.00,7.00,310.00,30.00,0.00,10.00,CLR
NYC,2026-02-02 20:51,35.00,7.00,7.00,290.00,30.02,0.00,10.00,CLR
NYC,2026-02-02 21:51,33.00,8.00,5.00,M,30.03,0.00,10.00,CLR
NYC,2026-02-02 22:51,32.00,9.00,6.00,290.00,30.06,0.00,10.00,CLR
NYC,2026-02-02 23:51,31.00,10.00,M,M,30.08,0.00,10.00,CLR
NYC,2026-02-03 00:51,29.00,10.00,5.00,M,30.10,0.00,10.00,CLR
NYC,2026-02-03 01:51,29.00,9.00,8.00,280.00,30.11,0.00,10.00,CLR
NYC,2026-02-03 02:51,28.00,9.00,7.00,290.00,30.11,0.00,10.00,CLR
NYC,2026-02-03 03:51,27.00,9.00,4.00,M,30.12,0.00,10.00,CLR
NYC,2026-02-03 04:51,27.00,8.00,5.00,270.00,30.12,0.00,10.00,CLR
NYC,2026-02-03 05:51,26.00,8.00,0.00,0.00,30.13,0.00,10.00,CLR
NYC,2026-02-03 06:51,26.00,7.00,7.00,280.00,30.13,0.00,10.00,CLR
NYC,2026-02-03 07:51,25.00,7.00,7.00,280.00,30.14,0.00,10.00,CLR
NYC,2026-02-03 08:51,25.00,8.00,4.00,270.00,30.14,0.00,10.00,CLR
NYC,2026-02-03 09:51,25.00,8.00,5.00,M,30.15,0.00,10.00,CLR
NYC,2026-02-03 10:51,23.00,8.00,5.00,270.00,30.15,0.00,10.00,CLR
NYC,2026-02-03 11:51,24.00,8.00,5.00,270.00,30.16,0.00,10.00,CLR
NYC,2026-02-03 12:51,24.00,7.00,5.00,280.00,30.18,0.00,10.00,CLR
NYC,2026-02-03 13:51,25.00,7.00,5.00,M,30.19,0.00,10.00,OVC
NYC,2026-02-03 14:51,26.00,8.00,5.00,280.00,30.21,0.00,10.00,OVC
NYC,2026-02-03 15:51,27.00,8.00,6.00,280.00,30.21,0.00,10.00,OVC
NYC,2026-02-03 16:51,29.00,10.00,0.00,0.00,30.19,0.00,10.00,OVC
NYC,2026-02-03 17:51,31.00,12.00,0.00,0.00,30.17,0.00,10.00,OVC
NYC,2026-02-03 18:51,32.00,14.00,0.00,0.00,30.15,0.00,10.00,SCT
NYC,2026-02-03 19:51,33.00,14.00,5.00,M,30.15,0.00,10.00,SCT
NYC,2026-02-03 20:51,33.00,13.00,3.00,M,30.15,0.00,10.00,OVC
NYC,2026-02-03 21:51,33.00,13.00,4.00,M,30.16,0.00,10.00,BKN
NYC,2026-02-03 22:51,32.00,12.00,6.00,260.00,30.18,0.00,10.00,FEW
NYC,2026-02-03 23:51,32.00,13.00,4.00,M,30.19,0.00,10.00,OVC
NYC,2026-02-04 00:51,32.00,14.00,5.00,290.00,30.18,0.00,10.00,OVC
NYC,2026-02-04 01:51,32.00,13.00,6.00,M,30.18,0.00,10.00,OVC
NYC,2026-02-04 02:51,31.00,12.00,5.00,M,30.17,0.00,10.00,FEW
NYC,2026-02-04 03:51,31.00,12.00,5.00,260.00,30.18,0.00,10.00,CLR
NYC,2026-02-04 04:51,30.00,12.00,0.00,0.00,30.18,0.00,10.00,CLR
NYC,2026-02-04 05:51,30.00,13.00,5.00,290.00,30.17,0.00,10.00,OVC
NYC,2026-02-04 06:51,31.00,13.00,0.00,0.00,30.18,0.00,10.00,OVC
NYC,2026-02-04 07:51,30.00,13.00,3.00,240.00,30.18,0.00,10.00,OVC
NYC,2026-02-04 08:51,30.00,15.00,3.00,M,30.17,0.00,10.00,OVC
NYC,2026-02-04 09:51,30.00,16.00,3.00,270.00,30.18,0.00,10.00,OVC
NYC,2026-02-04 10:51,31.00,16.00,3.00,260.00,30.18,0.00,10.00,OVC
NYC,2026-02-04 11:51,31.00,16.00,4.00,290.00,30.19,0.00,10.00,OVC
NYC,2026-02-04 12:51,30.00,14.00,4.00,M,30.21,0.00,9.00,FEW
NYC,2026-02-04 13:51,29.00,16.00,8.00,310.00,30.23,0.00,10.00,BKN
NYC,2026-02-04 14:51,29.00,13.00,3.00,M,30.24,0.00,10.00,OVC
NYC,2026-02-04 15:51,29.00,7.00,7.00,300.00,30.24,0.00,10.00,CLR
NYC,2026-02-04 16:51,29.00,7.00,3.00,M,30.23,0.00,10.00,CLR
NYC,2026-02-04 17:51,30.00,7.00,6.00,M,30.22,0.00,10.00,CLR
NYC,2026-02-04 18:51,31.00,6.00,4.00,280.00,30.21,0.00,10.00,CLR
NYC,2026-02-04 19:51,32.00,7.00,5.00,M,30.19,0.00,10.00,CLR
NYC,2026-02-04 20:51,33.00,8.00,6.00,M,30.19,0.00,10.00,CLR
NYC,2026-02-04 21:51,32.00,8.00,M,M,30.18,0.00,10.00,CLR
NYC,2026-02-04 22:51,32.00,8.00,5.00,270.00,30.21,0.00,10.00,CLR
NYC,2026-02-04 23:51,31.00,9.00,4.00,M,30.22,0.00,10.00,CLR
NYC,2026-02-05 00:51,31.00,8.00,6.00,300.00,30.21,0.00,10.00,CLR
NYC,2026-02-05 01:51,29.00,8.00,3.00,M,30.20,0.00,10.00,CLR
NYC,2026-02-05 02:51,28.00,7.00,0.00,0.00,30.20,0.00,10.00,CLR
NYC,2026-02-05 03:51,28.00,7.00,5.00,330.00,30.20,0.00,10.00,CLR
NYC,2026-02-05 04:51,26.00,7.00,0.00,0.00,30.19,0.00,10.00,CLR
NYC,2026-02-05 05:51,25.00,8.00,0.00,0.00,30.17,0.00,10.00,CLR
NYC,2026-02-05 06:51,24.00,9.00,3.00,M,30.16,0.00,10.00,CLR
NYC,2026-02-05 07:51,23.00,9.00,3.00,M,30.14,0.00,10.00,CLR
NYC,2026-02-05 08:51,22.00,9.00,4.00,M,30.13,0.00,10.00,CLR
NYC,2026-02-05 09:51,21.00,9.00,4.00,290.00,30.14,0.00,10.00,CLR
NYC,2026-02-05 10:51,21.00,9.00,3.00,M,30.14,0.00,10.00,CLR
NYC,2026-02-05 11:51,20.00,9.00,0.00,0.00,30.13,0.00,10.00,CLR
NYC,2026-02-05 12:51,20.00,10.00,0.00,0.00,30.14,0.00,10.00,CLR
NYC,2026-02-05 13:51,21.00,9.00,3.00,M,30.13,0.00,10.00,CLR
NYC,2026-02-05 14:51,23.00,10.00,4.00,M,30.13,0.00,10.00,CLR
NYC,2026-02-05 15:51,25.00,10.00,3.00,M,30.12,0.00,10.00,CLR
NYC,2026-02-05 16:51,28.00,11.00,5.00,360.00,30.09,0.00,10.00,CLR
NYC,2026-02-05 17:51,29.00,10.00,0.00,0.00,30.05,0.00,10.00,CLR
NYC,2026-02-05 18:51,30.00,10.00,0.00,0.00,30.02,0.00,10.00,CLR
NYC,2026-02-05 19:51,32.00,11.00,3.00,M,30.00,0.00,10.00,CLR
NYC,2026-02-05 20:51,31.00,8.00,5.00,350.00,29.98,0.00,10.00,CLR
NYC,2026-02-05 21:51,31.00,10.00,0.00,0.00,29.98,0.00,10.00,CLR
NYC,2026-02-05 22:51,30.00,10.00,0.00,0.00,29.98,0.00,10.00,CLR
NYC,2026-02-05 23:51,30.00,10.00,4.00,50.00,29.98,0.00,10.00,CLR
NYC,2026-02-06 00:51,29.00,10.00,4.00,60.00,29.96,0.00,10.00,CLR
NYC,2026-02-06 01:51,29.00,10.00,5.00,50.00,29.96,0.00,10.00,CLR
NYC,2026-02-06 02:51,28.00,10.00,3.00,40.00,29.92,0.00,10.00,CLR
NYC,2026-02-06 03:51,28.00,11.00,7.00,20.00,29.90,0.00,10.00,CLR
NYC,2026-02-06 04:51,27.00,9.00,5.00,M,29.91,0.00,10.00,CLR
NYC,2026-02-06 05:51,27.00,7.00,4.00,M,29.90,0.00,10.00,CLR
NYC,2026-02-06 06:51,26.00,9.00,5.00,10.00,29.89,0.00,10.00,CLR
NYC,2026-02-06 07:51,25.00,11.00,4.00,10.00,29.88,0.00,10.00,CLR
NYC,2026-02-06 08:51,24.00,10.00,5.00,40.00,29.85,0.00,10.00,CLR
NYC,2026-02-06 09:51,24.00,8.00,4.00,20.00,29.83,0.00,10.00,CLR
NYC,2026-02-06 10:51,23.00,11.00,4.00,20.00,29.83,0.00,10.00,CLR
NYC,2026-02-06 11:51,24.00,8.00,4.00,30.00,29.81,0.00,10.00,CLR
NYC,2026-02-06 12:51,24.00,8.00,4.00,30.00,29.80,0.00,10.00,CLR
NYC,2026-02-06 13:51,26.00,9.00,5.00,40.00,29.78,0.00,10.00,BKN
NYC,2026-02-06 14:51,29.00,10.00,5.00,90.00,29.75,0.00,9.00,FEW
NYC,2026-02-06 15:51,29.00,11.00,3.00,M,29.74,0.00,10.00,CLR
NYC,2026-02-06 16:51,31.00,12.00,3.00,M,29.72,0.00,10.00,FEW
NYC,2026-02-06 17:51,32.00,12.00,3.00,M,29.68,0.00,10.00,FEW
NYC,2026-02-06 18:51,32.00,12.00,3.00,290.00,29.66,0.00,10.00,BKN
NYC,2026-02-06 19:51,32.00,12.00,0.00,0.00,29.65,0.00,10.00,OVC
NYC,2026-02-06 20:51,32.00,14.00,6.00,220.00,29.64,0.00,10.00,BKN
NYC,2026-02-06 21:51,32.00,12.00,M,M,29.62,0.00,10.00,OVC
NYC,2026-02-06 22:51,31.00,12.00,7.00,230.00,29.63,0.00,10.00,OVC
NYC,2026-02-06 23:51,30.00,13.00,5.00,260.00,29.63,0.00,10.00,BKN
NYC,2026-02-07 00:51,30.00,16.00,5.00,M,29.63,0.00,10.00,SCT
NYC,2026-02-07 01:51,28.00,18.00,8.00,250.00,29.63,0.00,7.00,OVC
NYC,2026-02-07 02:51,27.00,21.00,8.00,260.00,29.62,T,1.50,OVC
NYC,2026-02-07 03:51,26.00,21.00,6.00,270.00,29.60,0.01,2.50,SCT
NYC,2026-02-07 04:51,27.00,21.00,4.00,M,29.59,0.08,4.00,FEW
NYC,2026-02-07 05:51,26.00,21.00,9.00,240.00,29.58,0.07,1.00,BKN
NYC,2026-02-07 06:51,26.00,21.00,3.00,M,29.56,0.08,3.00,FEW
NYC,2026-02-07 07:51,26.00,20.00,3.00,M,29.55,0.13,5.00,OVC
NYC,2026-02-07 08:51,26.00,21.00,7.00,290.00,29.54,0.17,4.00,BKN
NYC,2026-02-07 09:51,27.00,20.00,8.00,290.00,29.55,0.06,3.00,FEW
NYC,2026-02-07 10:51,25.00,8.00,10.00,300.00,29.59,0.04,10.00,OVC
NYC,2026-02-07 11:51,20.00,-1.00,13.00,300.00,29.64,0.00,10.00,OVC
NYC,2026-02-07 12:51,17.00,-4.00,14.00,300.00,29.67,0.00,10.00,OVC
NYC,2026-02-07 13:51,14.00,-6.00,20.00,300.00,29.71,0.00,10.00,OVC
NYC,2026-02-07 14:51,11.00,-8.00,18.00,310.00,29.73,0.00,10.00,OVC
NYC,2026-02-07 15:51,12.00,-10.00,M,M,29.75,0.00,10.00,OVC
NYC,2026-02-07 16:51,12.00,-9.00,11.00,300.00,29.74,0.52,10.00,OVC
NYC,2026-02-07 17:51,12.00,-9.00,19.00,310.00,29.74,0.60,10.00,FEW
NYC,2026-02-07 18:51,11.00,-10.00,17.00,300.00,29.76,0.00,10.00,SCT
NYC,2026-02-07 19:51,12.00,-10.00,18.00,300.00,29.79,0.00,10.00,BKN
NYC,2026-02-07 20:51,11.00,-11.00,17.00,300.00,29.83,0.00,10.00,OVC
NYC,2026-02-07 21:51,10.00,-12.00,13.00,300.00,29.87,0.00,10.00,BKN
NYC,2026-02-07 22:51,9.00,-13.00,18.00,300.00,29.93,0.00,10.00,SCT
NYC,2026-02-07 23:51,8.00,-13.00,18.00,300.00,29.99,0.00,10.00,SCT
NYC,2026-02-08 00:51,7.00,-12.00,11.00,300.00,30.00,0.00,10.00,SCT
NYC,2026-02-08 01:51,7.00,-12.00,11.00,300.00,30.02,0.00,10.00,OVC
NYC,2026-02-08 02:51,7.00,-11.00,10.00,300.00,30.05,0.00,10.00,FEW
NYC,2026-02-08 03:51,6.00,-11.00,11.00,290.00,30.05,0.00,10.00,CLR
NYC,2026-02-08 04:51,6.00,-11.00,14.00,300.00,30.07,0.00,10.00,CLR
NYC,2026-02-08 05:51,5.00,-12.00,8.00,330.00,30.09,0.00,10.00,CLR
NYC,2026-02-08 06:51,5.00,-12.00,11.00,300.00,30.10,0.00,10.00,CLR
NYC,2026-02-08 07:51,5.00,-12.00,10.00,300.00,30.11,0.00,10.00,CLR
NYC,2026-02-08 08:51,4.00,-13.00,13.00,300.00,30.12,0.00,10.00,CLR
NYC,2026-02-08 09:51,4.00,-12.00,14.00,300.00,30.13,0.00,10.00,CLR
NYC,2026-02-08 10:51,3.00,-12.00,10.00,300.00,30.15,0.00,10.00,FEW
NYC,2026-02-08 11:51,3.00,-13.00,13.00,300.00,30.16,0.00,10.00,CLR
NYC,2026-02-08 12:51,4.00,-13.00,16.00,300.00,30.18,0.00,10.00,CLR
NYC,2026-02-08 13:51,5.00,-12.00,11.00,320.00,30.19,0.00,10.00,CLR
NYC,2026-02-08 14:51,6.00,-13.00,10.00,300.00,30.19,0.00,10.00,CLR
NYC,2026-02-08 15:51,8.00,-11.00,11.00,290.00,30.18,0.00,10.00,CLR
NYC,2026-02-08 16:51,11.00,-11.00,8.00,300.00,30.18,0.00,10.00,CLR
NYC,2026-02-08 17:51,13.00,-11.00,15.00,300.00,30.16,0.00,10.00,CLR
NYC,2026-02-08 18:51,15.00,-9.00,8.00,280.00,30.15,0.00,10.00,CLR
NYC,2026-02-08 19:51,16.00,-7.00,10.00,300.00,30.15,0.00,10.00,CLR
NYC,2026-02-08 20:51,17.00,-6.00,9.00,310.00,30.17,0.00,10.00,CLR
NYC,2026-02-08 21:51,17.00,-6.00,16.00,300.00,30.18,0.00,10.00,CLR
NYC,2026-02-08 22:51,17.00,-5.00,14.00,310.00,30.21,0.00,10.00,CLR
NYC,2026-02-08 23:51,15.00,-5.00,12.00,300.00,30.22,0.00,10.00,CLR
NYC,2026-02-09 00:51,14.00,-5.00,14.00,300.00,30.22,0.00,10.00,CLR
NYC,2026-02-09 01:51,13.00,-5.00,5.00,M,30.23,0.00,10.00,CLR
NYC,2026-02-09 02:51,13.00,-5.00,10.00,300.00,30.24,0.00,10.00,CLR
NYC,2026-02-09 03:51,12.00,-4.00,8.00,290.00,30.26,0.00,10.00,CLR
NYC,2026-02-09 04:51,11.00,-4.00,7.00,300.00,30.27,0.00,10.00,CLR
NYC,2026-02-09 05:51,11.00,-4.00,7.00,300.00,30.27,0.00,10.00,CLR
NYC,2026-02-09 06:51,10.00,-4.00,4.00,M,30.28,0.00,10.00,CLR
NYC,2026-02-09 07:51,10.00,-4.00,6.00,290.00,30.27,0.00,10.00,CLR
NYC,2026-02-09 08:51,10.00,-3.00,M,M,30.27,0.00,10.00,CLR
NYC,2026-02-09 09:51,10.00,-3.00,8.00,290.00,30.27,0.00,10.00,CLR
NYC,2026-02-09 10:51,10.00,-3.00,9.00,310.00,30.28,0.00,10.00,CLR
NYC,2026-02-09 11:51,11.00,-3.00,7.00,300.00,30.30,0.00,10.00,CLR
NYC,2026-02-09 12:51,11.00,-4.00,6.00,300.00,30.31,0.00,10.00,CLR
NYC,2026-02-09 13:51,13.00,-4.00,6.00,M,30.31,0.00,10.00,CLR
NYC,2026-02-09 14:51,16.00,-2.00,4.00,M,30.31,0.00,10.00,CLR
NYC,2026-02-09 15:51,19.00,-1.00,3.00,M,30.30,0.00,10.00,CLR
NYC,2026-02-09 16:51,23.00,-1.00,5.00,M,30.29,0.00,10.00,CLR
NYC,2026-02-09 17:51,27.00,2.00,7.00,280.00,30.25,0.00,10.00,CLR
NYC,2026-02-09 18:51,28.00,2.00,5.00,M,30.23,0.00,10.00,CLR
NYC,2026-02-09 19:51,29.00,2.00,5.00,M,30.21,0.00,10.00,CLR
NYC,2026-02-09 20:51,31.00,3.00,8.00,290.00,30.21,0.00,10.00,CLR
NYC,2026-02-09 21:51,30.00,3.00,4.00,270.00,30.21,0.00,10.00,CLR
NYC,2026-02-09 22:51,30.00,3.00,5.00,M,30.20,0.00,10.00,CLR
NYC,2026-02-09 23:51,30.00,4.00,4.00,M,30.22,0.00,10.00,CLR
NYC,2026-02-10 00:51,30.00,4.00,0.00,0.00,30.21,0.00,10.00,CLR
NYC,2026-02-10 01:51,29.00,4.00,4.00,310.00,30.22,0.00,10.00,CLR
NYC,2026-02-10 02:51,28.00,4.00,4.00,290.00,30.22,0.00,10.00,CLR
NYC,2026-02-10 03:51,28.00,3.00,4.00,280.00,30.20,0.00,10.00,CLR
NYC,2026-02-10 04:51,27.00,4.00,0.00,0.00,30.19,0.00,10.00,CLR
NYC,2026-02-10 05:51,27.00,3.00,3.00,M,30.18,0.00,10.00,FEW
NYC,2026-02-10 06:51,26.00,4.00,4.00,280.00,30.19,0.00,10.00,CLR
NYC,2026-02-10 07:51,25.00,4.00,0.00,0.00,30.17,0.00,10.00,BKN
NYC,2026-02-10 08:51,25.00,5.00,3.00,M,30.18,0.00,10.00,CLR
NYC,2026-02-10 09:51,24.00,5.00,3.00,300.00,30.17,0.00,10.00,CLR
NYC,2026-02-10 10:51,25.00,4.00,4.00,M,30.17,0.00,10.00,BKN
NYC,2026-02-10 11:51,25.00,4.00,3.00,290.00,30.18,0.00,10.00,OVC
NYC,2026-02-10 12:51,26.00,5.00,0.00,0.00,30.17,0.00,10.00,OVC
NYC,2026-02-10 13:51,28.00,7.00,0.00,0.00,30.17,0.00,10.00,CLR
NYC,2026-02-10 14:51,30.00,11.00,3.00,50.00,30.17,0.00,9.00,OVC
NYC,2026-02-10 15:51,31.00,11.00,3.00,40.00,30.15,0.00,9.00,BKN
NYC,2026-02-10 16:51,34.00,12.00,3.00,50.00,30.12,0.00,8.00,OVC
NYC,2026-02-10 17:51,35.00,11.00,0.00,0.00,30.08,0.00,10.00,CLR
NYC,2026-02-10 18:51,35.00,9.00,0.00,0.00,30.04,0.00,10.00,OVC
NYC,2026-02-10 19:51,36.00,7.00,4.00,130.00,30.02,0.00,10.00,OVC
NYC,2026-02-10 20:51,33.00,15.00,5.00,140.00,29.99,0.00,10.00,CLR
NYC,2026-02-10 21:51,33.00,16.00,6.00,160.00,29.97,0.00,10.00,CLR
NYC,2026-02-10 22:51,33.00,17.00,3.00,M,29.93,0.00,10.00,CLR
NYC,2026-02-10 23:51,34.00,22.00,4.00,150.00,29.90,0.00,10.00,CLR
NYC,2026-02-11 00:51,35.00,26.00,M,M,29.86,0.00,10.00,CLR
NYC,2026-02-11 01:51,36.00,26.00,3.00,M,29.84,0.00,10.00,CLR
NYC,2026-02-11 02:51,35.00,26.00,0.00,0.00,29.84,0.00,10.00,BKN
NYC,2026-02-11 03:51,36.00,25.00,0.00,0.00,29.79,0.00,10.00,OVC
NYC,2026-02-11 04:51,36.00,26.00,3.00,30.00,29.76,0.00,10.00,BKN
NYC,2026-02-11 05:51,33.00,30.00,3.00,M,29.73,0.06,6.00,BKN
NYC,2026-02-11 06:51,34.00,28.00,5.00,M,29.70,T,9.00,FEW
NYC,2026-02-11 07:51,33.00,26.00,0.00,0.00,29.70,0.00,9.00,BKN
NYC,2026-02-11 08:51,33.00,24.00,0.00,0.00,29.70,0.00,10.00,FEW
NYC,2026-02-11 09:51,34.00,23.00,4.00,280.00,29.73,0.00,10.00,CLR
NYC,2026-02-11 10:51,35.00,23.00,4.00,M,29.73,0.00,9.00,CLR
NYC,2026-02-11 11:51,36.00,23.00,5.00,M,29.75,0.00,9.00,CLR
NYC,2026-02-11 12:51,37.00,23.00,4.00,250.00,29.76,0.00,8.00,CLR
NYC,2026-02-11 13:51,39.00,24.00,4.00,M,29.78,0.00,8.00,OVC
NYC,2026-02-11 14:51,40.00,24.00,5.00,M,29.77,0.00,9.00,OVC
NYC,2026-02-11 15:51,41.00,24.00,8.00,270.00,29.77,0.00,10.00,OVC
NYC,2026-02-11 16:51,40.00,24.00,6.00,270.00,29.76,0.00,10.00,OVC
NYC,2026-02-11 17:51,40.00,25.00,8.00,280.00,29.75,0.00,10.00,OVC
NYC,2026-02-11 18:51,40.00,25.00,M,M,29.75,0.00,10.00,FEW
NYC,2026-02-11 19:51,40.00,20.00,M,M,29.75,0.00,10.00,OVC
NYC,2026-02-11 20:51,39.00,19.00,7.00,300.00,29.76,0.00,10.00,OVC
NYC,2026-02-11 21:51,39.00,18.00,7.00,300.00,29.79,0.00,10.00,OVC
NYC,2026-02-11 22:51,38.00,17.00,9.00,290.00,29.81,0.00,10.00,OVC
NYC,2026-02-11 23:51,37.00,18.00,8.00,270.00,29.83,0.00,10.00,FEW
NYC,2026-02-12 00:51,36.00,17.00,10.00,270.00,29.84,0.00,10.00,FEW
NYC,2026-02-12 01:51,36.00,17.00,13.00,280.00,29.85,0.00,10.00,OVC
NYC,2026-02-12 02:51,36.00,17.00,6.00,M,29.85,0.00,10.00,OVC
NYC,2026-02-12 03:51,35.00,18.00,10.00,300.00,29.86,0.00,10.00,OVC
NYC,2026-02-12 04:51,35.00,18.00,9.00,300.00,29.87,0.00,10.00,OVC
NYC,2026-02-12 05:51,35.00,17.00,10.00,290.00,29.87,0.00,10.00,OVC
NYC,2026-02-12 06:51,34.00,18.00,M,M,29.88,0.00,10.00,BKN
NYC,2026-02-12 07:51,34.00,17.00,8.00,300.00,29.89,0.00,10.00,SCT
NYC,2026-02-12 08:51,33.00,17.00,10.00,290.00,29.91,0.00,10.00,OVC
NYC,2026-02-12 09:51,32.00,15.00,4.00,M,29.92,0.00,10.00,OVC
NYC,2026-02-12 10:51,31.00,16.00,14.00,300.00,29.94,0.00,10.00,OVC
NYC,2026-02-12 11:51,31.00,15.00,9.00,310.00,29.95,0.00,10.00,BKN
NYC,2026-02-12 12:51,31.00,15.00,7.00,300.00,29.98,0.00,10.00,BKN
NYC,2026-02-12 13:51,31.00,14.00,13.00,300.00,29.99,0.00,10.00,BKN
NYC,2026-02-12 14:51,32.00,14.00,11.00,310.00,29.99,0.00,10.00,FEW
NYC,2026-02-12 15:51,33.00,14.00,14.00,300.00,29.99,0.00,10.00,BKN
NYC,2026-02-12 16:51,33.00,14.00,10.00,300.00,29.99,0.00,10.00,OVC
NYC,2026-02-12 17:51,35.00,14.00,11.00,310.00,29.98,0.00,10.00,BKN
NYC,2026-02-12 18:51,35.00,14.00,7.00,300.00,29.97,0.00,10.00,OVC
NYC,2026-02-12 19:51,35.00,13.00,10.00,300.00,29.98,0.00,10.00,BKN
NYC,2026-02-12 20:51,36.00,14.00,10.00,300.00,29.99,0.00,10.00,BKN
NYC,2026-02-12 21:51,34.00,14.00,6.00,M,30.00,0.00,10.00,CLR
NYC,2026-02-12 22:51,33.00,13.00,10.00,300.00,30.02,0.00,10.00,CLR
NYC,2026-02-12 23:51,32.00,14.00,M,M,30.04,0.00,10.00,CLR
NYC,2026-02-13 00:51,31.00,14.00,5.00,M,30.06,0.00,10.00,FEW
NYC,2026-02-13 01:51,30.00,14.00,9.00,310.00,30.07,0.00,10.00,FEW
NYC,2026-02-13 02:51,29.00,14.00,10.00,300.00,30.08,0.00,10.00,SCT
NYC,2026-02-13 03:51,28.00,11.00,11.00,310.00,30.08,0.00,10.00,CLR
NYC,2026-02-13 04:51,27.00,11.00,M,M,30.09,0.00,10.00,CLR
NYC,2026-02-13 05:51,26.00,11.00,6.00,290.00,30.10,0.00,10.00,CLR
NYC,2026-02-13 06:51,25.00,11.00,10.00,300.00,30.11,0.00,10.00,CLR
NYC,2026-02-13 07:51,24.00,11.00,7.00,310.00,30.11,0.00,10.00,CLR
NYC,2026-02-13 08:51,24.00,10.00,6.00,310.00,30.11,0.00,10.00,CLR
NYC,2026-02-13 09:51,23.00,10.00,5.00,310.00,30.12,0.00,10.00,CLR
NYC,2026-02-13 10:51,23.00,10.00,6.00,M,30.14,0.00,10.00,CLR
NYC,2026-02-13 11:51,22.00,11.00,4.00,M,30.15,0.00,10.00,CLR
NYC,2026-02-13 12:51,23.00,11.00,0.00,0.00,30.17,0.00,10.00,CLR
NYC,2026-02-13 13:51,25.00,11.00,3.00,M,30.19,0.00,10.00,CLR
NYC,2026-02-13 14:51,30.00,12.00,0.00,0.00,30.19,0.00,10.00,CLR
NYC,2026-02-13 15:51,30.00,12.00,3.00,M,30.19,0.00,10.00,CLR
NYC,2026-02-13 16:51,32.00,11.00,4.00,M,30.17,0.00,10.00,CLR
NYC,2026-02-13 17:51,34.00,12.00,3.00,M,30.15,0.00,10.00,CLR
NYC,2026-02-13 18:51,36.00,11.00,7.00,310.00,30.14,0.00,10.00,CLR
NYC,2026-02-13 19:51,37.00,13.00,0.00,0.00,30.13,0.00,10.00,CLR
NYC,2026-02-13 20:51,38.00,12.00,3.00,280.00,30.13,0.00,10.00,CLR
NYC,2026-02-13 21:51,37.00,12.00,6.00,270.00,30.13,0.00,10.00,CLR
NYC,2026-02-13 22:51,37.00,12.00,5.00,M,30.14,0.00,10.00,CLR
NYC,2026-02-13 23:51,36.00,13.00,5.00,250.00,30.14,0.00,10.00,CLR
NYC,2026-02-14 00:51,34.00,14.00,M,M,30.14,0.00,10.00,CLR
NYC,2026-02-14 01:51,33.00,14.00,4.00,M,30.15,0.00,10.00,CLR
NYC,2026-02-14 02:51,33.00,14.00,4.00,M,30.15,0.00,10.00,CLR
NYC,2026-02-14 03:51,32.00,13.00,6.00,270.00,30.15,0.00,10.00,CLR
NYC,2026-02-14 04:51,31.00,13.00,6.00,270.00,30.15,0.00,10.00,CLR
NYC,2026-02-14 05:51,31.00,13.00,4.00,260.00,30.14,0.00,10.00,FEW
NYC,2026-02-14 06:51,31.00,13.00,0.00,0.00,30.14,0.00,10.00,SCT
NYC,2026-02-14 07:51,31.00,14.00,6.00,230.00,30.13,0.00,10.00,BKN
NYC,2026-02-14 08:51,31.00,15.00,4.00,270.00,30.13,0.00,10.00,BKN
NYC,2026-02-14 09:51,30.00,18.00,M,M,30.12,T,10.00,BKN
NYC,2026-02-14 10:51,32.00,14.00,M,M,30.12,0.00,10.00,BKN
NYC,2026-02-14 11:51,33.00,14.00,5.00,M,30.12,0.00,10.00,OVC
NYC,2026-02-14 12:51,32.00,15.00,4.00,240.00,30.12,0.00,10.00,FEW
NYC,2026-02-14 13:51,33.00,14.00,0.00,0.00,30.12,0.00,10.00,FEW
NYC,2026-02-14 14:51,35.00,17.00,0.00,0.00,30.11,0.00,10.00,FEW
NYC,2026-02-14 15:51,37.00,18.00,3.00,M,30.10,0.00,10.00,SCT
NYC,2026-02-14 16:51,40.00,20.00,6.00,M,30.07,0.00,10.00,CLR
NYC,2026-02-14 17:51,44.00,24.00,7.00,300.00,30.06,0.00,9.00,CLR
NYC,2026-02-14 18:51,45.00,24.00,5.00,M,30.04,0.00,10.00,FEW
NYC,2026-02-14 19:51,45.00,23.00,5.00,270.00,30.04,0.00,10.00,CLR
NYC,2026-02-14 20:51,46.00,22.00,8.00,310.00,30.05,0.00,10.00,CLR
NYC,2026-02-14 21:51,45.00,22.00,4.00,300.00,30.06,0.00,10.00,CLR
NYC,2026-02-14 22:51,43.00,23.00,0.00,0.00,30.09,0.00,10.00,FEW
NYC,2026-02-14 23:51,42.00,23.00,0.00,0.00,30.10,0.00,10.00,CLR
NYC,2026-02-15 00:51,41.00,23.00,0.00,0.00,30.11,0.00,10.00,CLR
NYC,2026-02-15 01:51,41.00,24.00,4.00,M,30.11,0.00,10.00,CLR
NYC,2026-02-15 02:51,40.00,24.00,3.00,40.00,30.11,0.00,10.00,CLR
NYC,2026-02-15 03:51,39.00,25.00,3.00,30.00,30.10,0.00,10.00,CLR
NYC,2026-02-15 04:51,38.00,24.00,0.00,0.00,30.10,0.00,10.00,CLR
NYC,2026-02-15 05:51,38.00,24.00,0.00,0.00,30.09,0.00,10.00,CLR
NYC,2026-02-15 06:51,38.00,24.00,0.00,0.00,30.07,0.00,10.00,CLR
NYC,2026-02-15 07:51,38.00,25.00,0.00,0.00,30.06,0.00,10.00,CLR
NYC,2026-02-15 08:51,36.00,25.00,0.00,0.00,30.05,0.00,10.00,CLR
NYC,2026-02-15 09:51,35.00,25.00,0.00,0.00,30.05,0.00,9.00,CLR
NYC,2026-02-15 10:51,34.00,26.00,3.00,300.00,30.06,0.00,9.00,CLR
NYC,2026-02-15 11:51,33.00,25.00,0.00,0.00,30.07,0.00,9.00,CLR
NYC,2026-02-15 12:51,36.00,26.00,0.00,0.00,30.10,0.00,8.00,CLR
NYC,2026-02-15 13:51,39.00,25.00,4.00,50.00,30.11,0.00,8.00,OVC
NYC,2026-02-15 14:51,39.00,27.00,4.00,40.00,30.11,0.00,7.00,FEW
NYC,2026-02-15 15:51,39.00,26.00,5.00,50.00,30.12,0.00,7.00,OVC
NYC,2026-02-15 16:51,40.00,26.00,4.00,60.00,30.11,0.00,7.00,BKN
NYC,2026-02-15 17:51,38.00,25.00,7.00,50.00,30.10,0.00,8.00,CLR
NYC,2026-02-15 18:51,38.00,24.00,5.00,M,30.09,0.00,8.00,OVC
NYC,2026-02-15 19:51,38.00,24.00,9.00,60.00,30.10,0.00,8.00,SCT
NYC,2026-02-15 20:51,39.00,24.00,4.00,M,30.09,0.00,8.00,OVC
NYC,2026-02-15 21:51,38.00,24.00,5.00,M,30.09,0.00,8.00,FEW
NYC,2026-02-15 22:51,37.00,26.00,5.00,M,30.08,0.00,9.00,CLR
NYC,2026-02-15 23:51,36.00,25.00,5.00,M,30.09,0.00,9.00,OVC
NYC,2026-02-16 00:51,36.00,23.00,7.00,130.00,30.11,0.00,10.00,BKN
NYC,2026-02-16 01:51,36.00,26.00,9.00,110.00,30.12,0.00,10.00,OVC
NYC,2026-02-16 02:51,35.00,28.00,M,M,30.11,T,2.00,SCT
NYC,2026-02-16 03:51,33.00,30.00,8.00,70.00,30.10,0.02,1.00,BKN
NYC,2026-02-16 04:51,32.00,30.00,7.00,60.00,30.09,0.02,1.75,BKN
NYC,2026-02-16 05:51,30.00,28.00,13.00,60.00,30.08,T,1.25,SCT
NYC,2026-02-16 06:51,30.00,28.00,8.00,50.00,30.07,0.01,0.75,BKN
NYC,2026-02-16 07:51,29.00,27.00,11.00,80.00,30.08,0.02,0.75,SCT
NYC,2026-02-16 08:51,30.00,28.00,9.00,40.00,30.08,0.01,2.00,OVC
NYC,2026-02-16 09:51,30.00,27.00,10.00,60.00,30.08,T,6.00,OVC
NYC,2026-02-16 10:51,30.00,27.00,7.00,60.00,30.10,0.00,7.00,OVC
NYC,2026-02-16 11:51,30.00,26.00,6.00,50.00,30.12,0.00,10.00,OVC
NYC,2026-02-16 12:51,30.00,26.00,10.00,60.00,30.14,0.00,10.00,OVC
NYC,2026-02-16 13:51,31.00,26.00,11.00,50.00,30.16,0.00,10.00,FEW
NYC,2026-02-16 14:51,32.00,24.00,8.00,40.00,30.18,0.00,10.00,FEW
NYC,2026-02-16 15:51,33.00,25.00,8.00,40.00,30.17,0.00,10.00,BKN
NYC,2026-02-16 16:51,36.00,24.00,10.00,50.00,30.16,0.00,10.00,OVC
NYC,2026-02-16 17:51,37.00,24.00,4.00,M,30.14,0.00,10.00,OVC
NYC,2026-02-16 18:51,38.00,23.00,4.00,M,30.14,0.00,10.00,OVC
NYC,2026-02-16 19:51,38.00,24.00,4.00,M,30.15,0.00,10.00,BKN
NYC,2026-02-16 20:51,38.00,23.00,3.00,70.00,30.16,0.00,10.00,CLR
NYC,2026-02-16 21:51,38.00,22.00,0.00,0.00,30.16,0.00,10.00,CLR
NYC,2026-02-16 22:51,37.00,23.00,3.00,230.00,30.18,0.00,10.00,CLR
NYC,2026-02-16 23:51,37.00,23.00,0.00,0.00,30.18,0.00,10.00,BKN
NYC,2026-02-17 00:51,37.00,23.00,4.00,M,30.18,0.00,10.00,FEW
NYC,2026-02-17 01:51,37.00,24.00,3.00,230.00,30.20,0.00,10.00,CLR
NYC,2026-02-17 02:51,36.00,24.00,0.00,0.00,30.19,0.00,10.00,CLR
NYC,2026-02-17 03:51,36.00,27.00,3.00,M,30.19,0.00,10.00,FEW
NYC,2026-02-17 04:51,36.00,27.00,4.00,230.00,30.18,0.00,10.00,OVC
NYC,2026-02-17 05:51,36.00,28.00,M,M,30.18,0.00,10.00,BKN
NYC,2026-02-17 06:51,36.00,29.00,4.00,230.00,30.17,0.00,9.00,SCT
NYC,2026-02-17 07:51,36.00,29.00,M,M,30.16,0.00,8.00,OVC
NYC,2026-02-17 08:51,36.00,30.00,5.00,M,30.15,0.00,7.00,SCT
NYC,2026-02-17 09:51,36.00,30.00,M,M,30.15,0.00,6.00,OVC
NYC,2026-02-17 10:51,36.00,31.00,4.00,240.00,30.16,0.00,6.00,BKN
NYC,2026-02-17 11:51,36.00,31.00,3.00,220.00,30.17,0.00,5.00,OVC
NYC,2026-02-17 12:51,36.00,32.00,M,M,30.17,0.00,4.00,OVC
NYC,2026-02-17 13:51,37.00,33.00,4.00,M,30.16,0.00,4.00,OVC
NYC,2026-02-17 14:51,37.00,33.00,4.00,220.00,30.16,0.00,2.50,OVC
NYC,2026-02-17 15:51,38.00,34.00,6.00,M,30.14,0.00,3.00,OVC
NYC,2026-02-17 16:51,39.00,34.00,0.00,0.00,30.13,0.00,4.00,BKN
NYC,2026-02-17 17:51,41.00,34.00,5.00,230.00,30.11,0.00,4.00,OVC
NYC,2026-02-17 18:51,44.00,35.00,6.00,M,30.09,0.00,5.00,CLR
NYC,2026-02-17 19:51,45.00,35.00,7.00,230.00,30.09,0.00,5.00,CLR
NYC,2026-02-17 20:51,47.00,35.00,M,M,30.08,0.00,6.00,CLR
NYC,2026-02-17 21:51,46.00,35.00,6.00,M,30.09,0.00,6.00,CLR
NYC,2026-02-17 22:51,46.00,35.00,3.00,230.00,30.09,0.00,7.00,CLR
NYC,2026-02-17 23:51,44.00,36.00,4.00,M,30.10,0.00,7.00,CLR
NYC,2026-02-18 00:51,43.00,35.00,4.00,230.00,30.11,0.00,6.00,CLR
NYC,2026-02-18 01:51,43.00,36.00,0.00,0.00,30.11,0.00,6.00,CLR
NYC,2026-02-18 02:51,42.00,36.00,0.00,0.00,30.10,0.00,6.00,CLR
NYC,2026-02-18 03:51,41.00,35.00,3.00,210.00,30.09,0.00,5.00,CLR
NYC,2026-02-18 04:51,40.00,35.00,0.00,0.00,30.08,0.00,5.00,CLR
NYC,2026-02-18 05:51,39.00,35.00,0.00,0.00,30.07,0.00,5.00,CLR
NYC,2026-02-18 06:51,39.00,35.00,5.00,250.00,30.06,0.00,4.00,OVC
NYC,2026-02-18 07:51,38.00,34.00,5.00,M,30.04,0.00,3.00,SCT
NYC,2026-02-18 08:51,38.00,34.00,3.00,260.00,30.02,0.00,4.00,BKN
NYC,2026-02-18 09:51,38.00,34.00,0.00,0.00,30.00,0.00,4.00,CLR
NYC,2026-02-18 10:51,39.00,35.00,3.00,50.00,29.98,0.00,4.00,BKN
NYC,2026-02-18 11:51,40.00,35.00,0.00,0.00,29.96,T,4.00,OVC
NYC,2026-02-18 12:51,39.00,35.00,0.00,0.00,29.95,T,2.50,FEW
NYC,2026-02-18 13:51,38.00,35.00,3.00,M,29.94,T,2.50,OVC
NYC,2026-02-18 14:51,38.00,36.00,0.00,0.00,29.94,0.02,1.25,SCT
NYC,2026-02-18 15:51,38.00,36.00,5.00,40.00,29.89,0.02,1.75,OVC
NYC,2026-02-18 16:51,40.00,37.00,7.00,90.00,29.85,T,2.50,OVC
NYC,2026-02-18 17:51,40.00,37.00,5.00,60.00,29.79,0.00,2.50,OVC
NYC,2026-02-18 18:51,40.00,37.00,0.00,0.00,29.79,0.00,3.00,OVC
NYC,2026-02-18 19:51,39.00,36.00,5.00,60.00,29.78,0.00,3.00,OVC
NYC,2026-02-18 20:51,39.00,35.00,3.00,M,29.77,0.00,3.00,OVC
NYC,2026-02-18 21:51,40.00,37.00,0.00,0.00,29.79,T,2.00,OVC
NYC,2026-02-18 22:51,39.00,38.00,3.00,30.00,29.79,0.01,2.00,OVC
NYC,2026-02-18 23:51,39.00,38.00,4.00,10.00,29.80,0.02,2.00,OVC
NYC,2026-02-19 00:51,38.00,37.00,3.00,20.00,29.81,0.00,2.00,OVC
NYC,2026-02-19 01:51,39.00,38.00,5.00,40.00,29.85,0.01,1.50,OVC
NYC,2026-02-19 02:51,38.00,38.00,4.00,40.00,29.85,0.02,2.00,BKN
NYC,2026-02-19 03:51,38.00,37.00,7.00,60.00,29.87,0.00,5.00,BKN
NYC,2026-02-19 04:51,38.00,36.00,6.00,M,29.89,0.00,4.00,OVC
NYC,2026-02-19 05:51,38.00,36.00,4.00,60.00,29.92,0.00,4.00,OVC
NYC,2026-02-19 06:51,38.00,35.00,6.00,60.00,29.94,0.00,6.00,BKN
NYC,2026-02-19 07:51,38.00,34.00,6.00,40.00,29.96,0.00,7.00,OVC
NYC,2026-02-19 08:51,38.00,30.00,7.00,60.00,29.99,0.00,10.00,OVC
NYC,2026-02-19 09:51,37.00,28.00,9.00,80.00,29.99,0.00,10.00,OVC
NYC,2026-02-19 10:51,36.00,29.00,4.00,M,30.02,0.00,10.00,OVC
NYC,2026-02-19 11:51,36.00,26.00,6.00,70.00,30.04,0.00,10.00,OVC
NYC,2026-02-19 12:51,37.00,26.00,3.00,60.00,30.08,0.00,10.00,OVC
NYC,2026-02-19 13:51,37.00,25.00,3.00,M,30.09,0.00,10.00,OVC
NYC,2026-02-19 14:51,38.00,24.00,7.00,70.00,30.11,0.00,10.00,OVC
NYC,2026-02-19 15:51,40.00,26.00,5.00,M,30.10,0.00,10.00,OVC
NYC,2026-02-19 16:51,40.00,25.00,6.00,60.00,30.12,0.00,10.00,OVC
NYC,2026-02-19 17:51,41.00,24.00,7.00,40.00,30.08,0.00,10.00,BKN
NYC,2026-02-19 18:51,40.00,24.00,7.00,50.00,30.08,0.00,10.00,OVC
NYC,2026-02-19 19:51,40.00,24.00,6.00,60.00,30.07,0.00,10.00,OVC
NYC,2026-02-19 20:51,39.00,25.00,7.00,90.00,30.08,0.00,10.00,OVC
NYC,2026-02-19 21:51,39.00,26.00,5.00,M,30.08,0.00,10.00,OVC
NYC,2026-02-19 22:51,38.00,26.00,7.00,90.00,30.07,0.00,10.00,OVC
NYC,2026-02-19 23:51,38.00,27.00,6.00,100.00,30.09,0.00,10.00,BKN
NYC,2026-02-20 00:51,38.00,27.00,4.00,M,30.08,0.00,10.00,FEW
NYC,2026-02-20 01:51,37.00,28.00,4.00,M,30.07,0.00,10.00,OVC
NYC,2026-02-20 02:51,37.00,28.00,6.00,60.00,30.04,0.00,10.00,OVC
NYC,2026-02-20 03:51,37.00,29.00,M,M,30.04,0.00,10.00,BKN
NYC,2026-02-20 04:51,36.00,29.00,5.00,M,30.03,0.00,10.00,FEW
NYC,2026-02-20 05:51,35.00,29.00,11.00,60.00,30.02,0.00,10.00,BKN
NYC,2026-02-20 06:51,34.00,30.00,8.00,60.00,30.00,0.00,10.00,CLR
NYC,2026-02-20 07:51,34.00,30.00,9.00,50.00,30.00,0.00,10.00,SCT
NYC,2026-02-20 08:51,34.00,30.00,5.00,80.00,29.97,0.00,10.00,SCT
NYC,2026-02-20 09:51,34.00,31.00,4.00,90.00,29.97,0.00,10.00,FEW
NYC,2026-02-20 10:51,35.00,31.00,9.00,50.00,29.92,0.00,10.00,OVC
NYC,2026-02-20 11:51,35.00,31.00,9.00,50.00,29.92,T,10.00,OVC
NYC,2026-02-20 12:51,34.00,33.00,6.00,50.00,29.92,0.07,4.00,OVC
NYC,2026-02-20 13:51,35.00,33.00,11.00,60.00,29.89,0.07,6.00,OVC
NYC,2026-02-20 14:51,34.00,33.00,8.00,60.00,29.84,0.02,6.00,OVC
NYC,2026-02-20 15:51,35.00,34.00,8.00,60.00,29.78,0.02,5.00,OVC
NYC,2026-02-20 16:51,35.00,34.00,10.00,60.00,29.75,0.05,0.75,OVC
NYC,2026-02-20 17:51,35.00,34.00,13.00,60.00,29.72,0.09,1.75,OVC
NYC,2026-02-20 18:51,35.00,33.00,12.00,60.00,29.68,0.04,3.00,OVC
NYC,2026-02-20 19:51,35.00,33.00,17.00,60.00,29.65,0.02,3.00,OVC
NYC,2026-02-20 20:51,35.00,33.00,15.00,70.00,29.63,0.00,3.00,OVC
NYC,2026-02-20 21:51,34.00,33.00,10.00,80.00,29.62,0.00,4.00,OVC
NYC,2026-02-20 22:51,34.00,33.00,11.00,60.00,29.65,0.00,5.00,OVC
NYC,2026-02-20 23:51,35.00,34.00,8.00,70.00,29.65,0.00,9.00,OVC
NYC,2026-02-21 00:51,36.00,34.00,6.00,M,29.67,0.00,10.00,OVC
NYC,2026-02-21 01:51,36.00,35.00,4.00,10.00,29.70,0.00,5.00,OVC
NYC,2026-02-21 02:51,36.00,35.00,0.00,0.00,29.71,0.00,8.00,OVC
NYC,2026-02-21 03:51,36.00,34.00,0.00,0.00,29.71,0.00,4.00,OVC
NYC,2026-02-21 04:51,36.00,34.00,0.00,0.00,29.72,0.00,4.00,OVC
NYC,2026-02-21 05:51,36.00,34.00,4.00,350.00,29.74,0.00,8.00,OVC
NYC,2026-02-21 06:51,36.00,34.00,4.00,290.00,29.77,0.00,7.00,BKN
NYC,2026-02-21 07:51,36.00,33.00,4.00,290.00,29.79,0.00,10.00,FEW
NYC,2026-02-21 08:51,36.00,33.00,0.00,0.00,29.81,0.00,9.00,FEW
NYC,2026-02-21 09:51,36.00,33.00,0.00,0.00,29.83,0.00,10.00,SCT
NYC,2026-02-21 10:51,37.00,33.00,0.00,0.00,29.86,0.00,10.00,SCT
NYC,2026-02-21 11:51,38.00,33.00,4.00,270.00,29.89,0.00,10.00,SCT
NYC,2026-02-21 12:51,39.00,32.00,7.00,290.00,29.94,0.00,10.00,OVC
NYC,2026-02-21 13:51,40.00,30.00,3.00,260.00,29.98,0.00,10.00,OVC
NYC,2026-02-21 14:51,42.00,30.00,5.00,260.00,29.99,0.00,10.00,OVC
NYC,2026-02-21 15:51,44.00,28.00,5.00,260.00,30.00,0.00,10.00,OVC
NYC,2026-02-21 16:51,44.00,29.00,6.00,270.00,30.00,0.00,10.00,OVC
NYC,2026-02-21 17:51,44.00,28.00,8.00,300.00,29.99,0.00,10.00,OVC
NYC,2026-02-21 18:51,45.00,28.00,6.00,300.00,29.99,0.00,10.00,BKN
NYC,2026-02-21 19:51,45.00,28.00,7.00,290.00,30.00,0.00,10.00,BKN
NYC,2026-02-21 20:51,46.00,29.00,3.00,M,30.01,0.00,10.00,FEW
NYC,2026-02-21 21:51,45.00,29.00,3.00,M,30.03,0.00,10.00,BKN
NYC,2026-02-21 22:51,45.00,28.00,0.00,0.00,30.05,0.00,10.00,OVC
NYC,2026-02-21 23:51,44.00,29.00,3.00,330.00,30.08,0.00,10.00,OVC
NYC,2026-02-22 00:51,43.00,29.00,4.00,M,30.09,0.00,10.00,OVC
NYC,2026-02-22 01:51,42.00,29.00,4.00,M,30.11,0.00,10.00,OVC
NYC,2026-02-22 02:51,41.00,29.00,0.00,0.00,30.12,0.00,10.00,OVC
NYC,2026-02-22 03:51,41.00,29.00,5.00,40.00,30.13,0.00,10.00,OVC
NYC,2026-02-22 04:51,39.00,31.00,8.00,60.00,30.13,0.00,10.00,FEW
NYC,2026-02-22 05:51,36.00,32.00,7.00,60.00,30.12,0.00,10.00,FEW
NYC,2026-02-22 06:51,37.00,33.00,10.00,60.00,30.12,0.00,10.00,OVC
NYC,2026-02-22 07:51,36.00,33.00,3.00,70.00,30.12,0.00,9.00,BKN
NYC,2026-02-22 08:51,35.00,33.00,6.00,50.00,30.10,0.00,8.00,OVC
NYC,2026-02-22 09:51,35.00,33.00,7.00,50.00,30.11,0.00,6.00,OVC
NYC,2026-02-22 10:51,35.00,33.00,6.00,60.00,30.10,0.00,8.00,OVC
NYC,2026-02-22 11:51,35.00,32.00,6.00,60.00,30.10,T,6.00,OVC
NYC,2026-02-22 12:51,34.00,32.00,7.00,90.00,30.11,0.02,2.00,OVC
NYC,2026-02-22 13:51,34.00,32.00,8.00,40.00,30.09,0.01,3.00,OVC
NYC,2026-02-22 14:51,33.00,31.00,9.00,70.00,30.07,0.01,1.25,OVC
NYC,2026-02-22 15:51,32.00,31.00,7.00,50.00,30.06,0.02,0.75,OVC
NYC,2026-02-22 16:51,32.00,30.00,13.00,60.00,30.05,0.02,0.50,OVC
NYC,2026-02-22 17:51,32.00,30.00,13.00,60.00,30.03,0.02,0.75,OVC
NYC,2026-02-22 18:51,32.00,30.00,12.00,70.00,30.01,T,1.25,OVC
NYC,2026-02-22 19:51,31.00,30.00,16.00,60.00,29.96,0.02,0.25,OVC
NYC,2026-02-22 20:51,31.00,30.00,13.00,60.00,29.94,0.02,0.50,OVC
NYC,2026-02-22 21:51,31.00,29.00,15.00,60.00,29.92,0.02,0.25,OVC
NYC,2026-02-22 22:51,30.00,29.00,11.00,50.00,29.88,0.08,0.25,OVC
NYC,2026-02-22 23:51,31.00,30.00,10.00,50.00,29.88,0.07,0.25,VV 
NYC,2026-02-23 00:51,31.00,30.00,11.00,40.00,29.86,0.12,0.25,VV 
NYC,2026-02-23 01:51,31.00,30.00,10.00,40.00,29.83,0.11,0.25,VV 
NYC,2026-02-23 02:51,31.00,30.00,10.00,20.00,29.78,0.10,0.25,VV 
NYC,2026-02-23 03:51,30.00,30.00,11.00,30.00,29.74,0.11,0.25,M
NYC,2026-02-23 04:51,30.00,29.00,13.00,20.00,29.67,0.07,0.25,M
NYC,2026-02-23 05:51,30.00,29.00,13.00,10.00,29.61,0.06,0.50,M
NYC,2026-02-23 06:51,30.00,29.00,13.00,20.00,29.56,0.05,0.25,M
NYC,2026-02-23 07:51,30.00,28.00,12.00,20.00,29.50,0.06,0.75,M
NYC,2026-02-23 08:51,29.00,28.00,11.00,350.00,29.50,0.03,0.25,M
NYC,2026-02-23 09:51,29.00,28.00,14.00,360.00,29.50,0.05,0.50,M
NYC,2026-02-23 10:51,29.00,28.00,10.00,360.00,29.52,0.08,0.25,M
NYC,2026-02-23 11:51,28.00,27.00,7.00,360.00,29.52,0.13,0.25,M
NYC,2026-02-23 12:51,29.00,27.00,7.00,340.00,29.52,0.06,0.25,M
NYC,2026-02-23 13:51,29.00,28.00,6.00,M,29.53,0.07,0.25,M
NYC,2026-02-23 14:51,29.00,29.00,5.00,M,29.53,0.15,0.25,M
NYC,2026-02-23 15:51,30.00,30.00,6.00,M,29.53,0.10,0.25,M
NYC,2026-02-23 16:51,30.00,30.00,M,M,29.55,0.04,0.25,M
NYC,2026-02-23 17:51,31.00,31.00,10.00,310.00,29.56,0.04,0.25,M
NYC,2026-02-23 18:51,31.00,31.00,4.00,M,29.58,0.06,0.25,M
NYC,2026-02-23 19:51,32.00,30.00,4.00,M,29.61,0.05,1.25,M
NYC,2026-02-23 20:51,33.00,30.00,9.00,300.00,29.63,0.04,2.00,M
NYC,2026-02-23 21:51,34.00,28.00,8.00,310.00,29.65,0.00,4.00,M
NYC,2026-02-23 22:51,34.00,26.00,M,M,29.67,0.00,5.00,M
NYC,2026-02-23 23:51,34.00,25.00,M,M,29.70,0.00,5.00,M
NYC,2026-02-24 00:51,34.00,21.00,11.00,300.00,29.72,0.00,6.00,M
NYC,2026-02-24 01:51,31.00,21.00,7.00,300.00,29.74,0.00,6.00,M
NYC,2026-02-24 02:51,31.00,18.00,12.00,300.00,29.76,0.00,7.00,M
NYC,2026-02-24 03:51,30.00,17.00,6.00,M,29.77,0.00,7.00,M
NYC,2026-02-24 04:51,30.00,17.00,6.00,300.00,29.78,0.00,8.00,M
NYC,2026-02-24 05:51,29.00,17.00,4.00,M,29.79,0.00,8.00,M
NYC,2026-02-24 06:51,30.00,19.00,M,M,29.80,0.00,8.00,M
NYC,2026-02-24 07:51,30.00,19.00,6.00,280.00,29.82,0.00,8.00,M
NYC,2026-02-24 08:51,28.00,17.00,9.00,280.00,29.84,0.00,8.00,M
NYC,2026-02-24 09:51,27.00,16.00,5.00,M,29.85,0.00,8.00,M
NYC,2026-02-24 10:51,27.00,15.00,M,M,29.87,0.00,8.00,M
NYC,2026-02-24 11:51,25.00,14.00,8.00,280.00,29.89,0.00,7.00,M
NYC,2026-02-24 12:51,23.00,11.00,9.00,280.00,29.92,0.00,7.00,M
NYC,2026-02-24 13:51,24.00,12.00,M,M,29.92,0.00,7.00,M
NYC,2026-02-24 14:51,26.00,12.00,M,M,29.92,0.00,7.00,M
NYC,2026-02-24 15:51,27.00,11.00,8.00,300.00,29.92,0.00,8.00,M
NYC,2026-02-24 16:51,30.00,12.00,5.00,M,29.92,0.00,8.00,M
NYC,2026-02-24 17:51,29.00,11.00,8.00,310.00,29.90,0.00,9.00,M
NYC,2026-02-24 18:51,30.00,11.00,9.00,270.00,29.89,0.00,9.00,M
NYC,2026-02-24 19:51,29.00,11.00,10.00,270.00,29.90,0.00,8.00,M
NYC,2026-02-24 20:51,31.00,10.00,11.00,290.00,29.89,0.00,9.00,M
NYC,2026-02-24 21:51,29.00,10.00,8.00,280.00,29.91,0.00,9.00,M
NYC,2026-02-24 22:51,28.00,10.00,8.00,310.00,29.93,0.00,9.00,M
NYC,2026-02-24 23:51,27.00,9.00,3.00,M,29.95,0.00,10.00,M
NYC,2026-02-25 00:51,27.00,9.00,4.00,300.00,29.97,0.00,10.00,M
NYC,2026-02-25 01:51,26.00,10.00,4.00,M,29.97,0.00,10.00,M
NYC,2026-02-25 02:51,26.00,9.00,0.00,0.00,29.94,0.00,10.00,M
NYC,2026-02-25 03:51,27.00,12.00,0.00,0.00,29.90,0.00,10.00,M
NYC,2026-02-25 04:51,27.00,14.00,5.00,150.00,29.90,0.00,10.00,M
NYC,2026-02-25 05:51,28.00,14.00,3.00,M,29.90,0.00,10.00,M
NYC,2026-02-25 06:51,28.00,16.00,6.00,160.00,29.88,0.00,10.00,M
NYC,2026-02-25 07:51,30.00,19.00,5.00,M,29.84,0.00,9.00,M
NYC,2026-02-25 08:51,33.00,21.00,6.00,M,29.78,0.00,9.00,M
NYC,2026-02-25 09:51,34.00,22.00,3.00,M,29.76,0.00,10.00,M
NYC,2026-02-25 10:51,34.00,23.00,M,M,29.75,T,8.00,M
NYC,2026-02-25 11:51,30.00,29.00,5.00,200.00,29.75,0.07,0.25,M
NYC,2026-02-25 12:51,31.00,29.00,M,M,29.73,0.02,2.00,M
NYC,2026-02-25 13:51,31.00,29.00,3.00,M,29.73,T,5.00,M
NYC,2026-02-25 14:51,33.00,29.00,9.00,230.00,29.73,0.00,6.00,M
NYC,2026-02-25 15:51,35.00,27.00,6.00,M,29.71,0.00,8.00,M
NYC,2026-02-25 16:51,36.00,27.00,6.00,250.00,29.70,0.00,9.00,M
NYC,2026-02-25 17:51,40.00,27.00,5.00,M,29.67,0.00,9.00,M
NYC,2026-02-25 18:51,41.00,27.00,9.00,220.00,29.65,0.00,9.00,M
NYC,2026-02-25 19:51,42.00,27.00,6.00,220.00,29.65,0.00,9.00,SCT
NYC,2026-02-25 20:51,43.00,27.00,3.00,230.00,29.64,0.00,10.00,BKN
NYC,2026-02-25 21:51,43.00,28.00,3.00,M,29.65,0.00,9.00,CLR
NYC,2026-02-25 22:51,42.00,27.00,7.00,210.00,29.67,0.00,9.00,CLR
NYC,2026-02-25 23:51,42.00,26.00,6.00,220.00,29.69,0.00,10.00,CLR
NYC,2026-02-26 00:51,42.00,27.00,5.00,M,29.72,0.00,10.00,FEW
NYC,2026-02-26 01:51,42.00,27.00,3.00,M,29.72,0.00,10.00,FEW
NYC,2026-02-26 02:51,43.00,28.00,0.00,0.00,29.71,0.00,10.00,BKN
NYC,2026-02-26 03:51,44.00,28.00,5.00,210.00,29.71,0.00,10.00,BKN
NYC,2026-02-26 04:51,42.00,29.00,6.00,M,29.74,0.00,10.00,OVC
NYC,2026-02-26 05:51,39.00,28.00,0.00,0.00,29.75,0.00,9.00,CLR
NYC,2026-02-26 06:51,40.00,29.00,3.00,M,29.76,0.00,9.00,CLR
NYC,2026-02-26 07:51,40.00,29.00,5.00,M,29.78,0.00,9.00,CLR
NYC,2026-02-26 08:51,38.00,28.00,0.00,0.00,29.79,0.00,9.00,CLR
NYC,2026-02-26 09:51,40.00,28.00,6.00,250.00,29.82,0.00,10.00,CLR
NYC,2026-02-26 10:51,40.00,27.00,4.00,240.00,29.84,0.00,10.00,CLR
NYC,2026-02-26 11:51,40.00,26.00,6.00,260.00,29.88,0.00,10.00,CLR
NYC,2026-02-26 12:51,40.00,26.00,5.00,270.00,29.91,0.00,9.00,CLR
NYC,2026-02-26 13:51,40.00,25.00,8.00,290.00,29.93,0.00,10.00,CLR
NYC,2026-02-26 14:51,40.00,23.00,9.00,300.00,29.92,0.00,10.00,CLR
NYC,2026-02-26 15:51,42.00,19.00,6.00,290.00,29.91,0.00,10.00,CLR
NYC,2026-02-26 16:51,43.00,20.00,0.00,0.00,29.89,0.00,10.00,CLR
NYC,2026-02-26 17:51,45.00,16.00,0.00,0.00,29.88,0.00,10.00,CLR
NYC,2026-02-26 18:51,47.00,12.00,4.00,M,29.87,0.00,10.00,CLR
NYC,2026-02-26 19:51,48.00,19.00,3.00,M,29.87,0.00,10.00,CLR
NYC,2026-02-26 20:51,45.00,23.00,4.00,150.00,29.85,0.00,10.00,CLR
NYC,2026-02-26 21:51,44.00,24.00,0.00,0.00,29.87,0.00,10.00,BKN
NYC,2026-02-26 22:51,43.00,25.00,0.00,0.00,29.88,0.00,10.00,FEW
NYC,2026-02-26 23:51,43.00,25.00,3.00,40.00,29.90,0.00,10.00,OVC
NYC,2026-02-27 00:51,42.00,23.00,0.00,0.00,29.91,0.00,10.00,SCT
NYC,2026-02-27 01:51,41.00,26.00,0.00,0.00,29.93,0.00,9.00,FEW
NYC,2026-02-27 02:51,41.00,28.00,5.00,30.00,29.94,0.00,9.00,BKN
NYC,2026-02-27 03:51,37.00,21.00,4.00,M,29.96,0.00,10.00,FEW
NYC,2026-02-27 04:51,35.00,20.00,7.00,20.00,29.98,0.00,10.00,CLR
NYC,2026-02-27 05:51,33.00,20.00,5.00,20.00,29.99,0.00,10.00,CLR
NYC,2026-02-27 06:51,32.00,19.00,3.00,360.00,30.00,0.00,10.00,CLR
NYC,2026-02-27 07:51,31.00,19.00,3.00,30.00,30.01,0.00,10.00,CLR
NYC,2026-02-27 08:51,30.00,18.00,3.00,M,30.03,0.00,10.00,CLR
NYC,2026-02-27 09:51,30.00,18.00,3.00,40.00,30.05,0.00,10.00,CLR
NYC,2026-02-27 10:51,30.00,19.00,4.00,30.00,30.08,0.00,10.00,CLR
NYC,2026-02-27 11:51,30.00,17.00,4.00,20.00,30.10,0.00,10.00,CLR
NYC,2026-02-27 12:51,32.00,19.00,3.00,M,30.12,0.00,10.00,CLR
NYC,2026-02-27 13:51,35.00,18.00,5.00,80.00,30.14,0.00,10.00,CLR
NYC,2026-02-27 14:51,37.00,18.00,3.00,M,30.16,0.00,10.00,CLR
NYC,2026-02-27 15:51,39.00,19.00,4.00,160.00,30.16,0.00,10.00,CLR
NYC,2026-02-27 16:51,41.00,19.00,5.00,M,30.15,0.00,10.00,CLR
NYC,2026-02-27 17:51,43.00,22.00,6.00,140.00,30.13,0.00,10.00,CLR
NYC,2026-02-27 18:51,44.00,26.00,4.00,150.00,30.13,0.00,10.00,CLR
NYC,2026-02-27 19:51,43.00,27.00,0.00,0.00,30.11,0.00,10.00,CLR
NYC,2026-02-27 20:51,43.00,29.00,M,M,30.12,0.00,10.00,CLR
NYC,2026-02-27 21:51,41.00,29.00,4.00,150.00,30.13,0.00,10.00,CLR
NYC,2026-02-27 22:51,39.00,29.00,6.00,M,30.15,0.00,10.00,CLR
NYC,2026-02-27 23:51,38.00,30.00,4.00,140.00,30.16,0.00,10.00,CLR
NYC,2026-03-01 00:51,45.00,38.00,0.00,0.00,30.05,0.00,10.00,CLR
NYC,2026-03-01 01:51,44.00,38.00,4.00,40.00,30.05,0.00,9.00,CLR
NYC,2026-03-01 02:51,44.00,38.00,0.00,0.00,30.05,0.00,9.00,CLR
NYC,2026-03-01 03:51,43.00,38.00,0.00,0.00,30.04,0.00,9.00,CLR
NYC,2026-03-01 04:51,43.00,39.00,0.00,0.00,30.03,0.00,8.00,CLR
NYC,2026-03-01 05:51,43.00,38.00,0.00,0.00,30.03,0.00,8.00,CLR
NYC,2026-03-01 06:51,40.00,37.00,0.00,0.00,30.03,0.00,7.00,CLR
NYC,2026-03-01 07:51,41.00,37.00,4.00,40.00,30.03,0.00,8.00,CLR
NYC,2026-03-01 08:51,38.00,34.00,4.00,M,30.05,0.00,8.00,CLR
NYC,2026-03-01 09:51,37.00,27.00,4.00,M,30.07,0.00,10.00,CLR
NYC,2026-03-01 10:51,37.00,23.00,6.00,340.00,30.09,0.00,10.00,FEW
NYC,2026-03-01 11:51,37.00,22.00,7.00,330.00,30.11,0.00,10.00,OVC
NYC,2026-03-01 12:51,37.00,22.00,3.00,340.00,30.15,0.00,10.00,OVC
NYC,2026-03-01 13:51,35.00,27.00,5.00,M,30.18,0.01,5.00,OVC
NYC,2026-03-01 14:51,34.00,28.00,7.00,340.00,30.19,T,2.00,FEW
NYC,2026-03-01 15:51,34.00,27.00,7.00,10.00,30.22,T,10.00,OVC
NYC,2026-03-01 16:51,35.00,26.00,5.00,M,30.23,0.00,10.00,SCT
NYC,2026-03-01 17:51,39.00,24.00,6.00,M,30.22,0.00,10.00,SCT
NYC,2026-03-01 18:51,40.00,22.00,3.00,M,30.22,0.00,10.00,BKN
NYC,2026-03-01 19:51,41.00,19.00,0.00,0.00,30.24,0.00,10.00,CLR
NYC,2026-03-01 20:51,41.00,13.00,5.00,M,30.26,0.00,10.00,CLR
NYC,2026-03-01 21:51,42.00,14.00,0.00,0.00,30.28,0.00,10.00,CLR
NYC,2026-03-01 22:51,40.00,11.00,3.00,M,30.32,0.00,10.00,CLR
NYC,2026-03-01 23:51,39.00,3.00,7.00,360.00,30.37,0.00,10.00,CLR
NYC,2026-03-02 00:51,37.00,5.00,0.00,0.00,30.40,0.00,10.00,CLR
NYC,2026-03-02 01:51,35.00,6.00,4.00,360.00,30.43,0.00,10.00,CLR
NYC,2026-03-02 02:51,34.00,7.00,3.00,M,30.46,0.00,10.00,CLR
NYC,2026-03-02 03:51,31.00,5.00,4.00,M,30.48,0.00,10.00,CLR
NYC,2026-03-02 04:51,30.00,6.00,3.00,M,30.51,0.00,10.00,CLR
NYC,2026-03-02 05:51,28.00,5.00,5.00,M,30.52,0.00,10.00,CLR
NYC,2026-03-02 06:51,27.00,4.00,0.00,0.00,30.55,0.00,10.00,CLR
NYC,2026-03-02 07:51,26.00,5.00,5.00,M,30.56,0.00,10.00,CLR
NYC,2026-03-02 08:51,23.00,1.00,11.00,50.00,30.58,0.00,10.00,CLR
NYC,2026-03-02 09:51,22.00,-2.00,11.00,40.00,30.62,0.00,10.00,CLR
NYC,2026-03-02 10:51,21.00,0.00,8.00,40.00,30.63,0.00,10.00,CLR
NYC,2026-03-02 11:51,21.00,0.00,9.00,40.00,30.65,0.00,10.00,CLR
NYC,2026-03-02 12:51,23.00,1.00,8.00,50.00,30.68,0.00,10.00,CLR
NYC,2026-03-02 13:51,24.00,2.00,8.00,20.00,30.68,0.00,10.00,CLR
NYC,2026-03-02 14:51,25.00,1.00,6.00,50.00,30.69,0.00,10.00,CLR
NYC,2026-03-02 15:51,26.00,1.00,5.00,M,30.71,0.00,10.00,CLR
NYC,2026-03-02 16:51,28.00,2.00,5.00,M,30.69,0.00,10.00,CLR
NYC,2026-03-02 17:51,30.00,2.00,3.00,M,30.66,0.00,10.00,CLR
NYC,2026-03-02 18:51,31.00,3.00,0.00,0.00,30.64,0.00,10.00,CLR
NYC,2026-03-02 19:51,32.00,4.00,3.00,M,30.64,0.00,10.00,CLR
NYC,2026-03-02 20:51,33.00,5.00,3.00,60.00,30.63,0.00,10.00,CLR
NYC,2026-03-02 21:51,32.00,7.00,5.00,190.00,30.63,0.00,10.00,CLR
NYC,2026-03-02 22:51,30.00,7.00,4.00,190.00,30.65,0.00,10.00,CLR
NYC,2026-03-02 23:51,30.00,10.00,3.00,M,30.66,0.00,10.00,CLR
NYC,2026-03-03 00:51,29.00,16.00,7.00,140.00,30.65,0.00,10.00,CLR
NYC,2026-03-03 01:51,29.00,17.00,4.00,150.00,30.66,0.00,10.00,CLR
NYC,2026-03-03 02:51,29.00,18.00,3.00,M,30.66,0.00,10.00,CLR
NYC,2026-03-03 03:51,30.00,19.00,0.00,0.00,30.66,0.00,10.00,CLR
NYC,2026-03-03 04:51,30.00,19.00,0.00,0.00,30.65,0.00,10.00,FEW
NYC,2026-03-03 05:51,31.00,21.00,4.00,150.00,30.64,0.00,10.00,OVC
NYC,2026-03-03 06:51,31.00,21.00,4.00,160.00,30.63,0.00,10.00,OVC
NYC,2026-03-03 07:51,31.00,20.00,5.00,160.00,30.61,0.00,10.00,OVC
NYC,2026-03-03 08:51,32.00,20.00,3.00,140.00,30.60,0.00,10.00,BKN
NYC,2026-03-03 09:51,32.00,20.00,3.00,M,30.60,0.00,10.00,BKN
NYC,2026-03-03 10:51,32.00,21.00,3.00,M,30.60,0.00,10.00,SCT
NYC,2026-03-03 11:51,32.00,22.00,7.00,100.00,30.58,0.00,10.00,OVC
NYC,2026-03-03 12:51,33.00,23.00,4.00,M,30.59,0.00,10.00,OVC
NYC,2026-03-03 13:51,33.00,25.00,4.00,M,30.58,T,10.00,OVC
NYC,2026-03-03 14:51,35.00,28.00,5.00,60.00,30.57,0.01,8.00,OVC
NYC,2026-03-03 15:51,34.00,29.00,4.00,110.00,30.55,0.01,7.00,FEW
NYC,2026-03-03 16:51,34.00,29.00,6.00,60.00,30.52,0.01,10.00,BKN
NYC,2026-03-03 17:51,34.00,31.00,6.00,60.00,30.48,0.02,4.00,OVC
NYC,2026-03-03 18:51,33.00,32.00,4.00,70.00,30.45,0.04,2.00,OVC
NYC,2026-03-03 19:51,34.00,32.00,4.00,40.00,30.42,0.02,1.75,OVC
NYC,2026-03-03 20:51,34.00,32.00,4.00,60.00,30.38,0.05,2.50,OVC
NYC,2026-03-03 21:51,33.00,32.00,6.00,50.00,30.36,0.04,3.00,OVC
NYC,2026-03-03 22:51,33.00,32.00,6.00,60.00,30.33,0.01,4.00,OVC
NYC,2026-03-03 23:51,33.00,32.00,5.00,M,30.31,0.02,3.00,OVC
NYC,2026-03-04 00:51,33.00,32.00,0.00,0.00,30.29,0.02,2.50,OVC
NYC,2026-03-04 01:51,34.00,33.00,4.00,110.00,30.26,0.02,3.00,OVC
NYC,2026-03-04 02:51,33.00,32.00,0.00,0.00,30.23,0.05,1.50,OVC
NYC,2026-03-04 03:51,34.00,33.00,0.00,0.00,30.21,0.02,3.00,OVC
NYC,2026-03-04 04:51,35.00,34.00,3.00,300.00,30.21,T,3.00,OVC
NYC,2026-03-04 05:51,36.00,35.00,0.00,0.00,30.23,T,3.00,OVC
NYC,2026-03-04 06:51,37.00,36.00,4.00,M,30.22,0.02,3.00,BKN
NYC,2026-03-04 07:51,37.00,36.00,3.00,260.00,30.21,T,6.00,FEW
NYC,2026-03-04 08:51,38.00,36.00,0.00,0.00,30.23,0.00,7.00,OVC
NYC,2026-03-04 09:51,39.00,36.00,3.00,260.00,30.22,0.00,9.00,SCT
NYC,2026-03-04 10:51,39.00,36.00,4.00,270.00,30.24,0.00,8.00,CLR
NYC,2026-03-04 11:51,39.00,36.00,6.00,280.00,30.26,0.00,6.00,CLR
NYC,2026-03-04 12:51,40.00,36.00,3.00,260.00,30.28,0.00,9.00,CLR
NYC,2026-03-04 13:51,42.00,36.00,3.00,M,30.30,0.00,10.00,CLR
NYC,2026-03-04 14:51,42.00,36.00,5.00,30.00,30.31,0.00,10.00,CLR
NYC,2026-03-04 15:51,42.00,36.00,7.00,20.00,30.31,0.00,10.00,CLR
NYC,2026-03-04 16:51,43.00,36.00,4.00,70.00,30.30,0.00,10.00,CLR
NYC,2026-03-04 17:51,46.00,37.00,3.00,50.00,30.28,0.00,10.00,CLR
NYC,2026-03-04 18:51,48.00,38.00,4.00,60.00,30.25,0.00,10.00,CLR
NYC,2026-03-04 19:51,47.00,37.00,3.00,M,30.25,0.00,10.00,BKN
NYC,2026-03-04 20:51,48.00,37.00,0.00,0.00,30.25,0.00,9.00,CLR
NYC,2026-03-04 21:51,47.00,38.00,0.00,0.00,30.25,0.00,8.00,CLR
NYC,2026-03-04 22:51,46.00,38.00,3.00,300.00,30.25,0.00,8.00,CLR
NYC,2026-03-04 23:51,46.00,37.00,3.00,220.00,30.27,0.00,10.00,CLR
NYC,2026-03-05 00:51,46.00,38.00,0.00,0.00,30.28,0.00,10.00,CLR
NYC,2026-03-05 01:51,45.00,37.00,3.00,280.00,30.28,0.00,10.00,OVC
NYC,2026-03-05 02:51,45.00,38.00,0.00,0.00,30.28,0.00,9.00,OVC
NYC,2026-03-05 03:51,46.00,39.00,0.00,0.00,30.27,0.00,9.00,OVC
NYC,2026-03-05 04:51,46.00,39.00,0.00,0.00,30.25,0.00,9.00,OVC
NYC,2026-03-05 05:51,46.00,39.00,0.00,0.00,30.24,0.00,9.00,OVC
NYC,2026-03-05 06:51,45.00,39.00,0.00,0.00,30.24,0.00,9.00,OVC
NYC,2026-03-05 07:51,45.00,40.00,3.00,300.00,30.23,T,9.00,OVC
NYC,2026-03-05 08:51,45.00,39.00,0.00,0.00,30.22,0.00,9.00,FEW
NYC,2026-03-05 09:51,43.00,38.00,0.00,0.00,30.23,0.00,9.00,BKN
NYC,2026-03-05 10:51,43.00,38.00,0.00,0.00,30.23,T,9.00,OVC
NYC,2026-03-05 11:51,41.00,39.00,3.00,30.00,30.23,0.04,3.00,BKN
NYC,2026-03-05 12:51,41.00,40.00,3.00,60.00,30.24,0.02,1.50,BKN
NYC,2026-03-05 13:51,42.00,41.00,5.00,40.00,30.25,0.18,0.50,SCT
NYC,2026-03-05 14:51,42.00,41.00,5.00,50.00,30.25,0.10,1.00,BKN
NYC,2026-03-05 15:51,42.00,40.00,3.00,M,30.26,0.08,1.25,BKN
NYC,2026-03-05 16:51,41.00,40.00,5.00,50.00,30.28,0.04,1.00,OVC
NYC,2026-03-05 17:51,41.00,40.00,4.00,M,30.26,0.02,2.00,OVC
NYC,2026-03-05 18:51,42.00,40.00,4.00,M,30.25,0.00,3.00,OVC
NYC,2026-03-05 19:51,41.00,39.00,6.00,50.00,30.24,T,3.00,OVC
NYC,2026-03-05 20:51,40.00,39.00,6.00,M,30.24,0.01,3.00,OVC
NYC,2026-03-05 21:51,39.00,38.00,8.00,80.00,30.24,0.00,3.00,OVC
NYC,2026-03-05 22:51,39.00,38.00,8.00,70.00,30.23,0.00,3.00,OVC
NYC,2026-03-05 23:51,39.00,38.00,7.00,70.00,30.28,0.05,1.25,OVC
NYC,2026-03-06 00:51,39.00,37.00,5.00,90.00,30.26,0.09,6.00,OVC
NYC,2026-03-06 01:51,39.00,38.00,8.00,80.00,30.25,0.09,6.00,OVC
NYC,2026-03-06 02:51,39.00,37.00,8.00,70.00,30.25,0.07,3.00,OVC
NYC,2026-03-06 03:51,38.00,37.00,11.00,50.00,30.28,0.22,2.50,OVC
NYC,2026-03-06 04:51,37.00,36.00,12.00,50.00,30.29,0.38,2.00,OVC
NYC,2026-03-06 05:51,37.00,35.00,8.00,70.00,30.27,0.17,5.00,OVC
NYC,2026-03-06 06:51,37.00,35.00,8.00,80.00,30.26,0.02,10.00,OVC
NYC,2026-03-06 07:51,37.00,35.00,12.00,60.00,30.28,0.00,10.00,OVC
NYC,2026-03-06 08:51,37.00,35.00,7.00,40.00,30.28,T,5.00,OVC
NYC,2026-03-06 09:51,37.00,35.00,6.00,20.00,30.30,0.00,8.00,OVC
NYC,2026-03-06 10:51,37.00,35.00,7.00,30.00,30.31,0.00,7.00,OVC
NYC,2026-03-06 11:51,37.00,35.00,7.00,40.00,30.32,0.00,10.00,OVC
NYC,2026-03-06 12:51,38.00,35.00,7.00,50.00,30.34,0.00,10.00,OVC
NYC,2026-03-06 13:51,39.00,35.00,8.00,60.00,30.36,0.00,10.00,OVC
NYC,2026-03-06 14:51,40.00,35.00,6.00,M,30.37,0.00,10.00,OVC
NYC,2026-03-06 15:51,40.00,35.00,8.00,70.00,30.38,0.00,10.00,OVC
NYC,2026-03-06 16:51,41.00,36.00,8.00,50.00,30.39,0.00,10.00,OVC
NYC,2026-03-06 17:51,40.00,35.00,9.00,60.00,30.40,0.00,10.00,OVC
NYC,2026-03-06 18:51,41.00,35.00,5.00,M,30.40,0.00,10.00,OVC
NYC,2026-03-06 19:51,40.00,35.00,5.00,70.00,30.39,0.00,10.00,OVC
NYC,2026-03-06 20:51,40.00,35.00,0.00,0.00,30.41,0.00,10.00,OVC
NYC,2026-03-06 21:51,40.00,34.00,6.00,M,30.41,0.00,10.00,OVC
NYC,2026-03-06 22:51,39.00,33.00,6.00,80.00,30.43,0.00,10.00,OVC
NYC,2026-03-06 23:51,39.00,33.00,8.00,100.00,30.44,0.00,10.00,OVC
NYC,2026-03-07 00:51,39.00,33.00,6.00,50.00,30.44,0.00,10.00,OVC
NYC,2026-03-07 01:51,38.00,32.00,6.00,50.00,30.44,0.00,10.00,OVC
NYC,2026-03-07 02:51,38.00,32.00,5.00,80.00,30.44,0.00,10.00,OVC
NYC,2026-03-07 03:51,37.00,32.00,7.00,60.00,30.43,0.00,10.00,OVC
NYC,2026-03-07 04:51,37.00,32.00,8.00,70.00,30.40,0.00,10.00,OVC
NYC,2026-03-07 05:51,36.00,33.00,5.00,50.00,30.40,0.00,10.00,OVC
NYC,2026-03-07 06:51,37.00,33.00,3.00,60.00,30.39,0.00,8.00,OVC
NYC,2026-03-07 07:51,37.00,34.00,0.00,0.00,30.37,0.00,5.00,OVC
NYC,2026-03-07 08:51,36.00,35.00,0.00,0.00,30.34,0.00,1.75,OVC
NYC,2026-03-07 09:51,37.00,35.00,4.00,140.00,30.32,0.00,4.00,OVC
NYC,2026-03-07 10:51,37.00,35.00,0.00,0.00,30.30,0.00,4.00,BKN
NYC,2026-03-07 11:51,37.00,35.00,4.00,140.00,30.28,0.00,3.00,OVC
NYC,2026-03-07 12:51,38.00,37.00,4.00,150.00,30.27,0.00,2.50,OVC
NYC,2026-03-07 13:51,39.00,37.00,M,M,30.27,0.00,6.00,OVC
NYC,2026-03-07 14:51,40.00,38.00,5.00,150.00,30.25,0.00,8.00,OVC
NYC,2026-03-07 15:51,43.00,39.00,0.00,0.00,30.22,0.00,10.00,OVC
NYC,2026-03-07 16:51,45.00,39.00,0.00,0.00,30.19,0.00,10.00,OVC
NYC,2026-03-07 17:51,47.00,40.00,M,M,30.15,0.00,10.00,OVC
NYC,2026-03-07 18:51,47.00,41.00,3.00,M,30.10,0.00,10.00,OVC
NYC,2026-03-07 19:51,49.00,43.00,5.00,220.00,30.07,0.00,10.00,OVC
NYC,2026-03-07 20:51,50.00,43.00,0.00,0.00,30.03,0.00,10.00,OVC
NYC,2026-03-07 21:51,47.00,42.00,M,M,29.99,0.00,8.00,OVC
NYC,2026-03-07 22:51,47.00,44.00,3.00,M,29.99,0.00,7.00,OVC
NYC,2026-03-07 23:51,47.00,45.00,4.00,M,29.96,0.00,7.00,OVC
NYC,2026-03-08 00:51,47.00,45.00,0.00,0.00,29.94,0.00,4.00,OVC
NYC,2026-03-08 01:51,46.00,45.00,0.00,0.00,29.94,0.00,3.00,OVC
NYC,2026-03-08 02:51,47.00,47.00,4.00,M,29.96,0.00,1.50,OVC
NYC,2026-03-08 03:51,50.00,49.00,M,M,29.91,0.00,5.00,SCT
NYC,2026-03-08 04:51,52.00,50.00,4.00,150.00,29.87,0.00,8.00,OVC
NYC,2026-03-08 05:51,52.00,50.00,0.00,0.00,29.84,0.00,7.00,OVC
NYC,2026-03-08 06:51,52.00,50.00,0.00,0.00,29.80,T,6.00,OVC
NYC,2026-03-08 07:51,51.00,50.00,5.00,M,29.78,T,4.00,OVC
NYC,2026-03-08 08:51,51.00,50.00,4.00,M,29.79,0.00,3.00,OVC
NYC,2026-03-08 09:51,52.00,51.00,7.00,240.00,29.79,0.00,4.00,OVC
NYC,2026-03-08 10:51,53.00,51.00,8.00,240.00,29.79,0.00,5.00,BKN
NYC,2026-03-08 11:51,54.00,51.00,4.00,260.00,29.80,0.00,5.00,FEW
NYC,2026-03-08 12:51,55.00,52.00,6.00,M,29.81,T,6.00,BKN
NYC,2026-03-08 13:51,57.00,52.00,M,M,29.81,0.00,8.00,BKN
NYC,2026-03-08 14:51,56.00,52.00,5.00,M,29.81,0.00,6.00,CLR
NYC,2026-03-08 15:51,59.00,52.00,7.00,240.00,29.82,0.00,7.00,CLR
NYC,2026-03-08 16:51,64.00,53.00,4.00,M,29.81,0.00,9.00,CLR
NYC,2026-03-08 17:51,67.00,54.00,5.00,M,29.77,0.00,10.00,CLR
NYC,2026-03-08 18:51,69.00,52.00,4.00,M,29.78,0.00,10.00,BKN
NYC,2026-03-08 19:51,67.00,50.00,8.00,280.00,29.80,0.00,10.00,CLR
NYC,2026-03-08 20:51,66.00,49.00,3.00,M,29.81,0.00,10.00,CLR
NYC,2026-03-08 21:51,66.00,48.00,0.00,0.00,29.83,0.00,10.00,CLR
NYC,2026-03-08 22:51,64.00,46.00,3.00,M,29.86,0.00,10.00,CLR
NYC,2026-03-08 23:51,64.00,43.00,5.00,260.00,29.89,0.00,10.00,CLR
NYC,2026-03-09 00:51,63.00,38.00,7.00,280.00,29.91,0.00,10.00,CLR
NYC,2026-03-09 01:51,62.00,39.00,5.00,280.00,29.93,0.00,10.00,CLR
NYC,2026-03-09 02:51,62.00,37.00,5.00,280.00,29.95,0.00,10.00,CLR
NYC,2026-03-09 03:51,61.00,37.00,5.00,280.00,29.96,0.00,10.00,CLR
NYC,2026-03-09 04:51,60.00,35.00,6.00,280.00,29.97,0.00,10.00,CLR
NYC,2026-03-09 05:51,58.00,34.00,5.00,300.00,29.98,0.00,10.00,CLR
NYC,2026-03-09 06:51,56.00,33.00,3.00,310.00,29.99,0.00,10.00,CLR
NYC,2026-03-09 07:51,54.00,31.00,0.00,0.00,29.99,0.00,10.00,CLR
NYC,2026-03-09 08:51,54.00,34.00,0.00,0.00,29.99,0.00,10.00,CLR
NYC,2026-03-09 09:51,54.00,35.00,0.00,0.00,30.01,0.00,10.00,CLR
NYC,2026-03-09 10:51,53.00,35.00,0.00,0.00,30.02,0.00,10.00,CLR
NYC,2026-03-09 11:51,53.00,34.00,0.00,0.00,30.04,0.00,10.00,CLR
NYC,2026-03-09 12:51,58.00,32.00,0.00,0.00,30.05,0.00,10.00,CLR
NYC,2026-03-09 13:51,60.00,30.00,6.00,230.00,30.09,0.00,10.00,CLR
NYC,2026-03-09 14:51,61.00,33.00,4.00,240.00,30.09,0.00,10.00,CLR
NYC,2026-03-09 15:51,64.00,35.00,4.00,230.00,30.08,0.00,10.00,CLR
NYC,2026-03-09 16:51,67.00,34.00,M,M,30.06,0.00,10.00,CLR
NYC,2026-03-09 17:51,70.00,29.00,7.00,220.00,30.03,0.00,10.00,CLR
NYC,2026-03-09 18:51,71.00,31.00,11.00,240.00,30.00,0.00,10.00,CLR
NYC,2026-03-09 19:51,71.00,33.00,M,M,29.99,0.00,10.00,CLR
NYC,2026-03-09 20:51,71.00,36.00,M,M,29.98,0.00,10.00,CLR
NYC,2026-03-09 21:51,69.00,38.00,5.00,M,29.98,0.00,10.00,CLR
NYC,2026-03-09 22:51,65.00,38.00,4.00,140.00,29.99,0.00,10.00,CLR
NYC,2026-03-09 23:51,63.00,38.00,3.00,140.00,29.99,0.00,10.00,CLR
NYC,2026-03-10 00:51,61.00,38.00,3.00,140.00,30.00,0.00,10.00,CLR
NYC,2026-03-10 01:51,61.00,39.00,0.00,0.00,30.01,0.00,10.00,CLR
NYC,2026-03-10 02:51,57.00,42.00,4.00,50.00,30.02,0.00,10.00,CLR
NYC,2026-03-10 03:51,54.00,43.00,3.00,40.00,30.03,0.00,10.00,CLR
NYC,2026-03-10 04:51,60.00,40.00,0.00,0.00,30.03,0.00,10.00,CLR
NYC,2026-03-10 05:51,59.00,43.00,5.00,250.00,30.03,0.00,10.00,CLR
NYC,2026-03-10 06:51,60.00,43.00,4.00,M,30.03,0.00,10.00,CLR
NYC,2026-03-10 07:51,59.00,42.00,0.00,0.00,30.03,0.00,10.00,CLR
NYC,2026-03-10 08:51,56.00,42.00,0.00,0.00,30.02,0.00,10.00,CLR
NYC,2026-03-10 09:51,53.00,44.00,0.00,0.00,30.03,0.00,10.00,CLR
NYC,2026-03-10 10:51,52.00,44.00,0.00,0.00,30.03,0.00,10.00,CLR
NYC,2026-03-10 11:51,52.00,45.00,0.00,0.00,30.04,0.00,10.00,CLR
NYC,2026-03-10 12:51,57.00,46.00,0.00,0.00,30.05,0.00,10.00,CLR
NYC,2026-03-10 13:51,60.00,46.00,0.00,0.00,30.06,0.00,9.00,CLR
NYC,2026-03-10 14:51,66.00,44.00,0.00,0.00,30.05,0.00,10.00,CLR
NYC,2026-03-10 15:51,72.00,43.00,3.00,M,30.05,0.00,10.00,CLR
NYC,2026-03-10 16:51,74.00,41.00,7.00,220.00,30.01,0.00,10.00,CLR
NYC,2026-03-10 17:51,77.00,40.00,10.00,220.00,29.99,0.00,10.00,CLR
NYC,2026-03-10 18:51,79.00,42.00,8.00,230.00,29.97,0.00,10.00,CLR
NYC,2026-03-10 19:51,76.00,46.00,6.00,140.00,29.97,0.00,10.00,CLR
NYC,2026-03-10 20:51,75.00,47.00,3.00,M,29.96,0.00,10.00,CLR
NYC,2026-03-10 21:51,76.00,44.00,4.00,170.00,29.97,0.00,10.00,CLR
NYC,2026-03-10 22:51,73.00,44.00,3.00,M,29.98,0.00,10.00,CLR
NYC,2026-03-10 23:51,73.00,44.00,0.00,0.00,29.99,0.00,10.00,CLR
NYC,2026-03-11 00:51,73.00,43.00,3.00,M,30.00,0.00,10.00,CLR
NYC,2026-03-11 01:51,70.00,43.00,0.00,0.00,30.01,0.00,10.00,CLR
NYC,2026-03-11 02:51,71.00,40.00,4.00,M,30.01,0.00,10.00,CLR
NYC,2026-03-11 03:51,69.00,39.00,5.00,230.00,30.01,0.00,10.00,CLR
NYC,2026-03-11 04:51,71.00,37.00,M,M,30.00,0.00,10.00,CLR
NYC,2026-03-11 05:51,70.00,38.00,5.00,210.00,29.99,0.00,10.00,CLR
NYC,2026-03-11 06:51,69.00,39.00,3.00,M,29.99,0.00,10.00,FEW
NYC,2026-03-11 07:51,67.00,39.00,0.00,0.00,29.98,0.00,10.00,BKN
NYC,2026-03-11 08:51,60.00,40.00,3.00,30.00,29.98,0.00,10.00,CLR
NYC,2026-03-11 09:51,56.00,41.00,3.00,40.00,29.97,0.00,10.00,CLR
NYC,2026-03-11 10:51,55.00,42.00,4.00,M,29.96,0.00,10.00,CLR
NYC,2026-03-11 11:51,55.00,44.00,3.00,M,29.96,0.00,10.00,CLR
NYC,2026-03-11 12:51,56.00,43.00,4.00,70.00,29.96,0.00,10.00,CLR
NYC,2026-03-11 13:51,60.00,44.00,6.00,120.00,29.95,0.00,10.00,CLR
NYC,2026-03-11 14:51,63.00,45.00,6.00,130.00,29.93,0.00,10.00,CLR
NYC,2026-03-11 15:51,66.00,47.00,5.00,130.00,29.92,0.00,10.00,CLR
NYC,2026-03-11 16:51,62.00,47.00,6.00,M,29.89,0.00,9.00,CLR
NYC,2026-03-11 17:51,63.00,48.00,4.00,M,29.86,0.00,9.00,FEW
NYC,2026-03-11 18:51,67.00,49.00,3.00,M,29.82,0.00,9.00,SCT
NYC,2026-03-11 19:51,67.00,50.00,5.00,M,29.79,T,10.00,BKN
NYC,2026-03-11 20:51,68.00,53.00,7.00,150.00,29.76,0.00,10.00,FEW
NYC,2026-03-11 21:51,64.00,50.00,4.00,140.00,29.75,0.00,10.00,BKN
NYC,2026-03-11 22:51,59.00,49.00,0.00,0.00,29.74,0.00,10.00,CLR
NYC,2026-03-11 23:51,56.00,48.00,4.00,40.00,29.74,0.00,10.00,BKN
NYC,2026-03-12 00:51,56.00,49.00,0.00,0.00,29.73,0.00,9.00,OVC
NYC,2026-03-12 01:51,54.00,50.00,9.00,300.00,29.78,T,8.00,FEW
NYC,2026-03-12 02:51,54.00,52.00,3.00,60.00,29.69,0.02,6.00,CLR
NYC,2026-03-12 03:51,56.00,52.00,0.00,0.00,29.69,T,6.00,FEW
NYC,2026-03-12 04:51,61.00,61.00,0.00,0.00,29.65,0.32,1.50,BKN
NYC,2026-03-12 05:51,58.00,58.00,0.00,0.00,29.62,0.03,2.50,FEW
NYC,2026-03-12 06:51,57.00,57.00,0.00,0.00,29.60,0.00,2.50,BKN
NYC,2026-03-12 07:51,57.00,56.00,3.00,50.00,29.57,0.00,2.50,CLR
NYC,2026-03-12 08:51,55.00,54.00,0.00,0.00,29.56,0.00,4.00,CLR
NYC,2026-03-12 09:51,52.00,52.00,0.00,0.00,29.56,0.00,2.50,CLR
NYC,2026-03-12 10:51,54.00,53.00,3.00,240.00,29.56,0.00,6.00,FEW
NYC,2026-03-12 11:51,56.00,51.00,16.00,300.00,29.62,0.03,9.00,FEW
NYC,2026-03-12 12:51,49.00,42.00,7.00,290.00,29.70,0.01,10.00,FEW
NYC,2026-03-12 13:51,44.00,38.00,16.00,310.00,29.75,T,6.00,BKN
NYC,2026-03-12 14:51,43.00,31.00,8.00,300.00,29.78,T,10.00,OVC
NYC,2026-03-12 15:51,42.00,32.00,10.00,300.00,29.81,T,10.00,OVC
NYC,2026-03-12 16:51,41.00,31.00,8.00,300.00,29.80,T,10.00,FEW
NYC,2026-03-12 17:51,40.00,27.00,12.00,300.00,29.79,0.02,10.00,FEW
NYC,2026-03-12 18:51,39.00,26.00,10.00,300.00,29.81,T,10.00,BKN
NYC,2026-03-12 19:51,37.00,31.00,9.00,310.00,29.85,T,10.00,SCT
NYC,2026-03-12 20:51,34.00,32.00,5.00,M,29.86,0.01,1.75,BKN
NYC,2026-03-12 21:51,36.00,32.00,0.00,0.00,29.87,T,10.00,FEW
NYC,2026-03-12 22:51,35.00,30.00,6.00,M,29.92,0.01,10.00,FEW
NYC,2026-03-12 23:51,36.00,29.00,3.00,M,29.95,0.00,10.00,CLR
NYC,2026-03-13 00:51,37.00,25.00,4.00,M,29.97,0.00,10.00,FEW
NYC,2026-03-13 01:51,37.00,25.00,6.00,M,30.01,0.00,10.00,SCT
NYC,2026-03-13 02:51,36.00,23.00,7.00,280.00,30.02,0.00,10.00,OVC
NYC,2026-03-13 03:51,37.00,19.00,8.00,280.00,30.04,0.00,10.00,CLR
NYC,2026-03-13 04:51,36.00,18.00,6.00,290.00,30.06,0.00,10.00,CLR
NYC,2026-03-13 05:51,35.00,18.00,5.00,300.00,30.07,0.00,10.00,CLR
NYC,2026-03-13 06:51,34.00,19.00,8.00,310.00,30.08,0.00,10.00,CLR
NYC,2026-03-13 07:51,34.00,15.00,M,M,30.07,0.00,10.00,CLR
NYC,2026-03-13 08:51,33.00,13.00,5.00,300.00,30.09,0.00,10.00,CLR
NYC,2026-03-13 09:51,33.00,14.00,7.00,280.00,30.14,0.00,10.00,CLR
NYC,2026-03-13 10:51,33.00,13.00,3.00,M,30.17,0.00,10.00,CLR
NYC,2026-03-13 11:51,32.00,14.00,4.00,M,30.16,0.00,10.00,CLR
NYC,2026-03-13 12:51,34.00,15.00,0.00,0.00,30.18,0.00,10.00,CLR
NYC,2026-03-13 13:51,36.00,15.00,5.00,M,30.19,0.00,10.00,CLR
NYC,2026-03-13 14:51,38.00,16.00,M,M,30.17,0.00,10.00,CLR
NYC,2026-03-13 15:51,40.00,17.00,M,M,30.15,0.00,10.00,CLR
NYC,2026-03-13 16:51,41.00,18.00,3.00,M,30.12,0.00,10.00,SCT
NYC,2026-03-13 17:51,40.00,18.00,M,M,30.04,0.00,10.00,OVC
NYC,2026-03-13 18:51,39.00,21.00,M,M,30.00,0.00,10.00,SCT
NYC,2026-03-13 19:51,40.00,21.00,M,M,29.96,0.00,10.00,SCT
NYC,2026-03-13 20:51,40.00,23.00,8.00,180.00,29.93,0.00,10.00,OVC
NYC,2026-03-13 21:51,40.00,26.00,6.00,M,29.93,0.00,10.00,OVC
NYC,2026-03-13 22:51,40.00,27.00,8.00,140.00,29.91,0.00,10.00,CLR
NYC,2026-03-13 23:51,39.00,29.00,4.00,M,29.89,0.00,10.00,CLR
NYC,2026-03-14 00:51,40.00,29.00,M,M,29.87,0.00,10.00,CLR
NYC,2026-03-14 01:51,40.00,30.00,7.00,160.00,29.83,0.00,10.00,CLR
NYC,2026-03-14 02:51,41.00,32.00,M,M,29.83,0.00,10.00,OVC
NYC,2026-03-14 03:51,41.00,34.00,3.00,M,29.83,0.00,10.00,SCT
NYC,2026-03-14 04:51,40.00,35.00,0.00,0.00,29.81,0.00,10.00,CLR
NYC,2026-03-14 05:51,41.00,33.00,3.00,M,29.82,0.00,10.00,CLR
NYC,2026-03-14 06:51,42.00,34.00,3.00,200.00,29.81,0.00,10.00,CLR
NYC,2026-03-14 07:51,42.00,32.00,8.00,220.00,29.80,0.00,10.00,FEW
NYC,2026-03-14 08:51,45.00,29.00,6.00,M,29.79,0.00,10.00,CLR
NYC,2026-03-14 09:51,45.00,29.00,M,M,29.81,0.00,10.00,CLR
NYC,2026-03-14 10:51,44.00,27.00,4.00,220.00,29.83,0.00,10.00,CLR
NYC,2026-03-14 11:51,41.00,28.00,6.00,M,29.87,0.00,10.00,CLR
NYC,2026-03-14 12:51,43.00,24.00,8.00,280.00,29.90,0.00,10.00,CLR
NYC,2026-03-14 13:51,45.00,19.00,14.00,280.00,29.92,0.00,10.00,CLR
NYC,2026-03-14 14:51,46.00,18.00,13.00,270.00,29.95,0.00,10.00,CLR
NYC,2026-03-14 15:51,48.00,18.00,M,M,29.97,0.00,10.00,SCT
NYC,2026-03-14 16:51,48.00,17.00,13.00,290.00,30.00,0.00,10.00,SCT
NYC,2026-03-14 17:51,50.00,17.00,13.00,280.00,30.00,0.00,10.00,FEW
NYC,2026-03-14 18:51,50.00,17.00,11.00,270.00,30.03,0.00,10.00,FEW
NYC,2026-03-14 19:51,51.00,16.00,15.00,270.00,30.06,0.00,10.00,FEW
NYC,2026-03-14 20:51,50.00,14.00,9.00,270.00,30.11,0.00,10.00,FEW
NYC,2026-03-14 21:51,50.00,15.00,6.00,M,30.14,0.00,10.00,CLR
NYC,2026-03-14 22:51,48.00,15.00,6.00,300.00,30.20,0.00,10.00,CLR
NYC,2026-03-14 23:51,46.00,14.00,7.00,300.00,30.24,0.00,10.00,CLR
NYC,2026-03-15 00:51,44.00,16.00,6.00,M,30.27,0.00,10.00,CLR
NYC,2026-03-15 01:51,42.00,17.00,6.00,M,30.31,0.00,10.00,CLR
NYC,2026-03-15 02:51,41.00,17.00,0.00,0.00,30.35,0.00,10.00,CLR
NYC,2026-03-15 03:51,40.00,18.00,0.00,0.00,30.37,0.00,10.00,CLR
NYC,2026-03-15 04:51,39.00,18.00,0.00,0.00,30.38,0.00,10.00,CLR
NYC,2026-03-15 05:51,38.00,19.00,M,M,30.40,0.00,10.00,BKN
NYC,2026-03-15 06:51,38.00,19.00,4.00,M,30.42,0.00,10.00,OVC
NYC,2026-03-15 07:51,37.00,17.00,8.00,10.00,30.41,0.00,10.00,FEW
NYC,2026-03-15 08:51,37.00,17.00,8.00,50.00,30.41,0.00,10.00,FEW
NYC,2026-03-15 09:51,37.00,17.00,4.00,M,30.45,0.00,10.00,OVC
NYC,2026-03-15 10:51,36.00,21.00,9.00,100.00,30.46,0.00,10.00,CLR
NYC,2026-03-15 11:51,36.00,22.00,7.00,50.00,30.49,0.00,10.00,BKN
NYC,2026-03-15 12:51,36.00,21.00,5.00,M,30.50,0.00,10.00,OVC
NYC,2026-03-15 13:51,38.00,22.00,5.00,M,30.48,0.00,10.00,SCT
NYC,2026-03-15 14:51,40.00,22.00,4.00,70.00,30.50,0.00,10.00,OVC
NYC,2026-03-15 15:51,41.00,22.00,8.00,60.00,30.48,0.00,10.00,OVC
NYC,2026-03-15 16:51,43.00,23.00,8.00,50.00,30.47,0.00,10.00,OVC
NYC,2026-03-15 17:51,43.00,20.00,M,M,30.46,0.00,10.00,OVC
NYC,2026-03-15 18:51,40.00,20.00,10.00,130.00,30.44,0.00,10.00,OVC
NYC,2026-03-15 19:51,42.00,24.00,4.00,M,30.41,0.00,10.00,BKN
NYC,2026-03-15 20:51,42.00,29.00,5.00,110.00,30.40,0.00,10.00,FEW
NYC,2026-03-15 21:51,42.00,31.00,7.00,100.00,30.36,0.00,10.00,OVC
NYC,2026-03-15 22:51,43.00,32.00,6.00,M,30.35,0.00,10.00,OVC
NYC,2026-03-15 23:51,43.00,34.00,8.00,100.00,30.33,0.00,10.00,OVC
NYC,2026-03-16 00:51,45.00,36.00,7.00,100.00,30.30,0.00,10.00,SCT
NYC,2026-03-16 01:51,46.00,36.00,5.00,M,30.26,0.00,10.00,OVC
NYC,2026-03-16 02:51,47.00,37.00,M,M,30.22,0.00,10.00,OVC
NYC,2026-03-16 03:51,48.00,40.00,9.00,120.00,30.17,0.00,10.00,FEW
NYC,2026-03-16 04:51,48.00,42.00,8.00,130.00,30.13,0.00,10.00,FEW
NYC,2026-03-16 05:51,50.00,44.00,9.00,130.00,30.06,0.00,10.00,OVC
NYC,2026-03-16 06:51,50.00,47.00,5.00,M,30.00,0.04,2.50,BKN
NYC,2026-03-16 07:51,50.00,49.00,M,M,29.93,0.08,4.00,OVC
NYC,2026-03-16 08:51,51.00,50.00,13.00,150.00,29.90,0.05,4.00,OVC
NYC,2026-03-16 09:51,51.00,51.00,M,M,29.87,0.02,1.75,OVC
NYC,2026-03-16 10:51,51.00,50.00,5.00,M,29.84,0.00,1.00,OVC
NYC,2026-03-16 11:51,51.00,50.00,M,M,29.80,0.00,0.50,VV 
NYC,2026-03-16 12:51,51.00,51.00,M,M,29.78,T,0.75,OVC
NYC,2026-03-16 13:51,52.00,52.00,M,M,29.76,0.00,1.50,OVC
NYC,2026-03-16 14:51,53.00,52.00,M,M,29.73,0.01,2.50,OVC
NYC,2026-03-16 15:51,54.00,53.00,M,M,29.71,T,4.00,OVC
NYC,2026-03-16 16:51,56.00,54.00,8.00,140.00,29.68,0.00,9.00,SCT
NYC,2026-03-16 17:51,57.00,54.00,M,M,29.65,T,10.00,FEW
NYC,2026-03-16 18:51,56.00,53.00,M,M,29.62,0.00,10.00,BKN
NYC,2026-03-16 19:51,56.00,53.00,M,M,29.60,0.00,10.00,OVC
NYC,2026-03-16 20:51,54.00,53.00,M,M,29.56,0.02,7.00,OVC
NYC,2026-03-16 21:51,53.00,52.00,M,M,29.53,0.27,4.00,BKN
NYC,2026-03-16 22:51,54.00,53.00,M,M,29.51,0.02,8.00,OVC
NYC,2026-03-16 23:51,54.00,53.00,M,M,29.47,0.04,7.00,OVC
NYC,2026-03-17 00:51,54.00,53.00,M,M,29.43,0.02,9.00,OVC
NYC,2026-03-17 01:51,54.00,53.00,M,M,29.38,0.00,4.00,OVC
NYC,2026-03-17 02:51,55.00,54.00,M,M,29.35,T,6.00,OVC
NYC,2026-03-17 03:51,54.00,54.00,M,M,29.28,T,4.00,OVC
NYC,2026-03-17 04:51,51.00,47.00,M,M,29.36,0.02,10.00,SCT
NYC,2026-03-17 05:51,46.00,41.00,M,M,29.42,T,10.00,SCT
NYC,2026-03-17 06:51,42.00,34.00,M,M,29.51,T,10.00,BKN
NYC,2026-03-17 07:51,39.00,30.00,M,M,29.56,0.00,10.00,BKN
NYC,2026-03-17 08:51,37.00,23.00,M,M,29.61,0.00,10.00,BKN
NYC,2026-03-17 09:51,36.00,16.00,M,M,29.67,0.00,10.00,CLR
NYC,2026-03-17 10:51,35.00,17.00,M,M,29.71,0.00,10.00,CLR
NYC,2026-03-17 11:51,34.00,16.00,12.00,260.00,29.76,0.00,10.00,CLR
NYC,2026-03-17 12:51,34.00,14.00,8.00,270.00,29.79,0.00,10.00,CLR
NYC,2026-03-17 13:51,34.00,13.00,M,M,29.84,0.00,10.00,FEW
NYC,2026-03-17 14:51,35.00,13.00,15.00,280.00,29.88,0.00,10.00,CLR
NYC,2026-03-17 15:51,36.00,12.00,10.00,270.00,29.88,0.00,10.00,CLR
NYC,2026-03-17 16:51,39.00,15.00,12.00,280.00,29.89,0.00,10.00,FEW
NYC,2026-03-17 17:51,39.00,11.00,10.00,270.00,29.88,0.00,10.00,CLR
NYC,2026-03-17 18:51,41.00,10.00,7.00,270.00,29.89,0.00,10.00,FEW
NYC,2026-03-17 19:51,38.00,10.00,10.00,290.00,29.91,0.00,10.00,BKN
NYC,2026-03-17 20:51,38.00,8.00,11.00,290.00,29.93,0.00,10.00,FEW
NYC,2026-03-17 21:51,37.00,7.00,8.00,290.00,29.96,0.00,10.00,BKN
NYC,2026-03-17 22:51,37.00,7.00,8.00,280.00,30.00,0.00,10.00,BKN
NYC,2026-03-17 23:51,36.00,7.00,6.00,M,30.04,0.00,10.00,BKN
NYC,2026-03-18 00:51,35.00,10.00,8.00,270.00,30.08,0.00,10.00,FEW
NYC,2026-03-18 01:51,32.00,16.00,7.00,310.00,30.12,0.00,10.00,FEW
NYC,2026-03-18 02:51,32.00,16.00,6.00,M,30.16,0.00,10.00,FEW
NYC,2026-03-18 03:51,32.00,13.00,8.00,290.00,30.19,0.00,10.00,SCT
NYC,2026-03-18 04:51,31.00,14.00,10.00,300.00,30.22,0.00,10.00,FEW
NYC,2026-03-18 05:51,29.00,15.00,6.00,270.00,30.24,0.00,10.00,SCT
NYC,2026-03-18 06:51,29.00,15.00,5.00,M,30.27,0.00,10.00,CLR
NYC,2026-03-18 07:51,28.00,6.00,5.00,M,30.27,0.00,10.00,CLR
NYC,2026-03-18 08:51,27.00,5.00,8.00,300.00,30.30,0.00,10.00,CLR
NYC,2026-03-18 09:51,26.00,5.00,6.00,M,30.34,0.00,10.00,CLR
NYC,2026-03-18 10:51,26.00,5.00,6.00,310.00,30.36,0.00,10.00,CLR
NYC,2026-03-18 11:51,26.00,4.00,7.00,270.00,30.42,0.00,10.00,CLR
NYC,2026-03-18 12:51,26.00,2.00,6.00,M,30.45,0.00,10.00,CLR
NYC,2026-03-18 13:51,27.00,3.00,8.00,360.00,30.43,0.00,10.00,CLR
NYC,2026-03-18 14:51,29.00,4.00,7.00,30.00,30.40,0.00,10.00,CLR
NYC,2026-03-18 15:51,31.00,5.00,7.00,50.00,30.40,0.00,10.00,CLR
NYC,2026-03-18 16:51,33.00,4.00,4.00,M,30.43,0.00,10.00,CLR
NYC,2026-03-18 17:51,33.00,2.00,M,M,30.43,0.00,10.00,CLR
NYC,2026-03-18 18:51,36.00,3.00,5.00,M,30.40,0.00,10.00,CLR
NYC,2026-03-18 19:51,37.00,7.00,M,M,30.40,0.00,10.00,CLR
NYC,2026-03-18 20:51,35.00,2.00,4.00,M,30.40,0.00,10.00,CLR
NYC,2026-03-18 21:51,33.00,7.00,5.00,140.00,30.39,0.00,10.00,CLR
NYC,2026-03-18 22:51,32.00,9.00,5.00,170.00,30.39,0.00,10.00,CLR
NYC,2026-03-18 23:51,31.00,12.00,4.00,M,30.39,0.00,10.00,CLR
NYC,2026-03-19 00:51,31.00,14.00,0.00,0.00,30.40,0.00,10.00,CLR
NYC,2026-03-19 01:51,31.00,14.00,5.00,M,30.40,0.00,10.00,CLR
NYC,2026-03-19 02:51,31.00,15.00,4.00,M,30.40,0.00,10.00,CLR
NYC,2026-03-19 03:51,31.00,16.00,3.00,M,30.38,0.00,10.00,CLR
NYC,2026-03-19 04:51,32.00,18.00,M,M,30.37,0.00,10.00,OVC
NYC,2026-03-19 05:51,33.00,18.00,4.00,M,30.37,0.00,10.00,OVC
NYC,2026-03-19 06:51,33.00,19.00,3.00,140.00,30.35,0.00,10.00,OVC
NYC,2026-03-19 07:51,33.00,19.00,0.00,0.00,30.34,0.00,10.00,CLR
NYC,2026-03-19 08:51,33.00,19.00,3.00,M,30.33,0.00,10.00,BKN
NYC,2026-03-19 09:51,33.00,19.00,0.00,0.00,30.33,0.00,10.00,SCT
NYC,2026-03-19 10:51,33.00,20.00,M,M,30.32,0.00,10.00,OVC
NYC,2026-03-19 11:51,34.00,20.00,3.00,M,30.32,0.00,10.00,BKN
NYC,2026-03-19 12:51,35.00,19.00,M,M,30.33,0.00,10.00,BKN
NYC,2026-03-19 13:51,36.00,20.00,0.00,0.00,30.33,0.00,10.00,FEW
NYC,2026-03-19 14:51,37.00,19.00,3.00,M,30.32,0.00,10.00,OVC
NYC,2026-03-19 15:51,38.00,19.00,6.00,170.00,30.32,0.00,10.00,OVC
NYC,2026-03-19 16:51,39.00,19.00,6.00,170.00,30.30,0.00,10.00,OVC
NYC,2026-03-19 17:51,40.00,19.00,0.00,0.00,30.27,0.00,10.00,OVC
NYC,2026-03-19 18:51,40.00,19.00,4.00,M,30.25,0.00,10.00,OVC
NYC,2026-03-19 19:51,41.00,21.00,0.00,0.00,30.22,0.00,10.00,OVC
NYC,2026-03-19 20:51,43.00,22.00,M,M,30.20,0.00,10.00,CLR
NYC,2026-03-19 21:51,43.00,21.00,3.00,M,30.19,0.00,10.00,SCT
NYC,2026-03-19 22:51,41.00,23.00,4.00,150.00,30.19,0.00,10.00,CLR
NYC,2026-03-19 23:51,39.00,25.00,4.00,150.00,30.21,0.00,10.00,FEW
NYC,2026-03-20 00:51,39.00,27.00,7.00,130.00,30.21,0.00,10.00,BKN
NYC,2026-03-20 01:51,38.00,29.00,4.00,130.00,30.21,0.00,10.00,CLR
NYC,2026-03-20 02:51,39.00,29.00,0.00,0.00,30.20,0.00,10.00,FEW
NYC,2026-03-20 03:51,40.00,29.00,0.00,0.00,30.20,0.00,10.00,FEW
NYC,2026-03-20 04:51,40.00,30.00,3.00,M,30.20,0.00,10.00,BKN
NYC,2026-03-20 05:51,42.00,27.00,M,M,30.19,0.00,10.00,OVC
NYC,2026-03-20 06:51,42.00,27.00,4.00,M,30.17,0.00,10.00,OVC
NYC,2026-03-20 07:51,41.00,26.00,0.00,0.00,30.15,0.00,10.00,SCT
NYC,2026-03-20 08:51,41.00,25.00,0.00,0.00,30.14,0.00,10.00,BKN
NYC,2026-03-20 09:51,40.00,26.00,0.00,0.00,30.13,0.00,10.00,CLR
NYC,2026-03-20 10:51,39.00,27.00,6.00,240.00,30.14,0.00,10.00,CLR
NYC,2026-03-20 11:51,40.00,29.00,3.00,M,30.14,0.00,10.00,CLR
NYC,2026-03-20 12:51,42.00,31.00,M,M,30.12,0.00,10.00,CLR
NYC,2026-03-20 13:51,45.00,32.00,4.00,M,30.11,0.00,10.00,CLR
NYC,2026-03-20 14:51,49.00,33.00,0.00,0.00,30.09,0.00,10.00,CLR
NYC,2026-03-20 15:51,51.00,32.00,4.00,M,30.07,0.00,10.00,CLR
NYC,2026-03-20 16:51,51.00,33.00,5.00,M,30.03,0.00,10.00,CLR
NYC,2026-03-20 17:51,55.00,35.00,5.00,M,29.98,0.00,10.00,CLR
NYC,2026-03-20 18:51,56.00,35.00,8.00,150.00,29.91,0.00,10.00,CLR
NYC,2026-03-20 19:51,56.00,37.00,10.00,140.00,29.85,0.00,10.00,CLR
NYC,2026-03-20 20:51,54.00,36.00,5.00,M,29.81,0.00,10.00,CLR
NYC,2026-03-20 21:51,53.00,36.00,5.00,M,29.80,0.00,10.00,SCT
NYC,2026-03-20 22:51,53.00,37.00,6.00,150.00,29.79,0.00,10.00,OVC
NYC,2026-03-20 23:51,54.00,39.00,4.00,150.00,29.81,T,10.00,BKN
NYC,2026-03-21 00:51,52.00,43.00,3.00,240.00,29.84,0.01,8.00,OVC
NYC,2026-03-21 01:51,51.00,45.00,0.00,0.00,29.82,0.02,9.00,OVC
NYC,2026-03-21 02:51,51.00,44.00,M,M,29.80,T,10.00,FEW
NYC,2026-03-21 03:51,51.00,45.00,4.00,230.00,29.79,T,10.00,FEW
NYC,2026-03-21 04:51,51.00,47.00,6.00,240.00,29.78,0.00,10.00,FEW
NYC,2026-03-21 05:51,51.00,48.00,M,M,29.77,0.00,8.00,OVC
NYC,2026-03-21 06:51,51.00,48.00,4.00,M,29.77,0.00,7.00,OVC
NYC,2026-03-21 07:51,51.00,49.00,4.00,230.00,29.76,0.00,7.00,OVC
NYC,2026-03-21 08:51,51.00,48.00,3.00,290.00,29.77,0.00,6.00,BKN
NYC,2026-03-21 09:51,50.00,48.00,0.00,0.00,29.78,0.00,5.00,OVC
NYC,2026-03-21 10:51,51.00,48.00,0.00,0.00,29.80,0.00,7.00,BKN
NYC,2026-03-21 11:51,51.00,46.00,5.00,M,29.83,0.00,7.00,SCT
NYC,2026-03-21 12:51,51.00,44.00,7.00,350.00,29.86,0.00,10.00,CLR
NYC,2026-03-21 13:51,52.00,40.00,8.00,300.00,29.89,0.00,10.00,SCT
NYC,2026-03-21 14:51,52.00,38.00,7.00,290.00,29.91,0.00,10.00,OVC
NYC,2026-03-21 15:51,53.00,40.00,6.00,M,29.92,0.00,10.00,FEW
NYC,2026-03-21 16:51,54.00,39.00,5.00,M,29.93,0.00,10.00,CLR
NYC,2026-03-21 17:51,57.00,39.00,7.00,40.00,29.92,0.00,10.00,FEW
NYC,2026-03-21 18:51,56.00,34.00,3.00,M,29.91,0.00,10.00,CLR
NYC,2026-03-21 19:51,57.00,32.00,0.00,0.00,29.91,0.00,10.00,CLR
NYC,2026-03-21 20:51,57.00,31.00,6.00,360.00,29.92,0.00,10.00,CLR
NYC,2026-03-21 21:51,57.00,31.00,3.00,20.00,29.94,0.00,10.00,CLR
NYC,2026-03-21 22:51,55.00,33.00,9.00,70.00,29.96,0.00,10.00,CLR
NYC,2026-03-21 23:51,51.00,31.00,4.00,M,29.98,0.00,10.00,CLR
NYC,2026-03-22 00:51,49.00,31.00,6.00,M,30.00,0.00,10.00,CLR
NYC,2026-03-22 01:51,47.00,30.00,9.00,60.00,30.01,0.00,10.00,CLR
NYC,2026-03-22 02:51,46.00,29.00,7.00,50.00,30.02,0.00,10.00,CLR
NYC,2026-03-22 03:51,46.00,27.00,5.00,M,29.97,0.00,10.00,FEW
NYC,2026-03-22 04:51,46.00,28.00,4.00,M,30.00,0.00,10.00,BKN
NYC,2026-03-22 05:51,46.00,28.00,7.00,60.00,30.00,0.00,10.00,OVC
NYC,2026-03-22 06:51,45.00,28.00,4.00,M,29.98,T,10.00,FEW
NYC,2026-03-22 07:51,46.00,27.00,M,M,29.99,0.00,10.00,FEW
NYC,2026-03-22 08:51,46.00,28.00,0.00,0.00,30.00,0.00,10.00,OVC
NYC,2026-03-22 09:51,45.00,32.00,4.00,130.00,29.95,0.00,10.00,OVC
NYC,2026-03-22 10:51,45.00,34.00,3.00,M,29.94,0.00,10.00,OVC
NYC,2026-03-22 11:51,45.00,37.00,7.00,150.00,29.92,0.00,10.00,BKN
NYC,2026-03-22 12:51,47.00,41.00,5.00,160.00,29.88,0.00,10.00,OVC
NYC,2026-03-22 13:51,48.00,43.00,8.00,190.00,29.86,0.00,9.00,OVC
NYC,2026-03-22 14:51,48.00,43.00,3.00,M,29.85,0.00,8.00,OVC
NYC,2026-03-22 15:51,49.00,44.00,4.00,M,29.82,0.00,8.00,OVC
NYC,2026-03-22 16:51,52.00,45.00,3.00,M,29.80,0.00,9.00,OVC
NYC,2026-03-22 17:51,56.00,46.00,0.00,0.00,29.78,0.00,8.00,BKN
NYC,2026-03-22 18:51,60.00,46.00,4.00,M,29.73,0.00,9.00,CLR
NYC,2026-03-22 19:51,62.00,47.00,6.00,M,29.70,0.00,9.00,CLR
NYC,2026-03-22 20:51,61.00,47.00,5.00,M,29.69,0.00,9.00,CLR
NYC,2026-03-22 21:51,56.00,47.00,8.00,70.00,29.70,0.00,10.00,CLR
NYC,2026-03-22 22:51,55.00,47.00,8.00,40.00,29.74,T,8.00,BKN
NYC,2026-03-22 23:51,53.00,47.00,5.00,80.00,29.69,T,9.00,SCT
NYC,2026-03-23 00:51,52.00,49.00,5.00,M,29.77,0.01,8.00,FEW
NYC,2026-03-23 01:51,52.00,49.00,4.00,110.00,29.77,0.04,6.00,OVC
NYC,2026-03-23 02:51,50.00,49.00,0.00,0.00,29.75,0.03,3.00,BKN
NYC,2026-03-23 03:51,50.00,48.00,5.00,50.00,29.73,0.06,3.00,FEW
NYC,2026-03-23 04:51,50.00,49.00,4.00,M,29.72,0.01,4.00,BKN
NYC,2026-03-23 05:51,50.00,49.00,5.00,M,29.75,0.00,5.00,OVC
NYC,2026-03-23 06:51,49.00,47.00,7.00,30.00,29.74,0.00,6.00,OVC
NYC,2026-03-23 07:51,48.00,46.00,8.00,50.00,29.74,0.02,5.00,FEW
NYC,2026-03-23 08:51,47.00,46.00,4.00,30.00,29.72,0.12,3.00,BKN
NYC,2026-03-23 09:51,46.00,45.00,4.00,M,29.73,0.10,4.00,OVC
NYC,2026-03-23 10:51,43.00,42.00,7.00,30.00,29.73,0.07,2.50,OVC
NYC,2026-03-23 11:51,41.00,39.00,5.00,10.00,29.77,0.06,7.00,OVC
NYC,2026-03-23 12:51,41.00,38.00,8.00,30.00,29.78,T,10.00,BKN
NYC,2026-03-23 13:51,40.00,38.00,4.00,M,29.82,0.01,2.50,OVC
NYC,2026-03-23 14:51,39.00,37.00,4.00,M,29.85,0.01,2.50,OVC
NYC,2026-03-23 15:51,39.00,37.00,5.00,M,29.87,0.00,4.00,OVC
NYC,2026-03-23 16:51,39.00,36.00,6.00,M,29.90,T,6.00,SCT
NYC,2026-03-23 17:51,39.00,37.00,5.00,10.00,29.91,0.00,3.00,OVC
NYC,2026-03-23 18:51,39.00,35.00,8.00,330.00,29.92,0.00,10.00,BKN
NYC,2026-03-23 19:51,41.00,35.00,M,M,29.95,0.00,10.00,BKN
NYC,2026-03-23 20:51,41.00,34.00,3.00,M,29.98,0.00,10.00,SCT
NYC,2026-03-23 21:51,40.00,36.00,4.00,M,30.01,0.01,9.00,BKN
NYC,2026-03-23 22:51,40.00,30.00,5.00,M,30.07,T,10.00,OVC
NYC,2026-03-23 23:51,38.00,27.00,9.00,280.00,30.13,0.00,10.00,OVC
NYC,2026-03-24 00:51,37.00,24.00,9.00,300.00,30.17,0.00,10.00,FEW
NYC,2026-03-24 01:51,36.00,22.00,7.00,300.00,30.19,0.00,10.00,OVC
NYC,2026-03-24 02:51,36.00,20.00,8.00,300.00,30.21,0.00,10.00,FEW
NYC,2026-03-24 03:51,35.00,20.00,4.00,M,30.23,0.00,10.00,FEW
NYC,2026-03-24 04:51,35.00,19.00,5.00,M,30.26,0.00,10.00,CLR
NYC,2026-03-24 05:51,34.00,20.00,M,M,30.26,0.00,10.00,CLR
NYC,2026-03-24 06:51,34.00,21.00,7.00,310.00,30.28,0.00,10.00,CLR
NYC,2026-03-24 07:51,33.00,21.00,6.00,300.00,30.29,0.00,10.00,CLR
NYC,2026-03-24 08:51,33.00,20.00,6.00,320.00,30.31,0.00,10.00,CLR
NYC,2026-03-24 09:51,33.00,21.00,4.00,290.00,30.34,0.00,10.00,CLR
NYC,2026-03-24 10:51,33.00,21.00,6.00,300.00,30.37,0.00,10.00,CLR
NYC,2026-03-24 11:51,33.00,21.00,5.00,M,30.39,0.00,10.00,CLR
NYC,2026-03-24 12:51,35.00,19.00,3.00,M,30.40,0.00,10.00,CLR
NYC,2026-03-24 13:51,37.00,17.00,3.00,M,30.42,0.00,10.00,CLR
NYC,2026-03-24 14:51,39.00,12.00,9.00,20.00,30.45,0.00,10.00,CLR
NYC,2026-03-24 15:51,42.00,15.00,5.00,M,30.45,0.00,10.00,CLR
NYC,2026-03-24 16:51,42.00,14.00,0.00,0.00,30.42,0.00,10.00,CLR
NYC,2026-03-24 17:51,45.00,15.00,3.00,M,30.39,0.00,10.00,CLR
NYC,2026-03-24 18:51,47.00,14.00,3.00,M,30.35,0.00,10.00,CLR
NYC,2026-03-24 19:51,47.00,14.00,7.00,240.00,30.34,0.00,10.00,CLR
NYC,2026-03-24 20:51,47.00,16.00,7.00,260.00,30.34,0.00,10.00,CLR
NYC,2026-03-24 21:51,46.00,19.00,4.00,M,30.34,0.00,10.00,CLR
NYC,2026-03-24 22:51,41.00,18.00,9.00,170.00,30.36,0.00,10.00,CLR
NYC,2026-03-24 23:51,40.00,20.00,5.00,M,30.36,0.00,10.00,CLR
NYC,2026-03-25 00:51,40.00,22.00,M,M,30.37,0.00,10.00,CLR
NYC,2026-03-25 01:51,41.00,24.00,M,M,30.37,0.00,10.00,CLR
NYC,2026-03-25 02:51,41.00,24.00,3.00,200.00,30.37,0.00,10.00,CLR
NYC,2026-03-25 03:51,41.00,24.00,6.00,M,30.37,0.00,10.00,CLR
NYC,2026-03-25 04:51,42.00,24.00,4.00,M,30.37,0.00,10.00,CLR
NYC,2026-03-25 05:51,41.00,24.00,6.00,M,30.36,0.00,10.00,CLR
NYC,2026-03-25 06:51,40.00,26.00,4.00,240.00,30.36,0.00,10.00,CLR
NYC,2026-03-25 07:51,40.00,27.00,6.00,260.00,30.37,0.00,10.00,CLR
NYC,2026-03-25 08:51,39.00,26.00,4.00,260.00,30.38,0.00,10.00,CLR
NYC,2026-03-25 09:51,40.00,24.00,3.00,M,30.40,0.00,10.00,CLR
NYC,2026-03-25 10:51,40.00,22.00,5.00,270.00,30.40,0.00,10.00,CLR
NYC,2026-03-25 11:51,40.00,22.00,0.00,0.00,30.41,0.00,10.00,CLR
NYC,2026-03-25 12:51,42.00,23.00,0.00,0.00,30.42,0.00,10.00,CLR
NYC,2026-03-25 13:51,44.00,22.00,0.00,0.00,30.42,0.00,10.00,CLR
NYC,2026-03-25 14:51,46.00,23.00,0.00,0.00,30.43,0.00,10.00,CLR
NYC,2026-03-25 15:51,48.00,22.00,0.00,0.00,30.41,0.00,10.00,CLR
NYC,2026-03-25 16:51,50.00,23.00,0.00,0.00,30.38,0.00,10.00,CLR
NYC,2026-03-25 17:51,52.00,19.00,M,M,30.35,0.00,10.00,CLR
NYC,2026-03-25 18:51,52.00,23.00,7.00,140.00,30.31,0.00,10.00,CLR
NYC,2026-03-25 19:51,51.00,30.00,11.00,140.00,30.29,0.00,10.00,CLR
NYC,2026-03-25 20:51,48.00,29.00,6.00,M,30.27,0.00,10.00,SCT
NYC,2026-03-25 21:51,50.00,25.00,6.00,130.00,30.25,0.00,10.00,CLR
NYC,2026-03-25 22:51,48.00,26.00,8.00,180.00,30.23,0.00,10.00,CLR
NYC,2026-03-25 23:51,47.00,24.00,6.00,M,30.21,0.00,10.00,FEW
NYC,2026-03-26 00:51,45.00,30.00,8.00,160.00,30.21,0.00,10.00,OVC
NYC,2026-03-26 01:51,46.00,29.00,3.00,M,30.21,0.00,10.00,OVC
NYC,2026-03-26 02:51,46.00,31.00,M,M,30.18,0.00,10.00,BKN
NYC,2026-03-26 03:51,45.00,33.00,M,M,30.18,0.00,10.00,SCT
NYC,2026-03-26 04:51,45.00,35.00,4.00,M,30.14,0.00,10.00,BKN
NYC,2026-03-26 05:51,46.00,36.00,3.00,M,30.11,0.00,10.00,BKN
NYC,2026-03-26 06:51,47.00,37.00,5.00,M,30.07,0.00,10.00,BKN
NYC,2026-03-26 07:51,47.00,38.00,0.00,0.00,30.05,0.00,10.00,OVC
NYC,2026-03-26 08:51,49.00,39.00,M,M,30.02,0.00,10.00,OVC
NYC,2026-03-26 09:51,50.00,40.00,4.00,M,30.01,0.00,10.00,OVC
NYC,2026-03-26 10:51,51.00,41.00,6.00,220.00,30.00,0.00,10.00,OVC
NYC,2026-03-26 11:51,51.00,42.00,3.00,M,30.02,0.00,10.00,OVC
NYC,2026-03-26 12:51,53.00,42.00,9.00,220.00,29.97,0.00,10.00,BKN
NYC,2026-03-26 13:51,55.00,41.00,8.00,230.00,29.98,0.00,10.00,BKN
NYC,2026-03-26 14:51,60.00,41.00,4.00,M,29.97,0.00,10.00,BKN
NYC,2026-03-26 15:51,63.00,39.00,4.00,M,29.93,0.00,10.00,CLR
NYC,2026-03-26 16:51,67.00,40.00,7.00,210.00,29.91,0.00,10.00,CLR
NYC,2026-03-26 17:51,72.00,42.00,0.00,0.00,29.89,0.00,10.00,CLR
NYC,2026-03-26 18:51,73.00,42.00,6.00,M,29.84,0.00,10.00,CLR
NYC,2026-03-26 19:51,75.00,43.00,7.00,200.00,29.80,0.00,10.00,CLR
NYC,2026-03-26 20:51,75.00,44.00,7.00,180.00,29.77,0.00,10.00,CLR
NYC,2026-03-26 21:51,75.00,46.00,5.00,190.00,29.75,0.00,10.00,CLR
NYC,2026-03-26 22:51,68.00,46.00,4.00,140.00,29.73,0.00,10.00,CLR
NYC,2026-03-26 23:51,65.00,46.00,3.00,160.00,29.69,0.00,10.00,CLR
NYC,2026-03-27 00:51,66.00,48.00,5.00,M,29.68,0.00,10.00,CLR
NYC,2026-03-27 01:51,67.00,50.00,5.00,M,29.66,0.00,10.00,CLR
NYC,2026-03-27 02:51,68.00,51.00,6.00,M,29.66,T,10.00,FEW
NYC,2026-03-27 03:51,68.00,52.00,9.00,250.00,29.68,T,10.00,SCT
NYC,2026-03-27 04:51,66.00,55.00,M,M,29.68,T,8.00,FEW
NYC,2026-03-27 05:51,64.00,56.00,7.00,290.00,29.69,0.02,10.00,OVC
NYC,2026-03-27 06:51,62.00,57.00,5.00,M,29.68,T,10.00,SCT
NYC,2026-03-27 07:51,61.00,56.00,5.00,300.00,29.69,T,10.00,BKN
NYC,2026-03-27 08:51,60.00,52.00,4.00,280.00,29.70,0.00,10.00,CLR
NYC,2026-03-27 09:51,59.00,51.00,4.00,M,29.77,0.00,10.00,BKN
NYC,2026-03-27 10:51,58.00,47.00,M,M,29.81,0.00,10.00,BKN
NYC,2026-03-27 11:51,56.00,44.00,6.00,M,29.87,0.00,10.00,OVC
NYC,2026-03-27 12:51,55.00,41.00,5.00,M,29.91,0.00,10.00,FEW
NYC,2026-03-27 13:51,53.00,37.00,M,M,29.97,0.00,10.00,BKN
NYC,2026-03-27 14:51,52.00,34.00,M,M,30.00,0.00,10.00,SCT
NYC,2026-03-27 15:51,52.00,34.00,10.00,10.00,30.04,0.00,10.00,BKN
NYC,2026-03-27 16:51,51.00,30.00,8.00,30.00,30.05,0.00,10.00,SCT
NYC,2026-03-27 17:51,51.00,27.00,10.00,40.00,30.06,0.00,10.00,SCT
NYC,2026-03-27 18:51,51.00,28.00,6.00,40.00,30.07,0.00,10.00,BKN
NYC,2026-03-27 19:51,48.00,27.00,8.00,40.00,30.08,0.00,10.00,BKN
NYC,2026-03-27 20:51,48.00,27.00,9.00,50.00,30.09,0.00,10.00,BKN
NYC,2026-03-27 21:51,47.00,26.00,8.00,50.00,30.10,0.00,10.00,OVC
NYC,2026-03-27 22:51,46.00,24.00,7.00,30.00,30.11,0.00,10.00,SCT
NYC,2026-03-27 23:51,46.00,24.00,4.00,20.00,30.13,0.00,10.00,SCT
NYC,2026-03-28 00:51,44.00,22.00,4.00,60.00,30.16,0.00,10.00,CLR
NYC,2026-03-28 01:51,43.00,19.00,3.00,M,30.18,0.00,10.00,CLR
NYC,2026-03-28 02:51,43.00,20.00,0.00,0.00,30.19,0.00,10.00,OVC
NYC,2026-03-28 03:51,42.00,19.00,5.00,M,30.21,0.00,10.00,OVC
NYC,2026-03-28 04:51,41.00,18.00,5.00,290.00,30.22,0.00,10.00,OVC
NYC,2026-03-28 05:51,39.00,18.00,6.00,M,30.22,0.00,10.00,SCT
NYC,2026-03-28 06:51,37.00,17.00,6.00,M,30.23,0.00,10.00,BKN
NYC,2026-03-28 07:51,36.00,15.00,4.00,M,30.24,0.00,10.00,CLR
NYC,2026-03-28 08:51,34.00,15.00,10.00,340.00,30.27,0.00,10.00,FEW
NYC,2026-03-28 09:51,33.00,16.00,M,M,30.30,0.00,10.00,CLR
NYC,2026-03-28 10:51,31.00,14.00,7.00,350.00,30.34,0.00,10.00,CLR
NYC,2026-03-28 11:51,31.00,14.00,6.00,M,30.38,0.00,10.00,CLR
NYC,2026-03-28 12:51,32.00,13.00,7.00,340.00,30.41,0.00,10.00,CLR
NYC,2026-03-28 13:51,34.00,11.00,M,M,30.44,0.00,10.00,CLR
NYC,2026-03-28 14:51,35.00,6.00,5.00,M,30.47,0.00,10.00,CLR
NYC,2026-03-28 15:51,38.00,4.00,M,M,30.46,0.00,10.00,CLR
NYC,2026-03-28 16:51,39.00,5.00,5.00,M,30.46,0.00,10.00,CLR
NYC,2026-03-28 17:51,40.00,4.00,6.00,M,30.44,0.00,10.00,CLR
NYC,2026-03-28 18:51,43.00,5.00,M,M,30.43,0.00,10.00,BKN
NYC,2026-03-28 19:51,43.00,5.00,6.00,M,30.43,0.00,10.00,BKN
NYC,2026-03-28 20:51,42.00,5.00,5.00,M,30.43,0.00,10.00,BKN
NYC,2026-03-28 21:51,42.00,3.00,11.00,300.00,30.44,0.00,10.00,FEW
NYC,2026-03-28 22:51,41.00,4.00,8.00,300.00,30.45,0.00,10.00,CLR
NYC,2026-03-28 23:51,40.00,6.00,7.00,310.00,30.47,0.00,10.00,CLR
NYC,2026-03-29 00:51,39.00,7.00,4.00,320.00,30.50,0.00,10.00,CLR
NYC,2026-03-29 01:51,38.00,10.00,7.00,360.00,30.52,0.00,10.00,CLR
NYC,2026-03-29 02:51,37.00,11.00,4.00,M,30.53,0.00,10.00,CLR
NYC,2026-03-29 03:51,37.00,11.00,0.00,0.00,30.55,0.00,10.00,CLR
NYC,2026-03-29 04:51,36.00,12.00,0.00,0.00,30.56,0.00,10.00,CLR
NYC,2026-03-29 05:51,35.00,11.00,0.00,0.00,30.57,0.00,10.00,CLR
NYC,2026-03-29 06:51,35.00,13.00,0.00,0.00,30.57,0.00,10.00,CLR
NYC,2026-03-29 07:51,34.00,12.00,0.00,0.00,30.57,0.00,10.00,CLR
NYC,2026-03-29 08:51,34.00,15.00,0.00,0.00,30.57,0.00,10.00,CLR
NYC,2026-03-29 09:51,35.00,13.00,0.00,0.00,30.58,0.00,10.00,SCT
NYC,2026-03-29 10:51,35.00,14.00,3.00,150.00,30.59,0.00,10.00,CLR
NYC,2026-03-29 11:51,38.00,17.00,M,M,30.60,0.00,10.00,SCT
NYC,2026-03-29 12:51,40.00,19.00,4.00,M,30.61,0.00,10.00,CLR
NYC,2026-03-29 13:51,43.00,23.00,M,M,30.61,0.00,10.00,CLR
NYC,2026-03-29 14:51,45.00,19.00,4.00,260.00,30.61,0.00,10.00,CLR
NYC,2026-03-29 15:51,48.00,21.00,4.00,M,30.58,0.00,10.00,CLR
NYC,2026-03-29 16:51,50.00,19.00,9.00,170.00,30.54,0.00,10.00,CLR
NYC,2026-03-29 17:51,52.00,18.00,9.00,250.00,30.51,0.00,10.00,CLR
NYC,2026-03-29 18:51,52.00,19.00,8.00,130.00,30.47,0.00,10.00,CLR
NYC,2026-03-29 19:51,54.00,21.00,8.00,160.00,30.44,0.00,10.00,CLR
NYC,2026-03-29 20:51,52.00,28.00,4.00,M,30.42,0.00,10.00,CLR
NYC,2026-03-29 21:51,51.00,30.00,6.00,140.00,30.41,0.00,10.00,FEW
NYC,2026-03-29 22:51,50.00,30.00,6.00,M,30.41,0.00,10.00,CLR
NYC,2026-03-29 23:51,49.00,29.00,5.00,M,30.41,0.00,10.00,CLR
NYC,2026-03-30 00:51,49.00,28.00,5.00,M,30.41,0.00,10.00,CLR
NYC,2026-03-30 01:51,49.00,27.00,M,M,30.40,0.00,10.00,SCT
NYC,2026-03-30 02:51,49.00,28.00,4.00,M,30.40,0.00,10.00,BKN
NYC,2026-03-30 03:51,48.00,28.00,4.00,M,30.38,0.00,10.00,CLR
NYC,2026-03-30 04:51,48.00,29.00,0.00,0.00,30.36,0.00,10.00,CLR
NYC,2026-03-30 05:51,47.00,30.00,0.00,0.00,30.35,0.00,10.00,CLR
NYC,2026-03-30 06:51,47.00,32.00,3.00,M,30.31,0.00,10.00,CLR
NYC,2026-03-30 07:51,47.00,35.00,M,M,30.29,0.00,10.00,CLR
NYC,2026-03-30 08:51,48.00,36.00,4.00,M,30.26,0.00,10.00,CLR
NYC,2026-03-30 09:51,49.00,38.00,8.00,220.00,30.25,0.00,10.00,CLR
NYC,2026-03-30 10:51,49.00,40.00,6.00,M,30.25,0.00,10.00,CLR
NYC,2026-03-30 11:51,50.00,42.00,9.00,220.00,30.23,0.00,10.00,CLR
NYC,2026-03-30 12:51,51.00,42.00,M,M,30.22,0.00,10.00,CLR
NYC,2026-03-30 13:51,56.00,42.00,9.00,240.00,30.21,0.00,10.00,CLR
NYC,2026-03-30 14:51,60.00,40.00,6.00,M,30.20,0.00,10.00,CLR
NYC,2026-03-30 15:51,63.00,39.00,M,M,30.18,0.00,10.00,CLR
NYC,2026-03-30 16:51,67.00,39.00,4.00,M,30.15,0.00,10.00,CLR
NYC,2026-03-30 17:51,70.00,40.00,0.00,0.00,30.12,0.00,10.00,FEW
NYC,2026-03-30 18:51,73.00,41.00,M,M,30.10,0.00,10.00,CLR
NYC,2026-03-30 19:51,72.00,40.00,9.00,250.00,30.08,0.00,10.00,FEW
NYC,2026-03-30 20:51,72.00,42.00,4.00,M,30.07,0.00,10.00,CLR
NYC,2026-03-30 21:51,69.00,44.00,8.00,250.00,30.09,0.00,10.00,SCT
NYC,2026-03-30 22:51,67.00,47.00,5.00,230.00,30.08,T,10.00,FEW
NYC,2026-03-30 23:51,65.00,46.00,M,M,30.09,0.00,10.00,CLR
NYC,2026-04-01 00:51,75.00,54.00,5.00,M,29.92,0.00,10.00,CLR
NYC,2026-04-01 01:51,73.00,55.00,M,M,29.93,0.00,10.00,CLR
NYC,2026-04-01 02:51,72.00,55.00,5.00,M,29.91,0.00,10.00,CLR
NYC,2026-04-01 03:51,71.00,55.00,6.00,M,29.92,0.00,10.00,CLR
NYC,2026-04-01 04:51,71.00,55.00,M,M,29.90,0.00,10.00,CLR
NYC,2026-04-01 05:51,70.00,55.00,7.00,210.00,29.90,0.00,10.00,CLR
NYC,2026-04-01 06:51,71.00,55.00,7.00,230.00,29.92,0.00,10.00,FEW
NYC,2026-04-01 07:51,70.00,54.00,5.00,M,29.90,0.00,10.00,CLR
NYC,2026-04-01 08:51,69.00,55.00,7.00,210.00,29.92,0.00,10.00,FEW
NYC,2026-04-01 09:51,70.00,54.00,7.00,240.00,29.94,0.00,10.00,CLR
NYC,2026-04-01 10:51,69.00,54.00,4.00,M,29.96,T,10.00,FEW
NYC,2026-04-01 11:51,69.00,54.00,5.00,M,29.99,T,10.00,CLR
NYC,2026-04-01 12:51,69.00,54.00,3.00,230.00,30.01,0.00,10.00,CLR
NYC,2026-04-01 13:51,72.00,54.00,5.00,M,30.02,0.00,10.00,CLR
NYC,2026-04-01 14:51,74.00,54.00,5.00,250.00,30.03,0.00,10.00,CLR
NYC,2026-04-01 15:51,76.00,55.00,3.00,M,30.03,0.00,10.00,CLR
NYC,2026-04-01 16:51,77.00,56.00,3.00,M,30.05,0.00,10.00,OVC
NYC,2026-04-01 17:51,78.00,56.00,6.00,240.00,30.05,0.00,10.00,SCT
NYC,2026-04-01 18:51,79.00,55.00,7.00,220.00,30.04,0.00,10.00,SCT
NYC,2026-04-01 19:51,74.00,57.00,5.00,M,30.07,0.00,10.00,BKN
NYC,2026-04-01 20:51,74.00,56.00,M,M,30.10,0.00,10.00,OVC
NYC,2026-04-01 21:51,71.00,55.00,4.00,M,30.12,0.00,10.00,SCT
NYC,2026-04-01 22:51,66.00,54.00,10.00,30.00,30.16,0.00,10.00,OVC
NYC,2026-04-01 23:51,61.00,49.00,8.00,10.00,30.18,0.00,10.00,BKN
NYC,2026-04-02 00:51,58.00,48.00,7.00,360.00,30.22,0.00,10.00,FEW
NYC,2026-04-02 01:51,58.00,46.00,7.00,50.00,30.25,0.00,10.00,FEW
NYC,2026-04-02 02:51,58.00,45.00,8.00,40.00,30.24,0.00,10.00,SCT
NYC,2026-04-02 03:51,55.00,47.00,13.00,70.00,30.27,T,8.00,OVC
NYC,2026-04-02 04:51,51.00,49.00,11.00,60.00,30.29,0.07,3.00,BKN
NYC,2026-04-02 05:51,50.00,47.00,7.00,60.00,30.32,0.03,10.00,BKN
NYC,2026-04-02 06:51,49.00,44.00,9.00,80.00,30.32,0.00,10.00,SCT
NYC,2026-04-02 07:51,48.00,42.00,10.00,90.00,30.33,0.00,10.00,OVC
NYC,2026-04-02 08:51,47.00,41.00,12.00,80.00,30.34,T,8.00,BKN
NYC,2026-04-02 09:51,45.00,43.00,11.00,60.00,30.35,0.06,10.00,BKN
NYC,2026-04-02 10:51,44.00,42.00,10.00,60.00,30.38,0.00,10.00,OVC
NYC,2026-04-02 11:51,44.00,41.00,11.00,80.00,30.41,0.00,4.00,OVC
NYC,2026-04-02 12:51,43.00,40.00,9.00,70.00,30.44,0.00,10.00,BKN
NYC,2026-04-02 13:51,43.00,39.00,9.00,90.00,30.46,0.00,10.00,OVC
NYC,2026-04-02 14:51,43.00,39.00,9.00,70.00,30.47,0.00,10.00,OVC
NYC,2026-04-02 15:51,43.00,39.00,11.00,70.00,30.46,0.00,6.00,OVC
NYC,2026-04-02 16:51,43.00,39.00,M,M,30.48,0.00,10.00,OVC
NYC,2026-04-02 17:51,44.00,38.00,11.00,60.00,30.48,0.00,10.00,OVC
NYC,2026-04-02 18:51,44.00,38.00,13.00,50.00,30.47,0.00,10.00,OVC
NYC,2026-04-02 19:51,43.00,38.00,M,M,30.46,0.00,9.00,OVC
NYC,2026-04-02 20:51,43.00,39.00,6.00,60.00,30.47,0.00,10.00,OVC
NYC,2026-04-02 21:51,43.00,39.00,9.00,70.00,30.47,0.00,8.00,OVC
NYC,2026-04-02 22:51,42.00,39.00,10.00,80.00,30.47,0.00,9.00,OVC
NYC,2026-04-02 23:51,42.00,39.00,6.00,60.00,30.47,0.00,4.00,OVC
NYC,2026-04-03 00:51,42.00,40.00,8.00,80.00,30.48,0.00,4.00,OVC
NYC,2026-04-03 01:51,42.00,40.00,10.00,60.00,30.48,0.00,4.00,OVC
NYC,2026-04-03 02:51,41.00,40.00,9.00,70.00,30.47,T,3.00,OVC
NYC,2026-04-03 03:51,41.00,40.00,4.00,M,30.46,T,5.00,OVC
NYC,2026-04-03 04:51,41.00,39.00,5.00,50.00,30.45,T,2.50,OVC
NYC,2026-04-03 05:51,41.00,40.00,4.00,80.00,30.45,T,5.00,OVC
NYC,2026-04-03 06:51,41.00,40.00,6.00,80.00,30.43,0.00,6.00,OVC
NYC,2026-04-03 07:51,41.00,40.00,5.00,M,30.40,0.00,6.00,OVC
NYC,2026-04-03 08:51,41.00,40.00,5.00,70.00,30.38,0.00,2.50,OVC
NYC,2026-04-03 09:51,41.00,40.00,4.00,60.00,30.37,0.00,3.00,OVC
NYC,2026-04-03 10:51,41.00,40.00,4.00,60.00,30.36,0.00,2.50,OVC
NYC,2026-04-03 11:51,42.00,41.00,0.00,0.00,30.36,0.00,1.75,OVC
NYC,2026-04-03 12:51,43.00,43.00,0.00,0.00,30.33,0.00,2.00,OVC
NYC,2026-04-03 13:51,44.00,43.00,0.00,0.00,30.33,0.00,4.00,OVC
NYC,2026-04-03 14:51,47.00,44.00,0.00,0.00,30.31,0.00,5.00,OVC
NYC,2026-04-03 15:51,52.00,47.00,3.00,M,30.27,0.00,10.00,OVC
NYC,2026-04-03 16:51,52.00,46.00,6.00,260.00,30.26,0.00,M,OVC
NYC,2026-04-03 17:51,56.00,48.00,M,M,30.24,0.00,10.00,OVC
NYC,2026-04-03 18:51,59.00,50.00,M,M,30.21,0.00,10.00,BKN
NYC,2026-04-03 19:51,62.00,51.00,0.00,0.00,30.19,0.00,10.00,CLR
NYC,2026-04-03 20:51,63.00,52.00,M,M,30.17,0.00,10.00,CLR
NYC,2026-04-03 21:51,65.00,53.00,5.00,240.00,30.16,0.00,10.00,CLR
NYC,2026-04-03 22:51,65.00,54.00,4.00,230.00,30.15,0.00,10.00,CLR
NYC,2026-04-03 23:51,64.00,55.00,M,M,30.13,0.00,10.00,CLR
NYC,2026-04-04 00:51,64.00,55.00,0.00,0.00,30.13,0.00,10.00,FEW
NYC,2026-04-04 01:51,62.00,56.00,3.00,270.00,30.15,0.00,10.00,CLR
NYC,2026-04-04 02:51,63.00,56.00,3.00,M,30.14,0.00,10.00,CLR
NYC,2026-04-04 03:51,62.00,56.00,3.00,M,30.12,0.00,10.00,CLR
NYC,2026-04-04 04:51,62.00,57.00,7.00,300.00,30.13,0.00,9.00,OVC
NYC,2026-04-04 05:51,61.00,56.00,3.00,M,30.12,0.00,10.00,FEW
NYC,2026-04-04 06:51,64.00,57.00,0.00,0.00,30.11,0.00,10.00,CLR
NYC,2026-04-04 07:51,62.00,57.00,4.00,220.00,30.12,0.00,10.00,FEW
NYC,2026-04-04 08:51,63.00,57.00,M,M,30.12,0.00,10.00,FEW
NYC,2026-04-04 09:51,62.00,56.00,3.00,280.00,30.13,0.00,10.00,CLR
NYC,2026-04-04 10:51,62.00,57.00,3.00,260.00,30.15,0.00,9.00,CLR
NYC,2026-04-04 11:51,63.00,57.00,4.00,M,30.19,0.00,9.00,CLR
NYC,2026-04-04 12:51,64.00,56.00,3.00,M,30.20,0.00,10.00,CLR
NYC,2026-04-04 13:51,66.00,55.00,7.00,50.00,30.22,0.00,10.00,FEW
NYC,2026-04-04 14:51,67.00,53.00,6.00,M,30.23,0.00,10.00,FEW
NYC,2026-04-04 15:51,67.00,51.00,7.00,30.00,30.23,0.00,10.00,CLR
NYC,2026-04-04 16:51,68.00,52.00,8.00,90.00,30.23,0.00,10.00,CLR
NYC,2026-04-04 17:51,71.00,51.00,5.00,80.00,30.22,0.00,10.00,CLR
NYC,2026-04-04 18:51,69.00,50.00,M,M,30.22,0.00,10.00,BKN
NYC,2026-04-04 19:51,61.00,45.00,10.00,130.00,30.24,0.00,10.00,OVC
NYC,2026-04-04 20:51,58.00,43.00,8.00,90.00,30.25,0.00,10.00,OVC
NYC,2026-04-04 21:51,53.00,42.00,6.00,M,30.25,T,10.00,BKN
NYC,2026-04-04 22:51,51.00,39.00,6.00,130.00,30.26,0.00,10.00,OVC
NYC,2026-04-04 23:51,49.00,38.00,15.00,90.00,30.26,0.00,10.00,OVC
NYC,2026-04-05 00:51,48.00,37.00,9.00,100.00,30.26,0.00,10.00,OVC
NYC,2026-04-05 01:51,47.00,37.00,13.00,110.00,30.26,0.00,10.00,OVC
NYC,2026-04-05 02:51,44.00,40.00,M,M,30.24,0.00,7.00,OVC
NYC,2026-04-05 03:51,43.00,41.00,8.00,100.00,30.21,T,4.00,OVC
NYC,2026-04-05 04:51,42.00,41.00,7.00,100.00,30.18,0.00,3.00,OVC
NYC,2026-04-05 05:51,42.00,41.00,7.00,60.00,30.14,0.00,3.00,OVC
NYC,2026-04-05 06:51,42.00,41.00,7.00,60.00,30.09,0.00,2.50,OVC
NYC,2026-04-05 07:51,42.00,41.00,3.00,M,30.04,0.00,3.00,OVC
NYC,2026-04-05 08:51,43.00,42.00,3.00,M,29.99,0.00,3.00,OVC
NYC,2026-04-05 09:51,43.00,43.00,5.00,M,29.95,0.00,2.50,OVC
NYC,2026-04-05 10:51,44.00,43.00,5.00,60.00,29.93,0.00,1.00,OVC
NYC,2026-04-05 11:51,44.00,44.00,4.00,50.00,29.90,0.00,0.50,VV 
NYC,2026-04-05 12:51,45.00,44.00,3.00,90.00,29.88,0.00,1.25,OVC
NYC,2026-04-05 13:51,47.00,46.00,3.00,M,29.86,0.00,5.00,BKN
NYC,2026-04-05 14:51,51.00,49.00,3.00,50.00,29.84,0.00,7.00,OVC
NYC,2026-04-05 15:51,50.00,47.00,5.00,M,29.88,0.00,5.00,BKN
NYC,2026-04-05 16:51,53.00,52.00,0.00,0.00,29.83,0.05,1.75,FEW
NYC,2026-04-05 17:51,57.00,55.00,M,M,29.81,0.04,2.50,OVC
NYC,2026-04-05 18:51,56.00,52.00,8.00,240.00,29.81,0.04,10.00,OVC
NYC,2026-04-05 19:51,55.00,50.00,6.00,M,29.78,0.03,5.00,OVC
NYC,2026-04-05 20:51,55.00,52.00,6.00,250.00,29.79,0.03,10.00,BKN
NYC,2026-04-05 21:51,56.00,52.00,M,M,29.80,0.00,10.00,CLR
NYC,2026-04-05 22:51,56.00,49.00,5.00,M,29.83,0.00,10.00,BKN
NYC,2026-04-05 23:51,52.00,42.00,M,M,29.87,0.00,10.00,BKN
NYC,2026-04-06 00:51,50.00,40.00,8.00,300.00,29.91,0.00,10.00,OVC
NYC,2026-04-06 01:51,50.00,39.00,6.00,290.00,29.93,0.00,10.00,OVC
NYC,2026-04-06 02:51,50.00,40.00,M,M,29.93,0.00,10.00,OVC
NYC,2026-04-06 03:51,48.00,37.00,8.00,300.00,29.95,T,10.00,BKN
NYC,2026-04-06 04:51,47.00,32.00,M,M,29.95,0.00,10.00,OVC
NYC,2026-04-06 05:51,48.00,30.00,8.00,250.00,29.94,0.00,10.00,OVC
NYC,2026-04-06 06:51,47.00,29.00,7.00,280.00,29.94,0.00,10.00,OVC
NYC,2026-04-06 07:51,45.00,27.00,8.00,280.00,29.97,0.00,10.00,SCT
NYC,2026-04-06 08:51,43.00,24.00,7.00,280.00,30.00,0.00,10.00,BKN
NYC,2026-04-06 09:51,42.00,23.00,10.00,310.00,30.01,0.00,10.00,OVC
NYC,2026-04-06 10:51,41.00,23.00,11.00,310.00,30.02,0.00,10.00,FEW
NYC,2026-04-06 11:51,41.00,23.00,9.00,290.00,30.05,0.00,10.00,CLR
NYC,2026-04-06 12:51,42.00,22.00,9.00,300.00,30.07,0.00,10.00,CLR
NYC,2026-04-06 13:51,44.00,23.00,8.00,300.00,30.07,0.00,10.00,CLR
NYC,2026-04-06 14:51,46.00,23.00,5.00,M,30.08,0.00,10.00,CLR
NYC,2026-04-06 15:51,49.00,24.00,M,M,30.07,0.00,10.00,FEW
NYC,2026-04-06 16:51,50.00,22.00,9.00,300.00,30.06,0.00,10.00,CLR
NYC,2026-04-06 17:51,52.00,22.00,9.00,290.00,30.05,0.00,10.00,CLR
NYC,2026-04-06 18:51,53.00,22.00,M,M,30.03,0.00,10.00,CLR
NYC,2026-04-06 19:51,55.00,21.00,11.00,310.00,30.02,0.00,10.00,FEW
NYC,2026-04-06 20:51,54.00,20.00,5.00,M,30.02,0.00,10.00,BKN
NYC,2026-04-06 21:51,54.00,22.00,4.00,300.00,30.03,0.00,10.00,OVC
NYC,2026-04-06 22:51,53.00,22.00,6.00,M,30.05,0.00,10.00,BKN
NYC,2026-04-06 23:51,51.00,23.00,4.00,M,30.08,0.00,10.00,SCT
NYC,2026-04-07 00:51,50.00,24.00,4.00,310.00,30.10,0.00,10.00,FEW
NYC,2026-04-07 01:51,48.00,26.00,3.00,50.00,30.11,0.00,10.00,CLR
NYC,2026-04-07 02:51,48.00,28.00,4.00,70.00,30.11,0.00,10.00,OVC
NYC,2026-04-07 03:51,49.00,29.00,3.00,M,30.11,0.00,10.00,OVC
NYC,2026-04-07 04:51,48.00,29.00,M,M,30.11,0.00,10.00,BKN
NYC,2026-04-07 05:51,48.00,31.00,M,M,30.13,T,10.00,OVC
NYC,2026-04-07 06:51,47.00,32.00,0.00,0.00,30.09,T,10.00,OVC
NYC,2026-04-07 07:51,48.00,34.00,0.00,0.00,30.09,0.00,10.00,OVC
NYC,2026-04-07 08:51,48.00,33.00,3.00,M,30.09,0.00,10.00,BKN
NYC,2026-04-07 09:51,50.00,30.00,10.00,240.00,30.09,0.00,10.00,OVC
NYC,2026-04-07 10:51,48.00,31.00,0.00,0.00,30.11,0.00,10.00,OVC
NYC,2026-04-07 11:51,48.00,31.00,8.00,280.00,30.14,0.00,10.00,OVC
NYC,2026-04-07 12:51,48.00,31.00,6.00,270.00,30.14,0.00,10.00,CLR
NYC,2026-04-07 13:51,51.00,30.00,6.00,M,30.15,0.00,10.00,CLR
NYC,2026-04-07 14:51,51.00,26.00,8.00,280.00,30.17,0.00,10.00,BKN
NYC,2026-04-07 15:51,50.00,26.00,5.00,M,30.18,0.00,10.00,BKN
NYC,2026-04-07 16:51,52.00,21.00,6.00,M,30.18,0.00,10.00,BKN
NYC,2026-04-07 17:51,54.00,19.00,10.00,280.00,30.19,0.00,10.00,SCT
NYC,2026-04-07 18:51,53.00,17.00,16.00,300.00,30.21,0.00,10.00,SCT
NYC,2026-04-07 19:51,49.00,10.00,11.00,310.00,30.26,0.00,10.00,CLR
NYC,2026-04-07 20:51,47.00,10.00,15.00,310.00,30.28,0.00,10.00,CLR
NYC,2026-04-07 21:51,46.00,10.00,9.00,310.00,30.32,0.00,10.00,CLR
NYC,2026-04-07 22:51,43.00,9.00,9.00,310.00,30.36,0.00,10.00,CLR
NYC,2026-04-07 23:51,41.00,10.00,10.00,300.00,30.41,0.00,10.00,CLR
NYC,2026-04-08 00:51,38.00,13.00,9.00,310.00,30.45,0.00,10.00,CLR
NYC,2026-04-08 01:51,36.00,13.00,M,M,30.48,0.00,10.00,CLR
NYC,2026-04-08 02:51,35.00,14.00,M,M,30.49,0.00,10.00,CLR
NYC,2026-04-08 03:51,34.00,14.00,M,M,30.51,0.00,10.00,CLR
NYC,2026-04-08 04:51,33.00,13.00,M,M,30.54,0.00,10.00,CLR
NYC,2026-04-08 05:51,32.00,12.00,6.00,M,30.54,0.00,10.00,CLR
NYC,2026-04-08 06:51,31.00,13.00,5.00,320.00,30.53,0.00,10.00,CLR
NYC,2026-04-08 07:51,31.00,13.00,6.00,M,30.55,0.00,10.00,CLR
NYC,2026-04-08 08:51,30.00,14.00,4.00,M,30.56,0.00,10.00,CLR
NYC,2026-04-08 09:51,31.00,15.00,M,M,30.58,0.00,10.00,CLR
NYC,2026-04-08 10:51,31.00,15.00,10.00,20.00,30.60,0.00,10.00,CLR
NYC,2026-04-08 11:51,32.00,14.00,17.00,40.00,30.63,0.00,10.00,CLR
NYC,2026-04-08 12:51,34.00,14.00,12.00,40.00,30.64,0.00,10.00,CLR
NYC,2026-04-08 13:51,38.00,14.00,6.00,60.00,30.65,0.00,10.00,CLR
NYC,2026-04-08 14:51,38.00,15.00,6.00,90.00,30.66,0.00,10.00,CLR
NYC,2026-04-08 15:51,42.00,15.00,0.00,0.00,30.65,0.00,10.00,CLR
NYC,2026-04-08 16:51,45.00,10.00,3.00,M,30.64,0.00,10.00,CLR
NYC,2026-04-08 17:51,46.00,5.00,M,M,30.62,0.00,10.00,CLR
NYC,2026-04-08 18:51,50.00,8.00,6.00,50.00,30.61,0.00,10.00,CLR
NYC,2026-04-08 19:51,50.00,11.00,4.00,M,30.59,0.00,10.00,CLR
NYC,2026-04-08 20:51,45.00,18.00,7.00,140.00,30.60,0.00,10.00,CLR
NYC,2026-04-08 21:51,43.00,22.00,8.00,170.00,30.61,0.00,10.00,CLR
NYC,2026-04-08 22:51,41.00,23.00,6.00,M,30.61,0.00,10.00,CLR
NYC,2026-04-08 23:51,40.00,24.00,3.00,160.00,30.60,0.00,10.00,CLR
NYC,2026-04-09 00:51,39.00,26.00,M,M,30.61,0.00,10.00,CLR
NYC,2026-04-09 01:51,39.00,27.00,0.00,0.00,30.63,0.00,10.00,CLR
NYC,2026-04-09 02:51,39.00,27.00,0.00,0.00,30.63,0.00,10.00,CLR
NYC,2026-04-09 03:51,38.00,27.00,3.00,140.00,30.63,0.00,10.00,CLR
NYC,2026-04-09 04:51,39.00,29.00,0.00,0.00,30.64,0.00,10.00,CLR
NYC,2026-04-09 05:51,38.00,28.00,0.00,0.00,30.62,0.00,10.00,CLR
NYC,2026-04-09 06:51,38.00,30.00,3.00,290.00,30.60,0.00,10.00,CLR
NYC,2026-04-09 07:51,36.00,30.00,0.00,0.00,30.60,0.00,10.00,CLR
NYC,2026-04-09 08:51,36.00,29.00,3.00,300.00,30.61,0.00,10.00,CLR
NYC,2026-04-09 09:51,35.00,29.00,0.00,0.00,30.62,0.00,10.00,CLR
NYC,2026-04-09 10:51,36.00,29.00,0.00,0.00,30.63,0.00,10.00,CLR
NYC,2026-04-09 11:51,39.00,31.00,6.00,130.00,30.64,0.00,10.00,CLR
NYC,2026-04-09 12:51,42.00,31.00,4.00,140.00,30.64,0.00,10.00,FEW
NYC,2026-04-09 13:51,44.00,31.00,3.00,M,30.63,0.00,10.00,CLR
NYC,2026-04-09 14:51,46.00,30.00,5.00,M,30.62,0.00,10.00,CLR
NYC,2026-04-09 15:51,48.00,30.00,5.00,M,30.61,0.00,10.00,CLR
NYC,2026-04-09 16:51,49.00,32.00,M,M,30.60,0.00,10.00,CLR
NYC,2026-04-09 17:51,49.00,32.00,3.00,M,30.59,0.00,10.00,CLR
NYC,2026-04-09 18:51,50.00,32.00,7.00,180.00,30.57,0.00,10.00,CLR
NYC,2026-04-09 19:51,49.00,33.00,9.00,160.00,30.54,0.00,10.00,CLR
NYC,2026-04-09 20:51,47.00,33.00,9.00,160.00,30.52,0.00,10.00,CLR
NYC,2026-04-09 21:51,47.00,34.00,5.00,M,30.51,0.00,10.00,CLR
NYC,2026-04-09 22:51,45.00,35.00,4.00,M,30.50,0.00,10.00,CLR
NYC,2026-04-09 23:51,43.00,35.00,M,M,30.50,0.00,10.00,CLR
NYC,2026-04-10 00:51,42.00,36.00,3.00,M,30.50,0.00,10.00,FEW
NYC,2026-04-10 01:51,42.00,36.00,M,M,30.50,0.00,10.00,SCT
NYC,2026-04-10 02:51,42.00,37.00,5.00,M,30.49,0.00,10.00,SCT
NYC,2026-04-10 03:51,42.00,37.00,4.00,M,30.48,0.00,10.00,CLR
NYC,2026-04-10 04:51,42.00,37.00,0.00,0.00,30.48,0.00,10.00,CLR
NYC,2026-04-10 05:51,41.00,37.00,0.00,0.00,30.46,0.00,10.00,CLR
NYC,2026-04-10 06:51,41.00,37.00,0.00,0.00,30.43,0.00,10.00,FEW
NYC,2026-04-10 07:51,41.00,37.00,5.00,280.00,30.42,0.00,10.00,CLR
NYC,2026-04-10 08:51,40.00,37.00,0.00,0.00,30.41,0.00,10.00,CLR
NYC,2026-04-10 09:51,40.00,37.00,3.00,300.00,30.41,0.00,8.00,CLR
NYC,2026-04-10 10:51,41.00,37.00,0.00,0.00,30.40,0.00,6.00,CLR
NYC,2026-04-10 11:51,42.00,37.00,0.00,0.00,30.41,0.00,5.00,CLR
NYC,2026-04-10 12:51,44.00,37.00,5.00,M,30.40,0.00,6.00,CLR
NYC,2026-04-10 13:51,48.00,38.00,0.00,0.00,30.37,0.00,6.00,CLR
NYC,2026-04-10 14:51,51.00,38.00,3.00,M,30.37,0.00,9.00,CLR
NYC,2026-04-10 15:51,55.00,38.00,8.00,200.00,30.34,0.00,10.00,CLR
NYC,2026-04-10 16:51,58.00,38.00,4.00,M,30.31,0.00,10.00,CLR
NYC,2026-04-10 17:51,62.00,39.00,5.00,M,30.28,0.00,10.00,CLR
NYC,2026-04-10 18:51,63.00,40.00,9.00,130.00,30.25,0.00,10.00,CLR
NYC,2026-04-10 19:51,58.00,40.00,7.00,150.00,30.23,0.00,10.00,CLR
NYC,2026-04-10 20:51,56.00,39.00,M,M,30.20,0.00,10.00,CLR
NYC,2026-04-10 21:51,52.00,41.00,8.00,130.00,30.19,0.00,10.00,CLR
NYC,2026-04-10 22:51,51.00,41.00,M,M,30.17,0.00,10.00,CLR
NYC,2026-04-10 23:51,50.00,42.00,6.00,M,30.16,0.00,10.00,CLR
NYC,2026-04-11 00:51,51.00,43.00,0.00,0.00,30.16,0.00,10.00,CLR
NYC,2026-04-11 01:51,52.00,43.00,0.00,0.00,30.16,0.00,10.00,CLR
NYC,2026-04-11 02:51,56.00,43.00,3.00,M,30.14,0.00,10.00,BKN
NYC,2026-04-11 03:51,55.00,44.00,0.00,0.00,30.16,0.00,10.00,OVC
NYC,2026-04-11 04:51,56.00,43.00,3.00,M,30.14,0.00,10.00,SCT
NYC,2026-04-11 05:51,59.00,43.00,3.00,M,30.11,0.00,10.00,SCT
NYC,2026-04-11 06:51,58.00,44.00,M,M,30.08,0.00,10.00,OVC
NYC,2026-04-11 07:51,58.00,44.00,4.00,240.00,30.09,0.00,10.00,CLR
NYC,2026-04-11 08:51,56.00,44.00,5.00,M,30.12,0.00,10.00,FEW
NYC,2026-04-11 09:51,56.00,45.00,8.00,300.00,30.15,0.00,10.00,CLR
NYC,2026-04-11 10:51,53.00,43.00,8.00,310.00,30.19,0.00,10.00,CLR
NYC,2026-04-11 11:51,51.00,37.00,5.00,M,30.22,0.00,10.00,CLR
NYC,2026-04-11 12:51,52.00,35.00,7.00,350.00,30.25,0.00,10.00,CLR
NYC,2026-04-11 13:51,54.00,32.00,M,M,30.27,0.00,10.00,CLR
NYC,2026-04-11 14:51,55.00,30.00,5.00,M,30.28,0.00,10.00,CLR
NYC,2026-04-11 15:51,57.00,30.00,5.00,M,30.28,0.00,10.00,CLR
NYC,2026-04-11 16:51,60.00,31.00,M,M,30.27,0.00,10.00,CLR
NYC,2026-04-11 17:51,62.00,30.00,M,M,30.27,0.00,10.00,CLR
NYC,2026-04-11 18:51,62.00,27.00,M,M,30.26,0.00,10.00,CLR
NYC,2026-04-11 19:51,62.00,25.00,M,M,30.26,0.00,10.00,CLR
NYC,2026-04-11 20:51,62.00,25.00,5.00,M,30.26,0.00,10.00,CLR
NYC,2026-04-11 21:51,61.00,24.00,M,M,30.28,0.00,10.00,CLR
NYC,2026-04-11 22:51,60.00,24.00,9.00,310.00,30.30,0.00,10.00,CLR
NYC,2026-04-11 23:51,58.00,23.00,8.00,300.00,30.33,0.00,10.00,CLR
NYC,2026-04-12 00:51,56.00,25.00,0.00,0.00,30.36,0.00,10.00,CLR
NYC,2026-04-12 01:51,55.00,25.00,4.00,330.00,30.39,0.00,10.00,CLR
NYC,2026-04-12 02:51,53.00,25.00,7.00,40.00,30.39,0.00,10.00,CLR
NYC,2026-04-12 03:51,52.00,25.00,5.00,M,30.41,0.00,10.00,CLR
NYC,2026-04-12 04:51,49.00,27.00,10.00,40.00,30.43,0.00,10.00,CLR
NYC,2026-04-12 05:51,47.00,26.00,5.00,30.00,30.45,0.00,10.00,CLR
NYC,2026-04-12 06:51,45.00,26.00,4.00,30.00,30.46,0.00,10.00,CLR
NYC,2026-04-12 07:51,45.00,25.00,8.00,50.00,30.48,0.00,10.00,CLR
NYC,2026-04-12 08:51,44.00,26.00,5.00,M,30.50,0.00,10.00,CLR
NYC,2026-04-12 09:51,44.00,25.00,4.00,M,30.51,0.00,10.00,CLR
NYC,2026-04-12 10:51,44.00,25.00,7.00,60.00,30.52,0.00,10.00,CLR
NYC,2026-04-12 11:51,45.00,25.00,7.00,50.00,30.55,0.00,10.00,CLR
NYC,2026-04-12 12:51,47.00,24.00,7.00,60.00,30.55,0.00,10.00,CLR
NYC,2026-04-12 13:51,50.00,27.00,6.00,60.00,30.56,0.00,10.00,CLR
NYC,2026-04-12 14:51,53.00,28.00,4.00,M,30.56,0.00,10.00,CLR
NYC,2026-04-12 15:51,53.00,29.00,5.00,M,30.54,0.00,10.00,CLR
NYC,2026-04-12 16:51,54.00,27.00,M,M,30.52,0.00,10.00,CLR
NYC,2026-04-12 17:51,54.00,28.00,4.00,M,30.51,0.00,10.00,CLR
NYC,2026-04-12 18:51,53.00,26.00,8.00,180.00,30.48,0.00,10.00,CLR
NYC,2026-04-12 19:51,52.00,25.00,7.00,150.00,30.45,0.00,10.00,CLR
NYC,2026-04-12 20:51,52.00,30.00,0.00,0.00,30.43,0.00,10.00,CLR
NYC,2026-04-12 21:51,49.00,34.00,8.00,160.00,30.41,0.00,10.00,CLR
NYC,2026-04-12 22:51,48.00,36.00,7.00,150.00,30.40,0.00,10.00,CLR
NYC,2026-04-12 23:51,47.00,38.00,3.00,M,30.40,0.00,10.00,CLR
NYC,2026-04-13 00:51,47.00,39.00,4.00,M,30.40,0.00,10.00,CLR
NYC,2026-04-13 01:51,48.00,39.00,3.00,M,30.37,0.00,10.00,CLR
NYC,2026-04-13 02:51,49.00,40.00,4.00,M,30.35,0.00,10.00,CLR
NYC,2026-04-13 03:51,49.00,39.00,3.00,M,30.33,0.00,10.00,CLR
NYC,2026-04-13 04:51,50.00,37.00,3.00,M,30.32,0.00,10.00,CLR
NYC,2026-04-13 05:51,50.00,39.00,5.00,M,30.29,0.00,10.00,CLR
NYC,2026-04-13 06:51,50.00,40.00,M,M,30.25,0.00,10.00,CLR
NYC,2026-04-13 07:51,51.00,42.00,0.00,0.00,30.23,0.00,10.00,FEW
NYC,2026-04-13 08:51,50.00,43.00,0.00,0.00,30.21,0.00,10.00,FEW
NYC,2026-04-13 09:51,52.00,45.00,0.00,0.00,30.20,0.00,10.00,BKN
NYC,2026-04-13 10:51,51.00,46.00,3.00,20.00,30.18,0.00,10.00,OVC
NYC,2026-04-13 11:51,53.00,48.00,0.00,0.00,30.17,0.00,8.00,OVC
NYC,2026-04-13 12:51,57.00,51.00,5.00,M,30.16,0.00,10.00,OVC
NYC,2026-04-13 13:51,59.00,52.00,4.00,240.00,30.12,0.00,10.00,OVC
NYC,2026-04-13 14:51,63.00,53.00,0.00,0.00,30.09,0.00,10.00,FEW
NYC,2026-04-13 15:51,68.00,55.00,3.00,M,30.05,0.00,10.00,CLR
NYC,2026-04-13 16:51,72.00,56.00,M,M,30.03,0.00,10.00,CLR
NYC,2026-04-13 17:51,74.00,56.00,6.00,M,29.99,0.00,10.00,SCT
NYC,2026-04-13 18:51,75.00,57.00,3.00,M,29.98,T,10.00,FEW
NYC,2026-04-13 19:51,77.00,55.00,M,M,29.96,T,10.00,CLR
NYC,2026-04-13 20:51,78.00,55.00,5.00,M,29.94,0.00,10.00,CLR
NYC,2026-04-13 21:51,79.00,55.00,5.00,M,29.93,0.00,10.00,CLR
NYC,2026-04-13 22:51,78.00,53.00,8.00,240.00,29.94,0.00,10.00,CLR
NYC,2026-04-13 23:51,76.00,54.00,3.00,230.00,29.95,0.00,10.00,CLR
NYC,2026-04-14 00:51,74.00,53.00,4.00,M,29.97,0.00,10.00,CLR
NYC,2026-04-14 01:51,73.00,52.00,M,M,29.99,0.00,10.00,CLR
NYC,2026-04-14 02:51,74.00,52.00,0.00,0.00,30.01,0.00,10.00,BKN
NYC,2026-04-14 03:51,72.00,52.00,8.00,240.00,30.01,0.00,10.00,FEW
NYC,2026-04-14 04:51,71.00,54.00,5.00,220.00,30.02,0.00,10.00,CLR
NYC,2026-04-14 05:51,70.00,54.00,5.00,240.00,30.01,0.00,10.00,CLR
NYC,2026-04-14 06:51,69.00,55.00,3.00,M,30.00,0.00,10.00,CLR
NYC,2026-04-14 07:51,67.00,56.00,4.00,250.00,30.00,0.00,10.00,CLR
NYC,2026-04-14 08:51,67.00,56.00,0.00,0.00,30.00,0.00,10.00,CLR
NYC,2026-04-14 09:51,65.00,56.00,0.00,0.00,30.00,0.00,10.00,CLR
NYC,2026-04-14 10:51,66.00,56.00,0.00,0.00,30.02,0.00,10.00,CLR
NYC,2026-04-14 11:51,68.00,57.00,0.00,0.00,30.03,0.00,10.00,CLR
NYC,2026-04-14 12:51,71.00,57.00,0.00,0.00,30.02,0.00,10.00,CLR
NYC,2026-04-14 13:51,75.00,57.00,5.00,260.00,30.02,0.00,10.00,CLR
NYC,2026-04-14 14:51,78.00,57.00,8.00,240.00,30.01,0.00,10.00,CLR
NYC,2026-04-14 15:51,81.00,56.00,5.00,M,30.00,0.00,10.00,CLR
NYC,2026-04-14 16:51,84.00,57.00,4.00,M,29.96,0.00,10.00,CLR
NYC,2026-04-14 17:51,85.00,56.00,3.00,M,29.94,0.00,10.00,CLR
NYC,2026-04-14 18:51,86.00,56.00,5.00,M,29.92,0.00,10.00,CLR
NYC,2026-04-14 19:51,81.00,56.00,7.00,150.00,29.89,0.00,10.00,FEW
NYC,2026-04-14 20:51,84.00,55.00,4.00,M,29.84,0.00,10.00,CLR
NYC,2026-04-14 21:51,85.00,55.00,11.00,220.00,29.84,0.00,10.00,CLR
NYC,2026-04-14 22:51,83.00,56.00,7.00,220.00,29.85,0.00,10.00,FEW
NYC,2026-04-14 23:51,81.00,56.00,M,M,29.85,0.00,10.00,CLR
NYC,2026-04-15 00:51,80.00,55.00,5.00,M,29.87,0.00,10.00,CLR
NYC,2026-04-15 01:51,80.00,55.00,M,M,29.89,0.00,10.00,CLR
NYC,2026-04-15 02:51,76.00,56.00,9.00,300.00,29.93,T,10.00,FEW
NYC,2026-04-15 03:51,71.00,58.00,3.00,M,29.91,T,10.00,FEW
NYC,2026-04-15 04:51,72.00,58.00,4.00,220.00,29.93,T,10.00,CLR
NYC,2026-04-15 05:51,72.00,57.00,0.00,0.00,29.93,0.00,10.00,SCT
NYC,2026-04-15 06:51,71.00,58.00,6.00,280.00,29.92,0.00,10.00,CLR
NYC,2026-04-15 07:51,70.00,58.00,3.00,M,29.92,0.00,10.00,CLR
NYC,2026-04-15 08:51,69.00,58.00,3.00,260.00,29.92,0.00,10.00,CLR
NYC,2026-04-15 09:51,69.00,58.00,0.00,0.00,29.92,0.00,10.00,CLR
NYC,2026-04-15 10:51,69.00,58.00,3.00,240.00,29.94,0.00,10.00,CLR
NYC,2026-04-15 11:51,70.00,59.00,4.00,260.00,29.96,0.00,10.00,CLR
NYC,2026-04-15 12:51,72.00,59.00,3.00,260.00,29.98,0.00,10.00,FEW
NYC,2026-04-15 13:51,76.00,59.00,5.00,220.00,29.97,0.00,10.00,CLR
NYC,2026-04-15 14:51,79.00,59.00,9.00,240.00,29.96,0.00,10.00,FEW
NYC,2026-04-15 15:51,82.00,60.00,5.00,M,29.93,0.00,10.00,CLR
NYC,2026-04-15 16:51,83.00,60.00,7.00,220.00,29.90,0.00,9.00,CLR
NYC,2026-04-15 17:51,86.00,61.00,6.00,220.00,29.89,0.00,10.00,FEW
NYC,2026-04-15 18:51,87.00,60.00,3.00,M,29.88,0.00,10.00,CLR
NYC,2026-04-15 19:51,88.00,60.00,8.00,230.00,29.86,0.00,10.00,FEW
NYC,2026-04-15 20:51,88.00,60.00,6.00,M,29.84,0.00,10.00,FEW
NYC,2026-04-15 21:51,87.00,60.00,0.00,0.00,29.86,0.00,10.00,FEW
NYC,2026-04-15 22:51,85.00,61.00,M,M,29.86,0.00,10.00,CLR
NYC,2026-04-15 23:51,84.00,59.00,6.00,M,29.87,0.00,10.00,FEW
NYC,2026-04-16 00:51,83.00,59.00,4.00,230.00,29.89,0.00,10.00,SCT
NYC,2026-04-16 01:51,82.00,59.00,5.00,M,29.90,0.00,10.00,CLR
NYC,2026-04-16 02:51,80.00,58.00,M,M,29.90,0.00,10.00,CLR
NYC,2026-04-16 03:51,80.00,58.00,3.00,M,29.89,0.00,10.00,CLR
NYC,2026-04-16 04:51,78.00,59.00,5.00,M,29.90,0.00,10.00,CLR
NYC,2026-04-16 05:51,77.00,59.00,3.00,M,29.88,0.00,10.00,CLR
NYC,2026-04-16 06:51,76.00,59.00,0.00,0.00,29.88,0.00,10.00,CLR
NYC,2026-04-16 07:51,75.00,58.00,3.00,M,29.91,0.00,10.00,CLR
NYC,2026-04-16 08:51,72.00,58.00,0.00,0.00,29.90,0.00,10.00,CLR
NYC,2026-04-16 09:51,73.00,58.00,3.00,270.00,29.91,0.00,10.00,CLR
NYC,2026-04-16 10:51,73.00,59.00,0.00,0.00,29.92,0.00,10.00,CLR
NYC,2026-04-16 11:51,76.00,59.00,0.00,0.00,29.92,0.00,10.00,CLR
NYC,2026-04-16 12:51,77.00,59.00,3.00,M,29.93,0.00,10.00,CLR
NYC,2026-04-16 13:51,79.00,60.00,0.00,0.00,29.93,0.00,10.00,CLR
NYC,2026-04-16 14:51,83.00,60.00,0.00,0.00,29.92,0.00,10.00,CLR
NYC,2026-04-16 15:51,85.00,60.00,7.00,220.00,29.91,0.00,10.00,CLR
NYC,2026-04-16 16:51,87.00,60.00,0.00,0.00,29.88,0.00,10.00,CLR
NYC,2026-04-16 17:51,88.00,60.00,3.00,M,29.85,0.00,10.00,CLR
NYC,2026-04-16 18:51,88.00,59.00,4.00,150.00,29.83,0.00,10.00,CLR
NYC,2026-04-16 19:51,86.00,59.00,M,M,29.80,0.00,10.00,CLR
NYC,2026-04-16 20:51,83.00,57.00,4.00,M,29.78,0.00,10.00,CLR
NYC,2026-04-16 21:51,82.00,55.00,M,M,29.77,0.00,10.00,CLR
NYC,2026-04-16 22:51,82.00,56.00,4.00,170.00,29.75,0.00,10.00,CLR
NYC,2026-04-16 23:51,79.00,56.00,0.00,0.00,29.74,0.00,10.00,CLR
NYC,2026-04-17 00:51,77.00,56.00,0.00,0.00,29.75,0.00,10.00,CLR
NYC,2026-04-17 01:51,77.00,56.00,0.00,0.00,29.76,0.00,10.00,CLR
NYC,2026-04-17 02:51,78.00,56.00,3.00,M,29.74,0.00,10.00,CLR
NYC,2026-04-17 03:51,78.00,56.00,6.00,M,29.74,0.00,9.00,CLR
NYC,2026-04-17 04:51,77.00,57.00,9.00,300.00,29.78,0.00,8.00,OVC
NYC,2026-04-17 05:51,72.00,57.00,M,M,29.78,0.00,10.00,CLR
NYC,2026-04-17 06:51,71.00,58.00,3.00,M,29.77,0.00,10.00,CLR
NYC,2026-04-17 07:51,71.00,58.00,M,M,29.75,0.00,10.00,CLR
NYC,2026-04-17 08:51,69.00,59.00,4.00,290.00,29.79,T,10.00,OVC
NYC,2026-04-17 09:51,68.00,59.00,3.00,M,29.81,T,10.00,OVC
NYC,2026-04-17 10:51,69.00,58.00,3.00,280.00,29.84,0.00,10.00,BKN
NYC,2026-04-17 11:51,69.00,58.00,6.00,300.00,29.86,0.00,10.00,CLR
NYC,2026-04-17 12:51,70.00,58.00,6.00,M,29.86,0.00,10.00,CLR
NYC,2026-04-17 13:51,73.00,58.00,4.00,M,29.87,0.00,10.00,CLR
NYC,2026-04-17 14:51,76.00,57.00,0.00,0.00,29.88,0.00,10.00,BKN
NYC,2026-04-17 15:51,78.00,56.00,4.00,M,29.88,0.00,10.00,SCT
NYC,2026-04-17 16:51,80.00,54.00,4.00,M,29.86,0.00,10.00,SCT
NYC,2026-04-17 17:51,79.00,54.00,5.00,M,29.86,T,10.00,BKN
NYC,2026-04-17 18:51,69.00,66.00,0.00,0.00,29.88,0.26,7.00,BKN
NYC,2026-04-17 19:51,75.00,59.00,3.00,90.00,29.87,T,10.00,FEW
NYC,2026-04-17 20:51,70.00,61.00,4.00,M,29.90,0.01,10.00,FEW
NYC,2026-04-17 21:51,74.00,57.00,4.00,M,29.91,0.00,10.00,CLR
NYC,2026-04-17 22:51,74.00,57.00,5.00,M,29.93,0.00,10.00,CLR
NYC,2026-04-17 23:51,73.00,53.00,9.00,70.00,29.95,0.00,10.00,CLR
NYC,2026-04-18 00:51,67.00,58.00,7.00,60.00,30.00,0.00,10.00,SCT
NYC,2026-04-18 01:51,64.00,57.00,8.00,100.00,30.03,0.00,10.00,CLR
NYC,2026-04-18 02:51,62.00,56.00,4.00,M,30.03,0.00,10.00,CLR
NYC,2026-04-18 03:51,60.00,55.00,M,M,30.03,0.00,10.00,CLR
NYC,2026-04-18 04:51,59.00,54.00,5.00,50.00,30.04,0.00,10.00,CLR
NYC,2026-04-18 05:51,58.00,54.00,0.00,0.00,30.07,0.00,10.00,CLR
NYC,2026-04-18 06:51,57.00,54.00,4.00,110.00,30.06,0.00,10.00,CLR
NYC,2026-04-18 07:51,55.00,53.00,0.00,0.00,30.07,0.00,10.00,CLR
NYC,2026-04-18 08:51,54.00,53.00,4.00,60.00,30.07,0.00,10.00,CLR
NYC,2026-04-18 09:51,54.00,52.00,4.00,70.00,30.07,0.00,9.00,CLR
NYC,2026-04-18 10:51,55.00,52.00,6.00,90.00,30.07,0.00,8.00,CLR
NYC,2026-04-18 11:51,57.00,51.00,5.00,60.00,30.09,0.00,10.00,CLR
NYC,2026-04-18 12:51,58.00,50.00,6.00,M,30.10,0.00,10.00,CLR
NYC,2026-04-18 13:51,60.00,49.00,8.00,70.00,30.10,0.00,10.00,CLR
NYC,2026-04-18 14:51,62.00,50.00,8.00,40.00,30.10,0.00,10.00,CLR
NYC,2026-04-18 15:51,62.00,50.00,3.00,M,30.10,0.00,10.00,CLR
NYC,2026-04-18 16:51,63.00,50.00,6.00,100.00,30.09,0.00,10.00,OVC
NYC,2026-04-18 17:51,65.00,51.00,6.00,M,30.07,0.00,10.00,FEW
NYC,2026-04-18 18:51,63.00,51.00,6.00,70.00,30.06,0.00,10.00,SCT
NYC,2026-04-18 19:51,64.00,51.00,5.00,M,30.03,0.00,10.00,FEW
NYC,2026-04-18 20:51,63.00,51.00,3.00,M,30.01,0.00,10.00,CLR
NYC,2026-04-18 21:51,60.00,50.00,0.00,0.00,30.00,0.00,10.00,CLR
NYC,2026-04-18 22:51,55.00,49.00,3.00,170.00,30.00,0.00,10.00,OVC
NYC,2026-04-18 23:51,54.00,48.00,6.00,M,30.00,0.00,10.00,OVC
NYC,2026-04-19 00:51,52.00,48.00,7.00,120.00,30.00,0.00,10.00,OVC
NYC,2026-04-19 01:51,51.00,48.00,4.00,M,29.98,0.00,10.00,OVC
NYC,2026-04-19 02:51,50.00,47.00,6.00,130.00,29.96,0.00,10.00,OVC
NYC,2026-04-19 03:51,50.00,47.00,4.00,M,29.96,0.00,9.00,OVC
NYC,2026-04-19 04:51,49.00,46.00,5.00,M,29.95,0.00,8.00,OVC
NYC,2026-04-19 05:51,49.00,46.00,3.00,140.00,29.93,0.00,8.00,OVC
NYC,2026-04-19 06:51,49.00,47.00,0.00,0.00,29.90,0.00,8.00,OVC
NYC,2026-04-19 07:51,49.00,47.00,7.00,130.00,29.86,0.00,5.00,OVC
NYC,2026-04-19 08:51,49.00,47.00,4.00,100.00,29.82,0.00,10.00,OVC
NYC,2026-04-19 09:51,49.00,47.00,0.00,0.00,29.80,0.00,10.00,OVC
NYC,2026-04-19 10:51,50.00,48.00,3.00,50.00,29.80,0.00,10.00,OVC
NYC,2026-04-19 11:51,50.00,48.00,0.00,0.00,29.80,T,7.00,OVC
NYC,2026-04-19 12:51,51.00,48.00,5.00,M,29.81,0.00,6.00,OVC
NYC,2026-04-19 13:51,52.00,50.00,6.00,M,29.82,0.00,4.00,BKN
NYC,2026-04-19 14:51,53.00,42.00,11.00,310.00,29.87,0.00,10.00,SCT
NYC,2026-04-19 15:51,52.00,42.00,4.00,M,29.89,0.00,10.00,FEW
NYC,2026-04-19 16:51,50.00,37.00,9.00,300.00,29.90,0.00,10.00,SCT
NYC,2026-04-19 17:51,45.00,38.00,8.00,320.00,29.93,T,5.00,FEW
NYC,2026-04-19 18:51,42.00,39.00,8.00,300.00,29.94,0.03,3.00,SCT
NYC,2026-04-19 19:51,41.00,38.00,M,M,29.94,0.02,10.00,FEW
NYC,2026-04-19 20:51,45.00,38.00,4.00,M,29.96,T,10.00,SCT
NYC,2026-04-19 21:51,47.00,33.00,10.00,300.00,29.97,0.00,10.00,CLR
NYC,2026-04-19 22:51,48.00,32.00,8.00,300.00,29.99,0.00,10.00,BKN
NYC,2026-04-19 23:51,48.00,31.00,7.00,290.00,30.02,0.00,10.00,FEW
NYC,2026-04-20 00:51,47.00,31.00,6.00,M,30.07,0.00,10.00,FEW
NYC,2026-04-20 01:51,44.00,33.00,4.00,M,30.10,T,10.00,FEW
NYC,2026-04-20 02:51,43.00,33.00,3.00,M,30.11,0.00,10.00,CLR
NYC,2026-04-20 03:51,42.00,33.00,0.00,0.00,30.12,0.00,10.00,CLR
NYC,2026-04-20 04:51,42.00,32.00,4.00,300.00,30.12,0.00,10.00,CLR
NYC,2026-04-20 05:51,40.00,31.00,3.00,270.00,30.12,0.00,10.00,CLR
NYC,2026-04-20 06:51,40.00,30.00,0.00,0.00,30.11,0.00,10.00,CLR
NYC,2026-04-20 07:51,40.00,32.00,0.00,0.00,30.12,0.00,10.00,CLR
NYC,2026-04-20 08:51,40.00,33.00,0.00,0.00,30.12,0.00,10.00,CLR
NYC,2026-04-20 09:51,40.00,33.00,3.00,270.00,30.13,0.00,10.00,BKN
NYC,2026-04-20 10:51,42.00,34.00,0.00,0.00,30.15,0.00,10.00,OVC
NYC,2026-04-20 11:51,44.00,33.00,4.00,M,30.16,0.00,10.00,OVC
NYC,2026-04-20 12:51,46.00,33.00,7.00,280.00,30.17,0.00,10.00,SCT
NYC,2026-04-20 13:51,45.00,30.00,3.00,M,30.17,0.00,10.00,OVC
NYC,2026-04-20 14:51,46.00,30.00,3.00,M,30.19,0.00,10.00,BKN
NYC,2026-04-20 15:51,50.00,31.00,4.00,M,30.18,0.00,10.00,FEW
NYC,2026-04-20 16:51,49.00,25.00,8.00,320.00,30.17,0.00,10.00,SCT
NYC,2026-04-20 17:51,49.00,25.00,M,M,30.18,0.00,10.00,FEW
NYC,2026-04-20 18:51,48.00,24.00,4.00,M,30.18,0.00,10.00,BKN
NYC,2026-04-20 19:51,50.00,19.00,M,M,30.18,0.00,10.00,FEW
NYC,2026-04-20 20:51,48.00,18.00,7.00,300.00,30.19,0.00,10.00,FEW
NYC,2026-04-20 21:51,48.00,16.00,6.00,M,30.22,0.00,10.00,FEW
NYC,2026-04-20 22:51,46.00,15.00,M,M,30.25,0.00,10.00,CLR
NYC,2026-04-20 23:51,44.00,17.00,3.00,M,30.28,0.00,10.00,SCT
NYC,2026-04-21 00:51,43.00,18.00,6.00,340.00,30.31,0.00,10.00,CLR
NYC,2026-04-21 01:51,42.00,20.00,3.00,M,30.33,0.00,10.00,FEW
NYC,2026-04-21 02:51,41.00,20.00,7.00,300.00,30.34,0.00,10.00,CLR
NYC,2026-04-21 03:51,40.00,19.00,3.00,M,30.35,0.00,10.00,CLR
NYC,2026-04-21 04:51,39.00,20.00,0.00,0.00,30.37,0.00,10.00,CLR
NYC,2026-04-21 05:51,38.00,20.00,4.00,M,30.36,0.00,10.00,CLR
NYC,2026-04-21 06:51,37.00,19.00,5.00,M,30.36,0.00,10.00,CLR
NYC,2026-04-21 07:51,37.00,18.00,0.00,0.00,30.37,0.00,10.00,CLR
NYC,2026-04-21 08:51,35.00,18.00,6.00,350.00,30.37,0.00,10.00,CLR
NYC,2026-04-21 09:51,35.00,17.00,0.00,0.00,30.39,0.00,10.00,CLR
NYC,2026-04-21 10:51,35.00,17.00,4.00,330.00,30.41,0.00,10.00,CLR
NYC,2026-04-21 11:51,37.00,18.00,0.00,0.00,30.42,0.00,10.00,CLR
NYC,2026-04-21 12:51,39.00,18.00,M,M,30.43,0.00,10.00,CLR
NYC,2026-04-21 13:51,42.00,17.00,0.00,0.00,30.41,0.00,10.00,CLR
NYC,2026-04-21 14:51,45.00,14.00,3.00,M,30.40,0.00,10.00,CLR
NYC,2026-04-21 15:51,48.00,14.00,M,M,30.38,0.00,10.00,CLR
NYC,2026-04-21 16:51,48.00,10.00,4.00,M,30.36,0.00,10.00,CLR
NYC,2026-04-21 17:51,52.00,11.00,3.00,M,30.33,0.00,10.00,CLR
NYC,2026-04-21 18:51,51.00,12.00,M,M,30.31,0.00,10.00,FEW
NYC,2026-04-21 19:51,52.00,11.00,3.00,M,30.28,0.00,10.00,CLR
NYC,2026-04-21 20:51,52.00,17.00,8.00,130.00,30.27,0.00,10.00,SCT
NYC,2026-04-21 21:51,48.00,20.00,M,M,30.27,0.00,10.00,SCT
NYC,2026-04-21 22:51,45.00,21.00,4.00,M,30.27,0.00,10.00,SCT
NYC,2026-04-21 23:51,44.00,25.00,M,M,30.26,0.00,10.00,SCT
NYC,2026-04-22 00:51,44.00,28.00,6.00,M,30.28,0.00,10.00,BKN
NYC,2026-04-22 01:51,45.00,30.00,6.00,M,30.28,0.00,10.00,OVC
NYC,2026-04-22 02:51,45.00,30.00,3.00,M,30.27,0.00,10.00,BKN
NYC,2026-04-22 03:51,45.00,34.00,0.00,0.00,30.29,T,10.00,SCT
NYC,2026-04-22 04:51,44.00,37.00,4.00,M,30.26,T,10.00,SCT
NYC,2026-04-22 05:51,46.00,35.00,3.00,M,30.23,0.00,10.00,SCT
NYC,2026-04-22 06:51,46.00,36.00,M,M,30.20,0.00,10.00,OVC
NYC,2026-04-22 07:51,46.00,37.00,4.00,M,30.19,T,10.00,OVC
NYC,2026-04-22 08:51,47.00,36.00,M,M,30.19,T,10.00,OVC
NYC,2026-04-22 09:51,44.00,41.00,3.00,M,30.17,0.04,9.00,BKN
NYC,2026-04-22 10:51,45.00,42.00,3.00,M,30.17,T,10.00,OVC
NYC,2026-04-22 11:51,46.00,40.00,9.00,170.00,30.16,T,10.00,SCT
NYC,2026-04-22 12:51,47.00,40.00,4.00,160.00,30.15,T,5.00,BKN
NYC,2026-04-22 13:51,46.00,41.00,M,M,30.14,0.01,10.00,FEW
NYC,2026-04-22 14:51,48.00,40.00,10.00,140.00,30.13,0.00,10.00,OVC
NYC,2026-04-22 15:51,49.00,39.00,7.00,140.00,30.12,0.00,10.00,OVC
NYC,2026-04-22 16:51,53.00,41.00,5.00,M,30.10,0.00,10.00,FEW
NYC,2026-04-22 17:51,54.00,42.00,6.00,M,30.08,0.00,10.00,FEW
NYC,2026-04-22 18:51,53.00,43.00,4.00,M,30.06,0.00,10.00,SCT
NYC,2026-04-22 19:51,54.00,44.00,M,M,30.03,0.00,10.00,OVC
NYC,2026-04-22 20:51,54.00,44.00,4.00,M,30.02,0.00,10.00,BKN
NYC,2026-04-22 21:51,53.00,43.00,8.00,50.00,30.02,0.00,10.00,OVC
NYC,2026-04-22 22:51,53.00,43.00,6.00,80.00,30.01,0.00,10.00,BKN
NYC,2026-04-22 23:51,50.00,42.00,6.00,60.00,30.02,0.00,10.00,CLR
NYC,2026-04-23 00:51,50.00,42.00,5.00,60.00,30.01,0.00,10.00,OVC
NYC,2026-04-23 01:51,50.00,42.00,3.00,M,30.01,0.00,10.00,OVC
NYC,2026-04-23 02:51,50.00,42.00,4.00,M,30.01,0.00,10.00,OVC
NYC,2026-04-23 03:51,48.00,45.00,5.00,50.00,30.01,0.01,10.00,BKN
NYC,2026-04-23 04:51,46.00,44.00,3.00,30.00,30.01,0.00,10.00,SCT
NYC,2026-04-23 05:51,46.00,44.00,0.00,0.00,29.98,0.00,10.00,CLR
NYC,2026-04-23 06:51,46.00,44.00,0.00,0.00,29.96,0.00,9.00,CLR
NYC,2026-04-23 07:51,46.00,44.00,0.00,0.00,29.96,0.00,6.00,CLR
NYC,2026-04-23 08:51,45.00,44.00,0.00,0.00,29.97,0.00,6.00,CLR
NYC,2026-04-23 09:51,45.00,43.00,0.00,0.00,29.97,0.00,8.00,CLR
NYC,2026-04-23 10:51,46.00,44.00,0.00,0.00,29.98,0.00,6.00,CLR
NYC,2026-04-23 11:51,49.00,44.00,3.00,280.00,29.99,0.00,9.00,CLR
NYC,2026-04-23 12:51,53.00,45.00,0.00,0.00,29.99,0.00,8.00,CLR
NYC,2026-04-23 13:51,59.00,46.00,0.00,0.00,29.98,0.00,9.00,CLR
NYC,2026-04-23 14:51,63.00,45.00,0.00,0.00,29.98,0.00,10.00,CLR
NYC,2026-04-23 15:51,67.00,43.00,0.00,0.00,29.94,0.00,10.00,CLR
NYC,2026-04-23 16:51,70.00,40.00,10.00,280.00,29.93,0.00,10.00,CLR
NYC,2026-04-23 17:51,71.00,37.00,9.00,290.00,29.91,0.00,10.00,CLR
NYC,2026-04-23 18:51,72.00,34.00,4.00,M,29.89,0.00,10.00,CLR
NYC,2026-04-23 19:51,73.00,34.00,5.00,M,29.87,0.00,10.00,CLR
NYC,2026-04-23 20:51,71.00,30.00,7.00,300.00,29.85,0.00,10.00,CLR
NYC,2026-04-23 21:51,71.00,29.00,7.00,290.00,29.85,0.00,10.00,SCT
NYC,2026-04-23 22:51,71.00,31.00,5.00,280.00,29.85,0.00,10.00,CLR
NYC,2026-04-23 23:51,70.00,28.00,8.00,300.00,29.86,0.00,10.00,CLR
NYC,2026-04-24 00:51,69.00,28.00,5.00,M,29.87,0.00,10.00,CLR
NYC,2026-04-24 01:51,67.00,29.00,3.00,M,29.88,0.00,10.00,CLR
NYC,2026-04-24 02:51,66.00,27.00,5.00,M,29.85,0.00,10.00,CLR
NYC,2026-04-24 03:51,64.00,28.00,0.00,0.00,29.86,0.00,10.00,CLR
NYC,2026-04-24 04:51,63.00,28.00,0.00,0.00,29.85,0.00,10.00,CLR
NYC,2026-04-24 05:51,61.00,29.00,0.00,0.00,29.84,0.00,10.00,FEW
NYC,2026-04-24 06:51,60.00,29.00,3.00,290.00,29.83,0.00,10.00,BKN
NYC,2026-04-24 07:51,61.00,29.00,0.00,0.00,29.82,0.00,10.00,SCT
NYC,2026-04-24 08:51,59.00,30.00,3.00,M,29.81,0.00,10.00,BKN
NYC,2026-04-24 09:51,57.00,37.00,0.00,0.00,29.82,0.00,10.00,BKN
NYC,2026-04-24 10:51,52.00,41.00,5.00,50.00,29.84,0.00,10.00,BKN
NYC,2026-04-24 11:51,52.00,40.00,4.00,50.00,29.84,0.00,10.00,FEW
NYC,2026-04-24 12:51,54.00,40.00,6.00,50.00,29.86,0.00,10.00,BKN
NYC,2026-04-24 13:51,52.00,39.00,5.00,M,29.87,0.00,10.00,CLR
NYC,2026-04-24 14:51,58.00,38.00,3.00,M,29.86,0.00,10.00,CLR
NYC,2026-04-24 15:51,63.00,31.00,4.00,M,29.85,0.00,10.00,CLR
NYC,2026-04-24 16:51,65.00,30.00,8.00,40.00,29.83,0.00,10.00,CLR
NYC,2026-04-24 17:51,65.00,34.00,3.00,M,29.82,0.00,10.00,CLR
NYC,2026-04-24 18:51,68.00,29.00,5.00,M,29.82,0.00,10.00,CLR
NYC,2026-04-24 19:51,65.00,38.00,4.00,M,29.81,0.00,10.00,CLR
NYC,2026-04-24 20:51,61.00,39.00,M,M,29.83,0.00,10.00,CLR
NYC,2026-04-24 21:51,59.00,41.00,7.00,150.00,29.84,0.00,10.00,CLR
NYC,2026-04-24 22:51,56.00,39.00,3.00,M,29.86,0.00,10.00,CLR
NYC,2026-04-24 23:51,52.00,41.00,M,M,29.89,0.00,10.00,FEW
NYC,2026-04-25 00:51,51.00,38.00,6.00,160.00,29.92,0.00,10.00,SCT
NYC,2026-04-25 01:51,51.00,38.00,5.00,160.00,29.94,0.00,10.00,OVC
NYC,2026-04-25 02:51,50.00,40.00,3.00,M,29.96,0.00,10.00,FEW
NYC,2026-04-25 03:51,51.00,40.00,0.00,0.00,29.97,0.00,10.00,OVC
NYC,2026-04-25 04:51,50.00,40.00,4.00,M,29.98,0.00,10.00,OVC
NYC,2026-04-25 05:51,50.00,41.00,5.00,M,29.98,0.00,10.00,FEW
NYC,2026-04-25 06:51,49.00,42.00,7.00,90.00,29.99,T,10.00,FEW
NYC,2026-04-25 07:51,49.00,40.00,5.00,M,30.00,0.00,10.00,SCT
NYC,2026-04-25 08:51,48.00,39.00,6.00,M,30.01,0.00,10.00,SCT
NYC,2026-04-25 09:51,47.00,38.00,M,M,30.02,0.00,10.00,SCT
NYC,2026-04-25 10:51,48.00,35.00,7.00,100.00,30.02,0.00,10.00,FEW
NYC,2026-04-25 11:51,49.00,33.00,8.00,140.00,30.05,0.00,10.00,BKN
NYC,2026-04-25 12:51,49.00,32.00,4.00,M,30.06,0.00,10.00,OVC
NYC,2026-04-25 13:51,48.00,34.00,5.00,M,30.07,T,10.00,SCT
NYC,2026-04-25 14:51,46.00,37.00,8.00,120.00,30.08,T,5.00,SCT
NYC,2026-04-25 15:51,44.00,40.00,M,M,30.10,0.05,4.00,SCT
NYC,2026-04-25 16:51,44.00,40.00,5.00,70.00,30.09,0.01,4.00,BKN
NYC,2026-04-25 17:51,43.00,40.00,7.00,120.00,30.07,0.04,4.00,SCT
NYC,2026-04-25 18:51,42.00,40.00,5.00,M,30.07,0.09,2.00,BKN
NYC,2026-04-25 19:51,42.00,41.00,M,M,30.06,0.13,1.75,OVC
NYC,2026-04-25 20:51,42.00,40.00,5.00,M,30.04,0.11,2.00,SCT
NYC,2026-04-25 21:51,42.00,40.00,3.00,M,30.03,0.09,2.50,OVC
NYC,2026-04-25 22:51,42.00,40.00,M,M,30.04,0.11,2.00,BKN
NYC,2026-04-25 23:51,41.00,40.00,M,M,30.03,0.15,2.50,BKN
NYC,2026-04-26 00:51,41.00,40.00,3.00,M,30.08,0.17,3.00,BKN
NYC,2026-04-26 01:51,41.00,40.00,3.00,60.00,30.10,0.13,2.50,OVC
NYC,2026-04-26 02:51,42.00,41.00,5.00,60.00,30.09,0.12,3.00,OVC
NYC,2026-04-26 03:51,42.00,41.00,8.00,60.00,30.08,0.09,3.00,BKN
NYC,2026-04-26 04:51,42.00,41.00,7.00,70.00,30.08,0.07,5.00,BKN
NYC,2026-04-26 05:51,42.00,41.00,6.00,70.00,30.07,0.01,5.00,SCT
NYC,2026-04-26 06:51,42.00,41.00,9.00,60.00,30.06,0.01,5.00,OVC
NYC,2026-04-26 07:51,42.00,41.00,8.00,70.00,30.06,T,4.00,BKN
NYC,2026-04-26 08:51,42.00,41.00,7.00,50.00,30.07,0.01,9.00,OVC
NYC,2026-04-26 09:51,42.00,40.00,5.00,M,30.07,0.00,10.00,OVC
NYC,2026-04-26 10:51,42.00,40.00,8.00,50.00,30.08,0.00,10.00,BKN
NYC,2026-04-26 11:51,43.00,40.00,4.00,40.00,30.11,0.00,10.00,OVC
NYC,2026-04-26 12:51,44.00,39.00,8.00,60.00,30.13,0.00,10.00,SCT
NYC,2026-04-26 13:51,46.00,38.00,9.00,60.00,30.14,0.00,10.00,FEW
NYC,2026-04-26 14:51,48.00,37.00,10.00,60.00,30.14,0.00,10.00,FEW
NYC,2026-04-26 15:51,51.00,37.00,9.00,90.00,30.15,0.00,10.00,FEW
NYC,2026-04-26 16:51,53.00,40.00,6.00,50.00,30.15,0.00,10.00,BKN
NYC,2026-04-26 17:51,55.00,38.00,6.00,M,30.15,0.00,10.00,OVC
NYC,2026-04-26 18:51,55.00,39.00,7.00,90.00,30.14,0.00,10.00,FEW
NYC,2026-04-26 19:51,56.00,37.00,8.00,100.00,30.14,0.00,10.00,CLR
NYC,2026-04-26 20:51,56.00,38.00,8.00,70.00,30.14,0.00,10.00,CLR
NYC,2026-04-26 21:51,56.00,38.00,7.00,50.00,30.15,0.00,10.00,CLR
NYC,2026-04-26 22:51,55.00,38.00,0.00,0.00,30.16,0.00,10.00,CLR
NYC,2026-04-26 23:51,52.00,42.00,0.00,0.00,30.17,0.00,10.00,CLR
NYC,2026-04-27 00:51,49.00,43.00,4.00,M,30.20,0.00,10.00,CLR
NYC,2026-04-27 01:51,48.00,41.00,3.00,160.00,30.21,0.00,10.00,CLR
NYC,2026-04-27 02:51,48.00,38.00,0.00,0.00,30.22,0.00,10.00,CLR
NYC,2026-04-27 03:51,48.00,40.00,3.00,280.00,30.21,0.00,10.00,CLR
NYC,2026-04-27 04:51,48.00,41.00,3.00,290.00,30.22,0.00,10.00,CLR
NYC,2026-04-27 05:51,46.00,41.00,4.00,300.00,30.21,0.00,10.00,CLR
NYC,2026-04-27 06:51,46.00,40.00,3.00,290.00,30.21,0.00,10.00,CLR
NYC,2026-04-27 07:51,46.00,41.00,4.00,300.00,30.22,0.00,10.00,CLR
NYC,2026-04-27 08:51,46.00,40.00,0.00,0.00,30.23,0.00,10.00,CLR
NYC,2026-04-27 09:51,45.00,40.00,3.00,270.00,30.22,0.00,10.00,CLR
NYC,2026-04-27 10:51,47.00,40.00,3.00,M,30.22,0.00,10.00,CLR
NYC,2026-04-27 11:51,51.00,40.00,0.00,0.00,30.25,0.00,10.00,CLR
NYC,2026-04-27 12:51,54.00,42.00,3.00,M,30.25,0.00,10.00,CLR
NYC,2026-04-27 13:51,59.00,43.00,0.00,0.00,30.27,0.00,10.00,CLR
NYC,2026-04-27 14:51,60.00,37.00,5.00,M,30.29,0.00,10.00,CLR
NYC,2026-04-27 15:51,64.00,36.00,5.00,M,30.28,0.00,10.00,CLR
NYC,2026-04-27 16:51,66.00,38.00,7.00,50.00,30.27,0.00,10.00,CLR
NYC,2026-04-27 17:51,67.00,36.00,4.00,M,30.26,0.00,10.00,CLR
NYC,2026-04-27 18:51,67.00,35.00,9.00,80.00,30.25,0.00,10.00,CLR
NYC,2026-04-27 19:51,67.00,39.00,4.00,M,30.24,0.00,10.00,CLR
NYC,2026-04-27 20:51,64.00,39.00,M,M,30.26,0.00,10.00,CLR
NYC,2026-04-27 21:51,61.00,38.00,5.00,M,30.25,0.00,10.00,CLR
NYC,2026-04-27 22:51,58.00,37.00,3.00,M,30.25,0.00,10.00,CLR
NYC,2026-04-27 23:51,55.00,36.00,5.00,M,30.27,0.00,10.00,CLR
NYC,2026-04-28 00:51,53.00,38.00,3.00,M,30.29,0.00,10.00,CLR
NYC,2026-04-28 01:51,52.00,38.00,0.00,0.00,30.30,0.00,10.00,CLR
NYC,2026-04-28 02:51,53.00,35.00,0.00,0.00,30.29,0.00,10.00,CLR
NYC,2026-04-28 03:51,52.00,38.00,0.00,0.00,30.27,0.00,10.00,CLR
NYC,2026-04-28 04:51,51.00,40.00,0.00,0.00,30.24,0.00,10.00,CLR
NYC,2026-04-28 05:51,51.00,37.00,5.00,M,30.24,0.00,10.00,CLR
NYC,2026-04-28 06:51,51.00,38.00,4.00,290.00,30.22,0.00,10.00,CLR
NYC,2026-04-28 07:51,50.00,37.00,0.00,0.00,30.21,0.00,10.00,CLR
NYC,2026-04-28 08:51,49.00,36.00,0.00,0.00,30.21,0.00,10.00,CLR
NYC,2026-04-28 09:51,49.00,35.00,0.00,0.00,30.21,0.00,10.00,CLR
NYC,2026-04-28 10:51,50.00,36.00,0.00,0.00,30.20,0.00,10.00,CLR
NYC,2026-04-28 11:51,54.00,34.00,0.00,0.00,30.20,0.00,10.00,CLR
NYC,2026-04-28 12:51,58.00,35.00,0.00,0.00,30.19,0.00,10.00,CLR
NYC,2026-04-28 13:51,60.00,35.00,0.00,0.00,30.20,0.00,10.00,CLR
NYC,2026-04-28 14:51,64.00,36.00,3.00,M,30.19,0.00,10.00,CLR
NYC,2026-04-28 15:51,63.00,38.00,0.00,0.00,30.19,0.00,10.00,CLR
NYC,2026-04-28 16:51,64.00,38.00,4.00,M,30.17,0.00,10.00,CLR
NYC,2026-04-28 17:51,63.00,38.00,3.00,M,30.16,0.00,10.00,CLR
NYC,2026-04-28 18:51,62.00,37.00,3.00,M,30.15,0.00,10.00,CLR
NYC,2026-04-28 19:51,60.00,36.00,4.00,M,30.13,0.00,10.00,CLR
NYC,2026-04-28 20:51,60.00,37.00,3.00,M,30.11,0.00,10.00,CLR
NYC,2026-04-28 21:51,60.00,36.00,0.00,0.00,30.10,0.00,10.00,SCT
NYC,2026-04-28 22:51,58.00,35.00,5.00,M,30.10,0.00,10.00,BKN
NYC,2026-04-28 23:51,58.00,35.00,0.00,0.00,30.09,0.00,10.00,OVC
NYC,2026-04-29 00:51,57.00,35.00,0.00,0.00,30.09,0.00,10.00,OVC
NYC,2026-04-29 01:51,55.00,42.00,3.00,M,30.09,0.00,10.00,OVC
NYC,2026-04-29 02:51,54.00,35.00,M,M,30.09,0.00,10.00,OVC
NYC,2026-04-29 03:51,53.00,38.00,4.00,M,30.10,0.00,10.00,OVC
NYC,2026-04-29 04:51,53.00,38.00,4.00,M,30.11,0.00,10.00,OVC
NYC,2026-04-29 05:51,53.00,37.00,3.00,M,30.09,0.00,10.00,OVC
NYC,2026-04-29 06:51,53.00,38.00,0.00,0.00,30.06,0.00,10.00,SCT
NYC,2026-04-29 07:51,53.00,38.00,M,M,30.05,0.00,10.00,OVC
NYC,2026-04-29 08:51,52.00,39.00,4.00,140.00,30.05,0.00,10.00,OVC
NYC,2026-04-29 09:51,52.00,41.00,0.00,0.00,30.05,0.00,10.00,OVC
NYC,2026-04-29 10:51,53.00,41.00,5.00,130.00,30.04,0.00,10.00,OVC
NYC,2026-04-29 11:51,54.00,39.00,3.00,130.00,30.02,0.00,10.00,CLR
NYC,2026-04-29 12:51,57.00,40.00,3.00,M,30.02,0.00,10.00,CLR
NYC,2026-04-29 13:51,59.00,39.00,0.00,0.00,30.00,0.00,10.00,OVC
NYC,2026-04-29 14:51,61.00,39.00,M,M,30.00,0.00,10.00,BKN
NYC,2026-04-29 15:51,60.00,40.00,M,M,29.99,0.00,10.00,OVC
NYC,2026-04-29 16:51,59.00,41.00,8.00,190.00,29.99,0.00,10.00,OVC
NYC,2026-04-29 17:51,59.00,42.00,M,M,29.97,0.00,10.00,CLR
NYC,2026-04-29 18:51,59.00,43.00,M,M,29.96,0.00,10.00,CLR
NYC,2026-04-29 19:51,56.00,44.00,4.00,M,29.92,0.00,10.00,SCT
NYC,2026-04-29 20:51,55.00,44.00,4.00,M,29.91,0.00,10.00,FEW
NYC,2026-04-29 21:51,53.00,44.00,5.00,M,29.89,0.00,10.00,OVC
NYC,2026-04-29 22:51,52.00,44.00,4.00,M,29.88,0.00,10.00,OVC
NYC,2026-04-29 23:51,51.00,44.00,M,M,29.89,0.00,10.00,OVC
NYC,2026-05-01 00:51,57.00,39.00,3.00,M,29.81,0.00,10.00,CLR
NYC,2026-05-01 01:51,56.00,39.00,7.00,300.00,29.84,0.00,10.00,OVC
NYC,2026-05-01 02:51,55.00,39.00,4.00,290.00,29.85,0.00,10.00,BKN
NYC,2026-05-01 03:51,54.00,37.00,10.00,300.00,29.86,0.00,10.00,FEW
NYC,2026-05-01 04:51,53.00,37.00,0.00,0.00,29.86,0.00,10.00,BKN
NYC,2026-05-01 05:51,51.00,36.00,3.00,M,29.88,0.00,10.00,CLR
NYC,2026-05-01 06:51,50.00,33.00,M,M,29.88,0.00,10.00,CLR
NYC,2026-05-01 07:51,49.00,33.00,3.00,M,29.89,0.00,10.00,BKN
NYC,2026-05-01 08:51,48.00,34.00,3.00,M,29.90,0.00,10.00,CLR
NYC,2026-05-01 09:51,46.00,33.00,7.00,270.00,29.91,0.00,10.00,CLR
NYC,2026-05-01 10:51,46.00,33.00,5.00,M,29.94,0.00,10.00,CLR
NYC,2026-05-01 11:51,48.00,34.00,0.00,0.00,29.95,0.00,10.00,CLR
NYC,2026-05-01 12:51,50.00,34.00,M,M,29.95,0.00,10.00,CLR
NYC,2026-05-01 13:51,53.00,30.00,M,M,29.94,0.00,10.00,CLR
NYC,2026-05-01 14:51,56.00,30.00,6.00,M,29.94,0.00,10.00,CLR
NYC,2026-05-01 15:51,57.00,28.00,0.00,0.00,29.93,0.00,10.00,CLR
NYC,2026-05-01 16:51,61.00,32.00,0.00,0.00,29.91,0.00,10.00,CLR
NYC,2026-05-01 17:51,62.00,31.00,3.00,M,29.89,0.00,10.00,CLR
NYC,2026-05-01 18:51,64.00,33.00,3.00,150.00,29.88,0.00,10.00,CLR
NYC,2026-05-01 19:51,64.00,35.00,6.00,210.00,29.86,0.00,10.00,CLR
NYC,2026-05-01 20:51,60.00,36.00,6.00,M,29.86,0.00,10.00,CLR
NYC,2026-05-01 21:51,58.00,40.00,4.00,M,29.87,0.00,10.00,CLR
NYC,2026-05-01 22:51,56.00,41.00,0.00,0.00,29.87,0.00,10.00,CLR
NYC,2026-05-01 23:51,56.00,42.00,4.00,180.00,29.88,0.00,10.00,BKN
NYC,2026-05-02 00:51,54.00,43.00,0.00,0.00,29.89,0.00,10.00,CLR
NYC,2026-05-02 01:51,53.00,43.00,0.00,0.00,29.90,0.00,10.00,CLR
NYC,2026-05-02 02:51,54.00,44.00,3.00,180.00,29.91,0.00,10.00,FEW
NYC,2026-05-02 03:51,56.00,40.00,3.00,220.00,29.90,0.00,10.00,BKN
NYC,2026-05-02 04:51,55.00,40.00,0.00,0.00,29.89,T,10.00,FEW
NYC,2026-05-02 05:51,55.00,40.00,3.00,M,29.90,0.00,10.00,FEW
NYC,2026-05-02 06:51,54.00,41.00,6.00,230.00,29.89,0.00,10.00,BKN
NYC,2026-05-02 07:51,53.00,42.00,0.00,0.00,29.88,T,10.00,BKN
NYC,2026-05-02 08:51,52.00,44.00,6.00,250.00,29.90,0.00,10.00,BKN
NYC,2026-05-02 09:51,50.00,46.00,3.00,M,29.89,0.01,5.00,FEW
NYC,2026-05-02 10:51,49.00,47.00,0.00,0.00,29.90,0.01,10.00,FEW
NYC,2026-05-02 11:51,51.00,48.00,0.00,0.00,29.91,0.00,10.00,OVC
NYC,2026-05-02 12:28,51.00,45.00,3.00,310.00,29.91,0.00,10.00,BKN
NYC,2026-05-02 12:46,51.80,46.40,0.00,0.00,29.92,0.00,10.00,FEW
NYC,2026-05-02 12:51,52.00,46.00,3.00,M,29.92,0.00,10.00,FEW
NYC,2026-05-02 13:51,52.00,43.00,5.00,300.00,29.91,0.00,10.00,FEW
NYC,2026-05-02 14:25,53.00,43.00,6.00,300.00,29.91,0.00,10.00,BKN
NYC,2026-05-02 14:51,53.00,42.00,4.00,300.00,29.91,0.00,10.00,SCT
NYC,2026-05-02 15:51,54.00,40.00,3.00,M,29.91,0.00,10.00,OVC
NYC,2026-05-02 16:51,56.00,38.00,M,M,29.90,0.00,10.00,BKN
NYC,2026-05-02 17:51,60.00,36.00,5.00,300.00,29.88,0.00,10.00,CLR
NYC,2026-05-02 18:51,59.00,35.00,0.00,0.00,29.87,0.00,10.00,BKN
NYC,2026-05-02 19:51,59.00,29.00,8.00,300.00,29.86,0.00,10.00,BKN
NYC,2026-05-02 20:51,59.00,28.00,0.00,0.00,29.83,0.00,10.00,BKN
NYC,2026-05-02 21:51,60.00,27.00,0.00,0.00,29.84,0.00,10.00,OVC
NYC,2026-05-02 22:51,59.00,26.00,7.00,340.00,29.85,0.00,10.00,OVC
NYC,2026-05-02 23:51,57.00,26.00,4.00,M,29.86,0.00,10.00,OVC
NYC,2026-05-03 00:51,56.00,25.00,M,M,29.87,0.00,10.00,OVC
NYC,2026-05-03 01:51,54.00,25.00,3.00,M,29.89,0.00,10.00,BKN
NYC,2026-05-03 02:51,53.00,25.00,3.00,M,29.88,0.00,10.00,OVC
NYC,2026-05-03 03:51,53.00,24.00,M,M,29.88,0.00,10.00,OVC
NYC,2026-05-03 04:51,51.00,27.00,4.00,360.00,29.88,0.00,10.00,OVC
NYC,2026-05-03 05:51,50.00,27.00,4.00,M,29.87,0.00,10.00,OVC
NYC,2026-05-03 06:51,49.00,27.00,6.00,M,29.86,0.00,10.00,OVC
NYC,2026-05-03 07:51,47.00,29.00,M,M,29.86,0.00,10.00,BKN
NYC,2026-05-03 08:51,46.00,28.00,M,M,29.86,0.00,10.00,OVC
NYC,2026-05-03 09:51,46.00,27.00,M,M,29.86,0.00,10.00,FEW
NYC,2026-05-03 10:51,45.00,27.00,M,M,29.89,0.00,10.00,FEW
NYC,2026-05-03 11:51,46.00,27.00,M,M,29.91,0.00,10.00,OVC
NYC,2026-05-03 12:47,46.40,26.60,5.00,M,29.91,0.00,10.00,FEW
NYC,2026-05-03 12:51,46.00,28.00,8.00,300.00,29.91,0.00,10.00,FEW
NYC,2026-05-03 13:51,50.00,27.00,8.00,350.00,29.90,0.00,10.00,FEW
NYC,2026-05-03 14:51,52.00,23.00,9.00,300.00,29.90,0.00,10.00,FEW
NYC,2026-05-03 15:51,55.00,21.00,12.00,300.00,29.90,0.00,10.00,BKN
NYC,2026-05-03 16:44,53.00,23.00,9.00,280.00,29.89,0.00,10.00,FEW
NYC,2026-05-03 16:51,54.00,23.00,11.00,310.00,29.89,0.00,10.00,BKN
NYC,2026-05-03 17:51,54.00,24.00,6.00,M,29.88,0.00,10.00,BKN
NYC,2026-05-03 18:10,54.00,22.00,10.00,290.00,29.88,0.00,10.00,FEW
NYC,2026-05-03 18:51,56.00,24.00,M,M,29.88,0.00,10.00,BKN
NYC,2026-05-03 19:02,56.00,22.00,M,M,29.88,0.00,10.00,FEW
NYC,2026-05-03 19:51,58.00,22.00,9.00,280.00,29.86,0.00,10.00,FEW
NYC,2026-05-03 20:51,59.00,22.00,8.00,270.00,29.85,0.00,10.00,FEW
NYC,2026-05-03 21:51,59.00,20.00,6.00,M,29.86,0.00,10.00,FEW
NYC,2026-05-03 22:51,59.00,22.00,7.00,310.00,29.86,0.00,10.00,CLR
NYC,2026-05-03 23:51,58.00,23.00,M,M,29.88,0.00,10.00,SCT
NYC,2026-05-04 00:51,56.00,24.00,0.00,0.00,29.90,0.00,10.00,CLR
NYC,2026-05-04 01:51,54.00,25.00,4.00,M,29.92,0.00,10.00,CLR
NYC,2026-05-04 02:51,56.00,27.00,6.00,240.00,29.92,0.00,10.00,CLR
NYC,2026-05-04 03:51,55.00,29.00,6.00,M,29.92,0.00,10.00,CLR
NYC,2026-05-04 04:51,54.00,29.00,4.00,M,29.93,0.00,10.00,CLR
NYC,2026-05-04 05:51,54.00,29.00,5.00,M,29.94,0.00,10.00,CLR
NYC,2026-05-04 06:51,52.00,30.00,3.00,M,29.94,0.00,10.00,CLR
NYC,2026-05-04 07:51,53.00,29.00,3.00,270.00,29.95,0.00,10.00,CLR
NYC,2026-05-04 08:51,52.00,30.00,3.00,M,29.95,0.00,10.00,CLR
NYC,2026-05-04 09:51,51.00,32.00,4.00,M,29.96,0.00,10.00,CLR
NYC,2026-05-04 10:51,51.00,31.00,6.00,M,29.97,0.00,10.00,CLR
NYC,2026-05-04 11:51,52.00,36.00,3.00,M,29.97,0.00,10.00,CLR
NYC,2026-05-04 12:51,56.00,37.00,10.00,240.00,29.96,0.00,10.00,CLR
NYC,2026-05-04 13:51,61.00,38.00,M,M,29.95,0.00,10.00,CLR
NYC,2026-05-04 14:51,64.00,36.00,3.00,M,29.94,0.00,10.00,CLR
NYC,2026-05-04 15:51,67.00,36.00,0.00,0.00,29.92,0.00,10.00,CLR
NYC,2026-05-04 16:51,69.00,36.00,3.00,M,29.89,0.00,10.00,CLR
NYC,2026-05-04 17:51,71.00,36.00,4.00,M,29.87,0.00,10.00,CLR
NYC,2026-05-04 18:51,71.00,36.00,M,M,29.86,0.00,10.00,CLR
NYC,2026-05-04 19:51,71.00,36.00,M,M,29.84,0.00,10.00,CLR
NYC,2026-05-04 20:51,72.00,39.00,3.00,M,29.83,0.00,10.00,CLR
NYC,2026-05-04 21:51,68.00,44.00,M,M,29.83,0.00,10.00,FEW
NYC,2026-05-04 22:51,66.00,45.00,M,M,29.82,0.00,10.00,CLR
NYC,2026-05-04 23:51,64.00,45.00,3.00,150.00,29.83,0.00,10.00,CLR
NYC,2026-05-05 00:51,63.00,46.00,3.00,M,29.86,0.00,10.00,CLR
NYC,2026-05-05 01:51,64.00,43.00,5.00,190.00,29.88,0.00,10.00,CLR
NYC,2026-05-05 02:51,64.00,42.00,4.00,M,29.88,0.00,10.00,CLR
NYC,2026-05-05 03:51,62.00,44.00,3.00,M,29.87,0.00,10.00,CLR
NYC,2026-05-05 04:51,62.00,45.00,0.00,0.00,29.86,0.00,10.00,CLR
NYC,2026-05-05 05:51,61.00,45.00,3.00,M,29.85,0.00,10.00,CLR
NYC,2026-05-05 06:51,61.00,46.00,0.00,0.00,29.84,0.00,10.00,CLR
NYC,2026-05-05 07:51,59.00,47.00,M,M,29.85,0.00,10.00,CLR
NYC,2026-05-05 08:51,59.00,48.00,M,M,29.85,0.00,10.00,CLR
NYC,2026-05-05 09:51,59.00,48.00,4.00,220.00,29.85,0.00,10.00,CLR
NYC,2026-05-05 10:51,60.00,49.00,4.00,M,29.88,0.00,10.00,BKN
NYC,2026-05-05 11:51,63.00,49.00,5.00,M,29.87,0.00,10.00,CLR
NYC,2026-05-05 12:51,66.00,50.00,0.00,0.00,29.87,0.00,10.00,CLR
NYC,2026-05-05 13:51,69.00,51.00,5.00,240.00,29.88,0.00,10.00,CLR
NYC,2026-05-05 14:51,72.00,51.00,M,M,29.88,0.00,10.00,CLR
NYC,2026-05-05 15:51,76.00,51.00,0.00,0.00,29.86,0.00,10.00,CLR
NYC,2026-05-05 16:51,78.00,51.00,4.00,M,29.84,0.00,10.00,CLR
NYC,2026-05-05 17:51,78.00,53.00,6.00,M,29.83,0.00,10.00,CLR
NYC,2026-05-05 18:51,78.00,52.00,M,M,29.82,0.00,10.00,CLR
NYC,2026-05-05 19:51,79.00,51.00,3.00,M,29.78,0.00,10.00,CLR
NYC,2026-05-05 20:51,80.00,47.00,M,M,29.77,0.00,10.00,CLR
NYC,2026-05-05 21:51,80.00,46.00,5.00,180.00,29.77,0.00,10.00,CLR
NYC,2026-05-05 22:51,76.00,49.00,3.00,M,29.79,0.00,10.00,CLR
NYC,2026-05-05 23:51,72.00,51.00,M,M,29.82,0.00,10.00,CLR
NYC,2026-05-06 00:51,70.00,51.00,4.00,M,29.83,0.00,10.00,CLR
NYC,2026-05-06 01:51,69.00,52.00,3.00,M,29.85,0.00,10.00,CLR
NYC,2026-05-06 02:51,69.00,51.00,M,M,29.85,0.00,10.00,CLR
NYC,2026-05-06 03:51,67.00,52.00,4.00,M,29.86,0.00,10.00,CLR
NYC,2026-05-06 04:51,67.00,53.00,3.00,M,29.86,0.00,10.00,CLR
NYC,2026-05-06 05:51,66.00,54.00,5.00,190.00,29.85,0.00,10.00,CLR
NYC,2026-05-06 06:51,64.00,54.00,0.00,0.00,29.85,0.00,10.00,CLR
NYC,2026-05-06 07:51,63.00,55.00,3.00,M,29.85,0.00,10.00,CLR
NYC,2026-05-06 08:51,63.00,55.00,3.00,M,29.84,0.00,10.00,CLR
NYC,2026-05-06 09:51,62.00,55.00,3.00,M,29.83,0.00,10.00,CLR
NYC,2026-05-06 10:51,63.00,56.00,3.00,M,29.84,0.00,10.00,CLR
NYC,2026-05-06 11:51,65.00,56.00,3.00,M,29.84,0.00,10.00,CLR
NYC,2026-05-06 12:51,67.00,56.00,4.00,M,29.83,0.00,10.00,CLR
NYC,2026-05-06 13:51,68.00,55.00,4.00,M,29.83,0.00,10.00,CLR
NYC,2026-05-06 14:51,71.00,56.00,M,M,29.82,0.00,10.00,FEW
NYC,2026-05-06 15:51,70.00,56.00,3.00,M,29.82,T,10.00,FEW
NYC,2026-05-06 16:51,63.00,60.00,6.00,M,29.82,0.01,5.00,FEW
NYC,2026-05-06 17:51,65.00,61.00,4.00,160.00,29.78,0.02,10.00,FEW
NYC,2026-05-06 18:51,63.00,58.00,3.00,M,29.77,T,5.00,FEW
NYC,2026-05-06 19:05,62.00,59.00,3.00,180.00,29.77,0.01,2.00,FEW
NYC,2026-05-06 19:16,62.00,59.00,M,M,29.77,0.01,5.00,FEW
NYC,2026-05-06 19:32,62.00,60.00,4.00,M,29.77,0.01,3.00,SCT
NYC,2026-05-06 19:40,62.00,60.00,3.00,M,29.77,0.02,2.50,BKN
NYC,2026-05-06 19:51,62.00,60.00,3.00,M,29.76,0.02,2.50,BKN
NYC,2026-05-06 19:58,62.00,60.00,4.00,M,29.76,0.0001,4.00,BKN
NYC,2026-05-06 20:16,62.00,61.00,0.00,0.00,29.75,0.0001,5.00,SCT
NYC,2026-05-06 20:51,62.00,60.00,3.00,M,29.74,T,8.00,FEW
NYC,2026-05-06 21:51,64.00,59.00,3.00,M,29.76,0.00,10.00,BKN
NYC,2026-05-06 22:51,65.00,59.00,M,M,29.76,0.00,10.00,BKN
NYC,2026-05-06 23:00,65.00,59.00,3.00,M,29.77,0.00,10.00,SCT
NYC,2026-05-06 23:51,65.00,59.00,3.00,M,29.77,0.00,10.00,BKN
NYC,2026-05-07 00:51,65.00,59.00,5.00,M,29.78,0.00,10.00,BKN
NYC,2026-05-07 01:34,63.00,61.00,M,M,29.79,0.04,1.75,BKN
NYC,2026-05-07 01:47,62.60,62.60,5.00,M,29.79,0.20,0.75,SCT
NYC,2026-05-07 01:51,63.00,62.00,5.00,210.00,29.80,0.20,1.50,SCT
NYC,2026-05-07 02:12,62.00,61.00,M,M,29.81,0.07,3.00,SCT
NYC,2026-05-07 02:17,61.00,60.00,5.00,M,29.81,0.07,6.00,SCT
NYC,2026-05-07 02:25,60.00,59.00,5.00,M,29.81,0.07,8.00,BKN
NYC,2026-05-07 02:34,59.00,57.00,5.00,M,29.81,0.07,10.00,OVC
NYC,2026-05-07 02:51,58.00,55.00,5.00,300.00,29.81,0.07,10.00,BKN
NYC,2026-05-07 03:00,56.00,52.00,5.00,M,29.81,0.00,10.00,FEW
NYC,2026-05-07 03:51,55.00,51.00,4.00,M,29.82,0.00,10.00,OVC
NYC,2026-05-07 04:19,55.00,51.00,4.00,290.00,29.82,0.00,10.00,OVC
NYC,2026-05-07 04:51,55.00,50.00,3.00,300.00,29.81,0.00,10.00,OVC
NYC,2026-05-07 05:51,52.00,50.00,5.00,M,29.82,0.02,5.00,BKN
NYC,2026-05-07 06:51,51.00,48.00,6.00,M,29.83,0.08,7.00,BKN
NYC,2026-05-07 07:51,50.00,48.00,5.00,M,29.84,0.03,10.00,BKN
NYC,2026-05-07 08:51,49.00,47.00,5.00,M,29.83,0.03,7.00,BKN
NYC,2026-05-07 09:51,49.00,46.00,5.00,M,29.84,T,10.00,BKN
NYC,2026-05-07 10:51,49.00,45.00,5.00,290.00,29.86,0.00,10.00,OVC
NYC,2026-05-07 11:51,50.00,44.00,M,M,29.87,0.00,10.00,OVC
NYC,2026-05-07 12:51,51.00,44.00,M,M,29.88,0.00,10.00,BKN
NYC,2026-05-07 13:51,54.00,40.00,4.00,M,29.88,0.00,10.00,FEW
NYC,2026-05-07 14:38,57.00,36.00,4.00,M,29.88,0.00,10.00,FEW
NYC,2026-05-07 14:51,57.00,35.00,3.00,M,29.88,0.00,10.00,CLR
NYC,2026-05-07 15:51,60.00,31.00,M,M,29.86,0.00,10.00,CLR
NYC,2026-05-07 16:00,60.00,29.00,M,M,29.86,0.00,10.00,FEW
NYC,2026-05-07 16:51,61.00,27.00,0.00,0.00,29.84,0.00,10.00,FEW
NYC,2026-05-07 17:51,62.00,31.00,6.00,M,29.82,0.00,10.00,CLR
NYC,2026-05-07 18:51,63.00,31.00,4.00,350.00,29.80,0.00,10.00,CLR
NYC,2026-05-07 19:39,63.00,30.00,6.00,M,29.78,0.00,10.00,FEW
NYC,2026-05-07 19:51,61.00,29.00,6.00,M,29.78,0.00,10.00,FEW
NYC,2026-05-07 20:51,63.00,31.00,0.00,0.00,29.77,0.00,10.00,OVC
NYC,2026-05-07 21:36,63.00,29.00,4.00,M,29.78,0.00,10.00,FEW
NYC,2026-05-07 21:51,63.00,30.00,6.00,290.00,29.78,0.00,10.00,CLR
NYC,2026-05-07 22:27,62.00,28.00,5.00,M,29.78,0.00,10.00,FEW
NYC,2026-05-07 22:51,61.00,29.00,5.00,M,29.78,0.00,10.00,SCT
NYC,2026-05-07 23:51,59.00,29.00,M,M,29.79,0.00,10.00,CLR
NYC,2026-05-08 00:51,59.00,28.00,0.00,0.00,29.81,0.00,10.00,CLR
NYC,2026-05-08 01:51,58.00,29.00,4.00,30.00,29.82,0.00,10.00,CLR
NYC,2026-05-08 02:51,56.00,32.00,4.00,40.00,29.83,0.00,10.00,CLR
NYC,2026-05-08 03:51,55.00,34.00,0.00,0.00,29.82,0.00,10.00,BKN
NYC,2026-05-08 04:51,54.00,35.00,7.00,60.00,29.83,0.00,10.00,OVC
NYC,2026-05-08 05:51,54.00,35.00,3.00,20.00,29.86,0.00,10.00,SCT
NYC,2026-05-08 06:51,51.00,35.00,4.00,M,29.89,T,10.00,FEW
NYC,2026-05-08 07:41,49.00,37.00,M,M,29.88,0.00,10.00,FEW
NYC,2026-05-08 07:51,49.00,38.00,5.00,M,29.89,0.00,10.00,FEW
NYC,2026-05-08 08:51,49.00,39.00,3.00,M,29.89,T,10.00,BKN
NYC,2026-05-08 09:51,46.00,40.00,3.00,300.00,29.91,T,10.00,FEW
NYC,2026-05-08 10:51,49.00,39.00,4.00,M,29.92,0.00,10.00,CLR
NYC,2026-05-08 11:51,50.00,39.00,5.00,M,29.94,0.00,10.00,CLR
NYC,2026-05-08 12:51,52.00,36.00,3.00,M,29.93,0.00,10.00,CLR
NYC,2026-05-08 13:51,55.00,37.00,M,M,29.93,0.00,10.00,CLR
NYC,2026-05-08 14:51,57.00,32.00,0.00,0.00,29.92,0.00,10.00,BKN
NYC,2026-05-08 15:51,58.00,31.00,7.00,300.00,29.92,0.00,10.00,BKN
NYC,2026-05-08 16:51,60.00,34.00,7.00,260.00,29.91,0.00,10.00,SCT
NYC,2026-05-08 17:05,60.00,32.00,7.00,290.00,29.90,0.00,10.00,FEW
NYC,2026-05-08 17:51,61.00,33.00,10.00,270.00,29.90,0.00,10.00,SCT
NYC,2026-05-08 18:51,60.00,32.00,M,M,29.90,0.00,10.00,BKN
NYC,2026-05-08 19:51,58.00,37.00,5.00,M,29.89,T,8.00,BKN
NYC,2026-05-08 20:51,59.00,39.00,0.00,0.00,29.89,0.01,10.00,FEW
NYC,2026-05-08 21:51,59.00,38.00,3.00,M,29.89,0.00,10.00,FEW
NYC,2026-05-08 22:51,59.00,39.00,0.00,0.00,29.89,0.00,10.00,BKN
NYC,2026-05-08 23:51,56.00,39.00,0.00,0.00,29.90,0.00,10.00,SCT
NYC,2026-05-09 00:51,56.00,41.00,0.00,0.00,29.91,0.00,10.00,BKN
NYC,2026-05-09 01:51,57.00,41.00,4.00,M,29.94,0.00,10.00,BKN
NYC,2026-05-09 02:51,57.00,41.00,4.00,M,29.95,0.00,10.00,BKN
NYC,2026-05-09 03:51,55.00,41.00,0.00,0.00,29.94,0.00,10.00,FEW
NYC,2026-05-09 04:51,55.00,42.00,4.00,30.00,29.94,0.00,10.00,SCT
NYC,2026-05-09 05:51,55.00,44.00,3.00,40.00,29.94,T,10.00,OVC
NYC,2026-05-09 06:51,56.00,43.00,5.00,100.00,29.91,0.00,10.00,OVC
NYC,2026-05-09 07:51,56.00,43.00,0.00,0.00,29.92,0.00,10.00,BKN
NYC,2026-05-09 08:51,54.00,46.00,0.00,0.00,29.92,0.00,10.00,BKN
NYC,2026-05-09 09:51,54.00,47.00,3.00,40.00,29.91,0.00,10.00,OVC
NYC,2026-05-09 10:51,54.00,48.00,5.00,40.00,29.92,0.00,10.00,OVC
NYC,2026-05-09 11:51,55.00,48.00,3.00,60.00,29.93,0.00,10.00,OVC
NYC,2026-05-09 12:51,58.00,49.00,3.00,M,29.92,T,10.00,OVC
NYC,2026-05-09 13:51,60.00,48.00,0.00,0.00,29.91,0.00,10.00,OVC
NYC,2026-05-09 14:51,62.00,49.00,5.00,M,29.91,0.00,10.00,SCT
NYC,2026-05-09 15:51,62.00,50.00,3.00,M,29.90,T,10.00,FEW
NYC,2026-05-09 16:51,65.00,51.00,0.00,0.00,29.87,T,10.00,BKN
NYC,2026-05-09 17:51,62.00,53.00,0.00,0.00,29.87,0.00,10.00,FEW
NYC,2026-05-09 18:49,57.20,55.40,6.00,260.00,29.91,0.04,1.75,FEW
NYC,2026-05-09 18:51,58.00,56.00,4.00,230.00,29.90,0.04,1.50,FEW
NYC,2026-05-09 19:06,58.00,56.00,5.00,M,29.86,0.03,2.50,FEW
NYC,2026-05-09 19:13,58.00,56.00,3.00,50.00,29.86,0.04,4.00,SCT
NYC,2026-05-09 19:28,58.00,57.00,0.00,0.00,29.88,0.04,1.75,FEW
NYC,2026-05-09 19:37,58.00,56.00,0.00,0.00,29.89,0.04,2.50,SCT
NYC,2026-05-09 19:44,57.00,55.00,4.00,10.00,29.89,0.04,4.00,SCT
NYC,2026-05-09 19:51,57.00,56.00,3.00,M,29.89,0.04,4.00,FEW
NYC,2026-05-09 20:02,57.00,55.00,0.00,0.00,29.89,0.0001,4.00,FEW
NYC,2026-05-09 20:14,56.00,55.00,4.00,40.00,29.88,0.02,1.75,FEW
NYC,2026-05-09 20:24,56.00,55.00,3.00,10.00,29.88,0.03,2.50,SCT
NYC,2026-05-09 20:41,56.00,55.00,3.00,M,29.88,0.04,3.00,FEW
NYC,2026-05-09 20:51,56.00,54.00,0.00,0.00,29.88,0.04,6.00,SCT
NYC,2026-05-09 21:02,56.00,55.00,4.00,50.00,29.87,0.00,4.00,SCT
NYC,2026-05-09 21:51,56.00,55.00,3.00,310.00,29.88,T,4.00,FEW
NYC,2026-05-09 21:57,56.00,54.00,0.00,0.00,29.89,0.0001,1.75,FEW
NYC,2026-05-09 22:31,55.00,54.00,0.00,0.00,29.88,0.11,1.50,BKN
NYC,2026-05-09 22:38,55.00,54.00,0.00,0.00,29.87,0.12,3.00,BKN
NYC,2026-05-09 22:51,55.00,54.00,4.00,120.00,29.86,0.12,3.00,BKN
NYC,2026-05-09 22:56,55.00,54.00,4.00,M,29.86,0.00,2.50,SCT
NYC,2026-05-09 23:08,55.00,54.00,5.00,M,29.86,0.00,3.00,SCT
NYC,2026-05-09 23:26,55.00,54.00,3.00,30.00,29.86,0.00,2.00,FEW
NYC,2026-05-09 23:34,55.00,55.00,4.00,50.00,29.86,0.00,1.50,FEW
NYC,2026-05-09 23:51,54.00,54.00,0.00,0.00,29.86,0.00,1.25,SCT
NYC,2026-05-10 00:04,54.00,53.00,0.00,0.00,29.86,0.00,2.00,SCT
NYC,2026-05-10 00:14,54.00,53.00,4.00,100.00,29.86,0.00,3.00,FEW
NYC,2026-05-10 00:28,54.00,53.00,4.00,120.00,29.86,0.00,2.00,CLR
NYC,2026-05-10 00:37,54.00,53.00,4.00,100.00,29.87,0.00,1.75,FEW
NYC,2026-05-10 00:44,54.00,53.00,0.00,0.00,29.87,0.00,3.00,FEW
NYC,2026-05-10 00:51,54.00,53.00,0.00,0.00,29.87,0.00,4.00,FEW
NYC,2026-05-10 01:34,53.00,53.00,0.00,0.00,29.88,0.00,2.50,CLR
NYC,2026-05-10 01:51,53.00,53.00,0.00,0.00,29.88,0.00,3.00,CLR
NYC,2026-05-10 02:51,53.00,52.00,0.00,0.00,29.88,0.00,2.50,CLR
NYC,2026-05-10 03:06,53.00,52.00,0.00,0.00,29.88,0.00,3.00,CLR
NYC,2026-05-10 03:19,53.00,52.00,0.00,0.00,29.88,0.00,2.50,CLR
NYC,2026-05-10 03:51,53.00,52.00,0.00,0.00,29.88,0.00,2.50,CLR
NYC,2026-05-10 04:04,53.00,52.00,3.00,40.00,29.88,0.00,1.50,CLR
NYC,2026-05-10 04:48,51.80,51.80,0.00,0.00,29.89,0.00,1.00,VV 
NYC,2026-05-10 04:51,53.00,52.00,3.00,40.00,29.89,0.00,1.00,VV 
NYC,2026-05-10 05:05,53.00,52.00,0.00,0.00,29.89,0.00,0.75,BKN
NYC,2026-05-10 05:24,53.00,53.00,0.00,0.00,29.88,0.00,0.75,OVC
NYC,2026-05-10 05:34,54.00,53.00,0.00,0.00,29.89,0.00,1.00,OVC
NYC,2026-05-10 05:51,53.00,53.00,0.00,0.00,29.88,0.00,0.75,OVC
NYC,2026-05-10 06:51,53.00,52.00,5.00,50.00,29.89,0.00,0.50,VV 
NYC,2026-05-10 07:36,53.00,52.00,3.00,40.00,29.88,0.00,1.00,OVC
NYC,2026-05-10 07:51,52.00,52.00,0.00,0.00,29.89,0.00,0.75,OVC
NYC,2026-05-10 08:09,53.00,52.00,3.00,M,29.90,0.00,1.00,OVC
NYC,2026-05-10 08:51,53.00,52.00,3.00,M,29.92,0.00,1.50,OVC
NYC,2026-05-10 08:58,53.00,52.00,4.00,M,29.91,0.00,1.75,OVC
NYC,2026-05-10 09:51,53.00,53.00,4.00,60.00,29.91,0.00,1.50,OVC
NYC,2026-05-10 10:38,53.00,52.00,0.00,0.00,29.91,0.00,0.50,OVC
NYC,2026-05-10 10:49,53.60,51.80,3.00,80.00,29.90,0.00,1.25,OVC
NYC,2026-05-10 10:51,53.00,52.00,3.00,110.00,29.90,0.00,1.50,OVC
NYC,2026-05-10 11:27,53.00,52.00,6.00,110.00,29.91,0.00,2.00,OVC
NYC,2026-05-10 11:51,53.00,53.00,0.00,0.00,29.92,0.00,1.50,OVC
NYC,2026-05-10 12:03,54.00,53.00,0.00,0.00,29.92,0.00,2.00,OVC
NYC,2026-05-10 12:19,54.00,53.00,3.00,M,29.93,0.00,3.00,BKN
NYC,2026-05-10 12:28,54.00,53.00,0.00,0.00,29.93,0.00,3.00,BKN
NYC,2026-05-10 12:40,54.00,53.00,3.00,M,29.94,0.00,3.00,BKN
NYC,2026-05-10 12:51,54.00,53.00,0.00,0.00,29.94,0.00,2.50,BKN
NYC,2026-05-10 13:21,56.00,55.00,3.00,70.00,29.95,0.00,3.00,OVC
NYC,2026-05-10 13:32,55.00,54.00,0.00,0.00,29.95,0.00,4.00,OVC
NYC,2026-05-10 13:51,57.00,55.00,3.00,M,29.95,0.00,5.00,OVC
NYC,2026-05-10 14:51,60.00,53.00,0.00,0.00,29.96,0.00,5.00,OVC
NYC,2026-05-10 14:58,60.00,54.00,0.00,0.00,29.96,0.00,5.00,OVC
NYC,2026-05-10 15:28,61.00,55.00,0.00,0.00,29.96,0.00,5.00,FEW
NYC,2026-05-10 15:51,64.00,55.00,0.00,0.00,29.95,0.00,5.00,CLR
NYC,2026-05-10 16:51,67.00,56.00,0.00,0.00,29.95,0.00,6.00,CLR
NYC,2026-05-10 17:51,68.00,56.00,0.00,0.00,29.93,0.00,6.00,FEW
NYC,2026-05-10 18:51,71.00,57.00,3.00,M,29.93,0.00,6.00,SCT
NYC,2026-05-10 19:51,72.00,56.00,4.00,M,29.92,0.00,10.00,FEW
NYC,2026-05-10 20:51,70.00,54.00,4.00,M,29.92,0.00,10.00,FEW
NYC,2026-05-10 21:51,64.00,57.00,0.00,0.00,29.95,T,6.00,FEW
NYC,2026-05-10 22:51,63.00,58.00,4.00,210.00,29.95,T,7.00,OVC
NYC,2026-05-10 23:51,65.00,53.00,3.00,M,29.97,0.00,10.00,OVC
NYC,2026-05-11 00:51,65.00,52.00,0.00,0.00,29.99,0.00,10.00,BKN
NYC,2026-05-11 01:51,65.00,51.00,4.00,220.00,30.01,0.00,10.00,OVC
NYC,2026-05-11 02:51,62.00,56.00,3.00,M,30.01,0.01,5.00,OVC
NYC,2026-05-11 03:51,62.00,57.00,0.00,0.00,30.02,T,10.00,OVC
NYC,2026-05-11 04:51,60.00,50.00,8.00,30.00,30.04,0.00,10.00,FEW
NYC,2026-05-11 05:51,57.00,36.00,4.00,M,30.08,0.00,10.00,OVC
NYC,2026-05-11 06:51,55.00,30.00,6.00,M,30.09,0.00,10.00,OVC
NYC,2026-05-11 07:51,54.00,27.00,9.00,30.00,30.10,0.00,10.00,BKN
NYC,2026-05-11 08:51,53.00,28.00,5.00,M,30.10,0.00,10.00,OVC
NYC,2026-05-11 09:51,53.00,28.00,4.00,M,30.12,0.00,10.00,OVC
NYC,2026-05-11 10:51,53.00,28.00,4.00,M,30.13,0.00,10.00,SCT
NYC,2026-05-11 11:51,53.00,26.00,9.00,50.00,30.14,0.00,10.00,SCT
NYC,2026-05-11 12:43,54.00,22.00,8.00,360.00,30.16,0.00,10.00,FEW
NYC,2026-05-11 12:51,55.00,23.00,9.00,360.00,30.16,0.00,10.00,FEW
NYC,2026-05-11 13:51,57.00,28.00,10.00,50.00,30.16,0.00,10.00,CLR
NYC,2026-05-11 14:32,56.00,27.00,7.00,10.00,30.16,0.00,10.00,FEW
NYC,2026-05-11 14:51,57.00,27.00,6.00,M,30.16,0.00,10.00,CLR
NYC,2026-05-11 15:51,57.00,23.00,4.00,M,30.15,0.00,10.00,CLR
NYC,2026-05-11 16:51,57.00,28.00,3.00,M,30.14,0.00,10.00,CLR
NYC,2026-05-11 17:51,58.00,27.00,3.00,M,30.12,0.00,10.00,CLR
NYC,2026-05-11 18:51,58.00,26.00,5.00,M,30.11,0.00,10.00,CLR
NYC,2026-05-11 19:51,59.00,27.00,3.00,M,30.08,0.00,10.00,CLR
NYC,2026-05-11 20:51,59.00,32.00,0.00,0.00,30.08,0.00,10.00,CLR
NYC,2026-05-11 21:51,60.00,29.00,0.00,0.00,30.07,0.00,10.00,CLR
NYC,2026-05-11 22:51,59.00,28.00,0.00,0.00,30.07,0.00,10.00,CLR
NYC,2026-05-11 23:51,56.00,29.00,0.00,0.00,30.08,0.00,10.00,CLR
NYC,2026-05-12 00:51,55.00,29.00,4.00,230.00,30.09,0.00,10.00,CLR
NYC,2026-05-12 01:51,55.00,30.00,3.00,210.00,30.11,0.00,10.00,FEW
NYC,2026-05-12 02:51,55.00,32.00,0.00,0.00,30.11,0.00,10.00,BKN
NYC,2026-05-12 03:51,55.00,35.00,6.00,M,30.14,0.00,10.00,BKN
NYC,2026-05-12 04:07,55.00,35.00,9.00,50.00,30.14,0.00,10.00,FEW
NYC,2026-05-12 04:51,54.00,34.00,7.00,350.00,30.16,0.00,10.00,FEW
NYC,2026-05-12 05:51,51.00,35.00,3.00,M,30.17,0.00,10.00,FEW
NYC,2026-05-12 06:51,51.00,34.00,3.00,M,30.17,0.00,10.00,FEW
NYC,2026-05-12 07:51,49.00,32.00,5.00,M,30.17,0.00,10.00,BKN
NYC,2026-05-12 08:51,47.00,30.00,3.00,M,30.18,0.00,10.00,CLR
NYC,2026-05-12 09:51,47.00,29.00,6.00,300.00,30.19,0.00,10.00,CLR
NYC,2026-05-12 10:51,47.00,30.00,4.00,M,30.20,0.00,10.00,CLR
NYC,2026-05-12 11:51,48.00,31.00,0.00,0.00,30.22,0.00,10.00,CLR
NYC,2026-05-12 12:51,52.00,31.00,3.00,M,30.23,0.00,10.00,CLR
NYC,2026-05-12 13:33,54.00,30.00,4.00,M,30.22,0.00,10.00,FEW
NYC,2026-05-12 13:51,55.00,32.00,5.00,M,30.22,0.00,10.00,CLR
NYC,2026-05-12 14:51,57.00,30.00,M,M,30.22,0.00,10.00,CLR
NYC,2026-05-12 15:51,61.00,32.00,4.00,M,30.19,0.00,10.00,CLR
NYC,2026-05-12 16:51,62.00,29.00,4.00,M,30.17,0.00,10.00,CLR
NYC,2026-05-12 17:51,63.00,27.00,0.00,0.00,30.15,0.00,10.00,CLR
NYC,2026-05-12 18:51,64.00,28.00,0.00,0.00,30.13,0.00,10.00,CLR
NYC,2026-05-12 19:51,65.00,25.00,M,M,30.11,0.00,10.00,CLR
NYC,2026-05-12 20:51,65.00,29.00,3.00,M,30.09,0.00,10.00,CLR
NYC,2026-05-12 21:51,61.00,32.00,6.00,M,30.11,0.00,10.00,CLR
NYC,2026-05-12 22:51,58.00,32.00,4.00,M,30.10,0.00,10.00,CLR
NYC,2026-05-12 23:51,56.00,37.00,4.00,M,30.12,0.00,10.00,CLR
NYC,2026-05-13 00:51,54.00,40.00,M,M,30.12,0.00,10.00,CLR
NYC,2026-05-13 01:51,54.00,39.00,3.00,M,30.13,0.00,10.00,CLR
NYC,2026-05-13 02:51,54.00,41.00,6.00,M,30.12,0.00,10.00,CLR
NYC,2026-05-13 03:51,53.00,42.00,3.00,M,30.12,0.00,10.00,CLR
NYC,2026-05-13 04:51,54.00,43.00,5.00,M,30.12,0.00,10.00,CLR
NYC,2026-05-13 05:51,54.00,42.00,4.00,M,30.10,0.00,10.00,CLR
NYC,2026-05-13 06:51,54.00,43.00,3.00,M,30.08,0.00,10.00,FEW
NYC,2026-05-13 07:51,55.00,44.00,M,M,30.07,0.00,10.00,BKN
NYC,2026-05-13 08:51,55.00,43.00,3.00,M,30.04,0.00,10.00,BKN
NYC,2026-05-13 09:51,55.00,43.00,4.00,M,30.03,0.00,10.00,OVC
NYC,2026-05-13 10:51,55.00,45.00,3.00,M,30.03,0.00,10.00,BKN
NYC,2026-05-13 11:51,56.00,46.00,0.00,0.00,30.03,T,10.00,OVC
NYC,2026-05-13 12:51,57.00,46.00,3.00,M,30.02,0.00,10.00,OVC
NYC,2026-05-13 13:51,63.00,49.00,M,M,29.99,0.00,10.00,FEW
NYC,2026-05-13 14:51,66.00,47.00,6.00,M,29.97,0.00,10.00,CLR
NYC,2026-05-13 15:51,68.00,46.00,4.00,190.00,29.96,0.00,10.00,FEW
NYC,2026-05-13 16:51,70.00,47.00,4.00,160.00,29.92,0.00,10.00,FEW
NYC,2026-05-13 17:51,72.00,46.00,M,M,29.90,0.00,10.00,SCT
NYC,2026-05-13 18:51,68.00,47.00,5.00,M,29.88,0.00,9.00,BKN
NYC,2026-05-13 19:51,67.00,47.00,M,M,29.87,T,8.00,FEW
NYC,2026-05-13 20:51,69.00,43.00,5.00,M,29.86,T,10.00,FEW
NYC,2026-05-13 21:51,66.00,45.00,5.00,M,29.85,0.00,10.00,CLR
NYC,2026-05-13 22:51,64.00,45.00,3.00,M,29.85,0.00,10.00,BKN
NYC,2026-05-13 23:51,62.00,46.00,M,M,29.85,0.00,10.00,OVC
NYC,2026-05-14 00:51,61.00,48.00,7.00,150.00,29.85,0.00,10.00,OVC
NYC,2026-05-14 01:51,60.00,49.00,3.00,M,29.85,0.00,10.00,FEW
NYC,2026-05-14 02:51,59.00,50.00,M,M,29.84,0.00,10.00,SCT
NYC,2026-05-14 03:51,57.00,51.00,5.00,M,29.83,0.01,10.00,SCT
NYC,2026-05-14 04:51,57.00,51.00,4.00,M,29.83,0.00,10.00,OVC
NYC,2026-05-14 05:51,57.00,51.00,3.00,M,29.80,0.00,10.00,BKN
NYC,2026-05-14 06:51,56.00,53.00,0.00,0.00,29.79,T,8.00,OVC
NYC,2026-05-14 07:51,55.00,54.00,0.00,0.00,29.76,0.01,7.00,OVC
NYC,2026-05-14 08:51,55.00,53.00,0.00,0.00,29.77,T,10.00,CLR
NYC,2026-05-14 09:51,55.00,52.00,4.00,300.00,29.78,0.00,10.00,CLR
NYC,2026-05-14 10:51,56.00,53.00,5.00,280.00,29.79,0.00,10.00,BKN
NYC,2026-05-14 11:51,56.00,51.00,4.00,M,29.80,0.00,10.00,SCT
NYC,2026-05-14 12:51,57.00,52.00,4.00,290.00,29.78,T,10.00,FEW
NYC,2026-05-14 13:51,58.00,50.00,7.00,300.00,29.78,0.00,10.00,CLR
NYC,2026-05-14 14:51,59.00,49.00,5.00,290.00,29.80,0.00,10.00,SCT
NYC,2026-05-14 15:51,60.00,50.00,0.00,0.00,29.78,0.00,10.00,FEW
NYC,2026-05-14 16:51,61.00,47.00,4.00,M,29.77,0.00,10.00,OVC
NYC,2026-05-14 17:51,64.00,46.00,0.00,0.00,29.75,0.00,10.00,BKN
NYC,2026-05-14 18:51,63.00,44.00,5.00,280.00,29.73,0.00,10.00,BKN
NYC,2026-05-14 19:51,65.00,45.00,4.00,M,29.72,0.00,10.00,FEW
NYC,2026-05-14 20:51,65.00,44.00,0.00,0.00,29.72,0.00,10.00,BKN
NYC,2026-05-14 21:51,64.00,40.00,3.00,M,29.73,0.00,10.00,BKN
NYC,2026-05-14 22:51,61.00,39.00,7.00,290.00,29.74,0.00,10.00,SCT
NYC,2026-05-14 23:51,61.00,40.00,3.00,M,29.76,0.00,10.00,FEW
NYC,2026-05-15 00:51,59.00,40.00,M,M,29.78,0.00,10.00,OVC
NYC,2026-05-15 01:51,58.00,41.00,3.00,M,29.80,0.00,10.00,FEW
NYC,2026-05-15 02:51,56.00,40.00,6.00,M,29.81,0.00,10.00,BKN
NYC,2026-05-15 03:51,55.00,41.00,6.00,310.00,29.81,0.00,10.00,BKN
NYC,2026-05-15 04:51,53.00,41.00,4.00,M,29.82,0.00,10.00,CLR
NYC,2026-05-15 05:51,52.00,41.00,M,M,29.81,0.00,10.00,FEW
NYC,2026-05-15 06:51,51.00,41.00,3.00,M,29.80,0.00,10.00,OVC
NYC,2026-05-15 07:51,51.00,42.00,6.00,280.00,29.80,0.00,10.00,SCT
NYC,2026-05-15 08:51,51.00,42.00,4.00,280.00,29.81,0.00,10.00,OVC
NYC,2026-05-15 09:51,51.00,42.00,6.00,310.00,29.83,0.00,10.00,SCT
NYC,2026-05-15 10:51,53.00,42.00,5.00,300.00,29.85,0.00,10.00,OVC
NYC,2026-05-15 11:51,53.00,43.00,4.00,M,29.87,0.00,10.00,BKN
NYC,2026-05-15 12:51,55.00,43.00,3.00,M,29.89,0.00,10.00,OVC
NYC,2026-05-15 13:51,57.00,43.00,3.00,M,29.89,0.00,10.00,FEW
NYC,2026-05-15 14:51,61.00,43.00,7.00,270.00,29.88,0.00,10.00,SCT
NYC,2026-05-15 15:51,61.00,44.00,6.00,M,29.89,0.00,10.00,OVC
NYC,2026-05-15 16:51,61.00,43.00,6.00,M,29.90,0.00,10.00,OVC
NYC,2026-05-15 17:51,61.00,44.00,6.00,300.00,29.92,0.00,10.00,OVC
NYC,2026-05-15 18:51,64.00,45.00,M,M,29.91,0.00,10.00,SCT
NYC,2026-05-15 19:51,63.00,45.00,9.00,290.00,29.93,0.00,10.00,OVC
NYC,2026-05-15 20:51,64.00,46.00,5.00,300.00,29.93,0.00,10.00,OVC
NYC,2026-05-15 21:51,66.00,47.00,0.00,0.00,29.95,0.00,10.00,OVC
NYC,2026-05-15 22:51,65.00,46.00,3.00,M,29.96,0.00,10.00,SCT
NYC,2026-05-15 23:51,65.00,46.00,6.00,310.00,29.98,0.00,10.00,SCT
NYC,2026-05-16 00:51,63.00,46.00,0.00,0.00,29.99,0.00,10.00,SCT
NYC,2026-05-16 01:51,62.00,46.00,0.00,0.00,30.03,0.00,10.00,CLR
NYC,2026-05-16 02:51,61.00,46.00,3.00,280.00,30.06,0.00,10.00,CLR
NYC,2026-05-16 03:51,59.00,47.00,0.00,0.00,30.07,0.00,10.00,CLR
NYC,2026-05-16 04:51,57.00,48.00,0.00,0.00,30.07,0.00,10.00,CLR
NYC,2026-05-16 05:51,57.00,47.00,0.00,0.00,30.07,0.00,10.00,CLR
NYC,2026-05-16 06:51,57.00,47.00,3.00,270.00,30.09,0.00,10.00,CLR
NYC,2026-05-16 07:51,56.00,47.00,0.00,0.00,30.09,0.00,10.00,CLR
NYC,2026-05-16 08:51,56.00,47.00,0.00,0.00,30.09,0.00,10.00,CLR
NYC,2026-05-16 09:51,55.00,48.00,0.00,0.00,30.11,0.00,10.00,CLR
NYC,2026-05-16 10:51,57.00,49.00,0.00,0.00,30.13,0.00,10.00,CLR
NYC,2026-05-16 11:51,62.00,49.00,0.00,0.00,30.14,0.00,10.00,CLR
NYC,2026-05-16 12:51,65.00,47.00,5.00,170.00,30.13,0.00,10.00,CLR
NYC,2026-05-16 13:51,67.00,49.00,M,M,30.14,0.00,10.00,CLR
NYC,2026-05-16 14:51,70.00,49.00,4.00,M,30.12,0.00,9.00,CLR
NYC,2026-05-16 15:51,74.00,46.00,M,M,30.09,0.00,10.00,CLR
NYC,2026-05-16 16:51,75.00,47.00,M,M,30.06,0.00,10.00,CLR
NYC,2026-05-16 17:51,77.00,49.00,M,M,30.03,0.00,10.00,CLR
NYC,2026-05-16 18:51,77.00,48.00,4.00,M,30.01,0.00,10.00,CLR
NYC,2026-05-16 19:51,76.00,48.00,4.00,M,29.98,0.00,10.00,CLR
NYC,2026-05-16 20:51,76.00,50.00,M,M,29.95,0.00,10.00,CLR
NYC,2026-05-16 21:51,78.00,49.00,4.00,M,29.95,0.00,10.00,CLR
NYC,2026-05-16 22:51,78.00,43.00,M,M,29.95,0.00,10.00,CLR
NYC,2026-05-16 23:51,76.00,45.00,M,M,29.93,0.00,10.00,BKN
NYC,2026-05-17 00:51,75.00,48.00,6.00,M,29.94,0.00,10.00,CLR
NYC,2026-05-17 01:51,73.00,48.00,5.00,220.00,29.95,0.00,10.00,FEW
NYC,2026-05-17 02:51,71.00,50.00,3.00,M,29.95,0.00,10.00,SCT
NYC,2026-05-17 03:51,71.00,51.00,4.00,220.00,29.95,0.00,10.00,FEW
NYC,2026-05-17 04:51,70.00,51.00,3.00,M,29.95,0.00,10.00,CLR
NYC,2026-05-17 05:51,70.00,51.00,M,M,29.95,0.00,10.00,BKN
NYC,2026-05-17 06:51,69.00,51.00,6.00,230.00,29.96,0.00,10.00,CLR
NYC,2026-05-17 07:51,67.00,52.00,5.00,M,29.98,0.00,10.00,CLR
NYC,2026-05-17 08:51,67.00,54.00,4.00,280.00,30.00,0.00,10.00,CLR
NYC,2026-05-17 09:51,66.00,56.00,0.00,0.00,30.01,0.00,10.00,CLR
NYC,2026-05-17 10:51,67.00,57.00,4.00,260.00,30.01,0.00,10.00,CLR
NYC,2026-05-17 11:51,68.00,58.00,7.00,270.00,30.06,0.00,10.00,CLR
NYC,2026-05-17 12:51,70.00,59.00,6.00,290.00,30.08,0.00,10.00,CLR
NYC,2026-05-17 13:51,73.00,59.00,M,M,30.07,0.00,10.00,CLR
NYC,2026-05-17 14:51,77.00,58.00,4.00,M,30.07,0.00,10.00,CLR
NYC,2026-05-17 15:51,81.00,55.00,0.00,0.00,30.08,0.00,10.00,CLR
NYC,2026-05-17 16:51,84.00,57.00,M,M,30.08,0.00,10.00,CLR
NYC,2026-05-17 17:51,86.00,52.00,5.00,M,30.06,0.00,6.00,CLR
NYC,2026-05-17 18:51,86.00,52.00,M,M,30.05,0.00,10.00,CLR
NYC,2026-05-17 19:51,84.00,57.00,6.00,M,30.04,0.00,10.00,CLR
NYC,2026-05-17 20:51,83.00,58.00,0.00,0.00,30.04,0.00,10.00,CLR
NYC,2026-05-17 21:51,83.00,58.00,3.00,120.00,30.04,0.00,10.00,CLR
NYC,2026-05-17 22:51,82.00,58.00,3.00,170.00,30.05,0.00,10.00,CLR
NYC,2026-05-17 23:51,80.00,58.00,3.00,190.00,30.06,0.00,10.00,CLR
NYC,2026-05-18 00:51,82.00,57.00,4.00,230.00,30.08,0.00,10.00,CLR
NYC,2026-05-18 01:51,80.00,58.00,5.00,230.00,30.10,0.00,10.00,CLR
NYC,2026-05-18 02:51,79.00,58.00,6.00,240.00,30.11,0.00,10.00,CLR
NYC,2026-05-18 03:51,78.00,59.00,4.00,240.00,30.12,0.00,10.00,CLR
NYC,2026-05-18 04:51,76.00,62.00,6.00,M,30.13,0.00,10.00,CLR
NYC,2026-05-18 05:51,75.00,62.00,4.00,M,30.12,0.00,10.00,CLR
NYC,2026-05-18 06:51,74.00,62.00,5.00,M,30.13,0.00,10.00,CLR
NYC,2026-05-18 07:51,74.00,62.00,3.00,M,30.14,0.00,10.00,CLR
NYC,2026-05-18 08:51,72.00,62.00,3.00,240.00,30.15,0.00,10.00,CLR
NYC,2026-05-18 09:51,71.00,62.00,0.00,0.00,30.16,0.00,10.00,CLR
NYC,2026-05-18 10:51,72.00,63.00,0.00,0.00,30.19,0.00,10.00,CLR
NYC,2026-05-18 11:51,75.00,63.00,0.00,0.00,30.20,0.00,10.00,CLR
NYC,2026-05-18 12:51,78.00,64.00,4.00,60.00,30.20,0.00,10.00,CLR
NYC,2026-05-18 13:51,81.00,65.00,4.00,60.00,30.20,0.00,8.00,CLR
NYC,2026-05-18 14:51,85.00,65.00,0.00,0.00,30.19,0.00,9.00,CLR
NYC,2026-05-18 15:51,87.00,63.00,3.00,M,30.18,0.00,10.00,CLR
NYC,2026-05-18 16:51,88.00,64.00,4.00,M,30.17,0.00,10.00,CLR
NYC,2026-05-18 17:51,86.00,64.00,4.00,M,30.15,0.00,10.00,CLR
NYC,2026-05-18 18:51,84.00,62.00,4.00,M,30.15,0.00,10.00,CLR
NYC,2026-05-18 19:51,82.00,62.00,M,M,30.14,0.00,10.00,CLR
NYC,2026-05-18 20:51,80.00,61.00,6.00,M,30.13,0.00,10.00,CLR
NYC,2026-05-18 21:51,80.00,61.00,6.00,150.00,30.11,0.00,10.00,CLR
NYC,2026-05-18 22:51,79.00,63.00,4.00,M,30.10,0.00,10.00,CLR
NYC,2026-05-18 23:51,77.00,63.00,3.00,M,30.09,0.00,10.00,CLR
NYC,2026-05-19 00:51,78.00,63.00,3.00,170.00,30.11,0.00,10.00,CLR
NYC,2026-05-19 01:51,79.00,63.00,M,M,30.12,0.00,10.00,CLR
NYC,2026-05-19 02:51,78.00,63.00,3.00,M,30.14,0.00,10.00,CLR
NYC,2026-05-19 03:51,78.00,63.00,5.00,M,30.14,0.00,10.00,CLR
NYC,2026-05-19 04:51,77.00,64.00,4.00,M,30.14,0.00,10.00,CLR
NYC,2026-05-19 05:51,76.00,64.00,4.00,M,30.13,0.00,10.00,CLR
NYC,2026-05-19 06:51,75.00,63.00,3.00,M,30.12,0.00,10.00,CLR
NYC,2026-05-19 07:51,75.00,64.00,3.00,M,30.11,0.00,10.00,CLR
NYC,2026-05-19 08:51,74.00,65.00,4.00,M,30.10,0.00,10.00,CLR
NYC,2026-05-19 09:51,74.00,65.00,4.00,230.00,30.10,0.00,10.00,CLR
NYC,2026-05-19 10:51,74.00,66.00,3.00,M,30.11,0.00,9.00,CLR
NYC,2026-05-19 11:51,75.00,67.00,6.00,240.00,30.11,0.00,9.00,CLR
NYC,2026-05-19 12:51,78.00,67.00,3.00,M,30.10,0.00,9.00,CLR
NYC,2026-05-19 13:51,81.00,68.00,5.00,190.00,30.09,0.00,9.00,CLR
NYC,2026-05-19 14:51,84.00,68.00,0.00,0.00,30.09,0.00,8.00,CLR
NYC,2026-05-19 15:51,88.00,68.00,6.00,M,30.08,0.00,9.00,CLR
NYC,2026-05-19 16:51,90.00,67.00,5.00,M,30.06,0.00,10.00,CLR
NYC,2026-05-19 17:51,92.00,65.00,M,M,30.03,0.00,10.00,CLR
NYC,2026-05-19 18:51,92.00,65.00,5.00,200.00,30.00,0.00,10.00,CLR
NYC,2026-05-19 19:51,92.00,64.00,5.00,M,29.99,0.00,10.00,FEW
NYC,2026-05-19 20:51,91.00,63.00,M,M,29.98,0.00,10.00,FEW
NYC,2026-05-19 21:51,91.00,60.00,M,M,29.97,0.00,10.00,CLR
NYC,2026-05-19 22:51,91.00,62.00,7.00,260.00,29.97,0.00,10.00,FEW
NYC,2026-05-19 23:51,89.00,62.00,5.00,240.00,29.99,0.00,10.00,CLR
NYC,2026-05-20 00:51,88.00,61.00,4.00,M,30.00,0.00,10.00,CLR
NYC,2026-05-20 01:51,86.00,61.00,0.00,0.00,30.01,0.00,10.00,CLR
NYC,2026-05-20 02:51,84.00,62.00,M,M,30.01,0.00,10.00,CLR
NYC,2026-05-20 03:51,84.00,62.00,M,M,30.01,0.00,10.00,CLR
NYC,2026-05-20 04:51,82.00,63.00,4.00,240.00,30.01,0.00,10.00,CLR
NYC,2026-05-20 05:51,81.00,63.00,4.00,M,30.00,0.00,10.00,CLR
NYC,2026-05-20 06:51,80.00,64.00,3.00,M,29.99,0.00,10.00,CLR
NYC,2026-05-20 07:51,79.00,64.00,6.00,M,29.99,0.00,10.00,CLR
NYC,2026-05-20 08:51,78.00,64.00,3.00,M,29.98,0.00,10.00,CLR
NYC,2026-05-20 09:51,77.00,64.00,4.00,240.00,29.97,0.00,10.00,CLR
NYC,2026-05-20 10:51,77.00,65.00,5.00,M,29.98,0.00,10.00,CLR
NYC,2026-05-20 11:51,78.00,65.00,4.00,M,29.99,0.00,10.00,CLR
NYC,2026-05-20 12:51,81.00,65.00,7.00,300.00,29.99,0.00,10.00,CLR
NYC,2026-05-20 13:51,83.00,65.00,5.00,M,29.99,0.00,10.00,CLR
NYC,2026-05-20 14:51,86.00,64.00,7.00,280.00,29.98,0.00,10.00,CLR
NYC,2026-05-20 15:51,89.00,62.00,6.00,M,29.98,0.00,10.00,CLR
NYC,2026-05-20 16:51,91.00,63.00,M,M,29.96,0.00,10.00,CLR
NYC,2026-05-20 17:51,91.00,64.00,M,M,29.94,0.00,10.00,FEW
NYC,2026-05-20 18:51,89.00,63.00,4.00,M,29.93,0.00,10.00,SCT
NYC,2026-05-20 19:51,90.00,63.00,6.00,M,29.91,0.00,10.00,BKN
NYC,2026-05-20 20:51,90.00,64.00,6.00,230.00,29.91,0.00,10.00,FEW
NYC,2026-05-20 21:51,88.00,64.00,5.00,M,29.91,0.00,10.00,FEW
NYC,2026-05-20 22:36,83.00,65.00,3.00,M,29.94,0.00,10.00,FEW
NYC,2026-05-20 22:51,82.00,65.00,M,M,29.95,0.00,10.00,SCT
NYC,2026-05-20 23:51,73.00,68.00,3.00,M,30.03,0.03,3.00,FEW
NYC,2026-05-21 00:51,69.00,67.00,0.00,0.00,30.03,0.06,10.00,CLR
NYC,2026-05-21 01:51,69.00,67.00,4.00,290.00,30.04,T,10.00,CLR
NYC,2026-05-21 02:51,66.00,58.00,4.00,290.00,30.06,0.00,10.00,CLR
NYC,2026-05-21 03:51,67.00,57.00,5.00,300.00,30.06,0.00,10.00,CLR
NYC,2026-05-21 04:51,66.00,55.00,5.00,290.00,30.08,0.00,10.00,CLR
NYC,2026-05-21 05:51,65.00,54.00,3.00,M,30.10,0.00,10.00,BKN
NYC,2026-05-21 06:51,65.00,51.00,0.00,0.00,30.10,0.00,10.00,FEW
NYC,2026-05-21 07:51,64.00,51.00,M,M,30.10,0.00,10.00,CLR
NYC,2026-05-21 08:51,63.00,48.00,6.00,340.00,30.12,0.00,10.00,FEW
NYC,2026-05-21 09:51,63.00,43.00,5.00,M,30.15,0.00,10.00,OVC
NYC,2026-05-21 10:51,62.00,46.00,6.00,M,30.16,0.00,10.00,SCT
NYC,2026-05-21 11:28,62.00,44.00,3.00,M,30.17,0.00,10.00,FEW
NYC,2026-05-21 11:51,62.00,44.00,4.00,M,30.18,0.00,10.00,FEW
NYC,2026-05-21 12:51,62.00,46.00,8.00,50.00,30.21,T,10.00,BKN
NYC,2026-05-21 13:51,60.00,48.00,5.00,M,30.23,T,10.00,OVC
NYC,2026-05-21 14:51,57.00,52.00,8.00,360.00,30.25,0.01,5.00,OVC
NYC,2026-05-21 15:08,55.00,52.00,4.00,360.00,30.24,0.02,1.75,BKN
NYC,2026-05-21 15:26,55.00,53.00,0.00,0.00,30.25,0.09,3.00,BKN
NYC,2026-05-21 15:51,56.00,54.00,0.00,0.00,30.27,0.10,6.00,OVC
NYC,2026-05-21 16:10,56.00,54.00,M,M,30.27,0.01,5.00,FEW
NYC,2026-05-21 16:51,57.00,56.00,3.00,M,30.27,0.03,5.00,FEW
NYC,2026-05-21 17:51,59.00,57.00,3.00,M,30.27,0.01,9.00,SCT
NYC,2026-05-21 18:51,58.00,55.00,3.00,M,30.25,T,10.00,SCT
NYC,2026-05-21 19:51,58.00,54.00,0.00,0.00,30.25,T,10.00,FEW
NYC,2026-05-21 20:51,59.00,54.00,3.00,M,30.24,T,10.00,FEW
NYC,2026-05-21 21:51,59.00,55.00,3.00,300.00,30.24,T,10.00,FEW
NYC,2026-05-21 22:51,59.00,54.00,0.00,0.00,30.24,0.00,10.00,SCT
NYC,2026-05-21 23:51,60.00,52.00,0.00,0.00,30.27,T,10.00,CLR
NYC,2026-05-22 00:51,59.00,51.00,0.00,0.00,30.28,0.00,10.00,SCT
NYC,2026-05-22 01:51,60.00,50.00,0.00,0.00,30.30,0.00,10.00,FEW
NYC,2026-05-22 02:51,60.00,49.00,3.00,M,30.30,0.00,10.00,SCT
NYC,2026-05-22 03:51,59.00,48.00,3.00,M,30.30,0.00,10.00,BKN
NYC,2026-05-22 04:51,58.00,45.00,0.00,0.00,30.30,0.00,10.00,CLR
NYC,2026-05-22 05:51,59.00,43.00,7.00,50.00,30.30,0.00,10.00,CLR
NYC,2026-05-22 06:51,58.00,44.00,4.00,M,30.30,0.00,10.00,CLR
NYC,2026-05-22 07:51,59.00,41.00,6.00,70.00,30.31,0.00,10.00,CLR
NYC,2026-05-22 08:51,58.00,39.00,9.00,60.00,30.31,0.00,10.00,CLR
NYC,2026-05-22 09:51,57.00,40.00,6.00,80.00,30.34,0.00,10.00,FEW
NYC,2026-05-22 10:51,56.00,38.00,7.00,80.00,30.36,0.00,10.00,CLR
NYC,2026-05-22 11:51,57.00,38.00,10.00,80.00,30.38,0.00,10.00,BKN
NYC,2026-05-22 12:51,57.00,38.00,8.00,80.00,30.40,0.00,10.00,SCT
NYC,2026-05-22 13:33,58.00,37.00,11.00,70.00,30.41,0.00,10.00,FEW
NYC,2026-05-22 13:51,59.00,37.00,12.00,70.00,30.41,0.00,10.00,CLR
NYC,2026-05-22 14:51,60.00,39.00,8.00,80.00,30.42,0.00,10.00,FEW
NYC,2026-05-22 15:51,61.00,37.00,8.00,60.00,30.41,0.00,10.00,BKN
NYC,2026-05-22 16:51,65.00,39.00,9.00,70.00,30.40,0.00,10.00,CLR
NYC,2026-05-22 17:51,66.00,37.00,7.00,70.00,30.38,0.00,10.00,BKN
NYC,2026-05-22 18:51,68.00,39.00,6.00,M,30.36,0.00,10.00,CLR
NYC,2026-05-22 19:51,67.00,38.00,6.00,100.00,30.35,0.00,10.00,CLR
NYC,2026-05-22 20:51,65.00,40.00,3.00,M,30.37,0.00,10.00,CLR
NYC,2026-05-22 21:51,62.00,41.00,3.00,M,30.38,0.00,10.00,CLR
NYC,2026-05-22 22:51,60.00,39.00,7.00,120.00,30.38,0.00,10.00,CLR
NYC,2026-05-22 23:51,59.00,40.00,4.00,M,30.39,0.00,10.00,CLR
NYC,2026-05-23 00:51,58.00,38.00,4.00,M,30.40,0.00,10.00,CLR
NYC,2026-05-23 01:51,58.00,36.00,5.00,90.00,30.41,0.00,10.00,CLR
NYC,2026-05-23 02:51,58.00,37.00,3.00,M,30.42,0.00,10.00,FEW
NYC,2026-05-23 03:51,57.00,40.00,4.00,M,30.42,0.00,10.00,BKN
NYC,2026-05-23 04:51,57.00,41.00,5.00,60.00,30.42,0.00,10.00,FEW
NYC,2026-05-23 05:51,56.00,39.00,3.00,M,30.41,0.00,10.00,CLR
NYC,2026-05-23 06:51,56.00,39.00,5.00,60.00,30.41,0.00,10.00,BKN
NYC,2026-05-23 07:51,56.00,39.00,4.00,M,30.42,0.00,10.00,FEW
NYC,2026-05-23 08:51,55.00,44.00,5.00,70.00,30.43,T,10.00,OVC
NYC,2026-05-23 09:51,53.00,46.00,6.00,60.00,30.44,0.01,10.00,OVC
NYC,2026-05-23 10:51,53.00,49.00,6.00,70.00,30.46,0.01,10.00,OVC
NYC,2026-05-23 11:51,54.00,48.00,7.00,50.00,30.47,0.00,10.00,OVC
NYC,2026-05-23 12:51,54.00,47.00,5.00,M,30.49,0.00,10.00,OVC
NYC,2026-05-23 13:51,55.00,46.00,7.00,70.00,30.47,0.00,10.00,BKN
NYC,2026-05-23 14:51,56.00,46.00,5.00,M,30.48,T,10.00,OVC
NYC,2026-05-23 15:51,56.00,45.00,5.00,M,30.49,T,10.00,BKN
NYC,2026-05-23 16:51,55.00,46.00,6.00,80.00,30.49,T,10.00,OVC
NYC,2026-05-23 17:51,53.00,46.00,5.00,M,30.50,0.01,5.00,OVC
NYC,2026-05-23 18:51,51.00,48.00,6.00,M,30.49,0.03,7.00,BKN
NYC,2026-05-23 19:51,50.00,48.00,7.00,60.00,30.50,0.05,3.00,OVC
NYC,2026-05-23 20:09,51.00,49.00,M,M,30.50,0.03,2.50,OVC
NYC,2026-05-23 20:48,51.80,48.20,9.00,80.00,30.50,0.10,3.00,FEW
NYC,2026-05-23 20:51,51.00,50.00,5.00,60.00,30.50,0.11,4.00,FEW
NYC,2026-05-23 21:07,51.00,50.00,7.00,60.00,30.50,0.02,2.00,SCT
NYC,2026-05-23 21:40,51.00,50.00,7.00,70.00,30.49,0.11,1.75,SCT
NYC,2026-05-23 21:51,50.00,49.00,10.00,90.00,30.49,0.14,1.50,FEW
NYC,2026-05-23 22:06,50.00,49.00,M,M,30.48,0.03,2.00,BKN
NYC,2026-05-23 22:19,50.00,49.00,M,M,30.49,0.06,1.75,BKN
NYC,2026-05-23 22:51,50.00,49.00,7.00,70.00,30.49,0.16,1.50,FEW
NYC,2026-05-23 23:15,50.00,49.00,6.00,90.00,30.49,0.05,2.50,FEW
NYC,2026-05-23 23:30,50.00,48.00,6.00,110.00,30.49,0.10,1.25,FEW
NYC,2026-05-23 23:39,49.00,48.00,8.00,100.00,30.49,0.11,3.00,FEW
NYC,2026-05-23 23:49,48.20,48.20,9.00,110.00,30.48,0.13,2.50,FEW
NYC,2026-05-23 23:51,49.00,48.00,8.00,110.00,30.48,0.13,2.50,FEW
NYC,2026-05-23 23:59,49.00,48.00,6.00,M,30.49,0.01,4.00,FEW
NYC,2026-05-24 00:51,50.00,49.00,4.00,M,30.49,0.05,3.00,SCT
NYC,2026-05-24 01:00,50.00,49.00,6.00,M,30.48,0.01,2.50,BKN
NYC,2026-05-24 01:07,50.00,49.00,6.00,M,30.48,0.02,3.00,BKN
NYC,2026-05-24 01:51,50.00,49.00,M,M,30.48,0.03,7.00,BKN
NYC,2026-05-24 02:06,50.00,49.00,3.00,80.00,30.48,0.00,6.00,FEW
NYC,2026-05-24 02:17,50.00,49.00,3.00,M,30.49,0.0001,5.00,SCT
NYC,2026-05-24 02:28,50.00,49.00,M,M,30.49,0.01,4.00,BKN
NYC,2026-05-24 02:51,50.00,49.00,3.00,M,30.48,0.01,5.00,SCT
NYC,2026-05-24 03:19,50.00,49.00,7.00,80.00,30.47,0.01,4.00,SCT
NYC,2026-05-24 03:34,50.00,50.00,6.00,M,30.47,0.01,5.00,BKN
NYC,2026-05-24 03:51,50.00,50.00,6.00,60.00,30.46,0.01,3.00,BKN
NYC,2026-05-24 04:51,51.00,50.00,4.00,60.00,30.45,0.00,7.00,OVC
NYC,2026-05-24 05:34,51.00,50.00,7.00,70.00,30.44,0.01,5.00,OVC
NYC,2026-05-24 05:51,51.00,50.00,4.00,M,30.43,0.02,7.00,OVC
NYC,2026-05-24 06:30,51.00,50.00,5.00,M,30.43,0.01,7.00,OVC
NYC,2026-05-24 06:51,51.00,50.00,7.00,100.00,30.42,0.02,8.00,OVC
NYC,2026-05-24 07:49,51.80,50.00,5.00,M,30.40,0.03,5.00,OVC
NYC,2026-05-24 07:51,51.00,50.00,7.00,50.00,30.40,0.04,4.00,BKN
NYC,2026-05-24 07:59,51.00,50.00,7.00,50.00,30.40,0.01,4.00,BKN
NYC,2026-05-24 08:20,51.00,50.00,M,M,30.40,0.03,5.00,OVC
NYC,2026-05-24 08:34,51.00,50.00,4.00,M,30.38,0.04,5.00,BKN
NYC,2026-05-24 08:51,51.00,50.00,4.00,M,30.39,0.07,3.00,OVC
NYC,2026-05-24 09:19,51.00,50.00,5.00,90.00,30.38,0.02,4.00,BKN
NYC,2026-05-24 09:32,51.00,50.00,5.00,M,30.38,0.03,4.00,BKN
NYC,2026-05-24 09:51,51.00,50.00,M,M,30.39,0.06,4.00,OVC
NYC,2026-05-24 10:31,51.00,51.00,6.00,M,30.39,0.08,2.00,BKN
NYC,2026-05-24 10:51,51.00,51.00,4.00,M,30.39,0.16,3.00,BKN
NYC,2026-05-24 11:21,52.00,51.00,4.00,M,30.40,0.05,2.50,BKN
NYC,2026-05-24 11:33,52.00,51.00,M,M,30.39,0.10,1.75,BKN
NYC,2026-05-24 11:42,52.00,51.00,7.00,70.00,30.39,0.12,2.00,BKN
NYC,2026-05-24 11:49,51.80,51.80,5.00,50.00,30.39,0.15,1.25,BKN
NYC,2026-05-24 11:51,52.00,51.00,6.00,50.00,30.39,0.16,1.25,BKN
NYC,2026-05-24 12:06,52.00,51.00,4.00,100.00,30.40,0.02,2.50,OVC
NYC,2026-05-24 12:18,52.00,51.00,6.00,M,30.39,0.03,4.00,OVC
NYC,2026-05-24 12:42,52.00,52.00,4.00,60.00,30.39,0.05,1.75,OVC
NYC,2026-05-24 12:51,52.00,52.00,5.00,M,30.39,0.07,1.75,OVC
NYC,2026-05-24 12:59,52.00,52.00,3.00,M,30.39,0.01,2.00,BKN
NYC,2026-05-24 13:13,53.00,52.00,4.00,90.00,30.39,0.03,1.25,OVC
NYC,2026-05-24 13:46,53.60,53.60,4.00,M,30.39,0.17,0.75,OVC
NYC,2026-05-24 13:51,53.00,53.00,5.00,70.00,30.38,0.18,1.25,BKN
NYC,2026-05-24 14:40,54.00,53.00,7.00,60.00,30.37,0.12,2.00,OVC
NYC,2026-05-24 14:51,54.00,53.00,6.00,M,30.37,0.14,2.00,OVC
NYC,2026-05-24 15:07,54.00,53.00,6.00,60.00,30.37,0.02,4.00,OVC
NYC,2026-05-24 15:41,54.00,53.00,4.00,60.00,30.36,0.04,1.75,OVC
NYC,2026-05-24 15:51,54.00,54.00,0.00,0.00,30.36,0.06,1.50,OVC
NYC,2026-05-24 16:04,54.00,54.00,6.00,M,30.36,0.02,3.00,OVC
NYC,2026-05-24 16:18,54.00,54.00,7.00,70.00,30.35,0.02,1.75,OVC
NYC,2026-05-24 16:46,55.40,53.60,6.00,M,30.34,0.07,2.50,OVC
NYC,2026-05-24 16:51,55.00,54.00,6.00,M,30.34,0.07,2.50,OVC
NYC,2026-05-24 17:10,55.00,54.00,7.00,60.00,30.34,0.01,3.00,OVC
NYC,2026-05-24 17:17,55.00,54.00,7.00,70.00,30.33,0.02,2.50,OVC
NYC,2026-05-24 17:25,55.00,54.00,7.00,60.00,30.33,0.02,4.00,OVC
NYC,2026-05-24 17:51,55.00,55.00,7.00,70.00,30.32,0.02,8.00,OVC
NYC,2026-05-24 18:29,56.00,55.00,7.00,60.00,30.31,0.0001,1.75,OVC
NYC,2026-05-24 18:37,56.00,55.00,7.00,60.00,30.30,0.0001,3.00,OVC
NYC,2026-05-24 18:51,55.00,55.00,7.00,70.00,30.30,T,6.00,BKN
NYC,2026-05-24 19:19,55.00,55.00,11.00,60.00,30.29,0.00,2.50,OVC
NYC,2026-05-24 19:42,56.00,55.00,9.00,60.00,30.28,0.01,3.00,OVC
NYC,2026-05-24 19:51,56.00,55.00,9.00,50.00,30.28,0.01,2.50,OVC
NYC,2026-05-24 19:58,56.00,55.00,8.00,60.00,30.28,0.00,3.00,OVC
NYC,2026-05-24 20:05,55.00,55.00,10.00,60.00,30.28,0.00,2.50,OVC
NYC,2026-05-24 20:51,55.00,55.00,7.00,70.00,30.27,0.00,2.50,OVC
NYC,2026-05-24 21:14,55.00,55.00,10.00,60.00,30.26,0.00,1.75,OVC
NYC,2026-05-24 21:19,55.00,55.00,8.00,60.00,30.27,0.00,2.00,OVC
NYC,2026-05-24 21:42,55.00,55.00,7.00,60.00,30.26,0.00,3.00,OVC
NYC,2026-05-24 21:51,55.00,55.00,9.00,70.00,30.26,0.00,3.00,OVC
NYC,2026-05-24 22:51,55.00,54.00,9.00,60.00,30.24,0.00,5.00,OVC
NYC,2026-05-24 23:26,55.00,54.00,7.00,70.00,30.23,0.0001,10.00,OVC
NYC,2026-05-24 23:51,55.00,54.00,7.00,70.00,30.23,T,8.00,OVC
NYC,2026-05-25 00:20,55.00,54.00,9.00,70.00,30.23,0.00,8.00,OVC
NYC,2026-05-25 00:34,55.00,54.00,7.00,60.00,30.24,0.00,8.00,OVC
NYC,2026-05-25 00:51,55.00,54.00,6.00,M,30.24,0.00,9.00,OVC
NYC,2026-05-25 01:51,55.00,54.00,7.00,60.00,30.24,0.01,4.00,OVC
NYC,2026-05-25 02:51,55.00,55.00,6.00,60.00,30.22,T,4.00,OVC
NYC,2026-05-25 03:51,55.00,55.00,6.00,M,30.20,0.01,4.00,OVC
NYC,2026-05-25 04:51,55.00,55.00,4.00,M,30.18,0.00,3.00,OVC
NYC,2026-05-25 05:06,55.00,55.00,4.00,60.00,30.18,0.00,2.50,OVC
NYC,2026-05-25 05:38,55.00,55.00,3.00,20.00,30.17,0.00,1.25,OVC
NYC,2026-05-25 05:51,55.00,55.00,3.00,M,30.16,0.00,1.75,OVC
NYC,2026-05-25 05:58,55.00,55.00,0.00,0.00,30.16,0.00,2.00,OVC
NYC,2026-05-25 06:29,55.00,55.00,4.00,M,30.14,0.00,4.00,OVC
NYC,2026-05-25 06:51,55.00,55.00,3.00,50.00,30.13,0.00,4.00,OVC
NYC,2026-05-25 07:51,55.00,55.00,3.00,40.00,30.13,0.00,2.50,OVC
NYC,2026-05-25 08:25,55.00,55.00,6.00,70.00,30.12,0.00,4.00,OVC
NYC,2026-05-25 08:51,56.00,55.00,0.00,0.00,30.11,0.00,3.00,OVC
NYC,2026-05-25 09:00,56.00,55.00,5.00,60.00,30.11,0.00,2.50,OVC
NYC,2026-05-25 09:11,56.00,55.00,3.00,70.00,30.11,0.00,1.25,OVC
NYC,2026-05-25 09:27,56.00,55.00,3.00,M,30.10,0.00,3.00,OVC
NYC,2026-05-25 09:37,56.00,55.00,3.00,100.00,30.11,0.00,2.00,OVC
NYC,2026-05-25 09:51,56.00,55.00,0.00,0.00,30.11,0.00,1.50,OVC
NYC,2026-05-25 10:05,56.00,56.00,0.00,0.00,30.11,0.00,2.00,OVC
NYC,2026-05-25 10:16,56.00,55.00,0.00,0.00,30.11,0.00,1.50,OVC
NYC,2026-05-25 10:43,56.00,56.00,0.00,0.00,30.12,0.0001,2.00,OVC
NYC,2026-05-25 10:51,56.00,56.00,0.00,0.00,30.12,T,1.75,OVC
NYC,2026-05-25 10:54,56.00,56.00,0.00,0.00,30.12,0.0001,2.50,OVC
NYC,2026-05-25 11:17,56.00,56.00,3.00,280.00,30.12,0.02,1.50,OVC
NYC,2026-05-25 11:38,57.00,56.00,4.00,280.00,30.12,0.10,0.50,OVC
NYC,2026-05-25 11:51,57.00,56.00,3.00,M,30.12,0.13,0.75,SCT
NYC,2026-05-25 12:08,57.00,57.00,4.00,280.00,30.12,0.02,1.00,BKN
NYC,2026-05-25 12:16,57.00,57.00,0.00,0.00,30.13,0.02,1.50,SCT
NYC,2026-05-25 12:23,57.00,57.00,3.00,M,30.13,0.02,1.75,BKN
NYC,2026-05-25 12:34,57.00,57.00,3.00,M,30.13,0.02,2.00,OVC
NYC,2026-05-25 12:39,57.00,57.00,3.00,M,30.13,0.02,1.75,OVC
NYC,2026-05-25 12:49,57.20,57.20,3.00,250.00,30.13,0.02,2.00,OVC
NYC,2026-05-25 12:51,57.00,57.00,3.00,260.00,30.13,0.03,1.75,BKN
NYC,2026-05-25 13:09,58.00,57.00,3.00,280.00,30.12,0.01,2.00,BKN
NYC,2026-05-25 13:25,58.00,58.00,3.00,290.00,30.13,0.02,2.50,SCT
NYC,2026-05-25 13:35,58.00,58.00,3.00,290.00,30.13,0.02,4.00,SCT
NYC,2026-05-25 13:49,57.20,57.20,3.00,M,30.13,0.02,4.00,BKN
NYC,2026-05-25 13:51,58.00,58.00,0.00,0.00,30.13,0.02,4.00,BKN
NYC,2026-05-25 14:25,59.00,59.00,5.00,270.00,30.12,0.00,5.00,FEW
NYC,2026-05-25 14:42,59.00,59.00,3.00,M,30.12,0.00,6.00,BKN
NYC,2026-05-25 14:51,60.00,59.00,0.00,0.00,30.12,0.00,3.00,OVC
NYC,2026-05-25 15:51,61.00,61.00,0.00,0.00,30.12,0.00,6.00,OVC
NYC,2026-05-25 16:14,61.00,60.00,0.00,0.00,30.11,0.0001,5.00,OVC
NYC,2026-05-25 16:51,62.00,62.00,5.00,M,30.11,T,8.00,OVC
NYC,2026-05-25 16:58,63.00,62.00,4.00,M,30.11,0.00,8.00,OVC
NYC,2026-05-25 17:51,65.00,63.00,4.00,290.00,30.09,0.00,10.00,OVC
NYC,2026-05-25 18:43,66.00,62.00,M,M,30.08,0.00,10.00,SCT
NYC,2026-05-25 18:51,67.00,62.00,4.00,M,30.08,0.00,10.00,FEW
NYC,2026-05-25 19:51,71.00,63.00,0.00,0.00,30.08,0.00,10.00,FEW
NYC,2026-05-25 20:51,72.00,63.00,0.00,0.00,30.06,0.00,10.00,CLR
NYC,2026-05-25 21:51,73.00,64.00,0.00,0.00,30.05,0.00,10.00,OVC
NYC,2026-05-25 22:51,72.00,64.00,0.00,0.00,30.06,0.00,10.00,FEW
NYC,2026-05-25 23:51,69.00,63.00,3.00,M,30.08,0.00,10.00,CLR
NYC,2026-05-26 00:51,68.00,64.00,0.00,0.00,30.08,0.00,10.00,CLR
NYC,2026-05-26 01:51,67.00,64.00,4.00,240.00,30.10,0.00,10.00,CLR
NYC,2026-05-26 02:51,67.00,65.00,5.00,240.00,30.10,0.00,10.00,FEW
NYC,2026-05-26 03:51,67.00,64.00,0.00,0.00,30.10,0.00,10.00,FEW
NYC,2026-05-26 04:51,66.00,64.00,3.00,290.00,30.10,0.00,10.00,CLR
NYC,2026-05-26 05:51,66.00,59.00,3.00,M,30.09,0.00,10.00,CLR
NYC,2026-05-26 06:51,63.00,56.00,0.00,0.00,30.09,0.00,10.00,CLR
NYC,2026-05-26 07:51,62.00,57.00,0.00,0.00,30.10,0.00,10.00,CLR
NYC,2026-05-26 08:51,60.00,58.00,0.00,0.00,30.10,0.00,10.00,CLR
NYC,2026-05-26 09:51,59.00,58.00,0.00,0.00,30.11,0.00,10.00,CLR
NYC,2026-05-26 10:51,61.00,58.00,0.00,0.00,30.14,0.00,10.00,CLR
NYC,2026-05-26 11:51,64.00,57.00,3.00,50.00,30.15,0.00,10.00,CLR
NYC,2026-05-26 12:51,67.00,55.00,0.00,0.00,30.16,0.00,10.00,CLR
NYC,2026-05-26 13:51,69.00,54.00,4.00,50.00,30.16,0.00,10.00,CLR
NYC,2026-05-26 14:51,72.00,55.00,3.00,70.00,30.16,0.00,10.00,CLR
NYC,2026-05-26 15:51,74.00,51.00,5.00,130.00,30.15,0.00,10.00,CLR
NYC,2026-05-26 16:51,77.00,45.00,0.00,0.00,30.13,0.00,10.00,CLR
NYC,2026-05-26 17:51,78.00,43.00,4.00,M,30.11,0.00,10.00,CLR
NYC,2026-05-26 18:51,79.00,46.00,0.00,0.00,30.09,0.00,10.00,CLR
NYC,2026-05-26 19:51,79.00,49.00,3.00,190.00,30.08,0.00,10.00,CLR
NYC,2026-05-26 20:51,77.00,49.00,4.00,M,30.06,0.00,10.00,CLR
NYC,2026-05-26 21:51,76.00,48.00,M,M,30.05,0.00,10.00,CLR
NYC,2026-05-26 22:51,73.00,51.00,3.00,M,30.04,0.00,10.00,CLR
NYC,2026-05-26 23:51,71.00,52.00,3.00,M,30.04,0.00,10.00,CLR
NYC,2026-05-27 00:51,69.00,53.00,0.00,0.00,30.04,0.00,10.00,CLR
NYC,2026-05-27 01:51,70.00,54.00,3.00,M,30.04,0.00,10.00,CLR
NYC,2026-05-27 02:51,70.00,55.00,4.00,M,30.03,0.00,10.00,CLR
NYC,2026-05-27 03:51,70.00,56.00,3.00,M,30.01,0.00,10.00,CLR
NYC,2026-05-27 04:51,69.00,56.00,7.00,250.00,30.00,0.00,10.00,CLR
NYC,2026-05-27 05:51,69.00,56.00,4.00,M,29.98,0.00,10.00,CLR
NYC,2026-05-27 06:51,69.00,56.00,4.00,M,29.97,0.00,10.00,CLR
NYC,2026-05-27 07:51,69.00,57.00,3.00,250.00,29.96,0.00,10.00,CLR
NYC,2026-05-27 08:51,69.00,58.00,4.00,240.00,29.95,0.00,10.00,CLR
NYC,2026-05-27 09:51,68.00,59.00,0.00,0.00,29.96,0.00,10.00,CLR
NYC,2026-05-27 10:51,69.00,61.00,4.00,M,29.96,0.00,10.00,FEW
NYC,2026-05-27 11:51,70.00,61.00,M,M,29.94,0.00,10.00,CLR
NYC,2026-05-27 12:51,71.00,62.00,3.00,M,29.93,0.00,10.00,CLR
NYC,2026-05-27 13:51,72.00,63.00,0.00,0.00,29.92,0.00,10.00,SCT
NYC,2026-05-27 14:51,73.00,64.00,M,M,29.92,0.00,10.00,FEW
NYC,2026-05-27 15:51,74.00,65.00,3.00,M,29.90,T,10.00,FEW
NYC,2026-05-27 16:51,75.00,66.00,3.00,M,29.88,0.00,10.00,CLR
NYC,2026-05-27 17:51,76.00,65.00,3.00,M,29.86,0.00,10.00,CLR
NYC,2026-05-27 18:51,76.00,64.00,M,M,29.84,0.00,10.00,CLR
NYC,2026-05-27 19:51,78.00,62.00,M,M,29.80,0.00,10.00,CLR
NYC,2026-05-27 20:51,79.00,63.00,4.00,M,29.78,0.00,10.00,CLR
NYC,2026-05-27 21:51,80.00,62.00,5.00,M,29.78,0.00,10.00,CLR
NYC,2026-05-27 22:51,80.00,62.00,4.00,240.00,29.76,0.00,10.00,CLR
NYC,2026-05-27 23:51,79.00,62.00,M,M,29.77,0.00,10.00,CLR
NYC,2026-05-28 00:51,78.00,61.00,7.00,240.00,29.77,0.00,10.00,CLR
NYC,2026-05-28 01:51,77.00,61.00,7.00,240.00,29.78,0.00,10.00,CLR
NYC,2026-05-28 02:51,77.00,63.00,6.00,280.00,29.79,0.00,10.00,CLR
NYC,2026-05-28 03:51,78.00,51.00,7.00,300.00,29.81,0.00,10.00,CLR
NYC,2026-05-28 04:51,75.00,48.00,5.00,M,29.81,0.00,10.00,FEW
NYC,2026-05-28 05:51,74.00,48.00,4.00,M,29.81,0.00,10.00,BKN
NYC,2026-05-28 06:51,71.00,49.00,5.00,M,29.81,0.00,10.00,CLR
NYC,2026-05-28 07:51,69.00,48.00,0.00,0.00,29.82,0.00,10.00,CLR
NYC,2026-05-28 08:51,68.00,48.00,7.00,320.00,29.83,0.00,10.00,CLR
NYC,2026-05-28 09:51,66.00,49.00,3.00,300.00,29.84,0.00,10.00,CLR
NYC,2026-05-28 10:51,66.00,50.00,0.00,0.00,29.85,0.00,10.00,CLR
NYC,2026-05-28 11:51,67.00,50.00,7.00,290.00,29.87,0.00,10.00,CLR
NYC,2026-05-28 12:51,70.00,51.00,3.00,M,29.87,0.00,10.00,CLR
NYC,2026-05-28 13:51,72.00,50.00,7.00,20.00,29.88,0.00,10.00,BKN
NYC,2026-05-28 14:51,72.00,51.00,5.00,M,29.88,0.00,10.00,FEW
NYC,2026-05-28 15:51,73.00,49.00,3.00,M,29.87,0.00,10.00,SCT
NYC,2026-05-28 16:51,72.00,50.00,5.00,M,29.87,0.00,10.00,SCT
NYC,2026-05-28 17:51,74.00,51.00,7.00,40.00,29.87,0.00,10.00,SCT
NYC,2026-05-28 18:51,71.00,46.00,4.00,M,29.87,0.00,10.00,SCT
NYC,2026-05-28 19:51,71.00,46.00,7.00,290.00,29.89,0.00,10.00,FEW
NYC,2026-05-28 20:51,70.00,50.00,6.00,M,29.90,0.00,10.00,BKN
NYC,2026-05-28 21:51,70.00,49.00,3.00,M,29.91,0.00,10.00,BKN
NYC,2026-05-28 22:51,70.00,46.00,9.00,350.00,29.92,0.00,10.00,SCT
NYC,2026-05-28 23:51,67.00,49.00,0.00,0.00,29.94,0.00,10.00,FEW
NYC,2026-05-29 00:51,66.00,46.00,4.00,M,29.96,0.00,10.00,CLR
NYC,2026-05-29 01:51,65.00,46.00,6.00,340.00,29.99,0.00,10.00,FEW
NYC,2026-05-29 02:51,64.00,45.00,3.00,M,30.00,0.00,10.00,CLR
NYC,2026-05-29 03:51,63.00,45.00,0.00,0.00,30.00,0.00,10.00,CLR
NYC,2026-05-29 04:51,61.00,46.00,3.00,M,30.00,0.00,10.00,CLR
NYC,2026-05-29 05:51,60.00,46.00,3.00,M,30.01,0.00,10.00,CLR
NYC,2026-05-29 06:51,59.00,46.00,4.00,300.00,30.01,0.00,10.00,CLR
NYC,2026-05-29 07:51,58.00,47.00,3.00,M,30.00,0.00,10.00,CLR
NYC,2026-05-29 08:51,58.00,46.00,5.00,290.00,30.01,0.00,10.00,CLR
NYC,2026-05-29 09:51,57.00,47.00,3.00,50.00,30.01,0.00,10.00,CLR
NYC,2026-05-29 10:51,57.00,47.00,0.00,0.00,30.02,0.00,10.00,CLR
NYC,2026-05-29 11:51,59.00,47.00,4.00,290.00,30.02,0.00,10.00,CLR
NYC,2026-05-29 12:51,60.00,47.00,5.00,M,30.02,0.00,10.00,CLR
NYC,2026-05-29 13:51,64.00,50.00,0.00,0.00,30.01,0.00,10.00,CLR
NYC,2026-05-29 14:51,68.00,46.00,4.00,M,29.99,0.00,10.00,CLR
NYC,2026-05-29 15:51,71.00,41.00,M,M,29.97,0.00,10.00,CLR
NYC,2026-05-29 16:51,73.00,41.00,4.00,M,29.94,0.00,10.00,CLR
NYC,2026-05-29 17:51,73.00,42.00,5.00,M,29.90,0.00,10.00,CLR
NYC,2026-05-29 18:51,74.00,47.00,M,M,29.87,0.00,10.00,FEW
NYC,2026-05-29 19:51,74.00,49.00,3.00,M,29.83,0.00,10.00,SCT
NYC,2026-05-29 20:51,75.00,44.00,3.00,M,29.81,0.00,10.00,FEW
NYC,2026-05-29 21:51,74.00,47.00,3.00,M,29.79,0.00,10.00,SCT
NYC,2026-05-29 22:51,73.00,45.00,6.00,M,29.77,0.00,10.00,CLR
NYC,2026-05-29 23:51,73.00,45.00,5.00,M,29.75,0.00,10.00,CLR
NYC,2026-05-30 00:51,72.00,47.00,4.00,M,29.74,0.00,10.00,OVC
NYC,2026-05-30 01:51,72.00,47.00,6.00,M,29.74,0.00,10.00,SCT
NYC,2026-05-30 02:51,72.00,48.00,5.00,M,29.73,0.00,10.00,OVC
NYC,2026-05-30 03:51,70.00,50.00,4.00,M,29.72,0.00,10.00,BKN
NYC,2026-05-30 04:51,69.00,51.00,4.00,M,29.70,0.00,10.00,BKN
NYC,2026-05-30 05:51,68.00,50.00,4.00,M,29.70,0.00,10.00,CLR
NYC,2026-05-30 06:51,66.00,44.00,M,M,29.72,0.00,10.00,BKN
NYC,2026-05-30 07:51,61.00,36.00,M,M,29.75,0.00,10.00,OVC
NYC,2026-05-30 08:51,57.00,35.00,12.00,300.00,29.76,0.00,10.00,SCT
NYC,2026-05-30 09:51,55.00,36.00,9.00,290.00,29.79,0.00,10.00,SCT
NYC,2026-05-30 10:51,54.00,36.00,M,M,29.81,0.00,10.00,SCT
NYC,2026-05-30 11:51,54.00,37.00,11.00,300.00,29.83,0.00,10.00,SCT
NYC,2026-05-30 12:51,56.00,38.00,9.00,300.00,29.85,0.00,10.00,FEW
NYC,2026-05-30 13:51,59.00,39.00,9.00,20.00,29.86,0.00,10.00,BKN
NYC,2026-05-30 14:51,57.00,41.00,7.00,10.00,29.90,T,10.00,FEW
NYC,2026-05-30 15:51,59.00,38.00,8.00,360.00,29.94,0.00,10.00,SCT
NYC,2026-05-30 16:51,59.00,39.00,10.00,40.00,29.96,0.00,10.00,SCT
NYC,2026-05-30 17:51,59.00,42.00,11.00,30.00,29.98,0.00,10.00,FEW
NYC,2026-05-30 18:51,57.00,42.00,8.00,30.00,30.01,0.00,10.00,OVC
NYC,2026-05-30 19:51,58.00,42.00,10.00,360.00,30.01,0.00,10.00,OVC
NYC,2026-05-30 20:51,59.00,43.00,8.00,10.00,30.03,0.00,10.00,BKN
NYC,2026-05-30 21:51,60.00,41.00,10.00,30.00,30.04,0.00,10.00,FEW
NYC,2026-05-30 22:51,60.00,41.00,10.00,50.00,30.04,0.00,10.00,CLR
NYC,2026-05-30 23:51,57.00,44.00,4.00,M,30.07,0.00,10.00,CLR
NYC,2026-06-01 00:51,71.00,39.00,0.00,0.00,29.90,0.00,10.00,BKN
NYC,2026-06-01 01:51,68.00,39.00,0.00,0.00,29.91,0.00,10.00,FEW
NYC,2026-06-01 02:51,69.00,39.00,0.00,0.00,29.92,0.00,10.00,BKN
NYC,2026-06-01 03:51,68.00,41.00,6.00,M,29.94,0.00,10.00,OVC
NYC,2026-06-01 04:51,65.00,47.00,7.00,60.00,29.96,0.00,10.00,OVC
NYC,2026-06-01 05:51,62.00,49.00,7.00,60.00,29.96,0.00,10.00,BKN
NYC,2026-06-01 06:51,61.00,48.00,6.00,M,29.96,T,10.00,BKN
NYC,2026-06-01 07:51,58.00,52.00,3.00,M,29.94,T,10.00,OVC
NYC,2026-06-01 08:51,59.00,48.00,0.00,0.00,29.93,0.00,10.00,FEW
NYC,2026-06-01 09:51,59.00,48.00,0.00,0.00,29.93,0.00,10.00,SCT
NYC,2026-06-01 10:51,60.00,50.00,5.00,300.00,29.95,0.00,10.00,SCT
NYC,2026-06-01 11:51,62.00,52.00,0.00,0.00,29.97,0.00,10.00,FEW
NYC,2026-06-01 12:51,64.00,50.00,0.00,0.00,29.98,0.00,10.00,CLR
NYC,2026-06-01 13:51,67.00,50.00,8.00,50.00,30.00,0.00,10.00,CLR
NYC,2026-06-01 14:51,67.00,47.00,6.00,M,30.01,0.00,10.00,CLR
NYC,2026-06-01 15:51,66.00,50.00,4.00,M,30.02,0.00,10.00,BKN
NYC,2026-06-01 16:51,69.00,48.00,3.00,340.00,30.04,0.00,10.00,BKN
NYC,2026-06-01 17:51,71.00,49.00,7.00,80.00,30.05,0.00,10.00,SCT
NYC,2026-06-01 18:51,68.00,48.00,M,M,30.06,0.00,10.00,CLR
NYC,2026-06-01 19:51,67.00,47.00,8.00,50.00,30.08,0.00,10.00,CLR
NYC,2026-06-01 20:51,66.00,47.00,7.00,60.00,30.09,0.00,10.00,CLR
NYC,2026-06-01 21:51,65.00,47.00,7.00,60.00,30.11,0.00,10.00,SCT
NYC,2026-06-01 22:51,64.00,46.00,9.00,60.00,30.13,0.00,10.00,OVC
NYC,2026-06-01 23:51,61.00,49.00,0.00,0.00,30.14,0.00,10.00,CLR
NYC,2026-06-02 00:51,58.00,49.00,0.00,0.00,30.16,0.00,10.00,CLR
NYC,2026-06-02 01:51,58.00,48.00,0.00,0.00,30.19,0.00,10.00,CLR
NYC,2026-06-02 02:51,55.00,47.00,0.00,0.00,30.20,0.00,10.00,CLR
NYC,2026-06-02 03:51,54.00,47.00,0.00,0.00,30.21,0.00,10.00,CLR
NYC,2026-06-02 04:51,53.00,48.00,0.00,0.00,30.21,0.00,10.00,CLR
NYC,2026-06-02 05:51,53.00,48.00,4.00,30.00,30.21,0.00,10.00,CLR
NYC,2026-06-02 06:51,53.00,48.00,4.00,270.00,30.21,0.00,10.00,CLR
NYC,2026-06-02 07:51,53.00,48.00,3.00,290.00,30.20,0.00,10.00,CLR
NYC,2026-06-02 08:51,52.00,48.00,0.00,0.00,30.20,0.00,10.00,CLR
NYC,2026-06-02 09:51,53.00,48.00,0.00,0.00,30.21,0.00,10.00,CLR
NYC,2026-06-02 10:51,54.00,48.00,4.00,M,30.22,0.00,10.00,CLR
NYC,2026-06-02 11:51,57.00,49.00,5.00,290.00,30.22,0.00,10.00,CLR
NYC,2026-06-02 12:51,61.00,49.00,5.00,310.00,30.22,0.00,10.00,CLR
NYC,2026-06-02 13:51,66.00,47.00,6.00,M,30.22,0.00,10.00,CLR
NYC,2026-06-02 14:51,70.00,41.00,3.00,M,30.21,0.00,10.00,CLR
NYC,2026-06-02 15:51,73.00,43.00,0.00,0.00,30.20,0.00,10.00,CLR
NYC,2026-06-02 16:51,75.00,42.00,11.00,50.00,30.18,0.00,10.00,CLR
NYC,2026-06-02 17:04,74.00,38.00,0.00,0.00,30.18,0.00,10.00,FEW
NYC,2026-06-02 17:51,75.00,40.00,9.00,30.00,30.17,0.00,10.00,FEW
NYC,2026-06-02 18:51,76.00,41.00,6.00,M,30.15,0.00,10.00,CLR
NYC,2026-06-02 19:51,75.00,38.00,6.00,M,30.15,0.00,10.00,FEW
NYC,2026-06-02 20:51,75.00,41.00,8.00,40.00,30.14,0.00,10.00,CLR
NYC,2026-06-02 21:51,74.00,42.00,6.00,M,30.14,0.00,10.00,CLR
NYC,2026-06-02 22:51,73.00,44.00,5.00,360.00,30.14,0.00,10.00,CLR
NYC,2026-06-02 23:51,72.00,44.00,3.00,360.00,30.15,0.00,10.00,CLR
NYC,2026-06-03 00:51,70.00,41.00,0.00,0.00,30.15,0.00,10.00,SCT
NYC,2026-06-03 01:51,70.00,40.00,0.00,0.00,30.17,0.00,10.00,BKN
NYC,2026-06-03 02:51,69.00,42.00,4.00,250.00,30.17,0.00,10.00,CLR
NYC,2026-06-03 03:51,69.00,43.00,3.00,M,30.18,0.00,10.00,CLR
NYC,2026-06-03 04:51,68.00,43.00,3.00,290.00,30.18,0.00,10.00,CLR
NYC,2026-06-03 05:51,66.00,42.00,3.00,290.00,30.19,0.00,10.00,CLR
NYC,2026-06-03 06:51,64.00,43.00,0.00,0.00,30.19,0.00,10.00,CLR
NYC,2026-06-03 07:51,62.00,43.00,0.00,0.00,30.19,0.00,10.00,CLR
NYC,2026-06-03 08:51,62.00,41.00,0.00,0.00,30.20,0.00,10.00,CLR
NYC,2026-06-03 09:51,62.00,43.00,3.00,M,30.21,0.00,10.00,CLR
NYC,2026-06-03 10:51,63.00,44.00,0.00,0.00,30.22,0.00,10.00,CLR
NYC,2026-06-03 11:51,66.00,49.00,3.00,280.00,30.23,0.00,10.00,CLR
NYC,2026-06-03 12:51,70.00,44.00,5.00,M,30.24,0.00,10.00,CLR
NYC,2026-06-03 13:51,73.00,44.00,7.00,40.00,30.25,0.00,10.00,CLR
NYC,2026-06-03 14:51,77.00,42.00,4.00,M,30.25,0.00,10.00,CLR
NYC,2026-06-03 15:51,79.00,44.00,5.00,M,30.24,0.00,10.00,CLR
NYC,2026-06-03 16:51,80.00,41.00,5.00,M,30.23,0.00,10.00,CLR
NYC,2026-06-03 17:51,81.00,40.00,4.00,M,30.22,0.00,10.00,CLR
NYC,2026-06-03 18:51,82.00,42.00,3.00,M,30.20,0.00,10.00,CLR
NYC,2026-06-03 19:51,82.00,42.00,0.00,0.00,30.19,0.00,10.00,CLR
NYC,2026-06-03 20:51,80.00,43.00,4.00,50.00,30.17,0.00,10.00,CLR
NYC,2026-06-03 21:51,78.00,43.00,5.00,130.00,30.16,0.00,10.00,CLR
NYC,2026-06-03 22:51,76.00,43.00,3.00,M,30.17,0.00,10.00,CLR
NYC,2026-06-03 23:51,73.00,43.00,0.00,0.00,30.18,0.00,10.00,CLR
NYC,2026-06-04 00:51,71.00,39.00,0.00,0.00,30.19,0.00,10.00,CLR
NYC,2026-06-04 01:51,70.00,40.00,M,M,30.20,0.00,10.00,CLR
NYC,2026-06-04 02:51,69.00,42.00,0.00,0.00,30.21,0.00,10.00,CLR
NYC,2026-06-04 03:51,69.00,41.00,4.00,M,30.21,0.00,10.00,CLR
NYC,2026-06-04 04:51,67.00,38.00,4.00,240.00,30.20,0.00,10.00,CLR
NYC,2026-06-04 05:51,67.00,39.00,4.00,M,30.19,0.00,10.00,CLR
NYC,2026-06-04 06:51,68.00,37.00,M,M,30.18,0.00,10.00,CLR
NYC,2026-06-04 07:51,67.00,40.00,5.00,M,30.16,0.00,10.00,CLR
NYC,2026-06-04 08:51,66.00,41.00,0.00,0.00,30.16,0.00,10.00,CLR
NYC,2026-06-04 09:51,64.00,44.00,0.00,0.00,30.17,0.00,10.00,CLR
NYC,2026-06-04 10:51,65.00,46.00,0.00,0.00,30.19,0.00,10.00,CLR
NYC,2026-06-04 11:51,66.00,47.00,4.00,300.00,30.20,0.00,10.00,CLR
NYC,2026-06-04 12:51,70.00,48.00,3.00,280.00,30.20,0.00,10.00,CLR
NYC,2026-06-04 13:51,75.00,50.00,3.00,M,30.19,0.00,10.00,CLR
NYC,2026-06-04 14:51,78.00,47.00,0.00,0.00,30.18,0.00,10.00,CLR
NYC,2026-06-04 15:51,82.00,47.00,0.00,0.00,30.17,0.00,10.00,CLR
NYC,2026-06-04 16:51,84.00,41.00,6.00,300.00,30.14,0.00,10.00,CLR
NYC,2026-06-04 17:51,85.00,42.00,3.00,M,30.11,0.00,10.00,CLR
NYC,2026-06-04 18:51,83.00,39.00,3.00,270.00,30.10,0.00,10.00,CLR
NYC,2026-06-04 19:51,82.00,47.00,4.00,M,30.09,0.00,10.00,CLR
NYC,2026-06-04 20:51,83.00,46.00,0.00,0.00,30.07,0.00,10.00,CLR
NYC,2026-06-04 21:51,80.00,53.00,3.00,M,30.05,0.00,10.00,CLR
NYC,2026-06-04 22:51,80.00,51.00,3.00,M,30.04,0.00,10.00,CLR
NYC,2026-06-04 23:51,77.00,53.00,0.00,0.00,30.03,0.00,10.00,CLR
NYC,2026-06-05 00:51,74.00,52.00,0.00,0.00,30.03,0.00,10.00,CLR
NYC,2026-06-05 01:51,73.00,52.00,0.00,0.00,30.04,0.00,10.00,CLR
NYC,2026-06-05 02:51,73.00,54.00,0.00,0.00,30.04,0.00,10.00,CLR
NYC,2026-06-05 03:51,73.00,53.00,3.00,M,30.04,0.00,10.00,CLR
NYC,2026-06-05 04:51,73.00,54.00,0.00,0.00,30.04,0.00,10.00,CLR
NYC,2026-06-05 05:51,71.00,54.00,3.00,280.00,30.04,0.00,10.00,CLR
NYC,2026-06-05 06:51,70.00,54.00,3.00,290.00,30.04,0.00,10.00,CLR
NYC,2026-06-05 07:51,68.00,52.00,0.00,0.00,30.04,0.00,10.00,CLR
NYC,2026-06-05 08:51,67.00,52.00,0.00,0.00,30.04,0.00,10.00,CLR
NYC,2026-06-05 09:51,67.00,53.00,0.00,0.00,30.05,0.00,10.00,CLR
NYC,2026-06-05 10:51,68.00,52.00,3.00,M,30.05,0.00,10.00,CLR
NYC,2026-06-05 11:51,70.00,52.00,0.00,0.00,30.05,0.00,10.00,CLR
NYC,2026-06-05 12:51,76.00,52.00,0.00,0.00,30.05,0.00,10.00,CLR
NYC,2026-06-05 13:51,79.00,52.00,0.00,0.00,30.04,0.00,10.00,CLR
NYC,2026-06-05 14:51,82.00,51.00,4.00,300.00,30.03,0.00,10.00,CLR
NYC,2026-06-05 15:51,85.00,47.00,0.00,0.00,30.02,0.00,10.00,CLR
NYC,2026-06-05 16:51,86.00,49.00,0.00,0.00,30.00,0.00,10.00,CLR
NYC,2026-06-05 17:51,87.00,50.00,M,M,29.98,0.00,10.00,CLR
NYC,2026-06-05 18:51,86.00,51.00,3.00,M,29.97,0.00,10.00,CLR
NYC,2026-06-05 19:51,87.00,48.00,M,M,29.95,0.00,10.00,CLR
NYC,2026-06-05 20:51,87.00,52.00,4.00,M,29.95,0.00,10.00,CLR
NYC,2026-06-05 21:51,83.00,54.00,5.00,M,29.94,0.00,10.00,CLR
NYC,2026-06-05 22:51,82.00,51.00,3.00,M,29.94,0.00,10.00,CLR
NYC,2026-06-05 23:51,80.00,53.00,3.00,M,29.94,0.00,10.00,CLR
NYC,2026-06-06 00:51,78.00,55.00,0.00,0.00,29.94,0.00,10.00,CLR
NYC,2026-06-06 01:51,77.00,56.00,0.00,0.00,29.95,0.00,10.00,CLR
NYC,2026-06-06 02:51,76.00,58.00,0.00,0.00,29.96,0.00,10.00,CLR
NYC,2026-06-06 03:51,75.00,57.00,0.00,0.00,29.95,0.00,10.00,CLR
NYC,2026-06-06 04:51,77.00,53.00,5.00,230.00,29.95,0.00,10.00,CLR
NYC,2026-06-06 05:51,77.00,54.00,4.00,230.00,29.94,0.00,10.00,CLR
NYC,2026-06-06 06:51,76.00,54.00,5.00,240.00,29.94,0.00,10.00,CLR
NYC,2026-06-06 07:51,75.00,55.00,3.00,230.00,29.93,0.00,10.00,CLR
NYC,2026-06-06 08:51,74.00,57.00,3.00,250.00,29.92,0.00,10.00,CLR
NYC,2026-06-06 09:51,74.00,57.00,3.00,260.00,29.93,0.00,10.00,CLR
NYC,2026-06-06 10:51,75.00,58.00,0.00,0.00,29.94,0.00,10.00,CLR
NYC,2026-06-06 11:51,76.00,59.00,0.00,0.00,29.93,0.00,10.00,CLR
NYC,2026-06-06 12:51,78.00,59.00,M,M,29.93,0.00,10.00,CLR
NYC,2026-06-06 13:51,81.00,61.00,0.00,0.00,29.91,0.00,10.00,CLR
NYC,2026-06-06 14:51,81.00,63.00,3.00,M,29.90,T,10.00,FEW
NYC,2026-06-06 15:51,84.00,62.00,M,M,29.89,T,10.00,FEW
NYC,2026-06-06 16:51,85.00,62.00,4.00,M,29.86,0.00,10.00,CLR
NYC,2026-06-06 17:51,86.00,60.00,7.00,260.00,29.84,0.00,10.00,CLR
NYC,2026-06-06 18:51,87.00,61.00,M,M,29.81,0.00,10.00,CLR
NYC,2026-06-06 19:51,87.00,61.00,M,M,29.79,0.00,10.00,CLR
NYC,2026-06-06 20:51,86.00,62.00,11.00,240.00,29.78,0.00,10.00,CLR
NYC,2026-06-06 21:51,86.00,61.00,9.00,250.00,29.76,0.00,10.00,FEW
NYC,2026-06-06 22:51,84.00,62.00,M,M,29.76,0.00,10.00,CLR
NYC,2026-06-06 23:51,70.00,64.00,15.00,290.00,29.85,T,2.50,BKN
NYC,2026-06-06 23:59,68.00,65.00,13.00,290.00,29.85,0.05,1.50,SCT
NYC,2026-06-07 00:23,67.00,65.00,5.00,M,29.86,0.14,2.50,SCT
NYC,2026-06-07 00:51,67.00,65.00,5.00,280.00,29.85,0.24,1.75,FEW
NYC,2026-06-07 00:56,66.00,65.00,4.00,M,29.84,0.01,3.00,FEW
NYC,2026-06-07 01:51,67.00,66.00,4.00,250.00,29.82,0.02,10.00,BKN
NYC,2026-06-07 02:51,67.00,66.00,5.00,M,29.82,T,10.00,OVC
NYC,2026-06-07 03:51,67.00,66.00,0.00,0.00,29.82,0.00,10.00,CLR
NYC,2026-06-07 04:51,67.00,66.00,3.00,M,29.82,0.00,10.00,CLR
NYC,2026-06-07 05:51,67.00,66.00,4.00,250.00,29.81,0.00,9.00,CLR
NYC,2026-06-07 06:51,67.00,66.00,5.00,280.00,29.81,0.00,9.00,CLR
NYC,2026-06-07 07:51,67.00,65.00,M,M,29.80,0.00,8.00,CLR
NYC,2026-06-07 08:51,67.00,65.00,3.00,M,29.80,0.00,10.00,CLR
NYC,2026-06-07 09:51,67.00,65.00,5.00,220.00,29.82,0.00,10.00,CLR
NYC,2026-06-07 10:51,68.00,65.00,5.00,260.00,29.83,0.00,10.00,FEW
NYC,2026-06-07 11:51,70.00,64.00,3.00,M,29.83,0.00,10.00,CLR
NYC,2026-06-07 12:51,73.00,64.00,3.00,M,29.84,0.00,10.00,CLR
NYC,2026-06-07 13:51,76.00,62.00,9.00,290.00,29.84,0.00,10.00,CLR
NYC,2026-06-07 14:05,77.00,61.00,6.00,M,29.84,0.00,10.00,FEW
NYC,2026-06-07 14:51,78.00,61.00,M,M,29.84,0.00,10.00,CLR
NYC,2026-06-07 15:20,80.00,60.00,8.00,290.00,29.84,0.00,10.00,FEW
NYC,2026-06-07 15:51,79.00,59.00,8.00,290.00,29.83,0.00,10.00,FEW
NYC,2026-06-07 16:51,80.00,57.00,5.00,M,29.83,0.00,10.00,FEW
NYC,2026-06-07 17:44,75.00,60.00,5.00,M,29.82,0.01,1.75,FEW
NYC,2026-06-07 17:51,73.00,63.00,0.00,0.00,29.82,0.02,3.00,FEW
NYC,2026-06-07 18:51,73.00,62.00,4.00,M,29.83,0.02,2.00,FEW
NYC,2026-06-07 19:02,75.00,63.00,3.00,M,29.83,0.0001,10.00,SCT
NYC,2026-06-07 19:47,80.60,57.20,7.00,290.00,29.83,0.0001,10.00,FEW
NYC,2026-06-07 19:51,81.00,57.00,4.00,M,29.83,T,10.00,FEW
NYC,2026-06-07 20:51,80.00,56.00,7.00,310.00,29.84,0.00,10.00,SCT
NYC,2026-06-07 21:18,80.00,56.00,M,M,29.86,0.00,10.00,FEW
NYC,2026-06-07 21:51,80.00,56.00,5.00,30.00,29.87,0.00,10.00,SCT
NYC,2026-06-07 22:25,78.00,55.00,M,M,29.89,0.00,10.00,FEW
NYC,2026-06-07 22:51,78.00,56.00,5.00,M,29.90,0.00,10.00,FEW
NYC,2026-06-07 23:51,76.00,56.00,6.00,M,29.94,0.00,10.00,FEW
NYC,2026-06-08 00:51,74.00,57.00,6.00,M,29.98,0.00,10.00,BKN
NYC,2026-06-08 01:51,72.00,57.00,3.00,M,30.02,0.00,10.00,OVC
NYC,2026-06-08 02:51,71.00,57.00,M,M,30.03,0.00,10.00,BKN
NYC,2026-06-08 03:51,69.00,58.00,9.00,30.00,30.06,0.00,10.00,FEW
NYC,2026-06-08 04:51,68.00,56.00,8.00,20.00,30.08,0.00,10.00,FEW
NYC,2026-06-08 05:51,66.00,56.00,5.00,M,30.11,0.00,10.00,BKN
NYC,2026-06-08 06:51,66.00,56.00,5.00,10.00,30.13,0.00,10.00,OVC
NYC,2026-06-08 07:51,64.00,57.00,6.00,M,30.17,0.00,10.00,FEW
NYC,2026-06-08 08:29,63.00,52.00,8.00,70.00,30.18,0.00,10.00,SCT
NYC,2026-06-08 08:51,63.00,51.00,6.00,M,30.18,0.00,10.00,OVC
NYC,2026-06-08 09:51,63.00,51.00,10.00,70.00,30.21,0.00,10.00,OVC
NYC,2026-06-08 10:51,64.00,50.00,7.00,70.00,30.23,0.00,10.00,OVC
NYC,2026-06-08 11:51,65.00,50.00,10.00,60.00,30.25,0.00,10.00,CLR
NYC,2026-06-08 12:51,67.00,47.00,8.00,70.00,30.27,0.00,10.00,CLR
NYC,2026-06-08 13:51,69.00,47.00,M,M,30.30,0.00,10.00,CLR
NYC,2026-06-08 14:51,70.00,45.00,4.00,M,30.30,0.00,10.00,CLR
NYC,2026-06-08 15:51,73.00,46.00,7.00,50.00,30.31,0.00,10.00,CLR
NYC,2026-06-08 16:51,74.00,47.00,3.00,M,30.30,0.00,10.00,CLR
NYC,2026-06-08 17:51,71.00,51.00,M,M,30.30,0.00,10.00,SCT
NYC,2026-06-08 18:51,72.00,47.00,6.00,M,30.30,0.00,10.00,CLR
NYC,2026-06-08 19:51,71.00,46.00,6.00,M,30.29,0.00,10.00,CLR
NYC,2026-06-08 20:51,70.00,46.00,6.00,150.00,30.28,0.00,10.00,CLR
NYC,2026-06-08 21:51,69.00,45.00,3.00,M,30.28,0.00,10.00,CLR
NYC,2026-06-08 22:51,69.00,45.00,4.00,M,30.28,0.00,10.00,CLR
NYC,2026-06-08 23:51,67.00,45.00,3.00,M,30.28,0.00,10.00,CLR
NYC,2026-06-09 00:51,65.00,45.00,0.00,0.00,30.28,0.00,10.00,CLR
NYC,2026-06-09 01:51,65.00,45.00,3.00,M,30.29,0.00,10.00,CLR
NYC,2026-06-09 02:51,66.00,46.00,6.00,240.00,30.30,0.00,10.00,CLR
NYC,2026-06-09 03:51,66.00,44.00,6.00,M,30.31,0.00,10.00,CLR
NYC,2026-06-09 04:51,65.00,44.00,M,M,30.30,0.00,10.00,CLR
NYC,2026-06-09 05:51,64.00,43.00,3.00,230.00,30.30,0.00,10.00,CLR
NYC,2026-06-09 06:51,63.00,43.00,M,M,30.29,0.00,10.00,CLR
NYC,2026-06-09 07:51,62.00,44.00,5.00,M,30.29,0.00,10.00,CLR
NYC,2026-06-09 08:51,62.00,42.00,9.00,250.00,30.29,0.00,10.00,CLR
NYC,2026-06-09 09:51,62.00,42.00,6.00,240.00,30.30,0.00,10.00,CLR
NYC,2026-06-09 10:51,62.00,43.00,6.00,260.00,30.30,0.00,10.00,CLR
NYC,2026-06-09 11:51,63.00,45.00,3.00,270.00,30.30,0.00,10.00,CLR
NYC,2026-06-09 12:51,66.00,44.00,4.00,M,30.29,0.00,10.00,CLR
NYC,2026-06-09 13:51,70.00,44.00,3.00,M,30.27,0.00,10.00,CLR
NYC,2026-06-09 14:51,73.00,45.00,6.00,M,30.25,0.00,10.00,CLR
NYC,2026-06-09 15:51,76.00,47.00,5.00,M,30.23,0.00,10.00,CLR
NYC,2026-06-09 16:51,77.00,49.00,M,M,30.21,0.00,10.00,CLR
NYC,2026-06-09 17:51,78.00,52.00,0.00,0.00,30.17,0.00,10.00,CLR
NYC,2026-06-09 18:51,79.00,55.00,M,M,30.15,0.00,10.00,CLR
NYC,2026-06-09 19:51,78.00,52.00,5.00,M,30.13,0.00,10.00,CLR
NYC,2026-06-09 20:51,76.00,50.00,4.00,M,30.11,0.00,10.00,CLR
NYC,2026-06-09 21:51,75.00,50.00,3.00,M,30.10,0.00,10.00,CLR
NYC,2026-06-09 22:51,75.00,51.00,0.00,0.00,30.08,0.00,10.00,CLR
NYC,2026-06-09 23:51,74.00,54.00,0.00,0.00,30.07,0.00,10.00,CLR
NYC,2026-06-10 00:51,72.00,55.00,0.00,0.00,30.06,0.00,10.00,CLR
NYC,2026-06-10 01:51,72.00,57.00,3.00,200.00,30.07,0.00,10.00,CLR
NYC,2026-06-10 02:51,72.00,57.00,5.00,M,30.06,0.00,10.00,CLR
NYC,2026-06-10 03:51,72.00,58.00,4.00,M,30.05,0.00,10.00,CLR
NYC,2026-06-10 04:51,72.00,58.00,4.00,M,30.04,0.00,10.00,CLR
NYC,2026-06-10 05:51,70.00,57.00,5.00,M,30.03,0.00,10.00,CLR
NYC,2026-06-10 06:51,69.00,57.00,0.00,0.00,30.03,0.00,10.00,CLR
NYC,2026-06-10 07:51,70.00,56.00,3.00,M,30.01,0.00,10.00,CLR
NYC,2026-06-10 08:51,70.00,57.00,3.00,M,30.01,0.00,10.00,CLR
NYC,2026-06-10 09:51,70.00,58.00,0.00,0.00,30.00,0.00,10.00,FEW
NYC,2026-06-10 10:51,70.00,59.00,0.00,0.00,30.00,0.00,10.00,BKN
NYC,2026-06-10 11:51,71.00,61.00,0.00,0.00,29.99,0.00,10.00,BKN
NYC,2026-06-10 12:51,71.00,62.00,4.00,M,29.99,0.00,10.00,CLR
NYC,2026-06-10 13:51,72.00,63.00,3.00,M,29.98,0.00,10.00,CLR
NYC,2026-06-10 14:51,76.00,64.00,0.00,0.00,29.95,0.00,10.00,CLR
NYC,2026-06-10 15:51,79.00,65.00,3.00,M,29.93,0.00,10.00,BKN
NYC,2026-06-10 16:51,81.00,66.00,0.00,0.00,29.90,0.00,10.00,SCT
NYC,2026-06-10 17:51,81.00,66.00,0.00,0.00,29.89,0.00,10.00,FEW
NYC,2026-06-10 18:51,81.00,67.00,4.00,M,29.88,0.00,10.00,SCT
NYC,2026-06-10 19:51,80.00,68.00,M,M,29.86,0.00,9.00,BKN
NYC,2026-06-10 20:51,79.00,69.00,0.00,0.00,29.84,0.00,9.00,BKN
NYC,2026-06-10 21:51,78.00,70.00,3.00,M,29.82,T,8.00,FEW
NYC,2026-06-10 22:51,80.00,70.00,3.00,M,29.81,0.00,9.00,BKN
NYC,2026-06-10 23:51,80.00,69.00,0.00,0.00,29.81,0.00,9.00,BKN
NYC,2026-06-11 00:51,79.00,70.00,0.00,0.00,29.81,0.00,10.00,SCT
NYC,2026-06-11 01:51,77.00,68.00,0.00,0.00,29.82,0.00,9.00,CLR
NYC,2026-06-11 02:10,77.00,69.00,0.00,0.00,29.83,0.00,9.00,FEW
NYC,2026-06-11 02:51,77.00,70.00,M,M,29.82,0.00,9.00,FEW
NYC,2026-06-11 03:51,77.00,69.00,5.00,230.00,29.81,0.00,10.00,FEW
NYC,2026-06-11 04:51,76.00,69.00,4.00,260.00,29.80,0.00,10.00,CLR
NYC,2026-06-11 05:51,75.00,69.00,M,M,29.79,0.00,10.00,CLR
NYC,2026-06-11 06:51,75.00,70.00,3.00,M,29.79,0.00,10.00,BKN
NYC,2026-06-11 07:51,74.00,70.00,0.00,0.00,29.78,0.00,10.00,CLR
NYC,2026-06-11 08:51,73.00,70.00,3.00,M,29.78,0.00,10.00,CLR
NYC,2026-06-11 09:51,72.00,70.00,5.00,M,29.79,0.00,9.00,CLR
NYC,2026-06-11 10:51,74.00,71.00,0.00,0.00,29.80,0.00,8.00,CLR
NYC,2026-06-11 11:51,76.00,71.00,3.00,M,29.81,0.00,8.00,CLR
NYC,2026-06-11 12:51,79.00,71.00,M,M,29.81,0.00,9.00,CLR
NYC,2026-06-11 13:51,83.00,72.00,0.00,0.00,29.81,0.00,10.00,CLR
NYC,2026-06-11 14:51,85.00,72.00,3.00,M,29.81,0.00,10.00,CLR
NYC,2026-06-11 15:51,87.00,72.00,4.00,M,29.80,0.00,10.00,SCT
NYC,2026-06-11 16:51,90.00,73.00,4.00,M,29.77,0.00,10.00,FEW
NYC,2026-06-11 17:51,90.00,73.00,0.00,0.00,29.76,0.00,10.00,SCT
NYC,2026-06-11 18:51,90.00,73.00,4.00,M,29.76,0.00,10.00,FEW
NYC,2026-06-11 19:51,88.00,73.00,5.00,M,29.76,0.00,10.00,FEW
NYC,2026-06-11 20:51,90.00,71.00,4.00,M,29.75,0.00,10.00,CLR
NYC,2026-06-11 21:51,90.00,68.00,M,M,29.73,0.00,10.00,FEW
NYC,2026-06-11 22:51,88.00,71.00,0.00,0.00,29.75,0.00,10.00,CLR
NYC,2026-06-11 23:51,87.00,70.00,3.00,M,29.74,0.00,10.00,CLR
NYC,2026-06-12 00:51,87.00,70.00,0.00,0.00,29.76,0.00,10.00,CLR
NYC,2026-06-12 01:51,87.00,70.00,0.00,0.00,29.78,0.00,10.00,CLR
NYC,2026-06-12 02:51,85.00,70.00,4.00,250.00,29.76,0.00,10.00,FEW
NYC,2026-06-12 03:31,81.00,69.00,3.00,M,29.80,0.0001,1.50,FEW
NYC,2026-06-12 03:49,73.40,71.60,4.00,M,29.77,0.20,10.00,FEW
NYC,2026-06-12 03:51,74.00,72.00,4.00,M,29.77,0.20,9.00,FEW
NYC,2026-06-12 04:51,73.00,72.00,0.00,0.00,29.76,0.01,6.00,BKN
NYC,2026-06-12 05:51,74.00,73.00,0.00,0.00,29.73,0.01,7.00,CLR
NYC,2026-06-12 06:51,74.00,73.00,3.00,300.00,29.73,0.00,9.00,CLR
NYC,2026-06-12 07:51,72.00,71.00,4.00,M,29.74,0.00,10.00,CLR
NYC,2026-06-12 08:51,72.00,70.00,0.00,0.00,29.75,0.00,10.00,SCT
NYC,2026-06-12 09:09,72.00,70.00,6.00,M,29.76,0.00,10.00,BKN
NYC,2026-06-12 09:51,73.00,70.00,6.00,M,29.76,0.00,10.00,OVC
NYC,2026-06-12 10:10,72.00,70.00,3.00,M,29.76,0.00,10.00,SCT
NYC,2026-06-12 10:51,73.00,70.00,6.00,280.00,29.76,0.00,10.00,OVC
NYC,2026-06-12 11:51,75.00,70.00,4.00,M,29.77,0.00,10.00,SCT
NYC,2026-06-12 12:51,74.00,71.00,4.00,M,29.77,0.01,5.00,FEW
NYC,2026-06-12 13:51,75.00,71.00,4.00,270.00,29.76,T,10.00,OVC
NYC,2026-06-12 14:51,80.00,71.00,4.00,250.00,29.74,0.00,10.00,FEW
NYC,2026-06-12 15:51,84.00,72.00,4.00,M,29.74,0.00,10.00,CLR
NYC,2026-06-12 16:51,87.00,70.00,4.00,M,29.74,0.00,10.00,FEW
NYC,2026-06-12 17:51,88.00,70.00,5.00,M,29.73,0.00,10.00,FEW
NYC,2026-06-12 18:51,88.00,73.00,5.00,M,29.72,0.00,10.00,SCT
NYC,2026-06-12 19:51,88.00,72.00,6.00,M,29.71,0.00,10.00,SCT
NYC,2026-06-12 20:51,89.00,70.00,9.00,290.00,29.70,0.00,10.00,FEW
NYC,2026-06-12 21:51,87.00,71.00,M,M,29.71,0.00,10.00,CLR
NYC,2026-06-12 22:51,84.00,71.00,M,M,29.79,T,2.00,FEW
NYC,2026-06-12 22:54,78.00,72.00,18.00,300.00,29.81,0.03,0.75,FEW
NYC,2026-06-12 23:00,74.00,71.00,6.00,M,29.81,0.37,0.25,BKN
NYC,2026-06-12 23:07,73.00,72.00,3.00,10.00,29.77,0.88,0.25,SCT
NYC,2026-06-12 23:12,73.00,72.00,0.00,0.00,29.76,0.88,1.00,SCT
NYC,2026-06-12 23:15,73.00,72.00,3.00,190.00,29.76,0.88,3.00,SCT
NYC,2026-06-12 23:51,73.00,73.00,0.00,0.00,29.77,0.88,10.00,FEW
NYC,2026-06-13 00:51,73.00,72.00,0.00,0.00,29.77,0.00,10.00,CLR
NYC,2026-06-13 01:51,74.00,73.00,M,M,29.79,0.00,9.00,CLR
NYC,2026-06-13 02:51,74.00,73.00,5.00,280.00,29.81,0.00,10.00,CLR
NYC,2026-06-13 03:51,74.00,72.00,4.00,M,29.82,0.00,10.00,CLR
NYC,2026-06-13 04:51,74.00,72.00,4.00,M,29.82,0.00,10.00,CLR
NYC,2026-06-13 05:51,74.00,68.00,4.00,M,29.82,0.00,10.00,CLR
NYC,2026-06-13 06:51,74.00,63.00,4.00,M,29.84,0.00,10.00,CLR
NYC,2026-06-13 07:51,73.00,61.00,0.00,0.00,29.85,0.00,10.00,CLR
NYC,2026-06-13 08:51,71.00,62.00,4.00,300.00,29.86,0.00,10.00,CLR
NYC,2026-06-13 09:51,70.00,60.00,3.00,300.00,29.87,0.00,10.00,CLR
NYC,2026-06-13 10:51,71.00,59.00,0.00,0.00,29.88,0.00,10.00,CLR
NYC,2026-06-13 11:51,72.00,59.00,M,M,29.91,0.00,10.00,CLR
NYC,2026-06-13 12:51,74.00,60.00,0.00,0.00,29.92,0.00,10.00,CLR
NYC,2026-06-13 13:51,76.00,59.00,3.00,M,29.93,0.00,10.00,CLR
NYC,2026-06-13 14:51,78.00,58.00,0.00,0.00,29.94,0.00,10.00,CLR
NYC,2026-06-13 15:51,81.00,57.00,M,M,29.93,0.00,10.00,CLR
NYC,2026-06-13 16:51,82.00,58.00,M,M,29.92,0.00,10.00,CLR
NYC,2026-06-13 17:51,84.00,57.00,3.00,M,29.90,0.00,10.00,FEW
NYC,2026-06-13 18:51,83.00,59.00,5.00,M,29.89,0.00,10.00,CLR
NYC,2026-06-13 19:51,84.00,56.00,0.00,0.00,29.88,0.00,10.00,FEW
NYC,2026-06-13 20:51,84.00,59.00,3.00,M,29.87,0.00,10.00,SCT
NYC,2026-06-13 21:51,83.00,59.00,M,M,29.88,0.00,10.00,SCT
NYC,2026-06-13 22:51,85.00,54.00,3.00,M,29.88,0.00,10.00,CLR
NYC,2026-06-13 23:51,83.00,52.00,5.00,M,29.88,0.00,10.00,CLR
NYC,2026-06-14 00:51,81.00,54.00,0.00,0.00,29.89,0.00,10.00,CLR
NYC,2026-06-14 01:51,80.00,55.00,3.00,300.00,29.91,0.00,10.00,CLR
NYC,2026-06-14 02:51,78.00,55.00,0.00,0.00,29.91,0.00,10.00,CLR
NYC,2026-06-14 03:51,78.00,55.00,0.00,0.00,29.91,0.00,10.00,CLR
NYC,2026-06-14 04:51,77.00,55.00,3.00,270.00,29.91,0.00,10.00,CLR
NYC,2026-06-14 05:51,77.00,55.00,0.00,0.00,29.90,0.00,10.00,CLR
NYC,2026-06-14 06:51,76.00,55.00,3.00,250.00,29.90,0.00,10.00,CLR
NYC,2026-06-14 07:51,75.00,56.00,3.00,240.00,29.89,0.00,10.00,CLR
NYC,2026-06-14 08:51,74.00,56.00,0.00,0.00,29.88,0.00,10.00,CLR
NYC,2026-06-14 09:51,73.00,56.00,0.00,0.00,29.88,0.00,10.00,CLR
NYC,2026-06-14 10:51,74.00,58.00,0.00,0.00,29.89,0.00,10.00,CLR
NYC,2026-06-14 11:51,75.00,60.00,0.00,0.00,29.92,0.00,10.00,CLR
NYC,2026-06-14 12:51,77.00,59.00,4.00,230.00,29.92,0.00,10.00,CLR
NYC,2026-06-14 13:51,80.00,60.00,0.00,0.00,29.90,0.00,10.00,CLR
NYC,2026-06-14 14:51,81.00,60.00,0.00,0.00,29.89,0.00,10.00,CLR
NYC,2026-06-14 15:51,84.00,61.00,4.00,M,29.88,0.00,10.00,CLR
NYC,2026-06-14 16:51,85.00,58.00,4.00,M,29.86,0.00,10.00,CLR
NYC,2026-06-14 17:51,86.00,63.00,M,M,29.84,0.00,10.00,CLR
NYC,2026-06-14 18:51,85.00,64.00,4.00,140.00,29.81,0.00,10.00,CLR
NYC,2026-06-14 19:51,84.00,67.00,M,M,29.77,0.00,10.00,CLR
NYC,2026-06-14 20:51,83.00,65.00,7.00,140.00,29.74,0.00,10.00,CLR
NYC,2026-06-14 21:51,82.00,65.00,M,M,29.72,0.00,10.00,CLR
NYC,2026-06-14 22:51,80.00,63.00,4.00,M,29.71,0.00,10.00,CLR
NYC,2026-06-14 23:51,79.00,62.00,M,M,29.71,0.00,10.00,FEW
NYC,2026-06-15 00:51,78.00,61.00,6.00,M,29.70,0.00,10.00,FEW
NYC,2026-06-15 01:51,75.00,63.00,5.00,160.00,29.69,0.00,10.00,CLR
NYC,2026-06-15 02:51,74.00,65.00,M,M,29.69,0.00,10.00,CLR
NYC,2026-06-15 03:51,72.00,70.00,4.00,220.00,29.71,0.03,2.50,FEW
NYC,2026-06-15 04:05,72.00,71.00,5.00,M,29.71,0.06,1.50,SCT
NYC,2026-06-15 04:47,69.80,69.80,0.00,0.00,29.67,0.22,3.00,FEW
NYC,2026-06-15 04:48,70.00,70.00,0.00,0.00,29.67,0.22,3.00,FEW
NYC,2026-06-15 05:29,70.00,70.00,M,M,29.66,0.0001,6.00,SCT
NYC,2026-06-15 05:49,69.80,69.80,0.00,0.00,29.64,0.0001,7.00,SCT
NYC,2026-06-15 05:51,70.00,70.00,4.00,M,29.63,T,7.00,FEW
NYC,2026-06-15 06:51,70.00,69.00,6.00,M,29.60,0.01,6.00,FEW
NYC,2026-06-15 07:51,69.00,68.00,5.00,280.00,29.59,0.01,10.00,SCT
NYC,2026-06-15 08:51,69.00,68.00,4.00,M,29.60,0.00,9.00,BKN
NYC,2026-06-15 09:14,68.00,67.00,7.00,310.00,29.62,0.00,10.00,SCT
NYC,2026-06-15 09:51,66.00,62.00,6.00,M,29.64,0.00,10.00,SCT
NYC,2026-06-15 10:51,66.00,59.00,M,M,29.68,0.00,10.00,SCT
NYC,2026-06-15 11:51,67.00,57.00,12.00,290.00,29.70,0.00,10.00,SCT
NYC,2026-06-15 12:26,68.00,57.00,13.00,300.00,29.71,0.00,10.00,FEW
NYC,2026-06-15 12:51,69.00,57.00,10.00,360.00,29.72,0.00,10.00,FEW
NYC,2026-06-15 13:51,71.00,53.00,6.00,M,29.73,0.00,10.00,FEW
NYC,2026-06-15 14:51,71.00,52.00,M,M,29.74,0.00,10.00,FEW
NYC,2026-06-15 15:18,71.00,50.00,7.00,340.00,29.75,0.00,10.00,FEW
NYC,2026-06-15 15:51,72.00,50.00,7.00,300.00,29.76,0.00,10.00,FEW
NYC,2026-06-15 16:51,73.00,50.00,3.00,M,29.76,0.00,10.00,BKN
NYC,2026-06-15 17:51,71.00,49.00,6.00,M,29.75,0.00,10.00,BKN
NYC,2026-06-15 18:51,72.00,48.00,9.00,310.00,29.75,0.00,10.00,BKN
NYC,2026-06-15 19:04,72.00,48.00,13.00,300.00,29.75,0.00,10.00,FEW
NYC,2026-06-15 19:51,73.00,48.00,7.00,290.00,29.75,0.00,10.00,FEW
NYC,2026-06-15 20:51,74.00,49.00,5.00,M,29.75,0.00,10.00,SCT
NYC,2026-06-15 21:51,73.00,48.00,8.00,290.00,29.76,0.00,10.00,FEW
NYC,2026-06-15 22:51,71.00,48.00,M,M,29.77,0.00,10.00,FEW
NYC,2026-06-15 23:25,70.00,48.00,9.00,300.00,29.78,0.00,10.00,FEW
NYC,2026-06-15 23:51,69.00,47.00,10.00,310.00,29.79,0.00,10.00,CLR
NYC,2026-06-16 00:51,67.00,47.00,M,M,29.81,0.00,10.00,CLR
NYC,2026-06-16 01:51,66.00,45.00,0.00,0.00,29.83,0.00,10.00,CLR
NYC,2026-06-16 02:51,65.00,45.00,M,M,29.84,0.00,10.00,CLR
NYC,2026-06-16 03:51,63.00,46.00,3.00,M,29.86,0.00,10.00,CLR
NYC,2026-06-16 04:51,63.00,47.00,3.00,M,29.88,0.00,10.00,CLR
NYC,2026-06-16 05:51,62.00,47.00,4.00,M,29.88,0.00,10.00,CLR
NYC,2026-06-16 06:51,61.00,47.00,6.00,290.00,29.88,0.00,10.00,CLR
NYC,2026-06-16 07:51,60.00,48.00,0.00,0.00,29.89,0.00,10.00,CLR
NYC,2026-06-16 08:51,59.00,47.00,3.00,M,29.90,0.00,10.00,CLR
NYC,2026-06-16 09:51,58.00,48.00,0.00,0.00,29.92,0.00,10.00,CLR
NYC,2026-06-16 10:51,58.00,49.00,3.00,M,29.92,0.00,10.00,CLR
NYC,2026-06-16 11:51,60.00,49.00,6.00,310.00,29.92,0.00,10.00,CLR
NYC,2026-06-16 12:51,64.00,47.00,3.00,M,29.92,0.00,10.00,CLR
NYC,2026-06-16 13:51,67.00,48.00,0.00,0.00,29.91,0.00,10.00,CLR
NYC,2026-06-16 14:51,69.00,41.00,4.00,M,29.91,0.00,10.00,CLR
NYC,2026-06-16 15:51,71.00,41.00,4.00,M,29.90,0.00,10.00,CLR
NYC,2026-06-16 16:51,74.00,44.00,3.00,M,29.88,0.00,10.00,CLR
NYC,2026-06-16 17:51,74.00,44.00,4.00,M,29.87,0.00,10.00,CLR
NYC,2026-06-16 18:51,75.00,45.00,0.00,0.00,29.85,0.00,10.00,CLR
NYC,2026-06-16 19:51,75.00,44.00,4.00,240.00,29.84,0.00,10.00,CLR
NYC,2026-06-16 20:51,75.00,44.00,0.00,0.00,29.83,0.00,10.00,CLR
NYC,2026-06-16 21:51,72.00,51.00,M,M,29.83,0.00,10.00,CLR
NYC,2026-06-16 22:51,70.00,52.00,4.00,M,29.83,0.00,10.00,CLR
NYC,2026-06-16 23:51,69.00,52.00,3.00,M,29.85,0.00,10.00,CLR
NYC,2026-06-17 00:51,67.00,55.00,0.00,0.00,29.85,0.00,10.00,CLR
NYC,2026-06-17 01:51,67.00,56.00,6.00,M,29.86,0.00,10.00,CLR
NYC,2026-06-17 02:51,66.00,57.00,3.00,210.00,29.87,0.00,10.00,CLR
NYC,2026-06-17 03:51,66.00,57.00,0.00,0.00,29.86,0.00,10.00,CLR
NYC,2026-06-17 04:51,65.00,57.00,0.00,0.00,29.85,0.00,10.00,CLR
NYC,2026-06-17 05:51,65.00,56.00,0.00,0.00,29.85,0.00,10.00,CLR
NYC,2026-06-17 06:51,65.00,56.00,3.00,M,29.84,0.00,10.00,CLR
NYC,2026-06-17 07:51,64.00,58.00,3.00,M,29.84,0.00,10.00,CLR
NYC,2026-06-17 08:51,64.00,57.00,4.00,250.00,29.84,0.00,10.00,CLR
NYC,2026-06-17 09:51,63.00,57.00,0.00,0.00,29.85,0.00,10.00,CLR
NYC,2026-06-17 10:51,65.00,59.00,0.00,0.00,29.85,0.00,10.00,CLR
NYC,2026-06-17 11:51,67.00,59.00,0.00,0.00,29.86,0.00,10.00,CLR
NYC,2026-06-17 12:51,70.00,60.00,0.00,0.00,29.86,0.00,10.00,CLR
NYC,2026-06-17 13:51,72.00,57.00,3.00,M,29.86,0.00,10.00,CLR
NYC,2026-06-17 14:51,73.00,54.00,4.00,M,29.85,0.00,10.00,SCT
NYC,2026-06-17 15:51,76.00,55.00,M,M,29.84,0.00,10.00,FEW
NYC,2026-06-17 16:51,74.00,56.00,M,M,29.80,0.00,10.00,OVC
NYC,2026-06-17 17:51,76.00,57.00,4.00,M,29.84,0.00,10.00,BKN
NYC,2026-06-17 18:51,69.00,57.00,4.00,M,29.84,T,10.00,OVC
NYC,2026-06-17 19:51,72.00,61.00,4.00,150.00,29.82,T,10.00,FEW
NYC,2026-06-17 20:51,71.00,58.00,7.00,140.00,29.82,0.00,10.00,OVC
NYC,2026-06-17 21:51,72.00,59.00,6.00,M,29.81,0.00,10.00,FEW
NYC,2026-06-17 22:51,71.00,58.00,6.00,M,29.81,0.00,10.00,CLR
NYC,2026-06-17 23:51,70.00,60.00,5.00,140.00,29.82,0.00,10.00,OVC
NYC,2026-06-18 00:51,69.00,62.00,4.00,M,29.83,0.00,10.00,FEW
NYC,2026-06-18 01:51,69.00,63.00,4.00,M,29.83,0.00,10.00,BKN
NYC,2026-06-18 02:51,68.00,64.00,M,M,29.83,0.00,10.00,BKN
NYC,2026-06-18 03:51,68.00,64.00,3.00,M,29.83,0.00,10.00,FEW
NYC,2026-06-18 04:09,68.00,65.00,0.00,0.00,29.83,0.00,10.00,BKN
NYC,2026-06-18 04:51,69.00,65.00,3.00,M,29.82,0.00,10.00,OVC
NYC,2026-06-18 05:51,69.00,66.00,M,M,29.81,0.00,10.00,OVC
NYC,2026-06-18 06:30,69.00,66.00,3.00,M,29.80,0.00,10.00,SCT
NYC,2026-06-18 06:51,69.00,66.00,0.00,0.00,29.79,0.00,10.00,FEW
NYC,2026-06-18 07:51,69.00,66.00,4.00,M,29.77,0.00,9.00,CLR
NYC,2026-06-18 08:51,68.00,66.00,5.00,M,29.75,0.00,9.00,FEW
NYC,2026-06-18 09:27,68.00,66.00,3.00,M,29.73,0.00,9.00,BKN
NYC,2026-06-18 09:51,69.00,66.00,3.00,M,29.72,0.00,9.00,SCT
NYC,2026-06-18 10:51,69.00,67.00,M,M,29.70,T,7.00,FEW
NYC,2026-06-18 11:51,70.00,67.00,5.00,M,29.68,0.00,8.00,SCT
NYC,2026-06-18 12:51,71.00,67.00,3.00,M,29.66,0.00,9.00,OVC
NYC,2026-06-18 13:51,72.00,68.00,5.00,M,29.65,0.00,9.00,OVC
NYC,2026-06-18 14:51,74.00,68.00,3.00,M,29.59,0.00,10.00,FEW
NYC,2026-06-18 15:51,78.00,68.00,4.00,M,29.57,T,10.00,CLR
NYC,2026-06-18 16:51,78.00,69.00,3.00,M,29.56,0.00,10.00,CLR
NYC,2026-06-18 17:51,81.00,69.00,10.00,200.00,29.52,0.00,10.00,CLR
NYC,2026-06-18 18:51,84.00,66.00,M,M,29.51,0.00,10.00,SCT
NYC,2026-06-18 19:51,85.00,64.00,10.00,240.00,29.50,0.00,10.00,SCT
NYC,2026-06-18 20:51,85.00,63.00,M,M,29.50,0.00,10.00,SCT
NYC,2026-06-18 21:13,85.00,61.00,8.00,240.00,29.50,0.00,10.00,FEW
NYC,2026-06-18 21:51,85.00,58.00,M,M,29.50,0.00,10.00,FEW
NYC,2026-06-18 22:51,84.00,58.00,8.00,250.00,29.53,0.00,10.00,CLR
NYC,2026-06-18 23:51,83.00,58.00,7.00,240.00,29.55,0.00,10.00,CLR
NYC,2026-06-19 00:51,82.00,59.00,M,M,29.56,0.00,10.00,CLR
NYC,2026-06-19 01:51,81.00,59.00,9.00,240.00,29.59,0.00,10.00,CLR
NYC,2026-06-19 02:51,79.00,59.00,5.00,270.00,29.61,0.00,10.00,CLR
NYC,2026-06-19 03:51,78.00,58.00,6.00,M,29.62,0.00,10.00,CLR
NYC,2026-06-19 04:51,78.00,58.00,8.00,260.00,29.64,0.00,10.00,CLR
NYC,2026-06-19 05:51,77.00,58.00,6.00,M,29.66,0.00,10.00,CLR
NYC,2026-06-19 06:51,74.00,58.00,5.00,M,29.68,0.00,10.00,CLR
NYC,2026-06-19 07:51,73.00,56.00,7.00,280.00,29.69,0.00,10.00,CLR
NYC,2026-06-19 08:51,72.00,53.00,5.00,M,29.70,0.00,10.00,CLR
NYC,2026-06-19 09:51,70.00,50.00,7.00,290.00,29.71,0.00,10.00,CLR
NYC,2026-06-19 10:51,70.00,50.00,7.00,280.00,29.72,0.00,10.00,CLR
NYC,2026-06-19 11:51,70.00,51.00,9.00,260.00,29.74,0.00,10.00,CLR
NYC,2026-06-19 12:51,70.00,51.00,5.00,M,29.75,0.00,10.00,CLR
NYC,2026-06-19 13:51,71.00,52.00,M,M,29.74,0.00,10.00,CLR
NYC,2026-06-19 14:51,73.00,53.00,5.00,M,29.73,0.00,10.00,CLR
NYC,2026-06-19 15:51,74.00,53.00,M,M,29.72,0.00,10.00,CLR
NYC,2026-06-19 16:51,76.00,55.00,6.00,M,29.70,0.00,10.00,CLR
NYC,2026-06-19 17:51,77.00,55.00,6.00,M,29.69,0.00,10.00,FEW
NYC,2026-06-19 18:51,79.00,52.00,6.00,M,29.68,0.00,10.00,FEW
NYC,2026-06-19 19:51,79.00,49.00,7.00,300.00,29.68,0.00,10.00,FEW
NYC,2026-06-19 20:51,80.00,49.00,8.00,290.00,29.68,0.00,10.00,FEW
NYC,2026-06-19 21:51,80.00,47.00,M,M,29.68,0.00,10.00,SCT
NYC,2026-06-19 22:51,79.00,46.00,5.00,M,29.69,0.00,10.00,CLR
NYC,2026-06-19 23:51,78.00,46.00,6.00,280.00,29.72,0.00,10.00,OVC
NYC,2026-06-20 00:51,75.00,45.00,11.00,280.00,29.74,0.00,10.00,SCT
NYC,2026-06-20 01:51,74.00,47.00,8.00,270.00,29.76,0.00,10.00,CLR
NYC,2026-06-20 02:51,73.00,49.00,5.00,M,29.78,0.00,10.00,CLR
NYC,2026-06-20 03:51,71.00,50.00,3.00,M,29.78,0.00,10.00,FEW
NYC,2026-06-20 04:51,70.00,50.00,4.00,M,29.78,0.00,10.00,CLR
NYC,2026-06-20 05:51,69.00,51.00,7.00,280.00,29.78,0.00,10.00,CLR
NYC,2026-06-20 06:51,68.00,51.00,6.00,M,29.78,0.00,10.00,CLR
NYC,2026-06-20 07:51,67.00,51.00,4.00,M,29.79,0.00,10.00,CLR
NYC,2026-06-20 08:51,67.00,50.00,6.00,270.00,29.78,0.00,10.00,CLR
NYC,2026-06-20 09:51,67.00,49.00,9.00,270.00,29.78,0.00,10.00,CLR
NYC,2026-06-20 10:51,66.00,51.00,M,M,29.80,0.00,10.00,CLR
NYC,2026-06-20 11:51,68.00,50.00,11.00,290.00,29.80,0.00,10.00,CLR
NYC,2026-06-20 12:51,70.00,50.00,7.00,280.00,29.80,0.00,10.00,CLR
NYC,2026-06-20 13:03,70.00,49.00,8.00,280.00,29.80,0.00,10.00,FEW
NYC,2026-06-20 13:51,72.00,50.00,M,M,29.79,0.00,10.00,CLR
NYC,2026-06-20 14:51,75.00,52.00,M,M,29.79,0.00,10.00,CLR
NYC,2026-06-20 15:51,76.00,51.00,M,M,29.79,0.00,10.00,CLR
NYC,2026-06-20 16:51,79.00,52.00,5.00,M,29.78,0.00,10.00,CLR
NYC,2026-06-20 17:19,78.00,50.00,10.00,280.00,29.78,0.00,10.00,FEW
NYC,2026-06-20 17:51,79.00,50.00,9.00,290.00,29.78,0.00,10.00,CLR
NYC,2026-06-20 18:01,79.00,50.00,8.00,290.00,29.78,0.00,10.00,FEW
NYC,2026-06-20 18:51,80.00,47.00,11.00,270.00,29.78,0.00,10.00,CLR
NYC,2026-06-20 19:24,80.00,47.00,8.00,310.00,29.77,0.00,10.00,FEW
NYC,2026-06-20 19:51,81.00,46.00,6.00,M,29.77,0.00,10.00,FEW
NYC,2026-06-20 20:17,80.00,44.00,9.00,280.00,29.78,0.00,10.00,FEW
NYC,2026-06-20 20:51,81.00,46.00,8.00,280.00,29.78,0.00,10.00,FEW
NYC,2026-06-20 21:51,80.00,47.00,M,M,29.78,0.00,10.00,CLR
NYC,2026-06-20 22:51,79.00,47.00,7.00,280.00,29.79,0.00,10.00,SCT
NYC,2026-06-20 23:51,78.00,48.00,7.00,280.00,29.80,0.00,10.00,CLR
NYC,2026-06-21 00:51,76.00,50.00,4.00,M,29.82,0.00,10.00,CLR
NYC,2026-06-21 01:51,75.00,52.00,5.00,290.00,29.84,0.00,10.00,CLR
NYC,2026-06-21 02:51,72.00,52.00,4.00,M,29.85,0.00,10.00,CLR
NYC,2026-06-21 03:51,72.00,52.00,4.00,M,29.85,0.00,10.00,CLR
NYC,2026-06-21 04:51,68.00,53.00,0.00,0.00,29.86,0.00,10.00,CLR
NYC,2026-06-21 05:51,69.00,53.00,4.00,290.00,29.86,0.00,10.00,CLR
NYC,2026-06-21 06:51,68.00,53.00,3.00,290.00,29.85,0.00,10.00,CLR
NYC,2026-06-21 07:51,67.00,53.00,4.00,300.00,29.85,0.00,10.00,CLR
NYC,2026-06-21 08:51,66.00,54.00,3.00,M,29.85,0.00,10.00,CLR
NYC,2026-06-21 09:51,65.00,54.00,0.00,0.00,29.87,0.00,10.00,CLR
NYC,2026-06-21 10:51,66.00,55.00,0.00,0.00,29.88,0.00,10.00,CLR
NYC,2026-06-21 11:51,68.00,55.00,0.00,0.00,29.89,0.00,10.00,CLR
NYC,2026-06-21 12:51,71.00,55.00,0.00,0.00,29.89,0.00,10.00,CLR
NYC,2026-06-21 13:51,75.00,53.00,4.00,M,29.89,0.00,10.00,CLR
NYC,2026-06-21 14:51,77.00,51.00,5.00,M,29.90,0.00,10.00,CLR
NYC,2026-06-21 15:51,79.00,51.00,5.00,10.00,29.89,0.00,10.00,SCT
NYC,2026-06-21 16:51,77.00,52.00,4.00,290.00,29.89,0.00,10.00,BKN
NYC,2026-06-21 17:51,79.00,51.00,4.00,M,29.88,0.00,10.00,BKN
NYC,2026-06-21 18:51,80.00,52.00,M,M,29.89,0.00,10.00,SCT
NYC,2026-06-21 19:51,80.00,56.00,3.00,M,29.89,0.00,10.00,FEW
NYC,2026-06-21 20:51,80.00,53.00,7.00,250.00,29.89,0.00,10.00,SCT
NYC,2026-06-21 21:51,80.00,54.00,5.00,200.00,29.89,0.00,10.00,FEW
NYC,2026-06-21 22:51,79.00,56.00,5.00,M,29.92,0.00,10.00,FEW
NYC,2026-06-21 23:51,76.00,53.00,5.00,M,29.95,0.00,10.00,SCT
NYC,2026-06-22 00:51,74.00,54.00,0.00,0.00,29.96,0.00,10.00,CLR
NYC,2026-06-22 01:51,74.00,54.00,0.00,0.00,29.98,0.00,10.00,FEW
NYC,2026-06-22 02:51,73.00,58.00,0.00,0.00,29.99,0.00,10.00,BKN
NYC,2026-06-22 03:51,72.00,59.00,0.00,0.00,30.00,0.00,10.00,FEW
NYC,2026-06-22 04:51,72.00,57.00,0.00,0.00,30.01,0.00,10.00,CLR
NYC,2026-06-22 05:51,71.00,59.00,0.00,0.00,30.00,0.00,10.00,CLR
NYC,2026-06-22 06:51,70.00,61.00,3.00,30.00,30.00,0.00,10.00,CLR
NYC,2026-06-22 07:51,70.00,60.00,3.00,20.00,30.00,0.00,10.00,CLR
NYC,2026-06-22 08:51,70.00,61.00,3.00,50.00,30.03,0.00,10.00,CLR
NYC,2026-06-22 09:51,70.00,62.00,3.00,M,30.03,0.00,10.00,CLR
NYC,2026-06-22 10:51,69.00,62.00,4.00,70.00,30.04,0.00,10.00,CLR
NYC,2026-06-22 11:51,71.00,58.00,5.00,60.00,30.03,0.00,10.00,CLR
NYC,2026-06-22 12:51,70.00,59.00,7.00,60.00,30.03,T,10.00,CLR
NYC,2026-06-22 13:51,69.00,61.00,0.00,0.00,30.04,0.00,10.00,OVC
NYC,2026-06-22 14:51,71.00,61.00,5.00,60.00,30.03,0.00,10.00,OVC
NYC,2026-06-22 15:51,71.00,62.00,3.00,M,30.02,T,10.00,OVC
NYC,2026-06-22 16:51,70.00,62.00,0.00,0.00,30.00,0.00,10.00,BKN
NYC,2026-06-22 17:51,73.00,63.00,6.00,M,29.98,0.00,10.00,SCT
NYC,2026-06-22 18:34,69.00,64.00,3.00,M,29.96,0.01,5.00,BKN
NYC,2026-06-22 18:51,70.00,65.00,6.00,M,29.96,0.01,10.00,OVC
NYC,2026-06-22 19:39,70.00,67.00,0.00,0.00,29.96,0.0001,1.50,BKN
NYC,2026-06-22 19:51,70.00,68.00,5.00,60.00,29.97,0.09,1.25,BKN
NYC,2026-06-22 20:17,70.00,69.00,3.00,M,29.96,0.07,1.50,BKN
NYC,2026-06-22 20:25,68.00,67.00,7.00,50.00,29.96,0.07,1.25,BKN
NYC,2026-06-22 20:35,68.00,67.00,9.00,50.00,29.93,0.15,0.75,BKN
NYC,2026-06-22 20:51,67.00,67.00,7.00,60.00,29.95,0.35,0.50,BKN
NYC,2026-06-22 21:08,68.00,67.00,4.00,M,29.94,0.10,1.50,BKN
NYC,2026-06-22 21:51,67.00,67.00,6.00,60.00,29.93,0.13,1.75,OVC
NYC,2026-06-22 22:00,67.00,66.00,9.00,60.00,29.92,0.0001,2.00,OVC
NYC,2026-06-22 22:17,67.00,67.00,4.00,M,29.93,0.0001,1.25,OVC
NYC,2026-06-22 22:28,67.00,67.00,5.00,60.00,29.93,0.0001,0.75,OVC
NYC,2026-06-22 22:37,67.00,67.00,4.00,50.00,29.92,0.0001,1.25,OVC
NYC,2026-06-22 22:51,68.00,67.00,4.00,60.00,29.93,T,1.00,OVC
NYC,2026-06-22 23:19,68.00,68.00,0.00,0.00,29.92,0.04,0.75,BKN
NYC,2026-06-22 23:38,69.00,68.00,4.00,M,29.91,0.04,1.25,OVC
NYC,2026-06-22 23:51,69.00,68.00,4.00,110.00,29.91,0.04,0.75,BKN
NYC,2026-06-23 00:13,69.00,69.00,0.00,0.00,29.91,0.00,0.75,FEW
NYC,2026-06-23 00:20,69.00,69.00,3.00,130.00,29.91,0.00,1.25,FEW
NYC,2026-06-23 00:51,70.00,69.00,0.00,0.00,29.90,0.00,1.50,FEW
NYC,2026-06-23 01:49,69.80,69.80,3.00,M,29.92,0.00,1.50,BKN
NYC,2026-06-23 01:51,70.00,69.00,0.00,0.00,29.92,0.00,1.50,BKN
NYC,2026-06-23 02:16,70.00,70.00,0.00,0.00,29.91,0.0001,2.50,BKN
NYC,2026-06-23 02:40,70.00,70.00,5.00,M,29.92,0.04,1.25,BKN
NYC,2026-06-23 02:51,70.00,70.00,4.00,M,29.92,0.04,1.75,BKN
NYC,2026-06-23 03:18,71.00,71.00,5.00,M,29.93,0.13,0.75,FEW
NYC,2026-06-23 03:26,71.00,70.00,4.00,80.00,29.91,0.36,0.25,FEW
NYC,2026-06-23 03:36,70.00,70.00,3.00,80.00,29.90,0.56,1.00,BKN
NYC,2026-06-23 03:51,70.00,70.00,3.00,130.00,29.90,0.58,1.00,FEW
NYC,2026-06-23 04:02,70.00,70.00,0.00,0.00,29.90,0.0001,2.00,FEW
NYC,2026-06-23 04:07,70.00,70.00,0.00,0.00,29.90,0.0001,3.00,SCT
NYC,2026-06-23 04:12,70.00,70.00,0.00,0.00,29.90,0.0001,1.75,BKN
NYC,2026-06-23 04:23,70.00,70.00,0.00,0.00,29.90,0.0001,0.75,BKN
NYC,2026-06-23 04:33,70.00,70.00,5.00,120.00,29.90,0.0001,1.50,OVC
NYC,2026-06-23 04:48,69.80,69.80,4.00,M,29.90,0.0001,1.25,OVC
NYC,2026-06-23 04:51,70.00,70.00,4.00,130.00,29.90,T,1.75,OVC
NYC,2026-06-23 05:21,70.00,70.00,3.00,M,29.88,0.01,2.00,BKN
NYC,2026-06-23 05:30,70.00,70.00,0.00,0.00,29.87,0.01,2.00,BKN
NYC,2026-06-23 05:40,70.00,69.00,3.00,M,29.87,0.02,1.25,OVC
NYC,2026-06-23 05:51,70.00,69.00,4.00,M,29.86,0.02,2.50,OVC
NYC,2026-06-23 06:10,70.00,69.00,0.00,0.00,29.87,0.00,1.75,OVC
NYC,2026-06-23 06:17,70.00,69.00,0.00,0.00,29.86,0.00,1.25,BKN
NYC,2026-06-23 06:47,69.80,69.80,0.00,0.00,29.85,0.00,0.50,BKN
NYC,2026-06-23 06:51,70.00,70.00,0.00,0.00,29.85,0.00,0.75,BKN
NYC,2026-06-23 07:26,70.00,70.00,0.00,0.00,29.84,0.00,1.25,SCT
NYC,2026-06-23 07:43,70.00,70.00,4.00,240.00,29.84,0.00,3.00,FEW
NYC,2026-06-23 07:51,71.00,71.00,3.00,M,29.85,0.00,3.00,FEW
NYC,2026-06-23 07:58,71.00,71.00,3.00,220.00,29.84,0.00,2.00,SCT
NYC,2026-06-23 08:08,71.00,71.00,0.00,0.00,29.84,0.00,2.50,BKN
NYC,2026-06-23 08:20,71.00,71.00,3.00,290.00,29.84,0.00,3.00,OVC
NYC,2026-06-23 08:30,71.00,71.00,3.00,290.00,29.84,0.00,2.50,FEW
NYC,2026-06-23 08:51,71.00,71.00,0.00,0.00,29.85,0.00,2.50,FEW
NYC,2026-06-23 09:07,71.00,71.00,0.00,0.00,29.84,0.00,1.50,SCT
NYC,2026-06-23 09:13,71.00,71.00,0.00,0.00,29.84,0.00,2.00,SCT
NYC,2026-06-23 09:40,71.00,71.00,0.00,0.00,29.84,0.0001,1.75,SCT
NYC,2026-06-23 09:48,71.60,69.80,0.00,0.00,29.84,0.0001,1.25,FEW
NYC,2026-06-23 09:51,71.00,71.00,0.00,0.00,29.84,T,1.00,FEW
NYC,2026-06-23 10:26,71.00,71.00,0.00,0.00,29.85,0.00,2.00,FEW
NYC,2026-06-23 10:38,71.00,71.00,3.00,290.00,29.86,0.00,2.00,BKN
NYC,2026-06-23 10:51,71.00,71.00,0.00,0.00,29.86,0.00,1.75,OVC
NYC,2026-06-23 11:00,71.00,71.00,3.00,M,29.86,0.00,2.00,OVC
NYC,2026-06-23 11:51,70.00,69.00,4.00,M,29.87,0.00,2.00,OVC
NYC,2026-06-23 12:23,69.00,68.00,4.00,50.00,29.88,0.00,5.00,BKN
NYC,2026-06-23 12:40,68.00,67.00,6.00,M,29.88,0.00,10.00,FEW
NYC,2026-06-23 12:51,68.00,67.00,5.00,M,29.88,0.00,10.00,SCT
NYC,2026-06-23 13:00,68.00,67.00,6.00,M,29.89,0.00,9.00,BKN
NYC,2026-06-23 13:10,67.00,66.00,6.00,320.00,29.89,0.0001,10.00,SCT
NYC,2026-06-23 13:37,67.00,66.00,0.00,0.00,29.91,0.0001,10.00,BKN
NYC,2026-06-23 13:51,67.00,66.00,3.00,M,29.90,T,10.00,BKN
NYC,2026-06-23 14:34,66.00,64.00,5.00,340.00,29.91,0.0001,10.00,SCT
NYC,2026-06-23 14:51,66.00,64.00,6.00,340.00,29.91,T,10.00,BKN
NYC,2026-06-23 15:20,67.00,62.00,5.00,30.00,29.90,0.00,10.00,SCT
NYC,2026-06-23 15:51,67.00,63.00,8.00,30.00,29.91,T,10.00,SCT
NYC,2026-06-23 16:51,67.00,63.00,7.00,340.00,29.91,T,8.00,SCT
NYC,2026-06-23 17:51,69.00,63.00,4.00,M,29.90,0.01,10.00,FEW
NYC,2026-06-23 18:51,70.00,65.00,3.00,M,29.90,T,10.00,SCT
NYC,2026-06-23 19:11,70.00,65.00,0.00,0.00,29.90,0.0001,10.00,BKN
NYC,2026-06-23 19:28,69.00,64.00,4.00,M,29.90,0.0001,10.00,SCT
NYC,2026-06-23 19:51,69.00,64.00,10.00,360.00,29.89,T,8.00,FEW
NYC,2026-06-23 20:51,69.00,62.00,5.00,M,29.88,T,10.00,FEW
NYC,2026-06-23 21:51,67.00,64.00,5.00,20.00,29.88,0.02,8.00,OVC
NYC,2026-06-23 22:51,66.00,64.00,0.00,0.00,29.90,0.01,10.00,FEW
NYC,2026-06-23 23:51,66.00,64.00,3.00,280.00,29.92,0.00,10.00,CLR
NYC,2026-06-24 00:51,67.00,65.00,5.00,290.00,29.92,0.00,10.00,CLR
NYC,2026-06-24 01:51,67.00,65.00,3.00,290.00,29.92,0.00,10.00,CLR
NYC,2026-06-24 02:51,67.00,65.00,5.00,290.00,29.92,0.00,10.00,CLR
NYC,2026-06-24 03:51,67.00,65.00,3.00,280.00,29.93,0.00,10.00,CLR
NYC,2026-06-24 04:51,67.00,63.00,3.00,M,29.92,0.00,10.00,CLR
NYC,2026-06-24 05:51,65.00,59.00,3.00,M,29.91,0.00,10.00,CLR
NYC,2026-06-24 06:51,65.00,58.00,4.00,290.00,29.91,0.00,10.00,CLR
NYC,2026-06-24 07:51,64.00,58.00,M,M,29.93,0.00,10.00,FEW
NYC,2026-06-24 08:51,64.00,57.00,6.00,300.00,29.94,0.00,10.00,BKN
NYC,2026-06-24 09:51,64.00,57.00,4.00,M,29.95,0.00,10.00,CLR
NYC,2026-06-24 10:51,64.00,56.00,7.00,290.00,29.97,0.00,10.00,CLR
NYC,2026-06-24 11:51,65.00,56.00,5.00,300.00,29.98,0.00,10.00,FEW
NYC,2026-06-24 12:51,69.00,57.00,0.00,0.00,29.98,0.00,10.00,CLR
NYC,2026-06-24 13:51,73.00,55.00,M,M,29.99,0.00,10.00,CLR
NYC,2026-06-24 14:51,76.00,55.00,0.00,0.00,29.99,0.00,10.00,CLR
NYC,2026-06-24 15:51,78.00,51.00,M,M,29.99,0.00,10.00,CLR
NYC,2026-06-24 16:51,78.00,51.00,6.00,M,29.99,0.00,10.00,FEW
NYC,2026-06-24 17:51,79.00,51.00,M,M,29.98,0.00,10.00,FEW
NYC,2026-06-24 18:51,80.00,53.00,M,M,29.97,0.00,10.00,SCT
NYC,2026-06-24 19:51,81.00,50.00,M,M,29.97,0.00,10.00,CLR
NYC,2026-06-24 20:51,80.00,49.00,8.00,280.00,29.97,0.00,10.00,CLR
NYC,2026-06-24 21:51,80.00,50.00,3.00,M,29.97,0.00,10.00,FEW
NYC,2026-06-24 22:51,79.00,50.00,6.00,M,29.99,0.00,10.00,CLR
NYC,2026-06-24 23:51,78.00,50.00,5.00,M,30.00,0.00,10.00,CLR
NYC,2026-06-25 00:51,76.00,50.00,0.00,0.00,30.01,0.00,10.00,CLR
NYC,2026-06-25 01:51,74.00,51.00,0.00,0.00,30.03,0.00,10.00,CLR
NYC,2026-06-25 02:51,73.00,52.00,0.00,0.00,30.05,0.00,10.00,CLR
NYC,2026-06-25 03:51,72.00,52.00,0.00,0.00,30.06,0.00,10.00,CLR
NYC,2026-06-25 04:51,70.00,53.00,3.00,M,30.06,0.00,10.00,CLR
NYC,2026-06-25 05:51,68.00,52.00,0.00,0.00,30.05,0.00,10.00,CLR
NYC,2026-06-25 06:51,68.00,53.00,0.00,0.00,30.05,0.00,10.00,CLR
NYC,2026-06-25 07:51,69.00,54.00,0.00,0.00,30.06,0.00,10.00,CLR
NYC,2026-06-25 08:51,67.00,54.00,0.00,0.00,30.07,0.00,10.00,CLR
NYC,2026-06-25 09:51,67.00,56.00,3.00,20.00,30.07,0.00,10.00,CLR
NYC,2026-06-25 10:51,69.00,61.00,3.00,60.00,30.09,0.00,10.00,CLR
NYC,2026-06-25 11:51,71.00,58.00,3.00,120.00,30.09,0.00,10.00,CLR
NYC,2026-06-25 12:51,72.00,57.00,0.00,0.00,30.10,0.00,10.00,CLR
NYC,2026-06-25 13:51,75.00,57.00,3.00,M,30.10,0.00,10.00,CLR
NYC,2026-06-25 14:51,78.00,57.00,4.00,M,30.11,0.00,10.00,CLR
NYC,2026-06-25 15:51,79.00,56.00,M,M,30.11,0.00,10.00,CLR
NYC,2026-06-25 16:51,81.00,59.00,M,M,30.10,0.00,10.00,CLR
NYC,2026-06-25 17:51,81.00,57.00,4.00,M,30.09,0.00,10.00,CLR
NYC,2026-06-25 18:51,81.00,59.00,6.00,M,30.07,0.00,10.00,CLR
NYC,2026-06-25 19:51,81.00,57.00,M,M,30.07,0.00,10.00,CLR
NYC,2026-06-25 20:51,78.00,55.00,M,M,30.06,0.00,10.00,BKN
NYC,2026-06-25 21:51,76.00,56.00,5.00,M,30.06,0.00,10.00,CLR
NYC,2026-06-25 22:51,75.00,58.00,M,M,30.05,0.00,10.00,SCT
NYC,2026-06-25 23:51,75.00,58.00,3.00,M,30.05,0.00,10.00,CLR
NYC,2026-06-26 00:51,73.00,60.00,3.00,M,30.05,0.00,10.00,CLR
NYC,2026-06-26 01:51,72.00,62.00,M,M,30.07,0.00,10.00,FEW
NYC,2026-06-26 02:51,72.00,61.00,6.00,M,30.08,0.00,10.00,CLR
NYC,2026-06-26 03:51,71.00,61.00,4.00,M,30.08,0.00,10.00,CLR
NYC,2026-06-26 04:51,71.00,61.00,M,M,30.06,0.00,10.00,CLR
NYC,2026-06-26 05:51,71.00,63.00,M,M,30.05,0.00,10.00,OVC
NYC,2026-06-26 06:51,68.00,62.00,0.00,0.00,30.06,T,10.00,OVC
NYC,2026-06-26 07:51,68.00,63.00,0.00,0.00,30.06,T,10.00,OVC
NYC,2026-06-26 08:25,67.00,65.00,3.00,40.00,30.07,0.08,1.75,FEW
NYC,2026-06-26 08:40,66.00,66.00,3.00,40.00,30.06,0.14,3.00,FEW
NYC,2026-06-26 08:51,66.00,66.00,0.00,0.00,30.06,0.14,3.00,FEW
NYC,2026-06-26 08:58,66.00,66.00,4.00,10.00,30.07,0.02,1.50,FEW
NYC,2026-06-26 09:24,67.00,66.00,4.00,60.00,30.05,0.13,2.00,SCT
NYC,2026-06-26 09:40,66.00,66.00,0.00,0.00,30.06,0.13,3.00,FEW
NYC,2026-06-26 09:51,66.00,66.00,4.00,70.00,30.06,0.13,4.00,FEW
NYC,2026-06-26 10:21,67.00,66.00,0.00,0.00,30.05,0.0001,1.75,BKN
NYC,2026-06-26 10:35,67.00,66.00,4.00,130.00,30.05,0.0001,2.50,FEW
NYC,2026-06-26 10:42,67.00,66.00,0.00,0.00,30.05,0.0001,4.00,SCT
NYC,2026-06-26 10:51,67.00,66.00,3.00,M,30.06,T,3.00,BKN
NYC,2026-06-26 11:03,67.00,66.00,0.00,0.00,30.05,0.00,4.00,BKN
NYC,2026-06-26 11:17,67.00,67.00,0.00,0.00,30.05,0.0001,2.50,FEW
NYC,2026-06-26 11:51,68.00,67.00,0.00,0.00,30.06,T,4.00,OVC
NYC,2026-06-26 12:28,69.00,68.00,3.00,310.00,30.07,0.00,2.50,OVC
NYC,2026-06-26 12:35,69.00,68.00,3.00,350.00,30.08,0.00,4.00,OVC
NYC,2026-06-26 12:51,69.00,68.00,0.00,0.00,30.07,0.00,4.00,BKN
NYC,2026-06-26 13:51,70.00,69.00,3.00,M,30.05,T,6.00,BKN
NYC,2026-06-26 14:02,70.00,69.00,0.00,0.00,30.06,0.0001,6.00,SCT
NYC,2026-06-26 14:16,69.00,68.00,5.00,280.00,30.08,0.0001,7.00,BKN
NYC,2026-06-26 14:42,71.00,69.00,0.00,0.00,30.07,0.0001,7.00,SCT
NYC,2026-06-26 14:51,71.00,69.00,0.00,0.00,30.07,T,9.00,SCT
NYC,2026-06-26 15:00,71.00,68.00,0.00,0.00,30.07,0.00,8.00,BKN
NYC,2026-06-26 15:51,73.00,68.00,0.00,0.00,30.06,0.00,8.00,BKN
NYC,2026-06-26 16:51,74.00,68.00,0.00,0.00,30.06,0.00,9.00,OVC
NYC,2026-06-26 17:27,75.00,68.00,0.00,0.00,30.05,0.00,9.00,SCT
NYC,2026-06-26 17:51,75.00,68.00,0.00,0.00,30.06,0.00,10.00,CLR
NYC,2026-06-26 18:51,77.00,67.00,M,M,30.05,0.00,10.00,CLR
NYC,2026-06-26 19:51,78.00,67.00,5.00,M,30.04,0.00,10.00,CLR
NYC,2026-06-26 20:51,79.00,66.00,4.00,260.00,30.03,0.00,10.00,CLR
NYC,2026-06-26 21:51,78.00,66.00,4.00,270.00,30.03,0.00,10.00,FEW
NYC,2026-06-26 22:51,78.00,67.00,3.00,M,30.03,0.00,10.00,CLR
NYC,2026-06-26 23:51,79.00,63.00,3.00,270.00,30.04,0.00,10.00,CLR
NYC,2026-06-27 00:51,77.00,64.00,3.00,M,30.04,0.00,10.00,CLR
NYC,2026-06-27 01:51,78.00,65.00,3.00,280.00,30.07,0.00,10.00,CLR
NYC,2026-06-27 02:51,77.00,66.00,3.00,280.00,30.07,0.00,10.00,CLR
NYC,2026-06-27 03:51,76.00,63.00,0.00,0.00,30.07,0.00,10.00,CLR
NYC,2026-06-27 04:51,76.00,63.00,0.00,0.00,30.06,0.00,10.00,CLR
NYC,2026-06-27 05:51,76.00,64.00,0.00,0.00,30.06,0.00,10.00,CLR
NYC,2026-06-27 06:51,75.00,64.00,3.00,M,30.05,0.00,10.00,CLR
NYC,2026-06-27 07:51,75.00,64.00,0.00,0.00,30.05,0.00,10.00,CLR
NYC,2026-06-27 08:51,75.00,65.00,3.00,M,30.06,0.00,10.00,FEW
NYC,2026-06-27 09:51,73.00,65.00,0.00,0.00,30.05,0.00,10.00,BKN
NYC,2026-06-27 10:51,73.00,66.00,0.00,0.00,30.05,0.00,10.00,SCT
NYC,2026-06-27 11:51,75.00,66.00,5.00,50.00,30.05,0.00,10.00,BKN
NYC,2026-06-27 12:51,75.00,62.00,4.00,60.00,30.06,0.00,10.00,FEW
NYC,2026-06-27 13:51,77.00,62.00,8.00,60.00,30.06,0.00,10.00,CLR
NYC,2026-06-27 14:51,74.00,65.00,3.00,90.00,30.07,0.00,10.00,OVC
NYC,2026-06-27 15:51,73.00,69.00,3.00,30.00,30.07,0.01,5.00,FEW
NYC,2026-06-27 16:51,71.00,66.00,4.00,20.00,30.07,T,8.00,FEW
NYC,2026-06-27 17:51,70.00,65.00,3.00,M,30.06,T,5.00,BKN
NYC,2026-06-27 18:03,69.00,67.00,0.00,0.00,30.06,0.02,2.50,FEW
NYC,2026-06-27 18:35,69.00,67.00,0.00,0.00,30.05,0.06,3.00,SCT
NYC,2026-06-27 18:51,69.00,68.00,0.00,0.00,30.05,0.06,4.00,FEW
NYC,2026-06-27 19:51,70.00,69.00,0.00,0.00,30.04,0.02,4.00,FEW
NYC,2026-06-27 20:20,70.00,69.00,0.00,0.00,30.04,0.0001,4.00,BKN
NYC,2026-06-27 20:37,70.00,69.00,0.00,0.00,30.04,0.0001,1.75,OVC
NYC,2026-06-27 20:51,70.00,69.00,0.00,0.00,30.04,0.01,1.50,OVC
NYC,2026-06-27 21:25,69.00,68.00,0.00,0.00,30.03,0.04,2.00,SCT
NYC,2026-06-27 21:35,69.00,68.00,0.00,0.00,30.03,0.04,4.00,FEW
NYC,2026-06-27 21:49,69.80,69.80,0.00,0.00,30.03,0.04,2.00,OVC
NYC,2026-06-27 21:51,70.00,69.00,0.00,0.00,30.03,0.04,2.00,OVC
NYC,2026-06-27 22:10,70.00,69.00,3.00,10.00,30.03,0.00,3.00,BKN
NYC,2026-06-27 22:34,69.00,69.00,0.00,0.00,30.03,0.00,2.00,BKN
NYC,2026-06-27 22:49,69.80,69.80,0.00,0.00,30.03,0.00,4.00,FEW
NYC,2026-06-27 22:51,69.00,69.00,0.00,0.00,30.03,0.00,4.00,FEW
NYC,2026-06-27 23:37,70.00,69.00,3.00,40.00,30.01,0.0001,2.50,SCT
NYC,2026-06-27 23:51,70.00,70.00,3.00,10.00,30.01,T,2.00,FEW
NYC,2026-06-28 00:51,69.00,69.00,0.00,0.00,30.00,0.00,2.50,OVC
NYC,2026-06-28 01:51,68.00,68.00,0.00,0.00,30.01,0.00,2.50,BKN
NYC,2026-06-28 02:51,69.00,68.00,0.00,0.00,30.02,0.00,3.00,SCT
NYC,2026-06-28 03:51,69.00,68.00,0.00,0.00,30.02,0.00,4.00,SCT
NYC,2026-06-28 04:51,68.00,67.00,0.00,0.00,30.01,0.00,4.00,OVC
NYC,2026-06-28 05:51,68.00,67.00,0.00,0.00,30.00,0.00,4.00,SCT
NYC,2026-06-28 06:51,69.00,67.00,0.00,0.00,29.99,0.00,3.00,SCT
NYC,2026-06-28 07:51,69.00,68.00,0.00,0.00,29.99,0.00,3.00,SCT
NYC,2026-06-28 08:51,69.00,68.00,0.00,0.00,29.99,0.00,2.50,OVC
NYC,2026-06-28 09:51,69.00,68.00,0.00,0.00,29.99,0.00,2.50,BKN
NYC,2026-06-28 10:51,71.00,69.00,0.00,0.00,30.00,0.00,2.50,OVC
NYC,2026-06-28 11:51,71.00,69.00,0.00,0.00,30.01,0.00,3.00,OVC
NYC,2026-06-28 12:51,74.00,68.00,0.00,0.00,30.02,0.00,7.00,FEW
NYC,2026-06-28 13:51,76.00,68.00,4.00,M,30.02,0.00,6.00,BKN
NYC,2026-06-28 14:51,77.00,66.00,6.00,40.00,30.01,0.00,10.00,CLR
NYC,2026-06-28 15:51,79.00,65.00,3.00,M,30.01,0.00,10.00,CLR
NYC,2026-06-28 16:51,82.00,67.00,8.00,60.00,30.01,0.00,10.00,CLR
NYC,2026-06-28 17:51,77.00,67.00,0.00,0.00,30.00,0.00,10.00,OVC
NYC,2026-06-28 18:51,80.00,65.00,3.00,160.00,30.01,0.00,10.00,FEW
NYC,2026-06-28 19:51,80.00,65.00,0.00,0.00,30.00,0.00,10.00,BKN
NYC,2026-06-28 20:51,79.00,65.00,0.00,0.00,29.98,0.00,10.00,SCT
NYC,2026-06-28 21:51,78.00,64.00,M,M,29.99,0.00,10.00,CLR
NYC,2026-06-28 22:51,77.00,63.00,0.00,0.00,30.01,0.00,10.00,CLR
NYC,2026-06-28 23:51,75.00,64.00,M,M,30.01,0.00,10.00,CLR
NYC,2026-06-29 00:51,73.00,63.00,0.00,0.00,30.02,0.00,10.00,CLR
NYC,2026-06-29 01:51,72.00,64.00,4.00,M,30.05,0.00,10.00,CLR
NYC,2026-06-29 02:51,71.00,63.00,0.00,0.00,30.05,0.00,10.00,CLR
NYC,2026-06-29 03:51,70.00,64.00,0.00,0.00,30.05,0.00,10.00,CLR
NYC,2026-06-29 04:51,70.00,63.00,0.00,0.00,30.05,0.00,10.00,CLR
NYC,2026-06-29 05:51,70.00,62.00,0.00,0.00,30.06,0.00,10.00,CLR
NYC,2026-06-29 06:51,69.00,62.00,3.00,290.00,30.05,0.00,10.00,CLR
NYC,2026-06-29 07:51,69.00,60.00,0.00,0.00,30.06,0.00,10.00,CLR
NYC,2026-06-29 08:51,68.00,62.00,0.00,0.00,30.07,0.00,10.00,BKN
NYC,2026-06-29 09:51,68.00,62.00,0.00,0.00,30.07,0.00,10.00,FEW
NYC,2026-06-29 10:51,70.00,63.00,0.00,0.00,30.08,0.00,10.00,CLR
NYC,2026-06-29 11:51,72.00,64.00,0.00,0.00,30.11,0.00,10.00,CLR
NYC,2026-06-29 12:51,76.00,64.00,0.00,0.00,30.12,0.00,10.00,CLR
NYC,2026-06-29 13:51,78.00,64.00,0.00,0.00,30.12,0.00,10.00,CLR
NYC,2026-06-29 14:51,81.00,66.00,0.00,0.00,30.13,0.00,10.00,CLR
NYC,2026-06-29 15:51,83.00,65.00,3.00,M,30.12,0.00,10.00,FEW
NYC,2026-06-29 16:51,85.00,61.00,5.00,90.00,30.12,0.00,10.00,CLR
NYC,2026-06-29 17:51,87.00,53.00,M,M,30.11,0.00,10.00,CLR
NYC,2026-06-29 18:51,87.00,54.00,6.00,50.00,30.11,0.00,10.00,CLR
NYC,2026-06-29 19:51,87.00,54.00,7.00,100.00,30.10,0.00,10.00,CLR
NYC,2026-06-29 20:51,83.00,64.00,0.00,0.00,30.10,0.00,10.00,SCT
NYC,2026-06-29 21:51,81.00,65.00,6.00,M,30.10,0.00,10.00,CLR
NYC,2026-06-29 22:51,81.00,62.00,M,M,30.12,0.00,10.00,CLR
NYC,2026-06-29 23:51,79.00,61.00,M,M,30.12,0.00,10.00,FEW
NYC,2026-07-01 00:51,82.00,61.00,4.00,M,30.02,0.00,10.00,CLR
NYC,2026-07-01 01:51,81.00,61.00,6.00,M,30.04,0.00,10.00,CLR
NYC,2026-07-01 02:51,79.00,60.00,5.00,M,30.06,0.00,10.00,CLR
NYC,2026-07-01 03:51,78.00,62.00,M,M,30.05,0.00,10.00,CLR
NYC,2026-07-01 04:51,78.00,61.00,6.00,230.00,30.05,0.00,10.00,CLR
NYC,2026-07-01 05:51,76.00,60.00,6.00,230.00,30.04,0.00,10.00,SCT
NYC,2026-07-01 06:51,77.00,59.00,3.00,M,30.04,0.00,10.00,OVC
NYC,2026-07-01 07:51,76.00,61.00,8.00,230.00,30.03,0.00,10.00,SCT
NYC,2026-07-01 08:51,76.00,62.00,6.00,230.00,30.02,0.00,10.00,FEW
NYC,2026-07-01 09:51,75.00,63.00,0.00,0.00,30.02,0.00,10.00,CLR
NYC,2026-07-01 10:51,75.00,65.00,3.00,M,30.03,0.00,10.00,SCT
NYC,2026-07-01 11:51,76.00,67.00,0.00,0.00,30.02,0.00,10.00,CLR
NYC,2026-07-01 12:51,78.00,68.00,3.00,290.00,30.03,0.00,10.00,CLR
NYC,2026-07-01 13:51,81.00,69.00,5.00,230.00,30.02,0.00,10.00,CLR
NYC,2026-07-01 14:51,84.00,71.00,3.00,M,30.01,0.00,10.00,CLR
NYC,2026-07-01 15:51,88.00,72.00,3.00,M,30.01,0.00,10.00,CLR
NYC,2026-07-01 16:51,91.00,72.00,0.00,0.00,29.99,0.00,10.00,CLR
NYC,2026-07-01 17:51,91.00,75.00,0.00,0.00,29.99,0.00,10.00,CLR
NYC,2026-07-01 18:51,91.00,74.00,0.00,0.00,29.99,0.00,10.00,CLR
NYC,2026-07-01 19:51,90.00,74.00,5.00,M,29.98,0.00,10.00,CLR
NYC,2026-07-01 20:51,89.00,75.00,5.00,M,29.96,0.00,10.00,CLR
NYC,2026-07-01 21:51,90.00,76.00,M,M,29.96,0.00,10.00,CLR
NYC,2026-07-01 22:51,89.00,75.00,0.00,0.00,29.95,0.00,10.00,CLR
NYC,2026-07-01 23:51,89.00,75.00,0.00,0.00,29.97,0.00,9.00,CLR
NYC,2026-07-02 00:51,86.00,74.00,0.00,0.00,29.97,0.00,10.00,CLR
NYC,2026-07-02 01:51,85.00,75.00,0.00,0.00,29.98,0.00,9.00,CLR
NYC,2026-07-02 02:51,86.00,74.00,0.00,0.00,29.98,0.00,9.00,CLR
NYC,2026-07-02 03:51,86.00,75.00,3.00,200.00,29.98,0.00,9.00,CLR
NYC,2026-07-02 04:51,85.00,75.00,6.00,220.00,29.97,0.00,9.00,SCT
NYC,2026-07-02 05:51,84.00,75.00,5.00,M,29.96,0.00,9.00,CLR
NYC,2026-07-02 06:51,85.00,75.00,4.00,250.00,29.98,0.00,9.00,CLR
NYC,2026-07-02 07:51,84.00,75.00,0.00,0.00,29.98,0.00,9.00,CLR
NYC,2026-07-02 08:51,83.00,75.00,4.00,M,29.99,0.00,9.00,CLR
NYC,2026-07-02 09:51,83.00,75.00,0.00,0.00,30.00,0.00,9.00,FEW
NYC,2026-07-02 10:51,83.00,76.00,0.00,0.00,30.01,0.00,8.00,CLR
NYC,2026-07-02 11:51,85.00,75.00,6.00,260.00,30.02,0.00,8.00,CLR
NYC,2026-07-02 12:51,88.00,72.00,4.00,290.00,30.02,0.00,10.00,CLR
NYC,2026-07-02 13:51,91.00,71.00,5.00,290.00,30.02,0.00,10.00,CLR
NYC,2026-07-02 14:51,94.00,70.00,3.00,M,30.01,0.00,10.00,CLR
NYC,2026-07-02 15:51,96.00,70.00,3.00,M,30.01,0.00,10.00,CLR
NYC,2026-07-02 16:51,98.00,69.00,6.00,250.00,30.00,0.00,10.00,CLR
NYC,2026-07-02 17:51,100.00,68.00,3.00,M,29.99,0.00,10.00,CLR
NYC,2026-07-02 18:51,99.00,69.00,4.00,M,29.97,0.00,10.00,FEW
NYC,2026-07-02 19:51,98.00,70.00,6.00,M,29.96,0.00,10.00,CLR
NYC,2026-07-02 20:51,96.00,70.00,4.00,150.00,29.96,0.00,10.00,CLR
NYC,2026-07-02 21:51,94.00,71.00,4.00,M,29.95,0.00,10.00,CLR
NYC,2026-07-02 22:51,96.00,70.00,3.00,M,29.93,0.00,10.00,CLR
NYC,2026-07-02 23:51,95.00,66.00,4.00,M,29.93,0.00,10.00,CLR
NYC,2026-07-03 00:51,95.00,67.00,6.00,280.00,29.93,0.00,10.00,CLR
NYC,2026-07-03 01:51,92.00,68.00,4.00,M,29.96,0.00,10.00,CLR
NYC,2026-07-03 02:51,91.00,70.00,0.00,0.00,29.97,0.00,10.00,CLR
NYC,2026-07-03 03:51,90.00,71.00,4.00,260.00,29.97,0.00,10.00,CLR
NYC,2026-07-03 04:51,90.00,71.00,M,M,29.97,0.00,10.00,CLR
NYC,2026-07-03 05:51,89.00,72.00,5.00,300.00,29.97,0.00,10.00,CLR
NYC,2026-07-03 06:51,88.00,71.00,M,M,29.97,0.00,10.00,CLR
NYC,2026-07-03 07:51,87.00,68.00,0.00,0.00,29.98,0.00,10.00,CLR
NYC,2026-07-03 08:51,86.00,67.00,0.00,0.00,29.98,0.00,10.00,CLR
NYC,2026-07-03 09:51,85.00,68.00,4.00,280.00,29.99,0.00,10.00,CLR
NYC,2026-07-03 10:51,85.00,69.00,5.00,280.00,30.01,0.00,10.00,CLR
NYC,2026-07-03 11:51,85.00,70.00,0.00,0.00,30.01,0.00,10.00,CLR
NYC,2026-07-03 12:51,88.00,71.00,M,M,30.01,0.00,10.00,CLR
NYC,2026-07-03 13:51,90.00,72.00,5.00,M,30.00,0.00,10.00,CLR
NYC,2026-07-03 14:51,92.00,73.00,3.00,310.00,30.00,0.00,10.00,CLR
NYC,2026-07-03 15:51,96.00,73.00,5.00,290.00,29.99,0.00,10.00,CLR
NYC,2026-07-03 16:51,97.00,70.00,7.00,280.00,29.98,0.00,10.00,CLR
NYC,2026-07-03 17:51,97.00,71.00,5.00,M,29.96,0.00,10.00,CLR
NYC,2026-07-03 18:51,96.00,72.00,5.00,280.00,29.95,0.00,10.00,FEW
NYC,2026-07-03 19:51,96.00,71.00,5.00,M,29.94,0.00,10.00,SCT
NYC,2026-07-03 20:51,98.00,67.00,6.00,M,29.91,0.00,10.00,FEW
NYC,2026-07-03 21:51,95.00,70.00,M,M,29.91,0.00,10.00,FEW
NYC,2026-07-03 22:51,93.00,69.00,5.00,M,29.91,0.00,10.00,CLR
NYC,2026-07-03 23:51,92.00,69.00,8.00,290.00,29.95,0.00,10.00,CLR
NYC,2026-07-04 00:51,73.00,71.00,5.00,M,29.97,0.13,10.00,FEW
NYC,2026-07-04 01:51,72.00,71.00,6.00,260.00,29.95,T,9.00,SCT
NYC,2026-07-04 02:51,73.00,68.00,5.00,290.00,29.96,T,10.00,CLR
NYC,2026-07-04 03:51,76.00,66.00,4.00,290.00,29.96,0.00,10.00,CLR
NYC,2026-07-04 04:51,77.00,66.00,0.00,0.00,29.95,0.00,10.00,FEW
NYC,2026-07-04 05:51,77.00,67.00,3.00,270.00,29.95,0.00,10.00,CLR
NYC,2026-07-04 06:51,77.00,68.00,4.00,M,29.96,0.00,10.00,CLR
NYC,2026-07-04 07:51,78.00,68.00,4.00,280.00,29.94,0.00,10.00,CLR
NYC,2026-07-04 08:51,77.00,69.00,0.00,0.00,29.94,0.00,10.00,CLR
NYC,2026-07-04 09:51,77.00,69.00,0.00,0.00,29.94,0.00,10.00,CLR
NYC,2026-07-04 10:51,78.00,70.00,0.00,0.00,29.93,0.00,10.00,CLR
NYC,2026-07-04 11:51,81.00,71.00,3.00,290.00,29.94,0.00,10.00,CLR
NYC,2026-07-04 12:51,82.00,72.00,4.00,260.00,29.95,0.00,10.00,CLR
NYC,2026-07-04 13:51,87.00,73.00,5.00,M,29.94,0.00,10.00,CLR
NYC,2026-07-04 14:51,89.00,72.00,M,M,29.94,0.00,10.00,CLR
NYC,2026-07-04 15:51,91.00,72.00,7.00,260.00,29.94,0.00,10.00,FEW
NYC,2026-07-04 16:51,93.00,70.00,3.00,M,29.92,0.00,10.00,CLR
NYC,2026-07-04 17:51,93.00,73.00,0.00,0.00,29.91,0.00,10.00,SCT
NYC,2026-07-04 18:51,92.00,72.00,3.00,M,29.91,0.00,10.00,SCT
NYC,2026-07-04 19:51,92.00,70.00,7.00,240.00,29.90,0.00,10.00,CLR
NYC,2026-07-04 20:51,92.00,70.00,5.00,M,29.87,0.00,10.00,CLR
NYC,2026-07-04 21:51,94.00,67.00,3.00,M,29.86,0.00,10.00,CLR
NYC,2026-07-04 22:51,93.00,67.00,4.00,M,29.84,0.00,10.00,CLR
NYC,2026-07-04 23:51,90.00,67.00,4.00,M,29.85,0.00,10.00,CLR
NYC,2026-07-05 00:51,83.00,67.00,0.00,0.00,29.90,0.00,10.00,FEW
NYC,2026-07-05 01:51,80.00,66.00,M,M,29.93,0.00,10.00,CLR
NYC,2026-07-05 02:51,78.00,68.00,7.00,240.00,29.98,0.00,10.00,FEW
NYC,2026-07-05 03:51,72.00,71.00,6.00,280.00,30.03,0.14,2.00,BKN
NYC,2026-07-05 04:51,72.00,71.00,4.00,M,29.98,0.04,6.00,FEW
NYC,2026-07-05 05:51,72.00,71.00,4.00,270.00,29.95,T,8.00,CLR
NYC,2026-07-05 06:51,72.00,71.00,3.00,330.00,29.93,T,10.00,FEW
NYC,2026-07-05 07:51,72.00,71.00,0.00,0.00,29.91,0.00,6.00,CLR
NYC,2026-07-05 08:51,72.00,71.00,0.00,0.00,29.93,0.00,8.00,BKN
NYC,2026-07-05 09:51,72.00,71.00,0.00,0.00,29.96,T,8.00,FEW
NYC,2026-07-05 10:51,73.00,72.00,0.00,0.00,29.96,0.00,6.00,CLR
NYC,2026-07-05 11:51,74.00,72.00,0.00,0.00,29.98,0.00,7.00,FEW
NYC,2026-07-05 12:51,75.00,73.00,4.00,90.00,30.01,0.00,8.00,SCT
NYC,2026-07-05 13:51,75.00,71.00,4.00,M,30.01,0.00,10.00,OVC
NYC,2026-07-05 14:51,76.00,71.00,0.00,0.00,30.01,0.00,10.00,OVC
NYC,2026-07-05 15:51,76.00,71.00,4.00,60.00,30.02,0.00,9.00,OVC
NYC,2026-07-05 16:51,80.00,72.00,5.00,80.00,30.00,0.00,10.00,SCT
NYC,2026-07-05 17:51,80.00,72.00,6.00,50.00,30.01,0.00,9.00,CLR
NYC,2026-07-05 18:51,80.00,72.00,6.00,40.00,30.00,0.00,9.00,FEW
NYC,2026-07-05 19:51,80.00,71.00,3.00,M,30.00,0.00,9.00,BKN
NYC,2026-07-05 20:51,80.00,71.00,5.00,60.00,29.98,0.00,9.00,FEW
NYC,2026-07-05 21:51,80.00,72.00,6.00,M,29.98,0.00,9.00,FEW
NYC,2026-07-05 22:51,79.00,72.00,4.00,M,29.99,0.00,9.00,SCT
NYC,2026-07-05 23:51,77.00,70.00,3.00,M,30.00,0.00,8.00,FEW
NYC,2026-07-06 00:51,76.00,71.00,0.00,0.00,30.01,0.00,9.00,FEW
NYC,2026-07-06 01:51,73.00,71.00,7.00,90.00,30.02,0.03,7.00,SCT
NYC,2026-07-06 02:51,72.00,70.00,0.00,0.00,30.03,T,5.00,SCT
NYC,2026-07-06 03:51,71.00,70.00,7.00,70.00,30.04,0.02,5.00,BKN
NYC,2026-07-06 04:51,69.00,69.00,7.00,70.00,30.05,0.08,4.00,BKN
NYC,2026-07-06 05:51,68.00,68.00,8.00,60.00,30.07,0.07,2.50,BKN
NYC,2026-07-06 06:51,68.00,67.00,6.00,M,30.06,0.39,1.00,FEW
NYC,2026-07-06 07:51,68.00,67.00,11.00,60.00,30.04,0.03,5.00,BKN
NYC,2026-07-06 08:51,68.00,68.00,7.00,80.00,30.06,T,4.00,OVC
NYC,2026-07-06 09:51,69.00,69.00,4.00,M,30.06,0.01,4.00,OVC
NYC,2026-07-06 10:51,68.00,68.00,6.00,M,30.04,T,4.00,OVC
NYC,2026-07-06 11:51,68.00,68.00,4.00,M,30.08,T,4.00,OVC
NYC,2026-07-06 12:51,68.00,68.00,8.00,60.00,30.09,0.18,1.25,OVC
NYC,2026-07-06 13:51,68.00,68.00,7.00,90.00,30.10,0.07,1.75,OVC
NYC,2026-07-06 14:51,69.00,68.00,6.00,M,30.08,0.03,4.00,OVC
NYC,2026-07-06 15:51,68.00,68.00,7.00,70.00,30.09,0.01,6.00,OVC
NYC,2026-07-06 16:51,69.00,68.00,8.00,60.00,30.09,0.03,1.25,OVC
NYC,2026-07-06 17:51,68.00,68.00,7.00,60.00,30.09,0.03,2.50,OVC
NYC,2026-07-06 18:51,66.00,66.00,10.00,50.00,30.09,0.01,6.00,OVC
NYC,2026-07-06 19:51,66.00,65.00,11.00,60.00,30.09,0.02,3.00,OVC
NYC,2026-07-06 20:51,65.00,65.00,12.00,60.00,30.07,0.02,6.00,OVC
NYC,2026-07-06 21:51,65.00,65.00,12.00,60.00,30.08,T,2.50,OVC
NYC,2026-07-06 22:51,66.00,65.00,8.00,60.00,30.07,0.03,2.00,OVC
NYC,2026-07-06 23:51,66.00,65.00,9.00,60.00,30.09,0.05,3.00,OVC
NYC,2026-07-07 00:51,65.00,65.00,7.00,70.00,30.08,0.05,5.00,OVC
NYC,2026-07-07 01:51,65.00,64.00,8.00,60.00,30.09,T,5.00,OVC
NYC,2026-07-07 02:51,64.00,64.00,9.00,60.00,30.09,0.00,7.00,OVC
NYC,2026-07-07 03:51,64.00,64.00,9.00,70.00,30.08,0.00,8.00,OVC
NYC,2026-07-07 04:51,64.00,63.00,15.00,60.00,30.07,0.00,7.00,OVC
NYC,2026-07-07 05:51,64.00,63.00,11.00,80.00,30.07,0.00,7.00,OVC
NYC,2026-07-07 06:51,64.00,63.00,9.00,60.00,30.06,T,3.00,OVC
NYC,2026-07-07 07:51,64.00,63.00,6.00,M,30.05,0.02,3.00,OVC
NYC,2026-07-07 08:51,63.00,63.00,7.00,30.00,30.05,0.00,5.00,OVC
NYC,2026-07-07 09:51,63.00,63.00,6.00,M,30.05,0.00,6.00,OVC
NYC,2026-07-07 10:51,63.00,63.00,7.00,50.00,30.05,0.00,7.00,OVC
NYC,2026-07-07 11:51,63.00,62.00,5.00,M,30.07,0.00,7.00,OVC
NYC,2026-07-07 12:51,63.00,63.00,6.00,M,30.07,0.00,9.00,OVC
NYC,2026-07-07 13:51,63.00,62.00,6.00,M,30.08,0.00,10.00,OVC
NYC,2026-07-07 14:51,64.00,62.00,0.00,0.00,30.07,0.00,10.00,OVC
NYC,2026-07-07 15:51,66.00,63.00,7.00,30.00,30.07,0.00,10.00,OVC
NYC,2026-07-07 16:51,67.00,63.00,5.00,M,30.06,0.00,10.00,OVC
NYC,2026-07-07 17:51,69.00,64.00,6.00,M,30.05,0.00,10.00,OVC
NYC,2026-07-07 18:51,70.00,65.00,3.00,M,30.04,0.00,10.00,OVC
NYC,2026-07-07 19:51,70.00,66.00,3.00,M,30.04,0.00,10.00,SCT
NYC,2026-07-07 20:51,69.00,65.00,6.00,M,30.04,T,4.00,OVC
NYC,2026-07-07 21:51,69.00,65.00,5.00,M,30.04,T,10.00,BKN
NYC,2026-07-07 22:51,69.00,65.00,5.00,30.00,30.04,T,9.00,BKN
NYC,2026-07-07 23:51,69.00,64.00,8.00,30.00,30.05,T,10.00,BKN
NYC,2026-07-08 00:51,70.00,63.00,6.00,M,30.05,0.00,10.00,OVC
NYC,2026-07-08 01:51,67.00,65.00,0.00,0.00,30.07,0.00,9.00,FEW
NYC,2026-07-08 02:51,67.00,63.00,6.00,M,30.08,0.00,10.00,OVC
NYC,2026-07-08 03:51,68.00,63.00,4.00,M,30.08,0.00,10.00,OVC
NYC,2026-07-08 04:51,68.00,62.00,5.00,M,30.07,0.00,10.00,OVC
NYC,2026-07-08 05:51,67.00,62.00,5.00,M,30.07,0.00,10.00,OVC
NYC,2026-07-08 06:51,65.00,61.00,0.00,0.00,30.06,0.00,10.00,CLR
NYC,2026-07-08 07:51,66.00,61.00,5.00,M,30.06,0.00,10.00,CLR
NYC,2026-07-08 08:51,65.00,61.00,3.00,M,30.07,0.00,10.00,CLR
NYC,2026-07-08 09:51,65.00,61.00,3.00,M,30.08,0.00,10.00,CLR
NYC,2026-07-08 10:51,66.00,62.00,3.00,M,30.08,0.00,10.00,CLR
NYC,2026-07-08 11:51,69.00,62.00,6.00,30.00,30.07,0.00,10.00,CLR
NYC,2026-07-08 12:51,71.00,62.00,3.00,M,30.07,0.00,10.00,CLR
NYC,2026-07-08 13:51,73.00,63.00,M,M,30.07,0.00,10.00,CLR
NYC,2026-07-08 14:51,76.00,63.00,0.00,0.00,30.08,0.00,10.00,CLR
NYC,2026-07-08 15:51,79.00,64.00,0.00,0.00,30.07,0.00,10.00,CLR
NYC,2026-07-08 16:51,81.00,65.00,3.00,M,30.05,0.00,10.00,CLR
NYC,2026-07-08 17:51,85.00,62.00,0.00,0.00,30.04,0.00,10.00,CLR
NYC,2026-07-08 18:51,82.00,63.00,4.00,M,30.02,0.00,10.00,CLR
NYC,2026-07-08 19:51,83.00,61.00,4.00,M,29.99,0.00,10.00,CLR
NYC,2026-07-08 20:51,83.00,61.00,M,M,29.99,0.00,10.00,CLR
NYC,2026-07-08 21:51,83.00,62.00,0.00,0.00,29.97,0.00,10.00,CLR
NYC,2026-07-08 22:51,80.00,66.00,3.00,M,29.97,0.00,10.00,CLR
NYC,2026-07-08 23:51,79.00,65.00,M,M,29.97,0.00,10.00,CLR
NYC,2026-07-09 00:51,76.00,66.00,0.00,0.00,29.98,0.00,10.00,CLR
NYC,2026-07-09 01:51,75.00,67.00,3.00,M,29.98,0.00,10.00,CLR
NYC,2026-07-09 02:51,75.00,67.00,4.00,M,29.98,0.00,10.00,CLR
NYC,2026-07-09 03:51,74.00,67.00,4.00,M,29.98,0.00,10.00,CLR
NYC,2026-07-09 04:51,73.00,68.00,4.00,M,29.97,0.00,10.00,CLR
NYC,2026-07-09 05:51,73.00,68.00,4.00,M,29.97,0.00,10.00,CLR
NYC,2026-07-09 06:51,72.00,68.00,5.00,M,29.97,0.00,10.00,CLR
NYC,2026-07-09 07:51,72.00,67.00,M,M,29.97,0.00,10.00,CLR
NYC,2026-07-09 08:51,71.00,67.00,M,M,29.97,0.00,10.00,CLR
NYC,2026-07-09 09:51,72.00,67.00,M,M,29.97,0.00,10.00,CLR
NYC,2026-07-09 10:51,72.00,67.00,4.00,M,29.97,0.00,10.00,CLR
NYC,2026-07-09 11:51,73.00,67.00,8.00,220.00,29.98,0.00,10.00,FEW
NYC,2026-07-09 12:51,76.00,69.00,8.00,250.00,29.96,0.00,10.00,CLR
NYC,2026-07-09 13:51,79.00,70.00,5.00,220.00,29.95,0.00,10.00,CLR
NYC,2026-07-09 14:51,81.00,71.00,M,M,29.94,0.00,10.00,FEW
NYC,2026-07-09 15:51,81.00,72.00,4.00,M,29.93,0.00,10.00,SCT
NYC,2026-07-09 16:51,79.00,72.00,5.00,M,29.93,0.00,10.00,FEW
NYC,2026-07-09 17:51,77.00,73.00,0.00,0.00,29.92,T,7.00,BKN
NYC,2026-07-09 18:51,77.00,73.00,7.00,210.00,29.90,T,10.00,BKN
NYC,2026-07-09 19:51,77.00,73.00,M,M,29.89,0.00,10.00,BKN
NYC,2026-07-09 20:51,74.00,72.00,M,M,29.89,0.02,4.00,FEW
NYC,2026-07-09 21:51,74.00,73.00,0.00,0.00,29.85,0.03,10.00,FEW
NYC,2026-07-09 22:51,74.00,73.00,3.00,M,29.84,0.00,7.00,CLR
NYC,2026-07-09 23:51,75.00,73.00,M,M,29.84,0.00,8.00,SCT
NYC,2026-07-10 00:51,74.00,73.00,3.00,M,29.84,0.00,10.00,OVC
NYC,2026-07-10 01:51,75.00,73.00,3.00,M,29.85,0.00,10.00,FEW
NYC,2026-07-10 02:51,75.00,73.00,4.00,220.00,29.85,T,10.00,BKN
NYC,2026-07-10 03:51,74.00,73.00,6.00,M,29.84,T,9.00,OVC
NYC,2026-07-10 04:51,74.00,73.00,3.00,M,29.82,0.00,8.00,FEW
NYC,2026-07-10 05:48,75.00,73.00,3.00,230.00,29.81,0.00,7.00,BKN
NYC,2026-07-10 06:51,74.00,73.00,4.00,M,29.78,0.00,7.00,BKN
NYC,2026-07-10 07:51,73.00,72.00,0.00,0.00,29.78,0.00,6.00,FEW
NYC,2026-07-10 08:51,73.00,72.00,0.00,0.00,29.79,0.00,6.00,CLR
NYC,2026-07-10 09:51,73.00,72.00,3.00,270.00,29.80,0.00,7.00,CLR
NYC,2026-07-10 10:51,74.00,71.00,3.00,M,29.82,0.00,10.00,CLR
NYC,2026-07-10 11:51,76.00,69.00,0.00,0.00,29.83,0.00,10.00,CLR
NYC,2026-07-10 12:51,78.00,69.00,4.00,M,29.83,0.00,10.00,CLR
NYC,2026-07-10 13:51,80.00,66.00,7.00,290.00,29.85,0.00,10.00,CLR
NYC,2026-07-10 14:51,82.00,69.00,4.00,310.00,29.85,0.00,10.00,CLR
NYC,2026-07-10 15:51,82.00,67.00,0.00,0.00,29.86,0.00,10.00,CLR
NYC,2026-07-10 16:51,81.00,69.00,3.00,M,29.86,0.00,10.00,CLR
NYC,2026-07-10 17:51,82.00,67.00,3.00,M,29.85,0.00,10.00,CLR
NYC,2026-07-10 18:51,84.00,67.00,4.00,M,29.85,0.00,10.00,FEW
NYC,2026-07-10 19:51,82.00,69.00,5.00,300.00,29.86,0.00,10.00,FEW
NYC,2026-07-10 20:51,82.00,67.00,6.00,270.00,29.86,0.00,10.00,CLR
NYC,2026-07-10 21:51,82.00,69.00,3.00,M,29.85,0.00,10.00,CLR
NYC,2026-07-10 22:51,82.00,70.00,M,M,29.85,0.00,10.00,CLR
NYC,2026-07-10 23:51,81.00,69.00,3.00,M,29.86,0.00,10.00,CLR
NYC,2026-07-11 00:51,81.00,69.00,4.00,M,29.88,0.00,10.00,CLR
NYC,2026-07-11 01:51,81.00,71.00,3.00,M,29.90,0.00,10.00,SCT
NYC,2026-07-11 02:51,79.00,71.00,0.00,0.00,29.91,0.00,9.00,BKN
NYC,2026-07-11 03:51,79.00,68.00,0.00,0.00,29.91,0.00,10.00,CLR
NYC,2026-07-11 04:51,77.00,68.00,3.00,270.00,29.91,0.00,10.00,CLR
NYC,2026-07-11 05:51,77.00,68.00,3.00,290.00,29.92,0.00,10.00,FEW
NYC,2026-07-11 06:51,77.00,68.00,3.00,30.00,29.91,0.00,10.00,FEW
NYC,2026-07-11 07:51,75.00,68.00,0.00,0.00,29.91,0.00,10.00,CLR
NYC,2026-07-11 08:51,77.00,66.00,9.00,60.00,29.91,0.00,10.00,CLR
NYC,2026-07-11 09:51,75.00,67.00,7.00,70.00,29.93,0.00,10.00,BKN
NYC,2026-07-11 10:51,74.00,66.00,7.00,60.00,29.94,0.00,10.00,SCT
NYC,2026-07-11 11:51,75.00,66.00,8.00,50.00,29.95,0.00,10.00,BKN
NYC,2026-07-11 12:51,75.00,64.00,7.00,70.00,29.98,0.00,10.00,BKN
NYC,2026-07-11 13:51,74.00,64.00,7.00,70.00,29.99,0.00,10.00,FEW
NYC,2026-07-11 14:51,71.00,67.00,5.00,M,30.00,0.02,10.00,OVC
NYC,2026-07-11 15:51,73.00,64.00,7.00,50.00,30.01,T,10.00,BKN
NYC,2026-07-11 16:51,76.00,62.00,6.00,M,30.01,T,10.00,BKN
NYC,2026-07-11 17:51,76.00,63.00,5.00,50.00,30.00,0.00,10.00,OVC
NYC,2026-07-11 18:51,79.00,66.00,M,M,29.99,0.00,10.00,BKN
NYC,2026-07-11 19:51,81.00,67.00,7.00,50.00,29.98,0.00,10.00,CLR
NYC,2026-07-11 20:51,79.00,70.00,0.00,0.00,29.99,0.00,10.00,FEW
NYC,2026-07-11 21:51,78.00,67.00,0.00,0.00,29.99,0.00,10.00,CLR
NYC,2026-07-11 22:51,79.00,66.00,4.00,80.00,30.00,0.00,10.00,CLR
NYC,2026-07-11 23:51,77.00,64.00,3.00,90.00,30.02,0.00,10.00,CLR
NYC,2026-07-12 00:51,76.00,59.00,5.00,120.00,30.04,0.00,10.00,CLR
NYC,2026-07-12 01:51,74.00,59.00,3.00,120.00,30.05,0.00,10.00,CLR
NYC,2026-07-12 02:51,73.00,56.00,0.00,0.00,30.08,0.00,10.00,CLR
NYC,2026-07-12 03:51,72.00,57.00,3.00,70.00,30.08,0.00,10.00,CLR
NYC,2026-07-12 04:51,71.00,57.00,0.00,0.00,30.09,0.00,10.00,CLR
NYC,2026-07-12 05:51,71.00,58.00,0.00,0.00,30.10,0.00,10.00,BKN
NYC,2026-07-12 06:51,72.00,58.00,0.00,0.00,30.10,0.00,10.00,OVC
NYC,2026-07-12 07:51,72.00,59.00,0.00,0.00,30.11,0.00,10.00,OVC
NYC,2026-07-12 08:51,71.00,59.00,0.00,0.00,30.12,0.00,10.00,CLR
NYC,2026-07-12 09:51,70.00,60.00,3.00,70.00,30.14,0.00,10.00,FEW
NYC,2026-07-12 10:51,70.00,62.00,4.00,M,30.15,0.00,10.00,FEW
NYC,2026-07-12 11:51,72.00,63.00,0.00,0.00,30.18,0.00,10.00,FEW
NYC,2026-07-12 12:51,74.00,60.00,4.00,M,30.19,0.00,10.00,FEW
NYC,2026-07-12 13:51,76.00,58.00,6.00,60.00,30.20,0.00,10.00,CLR
NYC,2026-07-12 14:51,79.00,56.00,0.00,0.00,30.21,0.00,10.00,CLR
NYC,2026-07-12 15:51,82.00,56.00,4.00,M,30.21,0.00,10.00,CLR
NYC,2026-07-12 16:51,83.00,58.00,0.00,0.00,30.20,0.00,10.00,CLR
NYC,2026-07-12 17:51,83.00,57.00,0.00,0.00,30.19,0.00,10.00,FEW
NYC,2026-07-12 18:51,82.00,55.00,4.00,M,30.19,0.00,10.00,FEW
NYC,2026-07-12 19:51,81.00,55.00,4.00,190.00,30.19,0.00,10.00,FEW
NYC,2026-07-12 20:51,80.00,54.00,0.00,0.00,30.19,0.00,10.00,CLR
NYC,2026-07-12 21:51,79.00,54.00,4.00,M,30.19,0.00,10.00,FEW
NYC,2026-07-12 22:51,77.00,56.00,0.00,0.00,30.20,0.00,10.00,CLR
NYC,2026-07-12 23:51,75.00,56.00,6.00,M,30.20,0.00,10.00,CLR
NYC,2026-07-13 00:51,74.00,56.00,3.00,M,30.20,0.00,10.00,CLR
NYC,2026-07-13 01:51,74.00,56.00,0.00,0.00,30.22,0.00,10.00,CLR
NYC,2026-07-13 02:51,73.00,55.00,3.00,200.00,30.23,0.00,10.00,CLR
NYC,2026-07-13 03:51,73.00,57.00,4.00,M,30.23,0.00,10.00,CLR
NYC,2026-07-13 04:51,72.00,58.00,0.00,0.00,30.23,0.00,10.00,CLR
NYC,2026-07-13 05:51,72.00,59.00,0.00,0.00,30.24,0.00,10.00,CLR
NYC,2026-07-13 06:51,72.00,59.00,4.00,260.00,30.24,0.00,10.00,OVC
NYC,2026-07-13 07:51,70.00,59.00,0.00,0.00,30.23,0.00,10.00,CLR
NYC,2026-07-13 08:51,71.00,57.00,3.00,240.00,30.23,0.00,10.00,CLR
NYC,2026-07-13 09:51,70.00,61.00,4.00,230.00,30.23,0.00,10.00,CLR
NYC,2026-07-13 10:51,70.00,62.00,3.00,M,30.25,0.00,10.00,CLR
NYC,2026-07-13 11:51,73.00,62.00,4.00,250.00,30.25,0.00,10.00,CLR
NYC,2026-07-13 12:51,75.00,63.00,3.00,M,30.26,0.00,10.00,CLR
NYC,2026-07-13 13:51,76.00,60.00,4.00,M,30.26,0.00,10.00,BKN
NYC,2026-07-13 14:51,77.00,61.00,4.00,250.00,30.26,0.00,10.00,SCT
NYC,2026-07-13 15:51,80.00,60.00,3.00,M,30.25,0.00,10.00,CLR
NYC,2026-07-13 16:51,82.00,60.00,4.00,M,30.23,0.00,10.00,BKN
NYC,2026-07-13 17:51,83.00,62.00,M,M,30.21,0.00,10.00,FEW
NYC,2026-07-13 18:51,82.00,63.00,0.00,0.00,30.19,0.00,10.00,BKN
NYC,2026-07-13 19:51,81.00,62.00,6.00,M,30.17,0.00,10.00,CLR
NYC,2026-07-13 20:51,81.00,60.00,4.00,M,30.16,0.00,10.00,FEW
NYC,2026-07-13 21:51,80.00,59.00,5.00,M,30.16,0.00,10.00,BKN
NYC,2026-07-13 22:51,79.00,60.00,M,M,30.16,0.00,10.00,CLR
NYC,2026-07-13 23:51,78.00,60.00,4.00,M,30.15,0.00,10.00,CLR
NYC,2026-07-14 00:51,77.00,60.00,3.00,M,30.16,0.00,10.00,CLR
NYC,2026-07-14 01:51,76.00,61.00,M,M,30.17,0.00,10.00,CLR
NYC,2026-07-14 02:51,76.00,61.00,4.00,M,30.17,0.00,10.00,CLR
NYC,2026-07-14 03:51,76.00,61.00,5.00,230.00,30.16,0.00,10.00,CLR
NYC,2026-07-14 04:51,74.00,62.00,3.00,M,30.15,0.00,10.00,CLR
NYC,2026-07-14 05:51,73.00,61.00,4.00,M,30.15,0.00,10.00,CLR
NYC,2026-07-14 06:51,73.00,60.00,4.00,M,30.13,0.00,10.00,CLR
NYC,2026-07-14 07:51,73.00,59.00,4.00,M,30.13,0.00,10.00,CLR
NYC,2026-07-14 08:51,72.00,60.00,7.00,240.00,30.13,0.00,10.00,CLR
NYC,2026-07-14 09:51,72.00,60.00,5.00,240.00,30.13,0.00,10.00,CLR
NYC,2026-07-14 10:51,72.00,60.00,7.00,250.00,30.11,0.00,10.00,CLR
NYC,2026-07-14 11:51,73.00,61.00,6.00,M,30.11,0.00,10.00,CLR
NYC,2026-07-14 12:51,75.00,62.00,4.00,M,30.11,0.00,10.00,CLR
NYC,2026-07-14 13:51,79.00,63.00,M,M,30.12,0.00,10.00,CLR
NYC,2026-07-14 14:51,82.00,66.00,M,M,30.10,0.00,10.00,CLR
NYC,2026-07-14 15:51,85.00,67.00,4.00,M,30.09,0.00,10.00,CLR
NYC,2026-07-14 16:51,86.00,67.00,9.00,260.00,30.07,0.00,10.00,CLR
NYC,2026-07-14 17:51,89.00,68.00,M,M,30.04,0.00,10.00,CLR
NYC,2026-07-14 18:51,88.00,66.00,M,M,30.01,0.00,10.00,CLR
NYC,2026-07-14 19:51,89.00,67.00,3.00,M,29.99,0.00,10.00,CLR
NYC,2026-07-14 20:51,88.00,69.00,7.00,230.00,29.96,0.00,10.00,CLR
NYC,2026-07-14 21:51,88.00,69.00,7.00,240.00,29.94,0.00,10.00,CLR
NYC,2026-07-14 22:51,89.00,68.00,6.00,M,29.92,0.00,10.00,CLR
NYC,2026-07-14 23:51,88.00,67.00,5.00,M,29.92,0.00,10.00,CLR
NYC,2026-07-15 00:51,87.00,66.00,M,M,29.91,0.00,10.00,CLR
NYC,2026-07-15 01:51,85.00,67.00,7.00,240.00,29.92,0.00,10.00,CLR
NYC,2026-07-15 02:51,84.00,67.00,8.00,240.00,29.91,0.00,10.00,CLR
NYC,2026-07-15 03:51,83.00,68.00,4.00,M,29.91,0.00,10.00,CLR
NYC,2026-07-15 04:51,82.00,68.00,0.00,0.00,29.91,0.00,10.00,CLR
NYC,2026-07-15 05:51,81.00,69.00,M,M,29.90,0.00,10.00,CLR
NYC,2026-07-15 06:51,80.00,69.00,M,M,29.89,0.00,10.00,CLR
NYC,2026-07-15 07:51,80.00,69.00,6.00,240.00,29.88,0.00,10.00,CLR
NYC,2026-07-15 08:51,79.00,69.00,4.00,240.00,29.88,0.00,10.00,CLR
NYC,2026-07-15 09:51,78.00,69.00,4.00,240.00,29.89,0.00,10.00,CLR
NYC,2026-07-15 10:51,78.00,69.00,3.00,M,29.90,0.00,10.00,CLR
NYC,2026-07-15 11:51,80.00,69.00,3.00,M,29.90,0.00,10.00,CLR
NYC,2026-07-15 12:51,82.00,70.00,5.00,M,29.90,0.00,10.00,CLR
NYC,2026-07-15 13:51,85.00,72.00,3.00,M,29.89,0.00,9.00,CLR
NYC,2026-07-15 14:51,90.00,69.00,8.00,280.00,29.88,0.00,4.00,CLR
NYC,2026-07-15 15:51,93.00,67.00,M,M,29.86,0.00,3.00,SCT
NYC,2026-07-15 16:51,95.00,66.00,8.00,260.00,29.84,0.00,3.00,FEW
NYC,2026-07-15 17:51,94.00,68.00,6.00,M,29.83,0.00,4.00,CLR
NYC,2026-07-15 18:51,94.00,71.00,7.00,270.00,29.82,0.00,6.00,CLR
NYC,2026-07-15 19:51,94.00,70.00,M,M,29.82,0.00,6.00,FEW
NYC,2026-07-15 20:51,92.00,71.00,10.00,40.00,29.85,0.00,5.00,BKN
NYC,2026-07-15 21:51,77.00,77.00,0.00,0.00,29.89,0.27,0.75,OVC
NYC,2026-07-15 22:51,76.00,74.00,5.00,10.00,29.89,0.00,1.75,OVC
NYC,2026-07-15 23:51,78.00,68.00,M,M,29.89,0.00,2.00,OVC
NYC,2026-07-16 00:51,79.00,65.00,6.00,350.00,29.90,0.00,3.00,OVC
NYC,2026-07-16 01:51,81.00,59.00,4.00,M,29.93,0.00,6.00,OVC
NYC,2026-07-16 02:51,79.00,60.00,3.00,290.00,29.94,0.00,5.00,OVC
NYC,2026-07-16 03:51,79.00,62.00,0.00,0.00,29.94,0.00,5.00,OVC
NYC,2026-07-16 04:51,77.00,60.00,3.00,280.00,29.94,0.00,6.00,OVC
NYC,2026-07-16 05:51,77.00,59.00,0.00,0.00,29.95,0.00,7.00,OVC
NYC,2026-07-16 06:51,77.00,60.00,0.00,0.00,29.95,0.00,7.00,OVC
NYC,2026-07-16 07:51,76.00,60.00,0.00,0.00,29.95,0.00,7.00,OVC
NYC,2026-07-16 08:51,76.00,59.00,3.00,240.00,29.95,0.00,7.00,OVC
NYC,2026-07-16 09:51,75.00,59.00,0.00,0.00,29.96,0.00,7.00,OVC
NYC,2026-07-16 10:51,76.00,59.00,4.00,270.00,29.97,0.00,7.00,OVC
NYC,2026-07-16 11:51,75.00,60.00,4.00,M,29.96,T,6.00,OVC
NYC,2026-07-16 12:51,75.00,60.00,0.00,0.00,29.95,0.00,6.00,OVC
NYC,2026-07-16 13:51,78.00,60.00,3.00,270.00,29.95,0.00,7.00,BKN
NYC,2026-07-16 14:51,80.00,60.00,3.00,M,29.94,0.00,7.00,FEW
NYC,2026-07-16 15:51,80.00,62.00,3.00,M,29.93,0.00,7.00,BKN
NYC,2026-07-16 16:51,81.00,59.00,6.00,280.00,29.91,0.00,7.00,OVC
NYC,2026-07-16 17:51,81.00,67.00,5.00,230.00,29.90,0.00,4.00,BKN
NYC,2026-07-16 18:51,82.00,69.00,8.00,240.00,29.87,0.00,2.50,SCT
NYC,2026-07-16 19:51,83.00,69.00,M,M,29.86,0.00,1.50,BKN
NYC,2026-07-16 20:51,85.00,67.00,8.00,280.00,29.85,0.00,1.25,OVC
NYC,2026-07-16 21:51,85.00,65.00,3.00,M,29.86,0.00,1.25,BKN
NYC,2026-07-16 22:51,84.00,59.00,5.00,270.00,29.88,0.00,1.00,BKN
NYC,2026-07-16 23:51,83.00,56.00,M,M,29.89,0.00,1.50,OVC
NYC,2026-07-17 00:51,81.00,57.00,4.00,280.00,29.92,0.00,2.50,OVC
NYC,2026-07-17 01:51,81.00,57.00,5.00,M,29.94,0.00,2.50,SCT
NYC,2026-07-17 02:51,80.00,57.00,5.00,M,29.95,0.00,3.00,OVC
NYC,2026-07-17 03:51,79.00,58.00,3.00,M,29.97,0.00,3.00,OVC
NYC,2026-07-17 04:51,77.00,58.00,3.00,290.00,29.98,0.00,3.00,OVC
NYC,2026-07-17 05:51,76.00,58.00,3.00,M,29.98,0.00,3.00,OVC
NYC,2026-07-17 06:51,75.00,58.00,M,M,29.99,0.00,3.00,OVC
NYC,2026-07-17 07:51,73.00,58.00,3.00,270.00,30.00,0.00,4.00,OVC
NYC,2026-07-17 08:51,73.00,57.00,3.00,M,30.02,0.00,4.00,OVC
NYC,2026-07-17 09:51,72.00,57.00,4.00,10.00,30.03,0.00,4.00,OVC
NYC,2026-07-17 10:51,72.00,57.00,3.00,M,30.05,0.00,3.00,CLR
NYC,2026-07-17 11:51,73.00,58.00,4.00,M,30.07,0.00,3.00,CLR
NYC,2026-07-17 12:51,74.00,56.00,3.00,M,30.07,0.00,4.00,CLR
NYC,2026-07-17 13:51,76.00,60.00,0.00,0.00,30.07,0.00,5.00,CLR
NYC,2026-07-17 14:51,79.00,57.00,M,M,30.09,0.00,5.00,CLR
NYC,2026-07-17 15:51,84.00,54.00,4.00,M,30.08,0.00,7.00,CLR
NYC,2026-07-17 16:51,85.00,50.00,7.00,300.00,30.07,0.00,9.00,CLR
NYC,2026-07-17 17:51,85.00,51.00,4.00,M,30.06,0.00,9.00,CLR
NYC,2026-07-17 18:51,85.00,46.00,M,M,30.06,0.00,10.00,CLR
NYC,2026-07-17 19:51,85.00,49.00,3.00,M,30.04,0.00,10.00,CLR
NYC,2026-07-17 20:51,86.00,48.00,3.00,M,30.04,0.00,10.00,CLR
NYC,2026-07-17 21:51,84.00,48.00,3.00,M,30.03,0.00,10.00,CLR
NYC,2026-07-17 22:51,83.00,47.00,4.00,M,30.03,0.00,10.00,CLR
NYC,2026-07-17 23:51,81.00,51.00,4.00,340.00,30.03,0.00,10.00,CLR
NYC,2026-07-18 00:51,79.00,49.00,0.00,0.00,30.03,0.00,10.00,CLR
NYC,2026-07-18 01:51,77.00,59.00,0.00,0.00,30.05,0.00,7.00,CLR
NYC,2026-07-18 02:51,76.00,59.00,0.00,0.00,30.06,0.00,7.00,CLR
NYC,2026-07-18 03:51,76.00,63.00,0.00,0.00,30.05,0.00,6.00,CLR
NYC,2026-07-18 04:51,75.00,65.00,0.00,0.00,30.05,0.00,5.00,CLR
NYC,2026-07-18 05:51,74.00,65.00,0.00,0.00,30.04,0.00,4.00,CLR
NYC,2026-07-18 06:51,74.00,66.00,0.00,0.00,30.03,0.00,4.00,CLR
NYC,2026-07-18 07:51,73.00,66.00,0.00,0.00,30.02,0.00,4.00,CLR
NYC,2026-07-18 08:51,74.00,64.00,3.00,M,30.01,0.00,3.00,CLR
NYC,2026-07-18 09:51,73.00,65.00,3.00,M,30.01,0.00,3.00,CLR
NYC,2026-07-18 10:51,74.00,65.00,4.00,240.00,30.00,0.00,2.00,SCT
NYC,2026-07-18 11:51,75.00,62.00,3.00,M,30.01,0.00,2.50,SCT
NYC,2026-07-18 12:51,76.00,62.00,5.00,M,29.98,0.00,2.50,FEW
NYC,2026-07-18 13:51,76.00,62.00,0.00,0.00,29.94,0.00,2.50,FEW
NYC,2026-07-18 14:51,76.00,64.00,4.00,M,29.93,T,2.50,FEW
NYC,2026-07-18 15:51,71.00,69.00,7.00,210.00,29.95,0.06,1.00,FEW
NYC,2026-07-18 16:51,70.00,70.00,0.00,0.00,29.90,1.03,1.00,SCT
NYC,2026-07-18 17:51,70.00,69.00,0.00,0.00,29.91,0.09,0.75,FEW
NYC,2026-07-18 18:51,70.00,70.00,M,M,29.84,0.03,0.50,FEW
NYC,2026-07-18 19:51,74.00,74.00,0.00,0.00,29.83,0.02,1.50,FEW
NYC,2026-07-18 20:51,74.00,73.00,M,M,29.80,0.00,1.25,SCT
NYC,2026-07-18 21:51,74.00,74.00,0.00,0.00,29.77,0.00,2.50,SCT
NYC,2026-07-18 22:51,74.00,73.00,3.00,M,29.75,0.00,3.00,SCT
NYC,2026-07-18 23:51,73.00,73.00,0.00,0.00,29.73,0.23,0.50,SCT
NYC,2026-07-19 00:51,73.00,72.00,0.00,0.00,29.73,0.11,3.00,SCT
NYC,2026-07-19 01:51,73.00,73.00,3.00,M,29.71,0.05,1.00,FEW
NYC,2026-07-19 02:51,74.00,74.00,M,M,29.69,T,3.00,SCT
NYC,2026-07-19 03:51,74.00,73.00,4.00,M,29.67,0.00,3.00,FEW
NYC,2026-07-19 04:51,74.00,73.00,7.00,240.00,29.66,0.00,6.00,CLR
NYC,2026-07-19 05:51,74.00,73.00,3.00,M,29.66,0.00,8.00,CLR
NYC,2026-07-19 06:51,73.00,72.00,5.00,260.00,29.68,0.00,8.00,CLR
NYC,2026-07-19 07:51,73.00,71.00,M,M,29.70,0.00,10.00,CLR
NYC,2026-07-19 08:51,73.00,68.00,4.00,M,29.72,0.00,10.00,FEW
NYC,2026-07-19 09:51,73.00,66.00,M,M,29.75,0.00,8.00,CLR
NYC,2026-07-19 10:51,72.00,64.00,M,M,29.78,0.00,7.00,CLR
NYC,2026-07-19 11:51,72.00,62.00,7.00,310.00,29.82,0.00,8.00,CLR
NYC,2026-07-19 12:51,72.00,60.00,5.00,M,29.83,0.00,10.00,FEW
NYC,2026-07-19 13:51,73.00,54.00,8.00,340.00,29.85,0.00,10.00,FEW
NYC,2026-07-19 14:51,75.00,54.00,5.00,M,29.86,0.00,10.00,CLR
NYC,2026-07-19 15:51,75.00,54.00,10.00,300.00,29.87,0.00,10.00,FEW
NYC,2026-07-19 16:51,76.00,54.00,8.00,300.00,29.86,0.00,10.00,CLR
NYC,2026-07-19 17:51,77.00,53.00,7.00,290.00,29.87,0.00,10.00,CLR
NYC,2026-07-19 18:51,78.00,53.00,7.00,300.00,29.87,0.00,10.00,CLR
NYC,2026-07-19 19:51,79.00,52.00,11.00,310.00,29.87,0.00,10.00,CLR
NYC,2026-07-19 20:51,79.00,52.00,M,M,29.88,0.00,10.00,CLR
NYC,2026-07-19 21:51,78.00,53.00,4.00,M,29.87,0.00,10.00,CLR
NYC,2026-07-19 22:51,77.00,50.00,0.00,0.00,29.88,0.00,10.00,CLR
NYC,2026-07-19 23:51,76.00,50.00,4.00,290.00,29.90,0.00,10.00,CLR
NYC,2026-07-20 00:51,76.00,49.00,3.00,M,29.92,0.00,10.00,CLR
NYC,2026-07-20 01:51,74.00,50.00,0.00,0.00,29.95,0.00,10.00,CLR
NYC,2026-07-20 02:51,73.00,52.00,0.00,0.00,29.97,0.00,10.00,CLR
NYC,2026-07-20 03:51,70.00,51.00,0.00,0.00,29.99,0.00,10.00,CLR
NYC,2026-07-20 04:51,69.00,51.00,0.00,0.00,29.99,0.00,10.00,CLR
NYC,2026-07-20 05:51,68.00,51.00,4.00,300.00,29.97,0.00,10.00,CLR
NYC,2026-07-20 06:51,66.00,51.00,0.00,0.00,29.96,0.00,10.00,CLR
NYC,2026-07-20 07:51,65.00,50.00,0.00,0.00,29.97,0.00,10.00,CLR
NYC,2026-07-20 08:51,64.00,51.00,0.00,0.00,29.98,0.00,10.00,CLR
NYC,2026-07-20 09:51,63.00,51.00,0.00,0.00,30.01,0.00,10.00,CLR
NYC,2026-07-20 10:51,64.00,54.00,0.00,0.00,30.03,0.00,10.00,CLR
NYC,2026-07-20 11:51,66.00,54.00,4.00,M,30.04,0.00,10.00,CLR
NYC,2026-07-20 12:51,69.00,54.00,0.00,0.00,30.04,0.00,10.00,CLR
NYC,2026-07-20 13:51,73.00,53.00,3.00,M,30.04,0.00,10.00,CLR
NYC,2026-07-20 14:51,75.00,50.00,6.00,70.00,30.05,0.00,10.00,CLR
NYC,2026-07-20 15:51,75.00,51.00,3.00,M,30.04,0.00,10.00,CLR
NYC,2026-07-20 16:51,79.00,50.00,4.00,M,30.03,0.00,10.00,CLR
NYC,2026-07-20 17:51,79.00,48.00,3.00,M,30.01,0.00,10.00,CLR
NYC,2026-07-20 18:51,80.00,52.00,3.00,M,30.01,0.00,10.00,CLR
NYC,2026-07-20 19:51,79.00,51.00,3.00,M,30.00,0.00,10.00,CLR
NYC,2026-07-20 20:51,79.00,52.00,0.00,0.00,29.98,0.00,10.00,CLR
NYC,2026-07-20 21:51,78.00,55.00,3.00,M,29.97,0.00,10.00,CLR
NYC,2026-07-20 22:51,75.00,54.00,5.00,140.00,29.98,0.00,10.00,CLR
NYC,2026-07-20 23:51,74.00,54.00,0.00,0.00,29.98,0.00,10.00,CLR
NYC,2026-07-21 00:51,72.00,55.00,M,M,29.99,0.00,10.00,CLR
NYC,2026-07-21 01:51,72.00,58.00,4.00,M,30.00,0.00,10.00,CLR
NYC,2026-07-21 02:51,72.00,60.00,5.00,M,29.99,0.00,10.00,CLR
NYC,2026-07-21 03:51,73.00,62.00,4.00,M,29.99,0.00,10.00,CLR
NYC,2026-07-21 04:51,72.00,63.00,4.00,M,29.98,0.00,10.00,CLR
NYC,2026-07-21 05:51,72.00,64.00,3.00,M,29.97,0.00,10.00,CLR
NYC,2026-07-21 06:51,73.00,66.00,0.00,0.00,29.97,0.00,10.00,SCT
NYC,2026-07-21 07:51,73.00,68.00,3.00,M,29.97,0.00,10.00,BKN
NYC,2026-07-21 08:51,73.00,67.00,4.00,M,29.93,0.00,10.00,CLR
NYC,2026-07-21 09:51,72.00,67.00,3.00,M,29.92,0.00,10.00,CLR
NYC,2026-07-21 10:51,73.00,68.00,3.00,M,29.91,0.00,9.00,FEW
NYC,2026-07-21 11:51,74.00,68.00,5.00,M,29.90,0.00,9.00,FEW
NYC,2026-07-21 12:51,75.00,69.00,4.00,M,29.87,0.00,9.00,FEW
NYC,2026-07-21 13:51,74.00,70.00,3.00,M,29.87,0.00,9.00,OVC
NYC,2026-07-21 14:51,75.00,71.00,6.00,M,29.87,0.00,8.00,OVC
NYC,2026-07-21 15:51,78.00,73.00,M,M,29.84,0.00,8.00,BKN
NYC,2026-07-21 16:51,79.00,74.00,3.00,M,29.82,0.00,9.00,BKN
NYC,2026-07-21 17:51,79.00,75.00,6.00,M,29.79,0.02,1.50,FEW
NYC,2026-07-21 18:51,77.00,76.00,0.00,0.00,29.76,0.04,2.50,SCT
NYC,2026-07-21 19:51,76.00,76.00,3.00,M,29.73,T,4.00,SCT
NYC,2026-07-21 20:51,74.00,73.00,3.00,40.00,29.74,0.06,9.00,SCT
NYC,2026-07-21 21:51,73.00,72.00,0.00,0.00,29.76,0.10,1.25,SCT
NYC,2026-07-21 22:51,73.00,73.00,0.00,0.00,29.71,0.02,5.00,FEW
NYC,2026-07-21 23:51,73.00,73.00,0.00,0.00,29.73,0.00,2.00,FEW
NYC,2026-07-22 00:51,74.00,73.00,8.00,240.00,29.72,0.00,4.00,SCT
NYC,2026-07-22 01:51,73.00,73.00,M,M,29.72,0.00,6.00,CLR
NYC,2026-07-22 02:51,71.00,70.00,M,M,29.69,0.00,10.00,CLR
NYC,2026-07-22 03:51,72.00,70.00,3.00,M,29.68,0.00,10.00,CLR
NYC,2026-07-22 04:51,73.00,69.00,7.00,230.00,29.71,0.00,10.00,CLR
NYC,2026-07-22 05:51,74.00,70.00,7.00,230.00,29.69,0.00,10.00,OVC
NYC,2026-07-22 06:51,73.00,70.00,6.00,M,29.69,0.00,10.00,FEW
NYC,2026-07-22 07:51,73.00,70.00,4.00,M,29.70,0.00,10.00,BKN
NYC,2026-07-22 08:51,73.00,70.00,6.00,250.00,29.69,0.00,10.00,OVC
NYC,2026-07-22 09:51,73.00,69.00,M,M,29.72,0.00,10.00,BKN
NYC,2026-07-22 10:51,73.00,70.00,M,M,29.72,0.00,10.00,OVC
NYC,2026-07-22 11:51,74.00,70.00,8.00,250.00,29.74,0.00,10.00,OVC
NYC,2026-07-22 12:51,74.00,69.00,4.00,230.00,29.75,0.00,10.00,FEW
NYC,2026-07-22 13:51,76.00,69.00,4.00,M,29.75,0.00,10.00,FEW
NYC,2026-07-22 14:51,79.00,69.00,8.00,290.00,29.75,0.00,10.00,CLR
NYC,2026-07-22 15:51,82.00,66.00,9.00,270.00,29.77,0.00,10.00,FEW
NYC,2026-07-22 16:51,84.00,66.00,M,M,29.77,0.00,10.00,FEW
NYC,2026-07-22 17:51,85.00,65.00,M,M,29.78,0.00,10.00,CLR
NYC,2026-07-22 18:51,85.00,64.00,7.00,230.00,29.78,0.00,10.00,CLR
NYC,2026-07-22 19:51,84.00,65.00,5.00,240.00,29.79,0.00,10.00,FEW
NYC,2026-07-22 20:51,85.00,62.00,M,M,29.80,0.00,10.00,FEW
NYC,2026-07-22 21:51,83.00,62.00,5.00,M,29.82,0.00,10.00,CLR
NYC,2026-07-22 22:51,83.00,61.00,5.00,M,29.84,0.00,10.00,BKN
NYC,2026-07-22 23:51,80.00,58.00,9.00,300.00,29.88,0.00,10.00,CLR
NYC,2026-07-23 00:51,79.00,57.00,3.00,M,29.91,0.00,10.00,CLR
NYC,2026-07-23 01:51,77.00,55.00,6.00,360.00,29.95,0.00,10.00,CLR
NYC,2026-07-23 02:51,75.00,54.00,4.00,M,29.96,0.00,10.00,CLR
NYC,2026-07-23 03:51,73.00,54.00,7.00,350.00,29.97,0.00,10.00,CLR
NYC,2026-07-23 04:51,72.00,53.00,4.00,M,29.99,0.00,10.00,CLR
NYC,2026-07-23 05:51,71.00,51.00,3.00,M,30.01,0.00,10.00,BKN
NYC,2026-07-23 06:51,70.00,51.00,6.00,M,30.02,0.00,10.00,OVC
NYC,2026-07-23 07:51,68.00,52.00,0.00,0.00,30.02,0.00,10.00,BKN
NYC,2026-07-23 08:51,66.00,52.00,3.00,M,30.05,0.00,10.00,CLR
NYC,2026-07-23 09:51,65.00,52.00,0.00,0.00,30.08,0.00,10.00,CLR
NYC,2026-07-23 10:51,65.00,52.00,3.00,M,30.10,0.00,10.00,CLR
NYC,2026-07-23 11:51,66.00,53.00,3.00,M,30.12,0.00,10.00,CLR
NYC,2026-07-23 12:51,68.00,53.00,5.00,60.00,30.14,0.00,10.00,CLR
NYC,2026-07-23 13:51,71.00,51.00,3.00,M,30.15,0.00,10.00,CLR
NYC,2026-07-23 14:51,73.00,50.00,M,M,30.17,0.00,10.00,CLR
NYC,2026-07-23 15:51,75.00,49.00,4.00,50.00,30.17,0.00,10.00,CLR
NYC,2026-07-23 16:51,78.00,50.00,4.00,M,30.16,0.00,10.00,CLR
NYC,2026-07-23 17:51,77.00,47.00,4.00,M,30.16,0.00,10.00,CLR
NYC,2026-07-23 18:51,79.00,50.00,6.00,60.00,30.15,0.00,10.00,CLR
NYC,2026-07-23 19:51,78.00,52.00,3.00,290.00,30.15,0.00,10.00,CLR
NYC,2026-07-23 20:51,78.00,50.00,3.00,M,30.15,0.00,10.00,CLR
NYC,2026-07-23 21:51,78.00,47.00,3.00,M,30.15,0.00,10.00,CLR
NYC,2026-07-23 22:51,76.00,53.00,3.00,M,30.16,0.00,10.00,CLR
NYC,2026-07-23 23:51,73.00,55.00,3.00,M,30.18,0.00,10.00,CLR
NYC,2026-07-24 00:51,71.00,54.00,M,M,30.20,0.00,10.00,CLR
NYC,2026-07-24 01:51,70.00,52.00,3.00,M,30.22,0.00,10.00,CLR
NYC,2026-07-24 02:51,69.00,54.00,0.00,0.00,30.22,0.00,10.00,CLR
NYC,2026-07-24 03:51,69.00,51.00,0.00,0.00,30.22,0.00,10.00,CLR
NYC,2026-07-24 04:51,69.00,51.00,0.00,0.00,30.22,0.00,10.00,CLR
NYC,2026-07-24 05:51,68.00,56.00,3.00,290.00,30.23,0.00,10.00,CLR
NYC,2026-07-24 06:51,68.00,55.00,3.00,290.00,30.23,0.00,10.00,CLR
NYC,2026-07-24 07:51,67.00,55.00,0.00,0.00,30.24,0.00,10.00,CLR
NYC,2026-07-24 08:51,66.00,54.00,0.00,0.00,30.24,0.00,10.00,CLR
NYC,2026-07-24 09:51,66.00,54.00,3.00,290.00,30.25,0.00,10.00,CLR
NYC,2026-07-24 10:51,66.00,55.00,0.00,0.00,30.25,0.00,10.00,CLR
NYC,2026-07-24 11:51,69.00,54.00,0.00,0.00,30.26,0.00,10.00,CLR
NYC,2026-07-24 12:51,72.00,52.00,0.00,0.00,30.27,0.00,10.00,CLR
NYC,2026-07-24 13:51,75.00,54.00,4.00,50.00,30.26,0.00,10.00,CLR
NYC,2026-07-24 14:51,77.00,54.00,0.00,0.00,30.26,0.00,10.00,FEW
NYC,2026-07-24 15:51,80.00,53.00,4.00,70.00,30.25,0.00,10.00,CLR
NYC,2026-07-24 16:51,81.00,52.00,8.00,70.00,30.24,0.00,10.00,CLR
NYC,2026-07-24 17:51,81.00,53.00,9.00,50.00,30.22,0.00,10.00,CLR
NYC,2026-07-24 18:51,81.00,52.00,5.00,M,30.20,0.00,10.00,CLR
NYC,2026-07-24 19:51,78.00,57.00,0.00,0.00,30.19,0.00,10.00,CLR
NYC,2026-07-24 20:51,78.00,55.00,M,M,30.19,0.00,10.00,CLR
NYC,2026-07-24 21:51,76.00,54.00,4.00,140.00,30.18,0.00,10.00,CLR
NYC,2026-07-24 22:51,74.00,54.00,M,M,30.20,0.00,10.00,CLR
NYC,2026-07-24 23:51,73.00,56.00,0.00,0.00,30.20,0.00,10.00,CLR
NYC,2026-07-25 00:51,72.00,54.00,M,M,30.20,0.00,10.00,CLR
NYC,2026-07-25 01:51,71.00,54.00,0.00,0.00,30.21,0.00,10.00,CLR
NYC,2026-07-25 02:51,70.00,56.00,3.00,M,30.21,0.00,10.00,CLR
NYC,2026-07-25 03:51,69.00,57.00,0.00,0.00,30.21,0.00,10.00,CLR
NYC,2026-07-25 04:51,69.00,57.00,0.00,0.00,30.20,0.00,10.00,CLR
NYC,2026-07-25 05:51,68.00,57.00,0.00,0.00,30.20,0.00,10.00,CLR
NYC,2026-07-25 06:51,68.00,55.00,0.00,0.00,30.18,0.00,10.00,CLR
NYC,2026-07-25 07:51,67.00,58.00,0.00,0.00,30.17,0.00,10.00,CLR
NYC,2026-07-25 08:51,66.00,58.00,0.00,0.00,30.16,0.00,10.00,CLR
NYC,2026-07-25 09:51,66.00,59.00,4.00,30.00,30.17,0.00,10.00,CLR
NYC,2026-07-25 10:51,67.00,61.00,3.00,20.00,30.18,0.00,10.00,CLR
NYC,2026-07-25 11:51,69.00,60.00,4.00,M,30.18,0.00,10.00,CLR
NYC,2026-07-25 12:51,72.00,56.00,6.00,60.00,30.17,0.00,10.00,CLR
NYC,2026-07-25 13:51,74.00,52.00,10.00,60.00,30.16,0.00,10.00,CLR
NYC,2026-07-25 14:51,76.00,54.00,6.00,M,30.15,0.00,10.00,CLR
NYC,2026-07-25 15:51,78.00,55.00,7.00,90.00,30.14,0.00,10.00,CLR
NYC,2026-07-25 16:51,80.00,56.00,7.00,60.00,30.12,0.00,10.00,CLR
NYC,2026-07-25 17:51,80.00,54.00,7.00,130.00,30.10,0.00,10.00,CLR
NYC,2026-07-25 18:51,80.00,51.00,7.00,90.00,30.09,0.00,10.00,CLR
NYC,2026-07-25 19:51,79.00,54.00,6.00,M,30.07,0.00,10.00,CLR
NYC,2026-07-25 20:51,79.00,54.00,6.00,M,30.07,0.00,10.00,CLR
NYC,2026-07-25 21:51,77.00,54.00,3.00,M,30.06,0.00,10.00,CLR
NYC,2026-07-25 22:51,74.00,55.00,3.00,190.00,30.05,0.00,10.00,CLR
NYC,2026-07-25 23:51,72.00,53.00,0.00,0.00,30.04,0.00,10.00,CLR
NYC,2026-07-26 00:51,70.00,52.00,0.00,0.00,30.04,0.00,10.00,CLR
NYC,2026-07-26 01:51,69.00,54.00,0.00,0.00,30.05,0.00,10.00,CLR
NYC,2026-07-26 02:51,68.00,55.00,0.00,0.00,30.04,0.00,10.00,CLR
NYC,2026-07-26 03:51,67.00,55.00,0.00,0.00,30.02,0.00,10.00,CLR
NYC,2026-07-26 04:51,67.00,55.00,0.00,0.00,30.01,0.00,10.00,CLR
NYC,2026-07-26 05:51,67.00,54.00,0.00,0.00,29.99,0.00,10.00,CLR
NYC,2026-07-26 06:51,66.00,56.00,4.00,300.00,29.99,0.00,10.00,CLR
NYC,2026-07-26 07:51,65.00,56.00,0.00,0.00,29.98,0.00,10.00,CLR
NYC,2026-07-26 08:51,65.00,56.00,3.00,300.00,29.98,0.00,10.00,CLR
NYC,2026-07-26 09:51,65.00,56.00,0.00,0.00,29.98,0.00,10.00,CLR
NYC,2026-07-26 10:51,66.00,58.00,0.00,0.00,29.99,0.00,10.00,CLR
NYC,2026-07-26 11:51,68.00,54.00,0.00,0.00,29.98,0.00,10.00,CLR
NYC,2026-07-26 12:51,70.00,56.00,0.00,0.00,29.98,0.00,10.00,CLR
NYC,2026-07-26 13:51,74.00,56.00,3.00,40.00,29.97,0.00,10.00,CLR
NYC,2026-07-26 14:51,76.00,56.00,3.00,320.00,29.95,0.00,10.00,CLR
NYC,2026-07-26 15:51,79.00,55.00,0.00,0.00,29.94,0.00,10.00,CLR
NYC,2026-07-26 16:51,83.00,55.00,M,M,29.91,0.00,10.00,CLR
NYC,2026-07-26 17:51,82.00,55.00,6.00,300.00,29.90,0.00,10.00,CLR
NYC,2026-07-26 18:51,83.00,54.00,4.00,M,29.88,0.00,10.00,CLR
NYC,2026-07-26 19:51,84.00,55.00,5.00,M,29.86,0.00,10.00,SCT
NYC,2026-07-26 20:51,80.00,58.00,0.00,0.00,29.86,0.00,10.00,BKN
NYC,2026-07-26 21:51,79.00,59.00,0.00,0.00,29.86,0.00,10.00,FEW
NYC,2026-07-26 22:51,77.00,61.00,0.00,0.00,29.86,0.00,10.00,CLR
NYC,2026-07-26 23:51,75.00,60.00,M,M,29.86,0.00,10.00,CLR
NYC,2026-07-27 00:51,73.00,61.00,0.00,0.00,29.87,0.00,10.00,CLR
NYC,2026-07-27 01:51,72.00,62.00,0.00,0.00,29.89,0.00,10.00,CLR
NYC,2026-07-27 02:51,72.00,59.00,0.00,0.00,29.88,0.00,10.00,SCT
NYC,2026-07-27 03:51,73.00,59.00,0.00,0.00,29.88,0.00,10.00,SCT
NYC,2026-07-27 04:51,72.00,60.00,3.00,M,29.87,0.00,10.00,BKN
NYC,2026-07-27 05:51,72.00,61.00,0.00,0.00,29.86,0.00,10.00,FEW
NYC,2026-07-27 06:51,72.00,61.00,0.00,0.00,29.85,0.00,10.00,FEW
NYC,2026-07-27 07:51,72.00,61.00,3.00,M,29.84,0.00,10.00,CLR
NYC,2026-07-27 08:51,71.00,61.00,0.00,0.00,29.84,0.00,10.00,CLR
NYC,2026-07-27 09:51,70.00,62.00,0.00,0.00,29.84,0.00,10.00,CLR
NYC,2026-07-27 10:51,72.00,63.00,0.00,0.00,29.85,0.00,10.00,CLR
NYC,2026-07-27 11:51,74.00,64.00,0.00,0.00,29.86,0.00,10.00,FEW
NYC,2026-07-27 12:51,76.00,65.00,0.00,0.00,29.86,0.00,10.00,CLR
NYC,2026-07-27 13:51,78.00,65.00,0.00,0.00,29.85,0.00,10.00,CLR
NYC,2026-07-27 14:51,81.00,65.00,3.00,60.00,29.86,0.00,10.00,CLR
NYC,2026-07-27 15:51,83.00,67.00,3.00,M,29.85,0.00,10.00,SCT
NYC,2026-07-27 16:51,82.00,66.00,3.00,M,29.84,0.00,10.00,BKN
NYC,2026-07-27 17:51,83.00,67.00,3.00,120.00,29.83,0.00,10.00,CLR
NYC,2026-07-27 18:51,80.00,66.00,0.00,0.00,29.82,0.00,10.00,FEW
NYC,2026-07-27 19:51,82.00,68.00,4.00,M,29.80,0.00,10.00,CLR
NYC,2026-07-27 20:51,81.00,67.00,M,M,29.79,0.00,10.00,CLR
NYC,2026-07-27 21:51,80.00,67.00,5.00,M,29.79,0.00,10.00,CLR
NYC,2026-07-27 22:51,79.00,66.00,M,M,29.80,0.00,10.00,FEW
NYC,2026-07-27 23:51,74.00,63.00,0.00,0.00,29.83,0.00,10.00,BKN
NYC,2026-07-28 00:51,68.00,68.00,0.00,0.00,29.82,0.28,3.00,BKN
NYC,2026-07-28 01:51,70.00,69.00,4.00,240.00,29.83,T,7.00,CLR
NYC,2026-07-28 02:51,70.00,69.00,0.00,0.00,29.82,0.00,6.00,CLR
NYC,2026-07-28 03:51,70.00,69.00,0.00,0.00,29.81,0.00,6.00,CLR
NYC,2026-07-28 04:51,70.00,68.00,0.00,0.00,29.80,0.00,9.00,CLR
NYC,2026-07-28 05:51,69.00,67.00,0.00,0.00,29.79,0.00,9.00,CLR
NYC,2026-07-28 06:51,70.00,67.00,0.00,0.00,29.77,0.00,10.00,CLR
NYC,2026-07-28 07:51,70.00,67.00,0.00,0.00,29.77,0.00,10.00,CLR
NYC,2026-07-28 08:51,70.00,68.00,0.00,0.00,29.77,0.00,8.00,CLR
NYC,2026-07-28 09:51,70.00,69.00,3.00,230.00,29.76,0.00,7.00,FEW
NYC,2026-07-28 10:51,72.00,70.00,0.00,0.00,29.76,0.00,5.00,SCT
NYC,2026-07-28 11:51,73.00,71.00,0.00,0.00,29.74,0.00,4.00,FEW
NYC,2026-07-28 12:51,74.00,71.00,0.00,0.00,29.75,0.00,6.00,OVC
NYC,2026-07-28 13:51,75.00,70.00,0.00,0.00,29.75,0.00,7.00,BKN
NYC,2026-07-28 14:51,78.00,71.00,0.00,0.00,29.74,0.00,9.00,SCT
NYC,2026-07-28 15:51,77.00,71.00,0.00,0.00,29.74,0.00,9.00,FEW
NYC,2026-07-28 16:51,77.00,72.00,0.00,0.00,29.72,0.00,10.00,SCT
NYC,2026-07-28 17:51,77.00,71.00,3.00,M,29.70,0.00,10.00,CLR
NYC,2026-07-28 18:51,76.00,71.00,4.00,M,29.70,0.00,10.00,CLR
NYC,2026-07-28 19:51,76.00,71.00,5.00,M,29.68,0.00,10.00,FEW
NYC,2026-07-28 20:51,74.00,72.00,3.00,140.00,29.68,0.02,3.00,FEW
NYC,2026-07-28 21:51,73.00,72.00,5.00,170.00,29.65,0.02,6.00,BKN
NYC,2026-07-28 22:51,73.00,72.00,8.00,150.00,29.65,0.01,7.00,BKN
NYC,2026-07-28 23:51,73.00,72.00,3.00,M,29.65,T,9.00,BKN
NYC,2026-07-29 00:51,73.00,71.00,M,M,29.65,T,9.00,OVC
NYC,2026-07-29 01:51,73.00,72.00,M,M,29.64,T,10.00,OVC
NYC,2026-07-29 02:51,72.00,72.00,M,M,29.61,0.10,4.00,OVC
NYC,2026-07-29 03:51,72.00,72.00,5.00,M,29.60,0.07,2.50,BKN
NYC,2026-07-29 04:51,72.00,72.00,M,M,29.60,0.12,2.00,OVC
NYC,2026-07-29 05:51,70.00,70.00,3.00,M,29.58,0.08,3.00,FEW
NYC,2026-07-29 06:51,69.00,69.00,0.00,0.00,29.57,0.14,2.00,FEW
NYC,2026-07-29 07:58,69.00,69.00,0.00,0.00,29.56,T,2.50,BKN
NYC,2026-07-29 08:51,69.00,69.00,0.00,0.00,29.55,0.03,5.00,FEW
NYC,2026-07-29 09:51,69.00,68.00,0.00,0.00,29.55,T,6.00,SCT
NYC,2026-07-29 10:51,69.00,69.00,0.00,0.00,29.55,0.01,2.50,BKN
NYC,2026-07-29 11:51,69.00,69.00,3.00,M,29.55,0.00,4.00,OVC
NYC,2026-07-29 12:51,70.00,69.00,5.00,M,29.56,0.00,9.00,FEW
NYC,2026-07-29 13:51,70.00,68.00,6.00,310.00,29.57,0.00,10.00,BKN
NYC,2026-07-29 14:51,70.00,69.00,4.00,M,29.57,T,10.00,BKN
NYC,2026-07-29 15:51,75.00,69.00,3.00,M,29.59,0.00,10.00,FEW
NYC,2026-07-29 16:51,78.00,68.00,0.00,0.00,29.59,0.00,10.00,SCT
NYC,2026-07-29 17:51,78.00,66.00,3.00,M,29.59,0.00,10.00,BKN
NYC,2026-07-29 18:51,79.00,68.00,3.00,M,29.59,0.00,10.00,FEW
NYC,2026-07-29 19:51,78.00,65.00,9.00,300.00,29.60,0.00,10.00,BKN
NYC,2026-07-29 20:51,78.00,65.00,3.00,M,29.60,0.00,10.00,FEW
NYC,2026-07-29 21:51,78.00,64.00,3.00,M,29.61,0.00,10.00,OVC
NYC,2026-07-29 22:51,79.00,64.00,4.00,280.00,29.62,0.00,10.00,FEW
NYC,2026-07-29 23:51,77.00,63.00,0.00,0.00,29.63,0.00,10.00,FEW
NYC,2026-07-30 00:51,75.00,64.00,5.00,M,29.65,0.00,10.00,FEW
NYC,2026-07-30 01:51,74.00,64.00,0.00,0.00,29.67,0.00,10.00,CLR
NYC,2026-07-30 02:51,73.00,63.00,4.00,M,29.68,0.00,10.00,CLR
NYC,2026-07-30 03:51,70.00,66.00,5.00,M,29.68,T,10.00,BKN
NYC,2026-07-30 04:51,70.00,65.00,3.00,M,29.68,0.00,10.00,BKN
NYC,2026-07-30 05:51,70.00,65.00,M,M,29.68,0.00,10.00,FEW
NYC,2026-07-30 06:51,69.00,65.00,4.00,250.00,29.67,T,10.00,FEW
NYC,2026-07-30 07:51,69.00,65.00,5.00,290.00,29.67,0.00,10.00,SCT
NYC,2026-07-30 08:51,69.00,64.00,6.00,M,29.67,0.00,10.00,BKN
NYC,2026-07-30 09:51,67.00,65.00,3.00,M,29.68,0.00,5.00,BKN
NYC,2026-07-30 10:51,67.00,65.00,0.00,0.00,29.71,0.00,10.00,BKN
NYC,2026-07-30 11:51,69.00,65.00,3.00,M,29.72,0.00,10.00,SCT
NYC,2026-07-30 12:51,70.00,66.00,3.00,M,29.74,0.00,10.00,BKN
NYC,2026-07-30 13:51,71.00,67.00,M,M,29.76,T,8.00,OVC
NYC,2026-07-30 14:51,70.00,66.00,9.00,360.00,29.78,T,10.00,OVC
NYC,2026-07-30 15:51,72.00,66.00,7.00,10.00,29.80,0.00,10.00,OVC
NYC,2026-07-30 16:51,72.00,67.00,7.00,30.00,29.81,0.00,8.00,SCT
NYC,2026-07-30 17:51,70.00,68.00,3.00,70.00,29.82,0.04,1.25,BKN
NYC,2026-07-30 18:51,70.00,69.00,0.00,0.00,29.83,0.02,6.00,BKN
NYC,2026-07-30 19:51,71.00,70.00,4.00,60.00,29.84,0.08,8.00,FEW
NYC,2026-07-30 20:51,73.00,68.00,0.00,0.00,29.85,0.00,10.00,SCT
NYC,2026-07-30 21:51,73.00,68.00,0.00,0.00,29.86,0.00,10.00,FEW
NYC,2026-07-30 22:51,74.00,68.00,3.00,M,29.87,0.00,10.00,BKN
NYC,2026-07-30 23:51,72.00,68.00,0.00,0.00,29.89,T,10.00,FEW
NYC,2026-08-01 00:51,75.00,69.00,0.00,0.00,29.96,T,10.00,BKN
NYC,2026-08-01 01:51,75.00,70.00,0.00,0.00,29.97,T,10.00,CLR
NYC,2026-08-01 02:51,75.00,70.00,0.00,0.00,29.97,0.00,10.00,CLR
NYC,2026-08-01 03:51,75.00,69.00,0.00,0.00,29.97,0.00,10.00,CLR
NYC,2026-08-01 04:51,75.00,69.00,0.00,0.00,29.96,0.00,10.00,CLR
NYC,2026-08-01 05:51,74.00,69.00,4.00,230.00,29.96,0.00,10.00,CLR
NYC,2026-08-01 06:51,73.00,69.00,4.00,M,29.97,0.00,10.00,CLR
NYC,2026-08-01 07:51,73.00,68.00,4.00,M,29.97,0.00,10.00,CLR
NYC,2026-08-01 08:51,73.00,68.00,3.00,240.00,29.97,0.00,10.00,CLR
NYC,2026-08-01 09:51,72.00,68.00,4.00,M,29.98,0.00,10.00,CLR
NYC,2026-08-01 10:51,73.00,67.00,0.00,0.00,29.98,0.00,10.00,CLR
NYC,2026-08-01 11:51,74.00,67.00,3.00,300.00,29.99,0.00,10.00,CLR
NYC,2026-08-01 12:51,77.00,67.00,3.00,270.00,29.99,0.00,10.00,CLR
NYC,2026-08-01 13:51,79.00,68.00,3.00,260.00,29.99,0.00,10.00,CLR
NYC,2026-08-01 14:51,82.00,68.00,0.00,0.00,29.99,0.00,10.00,CLR
NYC,2026-08-01 15:51,83.00,67.00,4.00,230.00,29.99,0.00,10.00,FEW
NYC,2026-08-01 16:51,84.00,68.00,M,M,29.98,0.00,10.00,FEW
NYC,2026-08-01 17:51,85.00,66.00,5.00,M,29.97,0.00,10.00,CLR
NYC,2026-08-01 18:51,83.00,66.00,6.00,M,29.97,0.00,10.00,FEW
NYC,2026-08-01 19:51,83.00,66.00,4.00,M,29.96,0.00,10.00,CLR
NYC,2026-08-01 20:51,82.00,64.00,3.00,150.00,29.96,0.00,10.00,CLR
NYC,2026-08-01 21:51,80.00,67.00,M,M,29.96,0.00,10.00,FEW
NYC,2026-08-01 22:51,79.00,68.00,M,M,29.94,0.00,10.00,CLR
NYC,2026-08-01 23:51,78.00,69.00,M,M,29.94,0.00,10.00,CLR
NYC,2026-08-02 00:51,77.00,70.00,M,M,29.95,0.00,10.00,CLR
NYC,2026-08-02 01:51,77.00,71.00,M,M,29.97,0.00,10.00,CLR
NYC,2026-08-02 02:51,76.00,71.00,3.00,M,29.97,0.00,10.00,CLR
NYC,2026-08-02 03:51,76.00,71.00,3.00,M,29.99,0.00,10.00,CLR
NYC,2026-08-02 04:51,76.00,70.00,M,M,29.99,0.00,10.00,CLR
NYC,2026-08-02 05:51,76.00,69.00,0.00,0.00,29.99,0.00,10.00,FEW
NYC,2026-08-02 06:51,75.00,69.00,0.00,0.00,29.98,0.00,10.00,BKN
NYC,2026-08-02 07:51,75.00,70.00,0.00,0.00,29.97,0.00,10.00,CLR
NYC,2026-08-02 08:51,75.00,69.00,3.00,M,29.97,0.00,10.00,CLR
NYC,2026-08-02 09:51,76.00,69.00,4.00,M,29.98,0.00,10.00,CLR
NYC,2026-08-02 10:51,75.00,69.00,4.00,M,29.99,0.00,10.00,CLR
NYC,2026-08-02 11:51,76.00,70.00,3.00,M,29.99,0.00,10.00,CLR
NYC,2026-08-02 12:51,77.00,71.00,4.00,M,29.99,0.00,10.00,CLR
NYC,2026-08-02 13:51,78.00,73.00,M,M,29.98,0.00,10.00,CLR
NYC,2026-08-02 14:51,80.00,72.00,M,M,29.98,0.00,10.00,SCT
NYC,2026-08-02 15:03,80.00,72.00,M,M,29.98,0.00,10.00,SCT
NYC,2026-08-02 15:33,78.00,72.00,M,M,29.98,0.00,10.00,SCT
NYC,2026-08-02 15:51,78.00,72.00,0.00,0.00,29.97,0.00,10.00,SCT
NYC,2026-08-02 16:03,80.00,72.00,M,M,29.97,0.00,10.00,BKN
NYC,2026-08-02 16:13,79.00,71.00,5.00,M,29.97,0.00,10.00,SCT
NYC,2026-08-02 16:51,80.00,72.00,4.00,180.00,29.96,0.00,10.00,BKN
NYC,2026-08-02 16:59,80.00,72.00,M,M,29.96,0.00,10.00,SCT
NYC,2026-08-02 17:06,80.00,72.00,5.00,M,29.96,0.00,10.00,BKN
NYC,2026-08-02 17:13,81.00,71.00,4.00,150.00,29.95,0.00,10.00,SCT
NYC,2026-08-02 17:51,81.00,71.00,6.00,M,29.94,0.00,10.00,SCT
NYC,2026-08-02 18:03,81.00,71.00,8.00,130.00,29.95,0.00,10.00,BKN
NYC,2026-08-02 18:20,80.00,71.00,M,M,29.94,0.00,10.00,SCT
NYC,2026-08-02 18:51,81.00,69.00,M,M,29.93,0.00,10.00,FEW
NYC,2026-08-02 19:51,81.00,70.00,8.00,150.00,29.91,0.00,10.00,FEW
NYC,2026-08-02 20:24,80.00,70.00,M,M,29.91,0.00,10.00,BKN
NYC,2026-08-02 20:37,79.00,70.00,5.00,M,29.90,0.00,10.00,SCT
NYC,2026-08-02 20:51,81.00,71.00,4.00,M,29.90,0.00,10.00,SCT
NYC,2026-08-02 20:59,80.00,71.00,M,M,29.90,0.00,10.00,FEW
NYC,2026-08-02 21:16,79.00,72.00,6.00,M,29.90,0.00,10.00,FEW
NYC,2026-08-02 21:26,78.00,72.00,4.00,M,29.89,0.00,10.00,FEW
NYC,2026-08-02 21:51,78.00,73.00,M,M,29.88,0.00,10.00,SCT
NYC,2026-08-02 22:51,78.00,73.00,3.00,M,29.88,0.00,10.00,BKN
NYC,2026-08-02 23:06,77.00,73.00,7.00,120.00,29.87,0.00,10.00,BKN
NYC,2026-08-02 23:41,77.00,73.00,3.00,M,29.87,0.00,10.00,BKN
NYC,2026-08-02 23:51,77.00,73.00,5.00,M,29.87,0.00,10.00,BKN
NYC,2026-08-03 00:13,77.00,73.00,4.00,M,29.87,0.00,10.00,SCT
NYC,2026-08-03 00:34,77.00,73.00,0.00,0.00,29.87,0.00,10.00,BKN
NYC,2026-08-03 00:51,77.00,73.00,3.00,M,29.87,T,10.00,OVC
NYC,2026-08-03 01:25,77.00,74.00,5.00,M,29.86,0.0001,9.00,OVC
NYC,2026-08-03 01:51,77.00,74.00,0.00,0.00,29.86,T,10.00,BKN
NYC,2026-08-03 02:01,77.00,74.00,5.00,M,29.86,0.00,10.00,OVC
NYC,2026-08-03 02:32,76.00,75.00,4.00,M,29.85,0.01,7.00,OVC
NYC,2026-08-03 02:51,76.00,75.00,0.00,0.00,29.84,0.01,7.00,OVC
NYC,2026-08-03 03:51,76.00,76.00,3.00,M,29.82,0.03,4.00,BKN
NYC,2026-08-03 04:09,76.00,76.00,0.00,0.00,29.82,0.0001,4.00,OVC
NYC,2026-08-03 04:51,76.00,76.00,4.00,M,29.81,0.02,3.00,OVC
NYC,2026-08-03 05:31,76.00,76.00,M,M,29.80,0.01,4.00,BKN
NYC,2026-08-03 05:51,76.00,76.00,3.00,M,29.79,0.01,4.00,SCT
NYC,2026-08-03 06:47,75.20,75.20,3.00,M,29.78,0.03,1.75,BKN
NYC,2026-08-03 06:51,75.00,74.00,M,M,29.78,0.05,1.50,SCT
NYC,2026-08-03 07:00,74.00,74.00,0.00,0.00,29.77,0.04,2.00,SCT
NYC,2026-08-03 07:03,74.00,74.00,3.00,M,29.77,0.04,3.00,BKN
NYC,2026-08-03 07:51,75.00,75.00,4.00,M,29.77,0.04,5.00,OVC
NYC,2026-08-03 08:51,76.00,75.00,M,M,29.75,T,4.00,OVC
NYC,2026-08-03 09:20,76.00,75.00,M,M,29.75,0.02,2.00,BKN
NYC,2026-08-03 09:22,75.00,75.00,12.00,230.00,29.76,0.04,1.00,FEW
NYC,2026-08-03 09:27,75.00,74.00,6.00,M,29.76,0.21,0.50,SCT
NYC,2026-08-03 09:37,74.00,73.00,M,M,29.75,0.31,2.50,SCT
NYC,2026-08-03 09:51,73.00,73.00,M,M,29.75,0.34,3.00,BKN
NYC,2026-08-03 10:28,73.00,73.00,3.00,210.00,29.77,0.05,1.75,SCT
NYC,2026-08-03 10:51,73.00,73.00,5.00,240.00,29.78,0.18,1.25,FEW
NYC,2026-08-03 11:19,73.00,73.00,4.00,M,29.78,0.26,0.50,BKN
NYC,2026-08-03 11:25,73.00,73.00,6.00,200.00,29.79,0.33,0.75,FEW
NYC,2026-08-03 11:45,73.40,73.40,4.00,190.00,29.78,0.73,1.50,SCT
NYC,2026-08-03 11:48,73.40,73.40,3.00,M,29.77,0.73,3.00,SCT
NYC,2026-08-03 11:51,74.00,74.00,0.00,0.00,29.77,0.73,4.00,BKN
NYC,2026-08-03 12:01,74.00,74.00,5.00,M,29.77,0.0001,1.50,SCT
NYC,2026-08-03 12:06,74.00,74.00,M,M,29.77,0.04,0.75,BKN
NYC,2026-08-03 12:12,74.00,74.00,4.00,M,29.78,0.04,1.50,FEW
NYC,2026-08-03 12:15,74.00,74.00,3.00,M,29.78,0.04,3.00,BKN
NYC,2026-08-03 12:30,74.00,74.00,M,M,29.78,0.04,2.50,BKN
NYC,2026-08-03 12:40,75.00,74.00,3.00,170.00,29.78,0.04,3.00,BKN
NYC,2026-08-03 12:51,75.00,75.00,0.00,0.00,29.78,0.04,4.00,BKN
NYC,2026-08-03 13:38,76.00,75.00,4.00,M,29.77,0.01,2.00,BKN
NYC,2026-08-03 13:51,75.00,75.00,M,M,29.78,0.03,1.75,BKN
NYC,2026-08-03 14:15,75.00,75.00,M,M,29.78,0.01,1.75,SCT
NYC,2026-08-03 14:29,75.00,75.00,M,M,29.78,0.03,2.00,SCT
NYC,2026-08-03 14:38,75.00,75.00,M,M,29.78,0.05,1.25,SCT
NYC,2026-08-03 14:51,75.00,74.00,6.00,M,29.79,0.09,1.25,SCT
NYC,2026-08-03 15:06,73.00,73.00,7.00,200.00,29.78,0.09,0.75,FEW
NYC,2026-08-03 15:15,73.00,73.00,8.00,220.00,29.78,0.12,2.00,FEW
NYC,2026-08-03 15:25,73.00,73.00,7.00,230.00,29.78,0.13,3.00,FEW
NYC,2026-08-03 15:51,73.00,73.00,6.00,M,29.78,0.15,5.00,SCT
NYC,2026-08-03 16:51,75.00,74.00,8.00,220.00,29.77,0.01,9.00,BKN
NYC,2026-08-03 17:30,76.00,75.00,4.00,M,29.78,0.00,10.00,SCT
NYC,2026-08-03 17:51,76.00,75.00,8.00,220.00,29.79,0.00,10.00,SCT
NYC,2026-08-03 17:56,76.00,75.00,M,M,29.80,0.00,2.50,SCT
NYC,2026-08-03 17:58,76.00,75.00,M,M,29.80,0.0001,0.75,SCT
NYC,2026-08-03 18:22,73.00,73.00,3.00,M,29.79,0.22,0.50,SCT
NYC,2026-08-03 18:34,74.00,73.00,3.00,200.00,29.79,0.26,1.75,FEW
NYC,2026-08-03 18:37,74.00,73.00,0.00,0.00,29.79,0.26,3.00,FEW
NYC,2026-08-03 18:51,77.00,77.00,3.00,M,29.79,0.26,8.00,FEW
NYC,2026-08-03 19:51,78.00,75.00,0.00,0.00,29.80,0.01,10.00,FEW
NYC,2026-08-03 20:51,79.00,72.00,M,M,29.81,0.00,10.00,BKN
NYC,2026-08-03 21:51,80.00,65.00,M,M,29.85,0.00,10.00,FEW
NYC,2026-08-03 22:51,79.00,63.00,5.00,300.00,29.88,0.00,10.00,CLR
NYC,2026-08-03 23:51,78.00,61.00,6.00,M,29.92,0.00,10.00,CLR
NYC,2026-08-04 00:51,77.00,62.00,6.00,M,29.95,0.00,10.00,CLR
NYC,2026-08-04 01:51,74.00,60.00,3.00,M,29.98,0.00,10.00,CLR
NYC,2026-08-04 02:51,73.00,59.00,M,M,30.00,0.00,10.00,CLR
NYC,2026-08-04 03:51,72.00,60.00,3.00,M,30.01,0.00,10.00,CLR
NYC,2026-08-04 04:51,71.00,60.00,5.00,330.00,30.03,0.00,10.00,CLR
NYC,2026-08-04 05:51,71.00,60.00,3.00,M,30.05,0.00,10.00,CLR
NYC,2026-08-04 06:51,70.00,60.00,4.00,M,30.06,0.00,10.00,CLR
NYC,2026-08-04 07:51,68.00,61.00,0.00,0.00,30.06,0.00,10.00,CLR
NYC,2026-08-04 08:51,67.00,61.00,0.00,0.00,30.07,0.00,10.00,CLR
NYC,2026-08-04 09:51,66.00,62.00,0.00,0.00,30.08,0.00,10.00,CLR
NYC,2026-08-04 10:51,67.00,62.00,0.00,0.00,30.10,0.00,10.00,CLR
NYC,2026-08-04 11:51,70.00,62.00,0.00,0.00,30.11,0.00,10.00,CLR
NYC,2026-08-04 12:51,74.00,63.00,0.00,0.00,30.12,0.00,10.00,CLR
NYC,2026-08-04 13:51,77.00,63.00,3.00,M,30.13,0.00,10.00,CLR
NYC,2026-08-04 14:51,79.00,62.00,M,M,30.14,0.00,10.00,CLR
NYC,2026-08-04 15:51,81.00,59.00,6.00,60.00,30.14,0.00,10.00,CLR
NYC,2026-08-04 16:51,83.00,61.00,6.00,M,30.13,0.00,10.00,CLR
NYC,2026-08-04 17:51,84.00,59.00,3.00,70.00,30.12,0.00,10.00,CLR
NYC,2026-08-04 18:51,82.00,59.00,4.00,M,30.12,0.00,10.00,CLR
NYC,2026-08-04 19:51,81.00,60.00,M,M,30.12,0.00,10.00,CLR
NYC,2026-08-04 20:51,81.00,59.00,M,M,30.11,0.00,10.00,CLR
NYC,2026-08-04 21:51,79.00,60.00,0.00,0.00,30.12,0.00,10.00,CLR
NYC,2026-08-04 22:51,77.00,60.00,4.00,M,30.14,0.00,10.00,CLR
NYC,2026-08-04 23:51,75.00,59.00,3.00,M,30.14,0.00,10.00,CLR
NYC,2026-08-05 00:51,74.00,58.00,0.00,0.00,30.15,0.00,10.00,CLR
NYC,2026-08-05 01:51,73.00,57.00,0.00,0.00,30.15,0.00,10.00,CLR
NYC,2026-08-05 02:51,73.00,58.00,0.00,0.00,30.15,0.00,10.00,CLR
NYC,2026-08-05 03:51,72.00,59.00,0.00,0.00,30.15,0.00,10.00,CLR
NYC,2026-08-05 04:51,72.00,59.00,0.00,0.00,30.14,0.00,10.00,CLR
NYC,2026-08-05 05:51,73.00,61.00,0.00,0.00,30.15,0.00,10.00,CLR
NYC,2026-08-05 06:51,72.00,63.00,0.00,0.00,30.16,0.00,10.00,CLR
NYC,2026-08-05 07:51,71.00,61.00,0.00,0.00,30.16,0.00,10.00,CLR
NYC,2026-08-05 08:51,70.00,61.00,3.00,290.00,30.16,0.00,10.00,CLR
NYC,2026-08-05 09:51,71.00,61.00,0.00,0.00,30.17,0.00,10.00,CLR
NYC,2026-08-05 10:51,73.00,63.00,0.00,0.00,30.17,0.00,10.00,CLR
NYC,2026-08-05 11:51,73.00,66.00,0.00,0.00,30.18,0.00,10.00,CLR
NYC,2026-08-05 12:51,75.00,64.00,0.00,0.00,30.20,0.00,10.00,CLR
NYC,2026-08-05 13:51,78.00,65.00,0.00,0.00,30.19,0.00,10.00,CLR
NYC,2026-08-05 14:51,79.00,63.00,0.00,0.00,30.20,0.00,10.00,OVC
NYC,2026-08-05 15:51,81.00,62.00,0.00,0.00,30.19,0.00,10.00,OVC
NYC,2026-08-05 16:51,81.00,64.00,0.00,0.00,30.18,0.00,10.00,OVC
NYC,2026-08-05 17:51,80.00,65.00,3.00,M,30.17,0.00,10.00,OVC
NYC,2026-08-05 18:51,82.00,70.00,M,M,30.16,0.00,10.00,FEW
NYC,2026-08-05 19:51,79.00,72.00,3.00,M,30.16,0.00,10.00,SCT
NYC,2026-08-05 20:51,77.00,74.00,0.00,0.00,30.14,T,10.00,SCT
NYC,2026-08-05 21:51,77.00,74.00,0.00,0.00,30.14,T,3.00,FEW
NYC,2026-08-05 22:09,76.00,74.00,M,M,30.14,0.0001,10.00,BKN
NYC,2026-08-05 22:19,76.00,75.00,3.00,M,30.14,0.01,1.75,BKN
NYC,2026-08-05 22:29,76.00,75.00,4.00,M,30.13,0.02,3.00,OVC
NYC,2026-08-05 22:51,76.00,75.00,3.00,110.00,30.13,0.02,3.00,BKN
NYC,2026-08-05 23:51,76.00,75.00,5.00,M,30.13,0.04,7.00,OVC
NYC,2026-08-06 00:51,76.00,75.00,4.00,M,30.13,T,6.00,OVC
NYC,2026-08-06 01:21,76.00,75.00,0.00,0.00,30.14,0.00,4.00,OVC
NYC,2026-08-06 01:51,76.00,75.00,0.00,0.00,30.14,0.01,4.00,OVC
NYC,2026-08-06 02:51,76.00,76.00,0.00,0.00,30.14,T,3.00,FEW
NYC,2026-08-06 03:12,76.00,76.00,0.00,0.00,30.13,0.0001,3.00,BKN
NYC,2026-08-06 03:46,75.20,75.20,0.00,0.00,30.13,0.0001,5.00,SCT
NYC,2026-08-06 03:51,76.00,76.00,0.00,0.00,30.13,T,5.00,SCT
NYC,2026-08-06 04:51,76.00,76.00,0.00,0.00,30.13,0.00,5.00,FEW
NYC,2026-08-06 05:51,76.00,76.00,M,M,30.13,0.00,6.00,SCT
NYC,2026-08-06 06:51,76.00,75.00,3.00,230.00,30.12,0.08,2.50,FEW
NYC,2026-08-06 07:51,76.00,76.00,0.00,0.00,30.11,T,1.75,FEW
NYC,2026-08-06 08:00,76.00,76.00,3.00,M,30.11,0.00,2.00,FEW
NYC,2026-08-06 08:16,76.00,76.00,3.00,M,30.12,0.00,1.75,SCT
NYC,2026-08-06 08:20,76.00,76.00,4.00,230.00,30.12,0.00,2.00,SCT
NYC,2026-08-06 08:51,76.00,76.00,4.00,230.00,30.12,0.00,3.00,OVC
NYC,2026-08-06 09:10,76.00,76.00,3.00,M,30.12,0.00,1.75,BKN
NYC,2026-08-06 09:23,76.00,76.00,5.00,M,30.12,0.00,1.75,FEW
NYC,2026-08-06 09:31,76.00,76.00,3.00,230.00,30.12,0.00,2.50,FEW
NYC,2026-08-06 09:36,76.00,76.00,6.00,M,30.12,0.00,3.00,BKN
NYC,2026-08-06 09:51,76.00,76.00,5.00,M,30.13,0.00,4.00,BKN
NYC,2026-08-06 10:51,76.00,76.00,M,M,30.13,0.00,4.00,FEW
NYC,2026-08-06 11:06,76.00,76.00,4.00,M,30.14,0.00,2.50,BKN
NYC,2026-08-06 11:19,76.00,76.00,3.00,M,30.14,0.00,3.00,BKN
NYC,2026-08-06 11:51,77.00,76.00,4.00,250.00,30.15,0.00,4.00,OVC
NYC,2026-08-06 12:14,77.00,76.00,4.00,M,30.15,0.00,5.00,BKN
NYC,2026-08-06 12:51,79.00,77.00,0.00,0.00,30.15,0.00,7.00,BKN
NYC,2026-08-06 13:51,79.00,76.00,0.00,0.00,30.16,0.00,7.00,BKN
NYC,2026-08-06 14:13,80.00,77.00,M,M,30.16,0.00,7.00,FEW
NYC,2026-08-06 14:51,82.00,76.00,3.00,M,30.16,0.00,8.00,FEW
NYC,2026-08-06 15:22,82.00,76.00,M,M,30.15,0.00,8.00,BKN
NYC,2026-08-06 15:51,83.00,76.00,4.00,M,30.15,0.00,8.00,FEW
NYC,2026-08-06 16:51,86.00,78.00,0.00,0.00,30.14,0.00,9.00,FEW
NYC,2026-08-06 17:51,87.00,77.00,M,M,30.13,0.00,9.00,FEW
NYC,2026-08-06 18:41,82.00,76.00,7.00,220.00,30.12,0.0001,1.50,FEW
NYC,2026-08-06 18:51,79.00,77.00,3.00,230.00,30.11,0.07,1.25,SCT
NYC,2026-08-06 18:55,79.00,77.00,3.00,220.00,30.11,0.0001,3.00,FEW
NYC,2026-08-06 19:51,83.00,79.00,0.00,0.00,30.11,T,8.00,BKN
NYC,2026-08-06 20:51,85.00,77.00,3.00,80.00,30.10,0.00,10.00,BKN
NYC,2026-08-06 21:51,85.00,76.00,3.00,140.00,30.09,0.00,10.00,FEW
NYC,2026-08-06 22:51,86.00,76.00,0.00,0.00,30.09,0.00,10.00,FEW
NYC,2026-08-06 23:51,85.00,74.00,3.00,M,30.09,0.00,10.00,FEW
NYC,2026-08-07 00:51,85.00,74.00,0.00,0.00,30.10,0.00,10.00,CLR
NYC,2026-08-07 01:51,85.00,74.00,3.00,M,30.13,0.00,10.00,SCT
NYC,2026-08-07 02:51,84.00,74.00,4.00,M,30.12,T,10.00,FEW
NYC,2026-08-07 03:51,82.00,74.00,3.00,M,30.12,T,10.00,CLR
NYC,2026-08-07 04:51,82.00,74.00,3.00,M,30.14,0.00,10.00,CLR
NYC,2026-08-07 05:51,81.00,74.00,3.00,M,30.13,0.00,10.00,CLR
NYC,2026-08-07 06:51,81.00,74.00,5.00,M,30.12,0.00,10.00,CLR
NYC,2026-08-07 07:51,79.00,74.00,3.00,M,30.13,0.00,10.00,CLR
NYC,2026-08-07 08:51,78.00,73.00,0.00,0.00,30.12,0.00,10.00,CLR
NYC,2026-08-07 09:51,78.00,73.00,3.00,280.00,30.13,0.00,10.00,CLR
NYC,2026-08-07 10:51,78.00,73.00,0.00,0.00,30.15,0.00,10.00,CLR
NYC,2026-08-07 11:51,79.00,74.00,0.00,0.00,30.15,0.00,10.00,CLR
NYC,2026-08-07 12:51,81.00,73.00,4.00,290.00,30.16,0.00,10.00,FEW
NYC,2026-08-07 13:51,84.00,71.00,0.00,0.00,30.16,0.00,10.00,CLR
NYC,2026-08-07 14:51,86.00,72.00,0.00,0.00,30.14,0.00,10.00,CLR
NYC,2026-08-07 15:51,87.00,74.00,0.00,0.00,30.14,0.00,10.00,CLR
NYC,2026-08-07 16:51,89.00,74.00,3.00,M,30.12,0.00,10.00,CLR
NYC,2026-08-07 17:51,88.00,73.00,0.00,0.00,30.10,0.00,10.00,BKN
NYC,2026-08-07 18:51,88.00,74.00,0.00,0.00,30.08,0.00,10.00,FEW
NYC,2026-08-07 19:51,89.00,75.00,M,M,30.06,0.00,10.00,FEW
NYC,2026-08-07 20:51,85.00,75.00,3.00,M,30.06,0.00,10.00,CLR
NYC,2026-08-07 21:51,83.00,75.00,M,M,30.05,0.00,10.00,CLR
NYC,2026-08-07 22:13,77.00,72.00,16.00,270.00,30.13,0.0001,0.75,FEW
NYC,2026-08-07 22:19,72.00,71.00,11.00,290.00,30.10,0.24,0.25,BKN
NYC,2026-08-07 22:31,72.00,71.00,M,M,30.10,0.56,0.50,BKN
NYC,2026-08-07 22:40,72.00,71.00,0.00,0.00,30.11,0.76,1.00,OVC
NYC,2026-08-07 22:51,72.00,72.00,0.00,0.00,30.11,0.85,1.50,BKN
NYC,2026-08-07 22:55,73.00,72.00,0.00,0.00,30.11,0.01,3.00,BKN
NYC,2026-08-07 23:51,73.00,73.00,0.00,0.00,30.09,0.07,6.00,BKN
NYC,2026-08-08 00:51,74.00,74.00,3.00,50.00,30.09,T,8.00,CLR
NYC,2026-08-08 01:51,74.00,74.00,0.00,0.00,30.09,0.00,5.00,CLR
NYC,2026-08-08 02:51,74.00,73.00,0.00,0.00,30.09,0.00,9.00,CLR
NYC,2026-08-08 03:28,74.00,73.00,3.00,270.00,30.09,0.00,2.50,FEW
NYC,2026-08-08 03:40,73.00,73.00,3.00,M,30.08,0.00,6.00,CLR
NYC,2026-08-08 03:51,73.00,73.00,3.00,270.00,30.08,0.00,3.00,CLR
NYC,2026-08-08 04:51,73.00,73.00,3.00,280.00,30.07,0.00,5.00,CLR
NYC,2026-08-08 05:30,73.00,72.00,3.00,M,30.06,0.00,2.00,CLR
NYC,2026-08-08 05:41,72.00,72.00,0.00,0.00,30.06,0.00,5.00,CLR
NYC,2026-08-08 05:51,72.00,72.00,3.00,250.00,30.06,0.00,6.00,CLR
NYC,2026-08-08 06:51,72.00,71.00,3.00,240.00,30.05,0.00,8.00,CLR
NYC,2026-08-08 07:51,71.00,71.00,0.00,0.00,30.03,0.00,10.00,CLR
NYC,2026-08-08 08:51,71.00,71.00,0.00,0.00,30.04,0.00,10.00,CLR
NYC,2026-08-08 09:51,72.00,71.00,M,M,30.05,0.00,6.00,CLR
NYC,2026-08-08 10:51,72.00,71.00,4.00,M,30.06,0.00,6.00,CLR
NYC,2026-08-08 11:51,73.00,72.00,3.00,M,30.06,0.00,8.00,CLR
NYC,2026-08-08 12:51,74.00,72.00,4.00,M,30.06,0.00,10.00,CLR
NYC,2026-08-08 13:51,77.00,72.00,4.00,M,30.05,0.00,10.00,CLR
NYC,2026-08-08 14:51,80.00,72.00,4.00,M,30.05,0.00,10.00,CLR
NYC,2026-08-08 15:51,82.00,73.00,0.00,0.00,30.04,0.00,10.00,CLR
NYC,2026-08-08 16:51,85.00,71.00,0.00,0.00,30.02,0.00,10.00,CLR
NYC,2026-08-08 17:51,84.00,73.00,4.00,M,30.00,0.00,10.00,SCT
NYC,2026-08-08 18:51,87.00,73.00,6.00,M,29.99,0.00,10.00,SCT
NYC,2026-08-08 19:51,83.00,73.00,4.00,M,29.97,0.00,10.00,SCT
NYC,2026-08-08 20:51,82.00,73.00,0.00,0.00,29.95,0.00,10.00,FEW
NYC,2026-08-08 21:51,83.00,73.00,M,M,29.94,0.00,10.00,CLR
NYC,2026-08-08 22:51,81.00,69.00,3.00,260.00,29.94,0.00,10.00,CLR
NYC,2026-08-08 23:51,81.00,67.00,M,M,29.95,0.00,10.00,CLR
NYC,2026-08-09 00:51,80.00,69.00,0.00,0.00,29.98,0.00,10.00,CLR
NYC,2026-08-09 01:51,79.00,69.00,4.00,240.00,29.99,0.00,10.00,CLR
NYC,2026-08-09 02:51,78.00,69.00,7.00,240.00,29.98,0.00,10.00,CLR
NYC,2026-08-09 03:51,79.00,70.00,5.00,M,29.99,0.00,10.00,CLR
NYC,2026-08-09 04:51,78.00,70.00,5.00,M,29.99,0.00,10.00,CLR
NYC,2026-08-09 05:51,78.00,70.00,0.00,0.00,29.99,0.00,10.00,CLR
NYC,2026-08-09 06:51,77.00,70.00,4.00,230.00,29.98,0.00,10.00,CLR
NYC,2026-08-09 07:51,77.00,71.00,3.00,250.00,29.98,0.00,10.00,CLR
NYC,2026-08-09 08:51,77.00,71.00,0.00,0.00,29.97,0.00,10.00,CLR
NYC,2026-08-09 09:51,76.00,71.00,3.00,M,29.97,0.00,10.00,CLR
NYC,2026-08-09 10:51,76.00,72.00,6.00,240.00,29.99,0.00,10.00,CLR
NYC,2026-08-09 11:51,76.00,72.00,6.00,250.00,29.99,0.00,10.00,CLR
NYC,2026-08-09 12:51,78.00,73.00,4.00,M,30.00,0.00,10.00,CLR
NYC,2026-08-09 13:51,82.00,71.00,M,M,29.99,0.00,10.00,CLR
NYC,2026-08-09 14:51,83.00,70.00,4.00,M,30.00,0.00,10.00,CLR
NYC,2026-08-09 15:51,85.00,70.00,M,M,30.00,0.00,10.00,CLR
NYC,2026-08-09 16:51,87.00,71.00,4.00,M,30.00,0.00,10.00,SCT
NYC,2026-08-09 17:51,87.00,66.00,4.00,M,29.99,0.00,10.00,FEW
NYC,2026-08-09 18:51,87.00,67.00,0.00,0.00,29.99,0.00,10.00,FEW
NYC,2026-08-09 19:51,87.00,66.00,M,M,29.98,0.00,10.00,FEW
NYC,2026-08-09 20:51,87.00,65.00,6.00,310.00,29.98,0.00,10.00,FEW
NYC,2026-08-09 21:51,85.00,65.00,M,M,29.98,0.00,10.00,CLR
NYC,2026-08-09 22:51,86.00,63.00,5.00,M,29.98,0.00,10.00,CLR
NYC,2026-08-09 23:51,85.00,63.00,3.00,M,29.98,0.00,10.00,FEW
NYC,2026-08-10 00:51,83.00,64.00,0.00,0.00,30.00,0.00,10.00,CLR
NYC,2026-08-10 01:51,83.00,63.00,0.00,0.00,30.02,0.00,10.00,CLR
NYC,2026-08-10 02:51,81.00,64.00,3.00,M,30.02,0.00,10.00,CLR
NYC,2026-08-10 03:51,80.00,62.00,0.00,0.00,30.03,0.00,10.00,CLR
NYC,2026-08-10 04:51,77.00,61.00,0.00,0.00,30.05,0.00,10.00,CLR
NYC,2026-08-10 05:51,76.00,61.00,3.00,20.00,30.03,0.00,10.00,CLR
NYC,2026-08-10 06:51,76.00,62.00,3.00,20.00,30.04,0.00,10.00,CLR
NYC,2026-08-10 07:51,74.00,63.00,3.00,40.00,30.03,0.00,10.00,CLR
NYC,2026-08-10 08:51,73.00,61.00,3.00,70.00,30.03,0.00,10.00,CLR
NYC,2026-08-10 09:51,73.00,60.00,0.00,0.00,30.04,0.00,10.00,FEW
NYC,2026-08-10 10:51,73.00,60.00,0.00,0.00,30.05,0.00,10.00,FEW
NYC,2026-08-10 11:51,75.00,62.00,0.00,0.00,30.05,0.00,10.00,FEW
NYC,2026-08-10 12:51,77.00,63.00,3.00,80.00,30.04,0.00,10.00,CLR
NYC,2026-08-10 13:51,80.00,64.00,0.00,0.00,30.04,0.00,10.00,CLR
NYC,2026-08-10 14:51,82.00,65.00,4.00,M,30.04,0.00,10.00,CLR
NYC,2026-08-10 15:51,81.00,67.00,0.00,0.00,30.04,0.00,10.00,CLR
NYC,2026-08-10 16:51,81.00,67.00,6.00,M,30.00,0.00,10.00,CLR
NYC,2026-08-10 17:51,84.00,69.00,M,M,29.98,0.00,10.00,CLR
NYC,2026-08-10 18:51,85.00,67.00,4.00,M,29.96,0.00,10.00,FEW
NYC,2026-08-10 19:51,84.00,68.00,5.00,M,29.94,0.00,10.00,CLR
NYC,2026-08-10 20:51,83.00,69.00,6.00,210.00,29.94,0.00,10.00,FEW
NYC,2026-08-10 21:43,80.00,70.00,M,M,29.95,0.0001,1.75,SCT
NYC,2026-08-10 21:51,74.00,69.00,5.00,M,29.95,0.07,1.50,SCT
NYC,2026-08-10 21:59,73.00,71.00,6.00,M,29.95,0.02,2.50,FEW
NYC,2026-08-10 22:07,73.00,70.00,4.00,M,29.94,0.02,3.00,FEW
NYC,2026-08-10 22:51,73.00,72.00,3.00,M,29.95,0.03,6.00,FEW
NYC,2026-08-10 23:51,73.00,72.00,0.00,0.00,29.94,0.00,8.00,CLR
NYC,2026-08-11 00:51,73.00,70.00,3.00,270.00,29.93,0.00,10.00,CLR
NYC,2026-08-11 01:51,73.00,70.00,3.00,M,29.95,0.00,10.00,FEW
NYC,2026-08-11 02:51,75.00,70.00,0.00,0.00,29.94,0.00,10.00,SCT
NYC,2026-08-11 03:51,75.00,70.00,4.00,M,29.94,0.00,10.00,CLR
NYC,2026-08-11 04:51,74.00,70.00,4.00,M,29.92,0.00,10.00,CLR
NYC,2026-08-11 05:51,73.00,71.00,3.00,M,29.90,0.00,10.00,CLR
NYC,2026-08-11 06:51,73.00,70.00,3.00,M,29.90,0.00,10.00,CLR
NYC,2026-08-11 07:51,73.00,70.00,0.00,0.00,29.90,0.00,10.00,CLR
NYC,2026-08-11 08:51,73.00,70.00,3.00,M,29.90,0.00,10.00,CLR
NYC,2026-08-11 09:51,72.00,69.00,5.00,250.00,29.90,0.00,9.00,CLR
NYC,2026-08-11 10:51,72.00,70.00,3.00,M,29.92,0.00,9.00,CLR
NYC,2026-08-11 11:51,74.00,70.00,0.00,0.00,29.95,0.00,10.00,CLR
NYC,2026-08-11 12:34,75.00,69.00,M,M,29.96,0.00,10.00,BKN
NYC,2026-08-11 12:51,75.00,69.00,5.00,M,29.95,0.00,10.00,SCT
NYC,2026-08-11 13:51,78.00,70.00,4.00,280.00,29.93,0.00,10.00,FEW
NYC,2026-08-11 14:51,79.00,69.00,5.00,M,29.90,0.00,10.00,CLR
NYC,2026-08-11 15:51,81.00,68.00,M,M,29.88,0.00,10.00,CLR
NYC,2026-08-11 16:51,82.00,68.00,3.00,M,29.87,0.00,10.00,CLR
NYC,2026-08-11 17:51,83.00,67.00,3.00,20.00,29.88,0.00,10.00,FEW
NYC,2026-08-11 18:51,83.00,67.00,0.00,0.00,29.88,0.00,10.00,BKN
NYC,2026-08-11 19:51,82.00,70.00,0.00,0.00,29.85,0.00,10.00,SCT
NYC,2026-08-11 20:51,82.00,67.00,4.00,M,29.86,0.00,10.00,CLR
NYC,2026-08-11 21:51,83.00,71.00,0.00,0.00,29.85,0.00,10.00,FEW
NYC,2026-08-11 22:51,81.00,68.00,3.00,290.00,29.85,0.00,10.00,FEW
NYC,2026-08-11 23:51,81.00,68.00,5.00,M,29.84,0.00,10.00,SCT
NYC,2026-08-12 00:51,80.00,69.00,0.00,0.00,29.84,0.00,10.00,CLR
NYC,2026-08-12 01:51,79.00,70.00,0.00,0.00,29.85,0.00,10.00,CLR
NYC,2026-08-12 02:51,79.00,69.00,5.00,290.00,29.86,0.00,10.00,CLR
NYC,2026-08-12 03:51,77.00,68.00,5.00,300.00,29.87,0.00,10.00,CLR
NYC,2026-08-12 04:51,75.00,68.00,0.00,0.00,29.86,0.00,10.00,CLR
NYC,2026-08-12 05:51,75.00,66.00,4.00,280.00,29.86,0.00,10.00,CLR
NYC,2026-08-12 06:51,75.00,62.00,0.00,0.00,29.84,0.00,10.00,CLR
NYC,2026-08-12 07:51,74.00,62.00,0.00,0.00,29.84,0.00,10.00,CLR
NYC,2026-08-12 08:51,73.00,61.00,0.00,0.00,29.84,0.00,10.00,CLR
NYC,2026-08-12 09:51,72.00,60.00,4.00,M,29.85,0.00,10.00,CLR
NYC,2026-08-12 10:51,71.00,60.00,4.00,M,29.86,0.00,10.00,CLR
NYC,2026-08-12 11:51,71.00,60.00,3.00,M,29.88,0.00,10.00,CLR
NYC,2026-08-12 12:51,72.00,59.00,5.00,290.00,29.89,0.00,10.00,CLR
NYC,2026-08-12 13:51,75.00,60.00,3.00,M,29.89,0.00,10.00,CLR
NYC,2026-08-12 14:51,78.00,60.00,0.00,0.00,29.90,0.00,10.00,CLR
NYC,2026-08-12 15:51,80.00,59.00,0.00,0.00,29.89,0.00,10.00,CLR
NYC,2026-08-12 16:51,81.00,59.00,5.00,M,29.88,0.00,10.00,CLR
NYC,2026-08-12 17:51,83.00,56.00,3.00,M,29.86,0.00,10.00,CLR
NYC,2026-08-12 18:51,83.00,56.00,5.00,50.00,29.84,0.00,10.00,CLR
NYC,2026-08-12 19:51,83.00,54.00,4.00,M,29.84,0.00,10.00,CLR
NYC,2026-08-12 20:51,83.00,58.00,0.00,0.00,29.83,0.00,10.00,CLR
NYC,2026-08-12 21:51,82.00,60.00,0.00,0.00,29.83,0.00,10.00,CLR
NYC,2026-08-12 22:51,81.00,61.00,6.00,280.00,29.84,0.00,10.00,CLR
NYC,2026-08-12 23:51,80.00,61.00,3.00,M,29.83,0.00,10.00,CLR
NYC,2026-08-13 00:51,79.00,63.00,0.00,0.00,29.84,0.00,10.00,CLR
NYC,2026-08-13 01:51,77.00,63.00,M,M,29.85,0.00,10.00,CLR
NYC,2026-08-13 02:51,76.00,63.00,M,M,29.84,0.00,10.00,CLR
NYC,2026-08-13 03:51,77.00,62.00,5.00,M,29.85,0.00,10.00,FEW
NYC,2026-08-13 04:51,77.00,64.00,4.00,220.00,29.83,0.00,10.00,FEW
NYC,2026-08-13 05:51,77.00,65.00,M,M,29.83,0.00,10.00,CLR
NYC,2026-08-13 06:51,71.00,68.00,4.00,230.00,29.84,0.03,6.00,SCT
NYC,2026-08-13 06:55,71.00,69.00,4.00,230.00,29.83,0.0001,1.75,SCT
NYC,2026-08-13 07:08,71.00,69.00,4.00,M,29.83,0.06,9.00,FEW
NYC,2026-08-13 07:51,71.00,69.00,0.00,0.00,29.83,0.06,9.00,SCT
NYC,2026-08-13 08:51,71.00,69.00,3.00,280.00,29.83,0.00,10.00,SCT
NYC,2026-08-13 09:51,73.00,68.00,4.00,M,29.83,0.00,10.00,BKN
NYC,2026-08-13 10:51,72.00,69.00,0.00,0.00,29.84,0.00,8.00,CLR
NYC,2026-08-13 11:51,73.00,68.00,M,M,29.86,0.00,8.00,CLR
NYC,2026-08-13 12:51,75.00,67.00,M,M,29.87,0.00,9.00,CLR
NYC,2026-08-13 13:51,77.00,68.00,4.00,M,29.87,0.00,9.00,CLR
NYC,2026-08-13 14:51,79.00,67.00,M,M,29.88,0.00,10.00,FEW
NYC,2026-08-13 15:51,82.00,67.00,M,M,29.89,0.00,10.00,FEW
NYC,2026-08-13 16:51,82.00,68.00,5.00,M,29.89,0.00,10.00,FEW
NYC,2026-08-13 17:51,83.00,65.00,M,M,29.91,0.00,10.00,SCT
NYC,2026-08-13 18:51,82.00,62.00,5.00,300.00,29.90,0.00,10.00,FEW
NYC,2026-08-13 19:51,84.00,61.00,M,M,29.88,0.00,10.00,FEW
NYC,2026-08-13 20:51,83.00,63.00,5.00,M,29.88,0.00,10.00,SCT
NYC,2026-08-13 21:51,82.00,63.00,4.00,M,29.90,0.00,10.00,CLR
NYC,2026-08-13 22:51,83.00,61.00,3.00,M,29.90,0.00,10.00,CLR
NYC,2026-08-13 23:51,81.00,61.00,4.00,270.00,29.91,0.00,10.00,FEW
NYC,2026-08-14 00:51,81.00,62.00,0.00,0.00,29.93,0.00,10.00,SCT
NYC,2026-08-14 01:51,80.00,62.00,4.00,M,29.96,0.00,10.00,BKN
NYC,2026-08-14 02:51,79.00,62.00,5.00,M,29.98,0.00,10.00,CLR
NYC,2026-08-14 03:51,78.00,62.00,3.00,280.00,30.00,0.00,10.00,CLR
NYC,2026-08-14 04:51,77.00,61.00,0.00,0.00,30.01,0.00,10.00,CLR
NYC,2026-08-14 05:51,75.00,62.00,0.00,0.00,30.00,0.00,10.00,CLR
NYC,2026-08-14 06:51,73.00,60.00,0.00,0.00,30.01,0.00,10.00,CLR
NYC,2026-08-14 07:51,73.00,61.00,0.00,0.00,30.01,0.00,10.00,CLR
NYC,2026-08-14 08:51,72.00,61.00,3.00,360.00,30.01,0.00,10.00,CLR
NYC,2026-08-14 09:51,72.00,61.00,4.00,320.00,30.02,0.00,10.00,CLR
NYC,2026-08-14 10:51,72.00,61.00,3.00,M,30.05,0.00,10.00,CLR
NYC,2026-08-14 11:51,72.00,61.00,3.00,300.00,30.08,0.00,10.00,CLR
NYC,2026-08-14 12:51,74.00,61.00,0.00,0.00,30.08,0.00,10.00,CLR
NYC,2026-08-14 13:51,77.00,61.00,0.00,0.00,30.07,0.00,10.00,CLR
NYC,2026-08-14 14:51,80.00,60.00,0.00,0.00,30.07,0.00,10.00,CLR
NYC,2026-08-14 15:51,82.00,60.00,4.00,50.00,30.07,0.00,10.00,CLR
NYC,2026-08-14 16:51,82.00,61.00,0.00,0.00,30.07,0.00,10.00,CLR
NYC,2026-08-14 17:51,84.00,60.00,3.00,M,30.06,0.00,10.00,CLR
NYC,2026-08-14 18:51,82.00,64.00,M,M,30.06,0.00,10.00,BKN
NYC,2026-08-14 19:51,83.00,62.00,6.00,280.00,30.04,0.00,10.00,BKN
NYC,2026-08-14 20:51,83.00,62.00,M,M,30.03,0.00,10.00,SCT
NYC,2026-08-14 21:51,82.00,63.00,3.00,M,30.04,0.00,10.00,SCT
NYC,2026-08-14 22:51,80.00,64.00,3.00,M,30.04,0.00,10.00,CLR
NYC,2026-08-14 23:51,78.00,64.00,3.00,M,30.06,0.00,10.00,BKN
NYC,2026-08-15 00:51,78.00,65.00,4.00,M,30.07,0.00,10.00,CLR
NYC,2026-08-15 01:51,79.00,65.00,4.00,M,30.09,0.00,10.00,CLR
NYC,2026-08-15 02:51,76.00,67.00,5.00,50.00,30.10,0.00,10.00,CLR
NYC,2026-08-15 03:51,75.00,66.00,5.00,M,30.12,0.00,10.00,CLR
NYC,2026-08-15 04:51,74.00,65.00,4.00,M,30.13,0.00,10.00,CLR
NYC,2026-08-15 05:51,73.00,61.00,0.00,0.00,30.14,0.00,10.00,CLR
NYC,2026-08-15 06:51,71.00,62.00,3.00,30.00,30.13,0.00,10.00,CLR
NYC,2026-08-15 07:51,71.00,63.00,5.00,40.00,30.15,0.00,10.00,CLR
NYC,2026-08-15 08:51,70.00,59.00,3.00,M,30.15,0.00,10.00,CLR
NYC,2026-08-15 09:51,69.00,59.00,6.00,M,30.16,0.00,10.00,CLR
NYC,2026-08-15 10:51,68.00,60.00,4.00,360.00,30.17,0.00,10.00,CLR
NYC,2026-08-15 11:51,70.00,57.00,4.00,M,30.19,0.00,10.00,CLR
NYC,2026-08-15 12:51,72.00,57.00,5.00,M,30.19,0.00,10.00,CLR
NYC,2026-08-15 13:51,74.00,55.00,9.00,60.00,30.19,0.00,10.00,CLR
NYC,2026-08-15 14:51,77.00,55.00,5.00,M,30.21,0.00,10.00,CLR
NYC,2026-08-15 15:51,79.00,55.00,3.00,M,30.22,0.00,10.00,CLR
NYC,2026-08-15 16:51,80.00,56.00,0.00,0.00,30.21,0.00,10.00,CLR
NYC,2026-08-15 17:51,81.00,55.00,4.00,M,30.20,0.00,10.00,FEW
NYC,2026-08-15 18:51,83.00,55.00,8.00,50.00,30.18,0.00,10.00,CLR
NYC,2026-08-15 19:51,82.00,53.00,3.00,M,30.17,0.00,10.00,FEW
NYC,2026-08-15 20:51,81.00,54.00,0.00,0.00,30.16,0.00,10.00,CLR
NYC,2026-08-15 21:51,81.00,54.00,0.00,0.00,30.14,0.00,10.00,CLR
NYC,2026-08-15 22:42,80.00,57.00,0.00,0.00,30.14,0.00,10.00,FEW
NYC,2026-08-15 22:51,79.00,57.00,3.00,40.00,30.14,0.00,10.00,FEW
NYC,2026-08-15 23:51,77.00,57.00,0.00,0.00,30.15,0.00,10.00,CLR
NYC,2026-08-16 00:51,74.00,61.00,0.00,0.00,30.17,0.00,10.00,FEW
NYC,2026-08-16 01:51,74.00,61.00,3.00,140.00,30.18,0.00,10.00,CLR
NYC,2026-08-16 02:51,73.00,62.00,0.00,0.00,30.19,0.00,10.00,CLR
NYC,2026-08-16 03:51,73.00,63.00,0.00,0.00,30.18,0.00,10.00,CLR
NYC,2026-08-16 04:51,72.00,63.00,0.00,0.00,30.18,0.00,10.00,CLR
NYC,2026-08-16 05:51,72.00,63.00,3.00,M,30.18,0.00,10.00,CLR
NYC,2026-08-16 06:51,72.00,64.00,0.00,0.00,30.17,0.00,10.00,CLR
NYC,2026-08-16 07:51,71.00,64.00,0.00,0.00,30.17,0.00,10.00,FEW
NYC,2026-08-16 08:51,72.00,64.00,0.00,0.00,30.16,0.00,10.00,BKN
NYC,2026-08-16 09:51,71.00,64.00,4.00,240.00,30.15,0.00,10.00,SCT
NYC,2026-08-16 10:51,73.00,65.00,0.00,0.00,30.16,0.00,10.00,BKN
NYC,2026-08-16 11:51,73.00,67.00,3.00,M,30.18,0.00,10.00,SCT
NYC,2026-08-16 12:51,75.00,66.00,3.00,60.00,30.17,0.00,10.00,BKN
NYC,2026-08-16 13:51,77.00,65.00,M,M,30.15,0.00,10.00,BKN
NYC,2026-08-16 14:51,79.00,63.00,5.00,M,30.15,0.00,10.00,FEW
NYC,2026-08-16 15:51,79.00,64.00,6.00,M,30.14,0.00,10.00,SCT
NYC,2026-08-16 16:51,78.00,63.00,M,M,30.12,0.00,10.00,FEW
NYC,2026-08-16 17:51,77.00,62.00,5.00,M,30.11,0.00,10.00,FEW
NYC,2026-08-16 18:51,76.00,61.00,M,M,30.09,0.00,10.00,OVC
NYC,2026-08-16 19:51,76.00,62.00,M,M,30.07,T,10.00,OVC
NYC,2026-08-16 20:51,75.00,63.00,4.00,M,30.05,T,10.00,FEW
NYC,2026-08-16 21:51,73.00,64.00,8.00,200.00,30.03,T,10.00,SCT
NYC,2026-08-16 22:51,73.00,64.00,4.00,M,30.03,T,7.00,SCT
NYC,2026-08-16 23:13,72.00,65.00,7.00,230.00,30.03,0.0001,10.00,FEW
NYC,2026-08-16 23:35,70.00,65.00,0.00,0.00,30.03,0.0001,9.00,FEW
NYC,2026-08-16 23:51,71.00,64.00,4.00,M,30.03,T,10.00,SCT
NYC,2026-08-17 00:20,68.00,65.00,M,M,30.03,0.01,4.00,SCT
NYC,2026-08-17 00:29,68.00,66.00,0.00,0.00,30.03,0.01,6.00,BKN
NYC,2026-08-17 00:51,68.00,66.00,0.00,0.00,30.02,0.01,6.00,BKN
NYC,2026-08-17 01:03,68.00,66.00,M,M,30.03,0.0001,9.00,SCT
NYC,2026-08-17 01:21,68.00,66.00,4.00,M,30.03,0.0001,3.00,BKN
NYC,2026-08-17 01:51,67.00,66.00,M,M,30.02,0.03,3.00,BKN
NYC,2026-08-17 02:01,67.00,66.00,0.00,0.00,30.02,0.02,2.50,BKN
NYC,2026-08-17 02:05,67.00,66.00,M,M,30.01,0.02,3.00,SCT
NYC,2026-08-17 02:09,67.00,66.00,6.00,M,30.00,0.02,2.50,SCT
NYC,2026-08-17 02:13,67.00,66.00,5.00,M,30.00,0.04,3.00,SCT
NYC,2026-08-17 02:48,66.20,66.20,M,M,29.98,0.04,7.00,BKN
NYC,2026-08-17 02:51,67.00,66.00,4.00,M,29.98,0.04,7.00,BKN
NYC,2026-08-17 03:51,68.00,67.00,M,M,29.98,0.00,7.00,FEW
NYC,2026-08-17 04:51,68.00,67.00,3.00,M,29.95,T,10.00,BKN
NYC,2026-08-17 05:42,69.00,68.00,5.00,M,29.94,0.02,2.50,BKN
NYC,2026-08-17 05:51,69.00,68.00,4.00,M,29.93,0.07,1.50,BKN
NYC,2026-08-17 06:01,69.00,68.00,5.00,130.00,29.93,0.03,3.00,OVC
NYC,2026-08-17 06:27,69.00,69.00,M,M,29.92,0.06,2.50,BKN
NYC,2026-08-17 06:36,69.00,69.00,6.00,M,29.91,0.06,4.00,BKN
NYC,2026-08-17 06:51,69.00,69.00,M,M,29.91,0.06,2.50,BKN
NYC,2026-08-17 06:59,69.00,68.00,M,M,29.91,0.05,1.25,BKN
NYC,2026-08-17 07:12,69.00,69.00,4.00,M,29.90,0.09,1.50,SCT
NYC,2026-08-17 07:22,69.00,69.00,4.00,M,29.90,0.10,2.00,FEW
NYC,2026-08-17 07:29,69.00,69.00,M,M,29.90,0.11,1.75,SCT
NYC,2026-08-17 07:36,69.00,69.00,3.00,M,29.89,0.11,2.50,SCT
NYC,2026-08-17 07:51,69.00,69.00,M,M,29.89,0.13,2.00,BKN
NYC,2026-08-17 08:36,70.00,69.00,M,M,29.88,0.03,3.00,SCT
NYC,2026-08-17 08:43,70.00,69.00,M,M,29.88,0.03,3.00,FEW
NYC,2026-08-17 08:51,70.00,69.00,3.00,M,29.88,0.03,4.00,FEW
NYC,2026-08-17 09:07,70.00,70.00,0.00,0.00,29.87,0.02,2.00,SCT
NYC,2026-08-17 09:17,70.00,70.00,3.00,M,29.87,0.03,1.75,BKN
NYC,2026-08-17 09:47,69.80,69.80,M,M,29.86,0.09,2.00,SCT
NYC,2026-08-17 09:51,70.00,70.00,3.00,M,29.86,0.09,2.00,BKN
NYC,2026-08-17 10:51,71.00,71.00,0.00,0.00,29.87,0.05,2.00,OVC
NYC,2026-08-17 11:04,71.00,71.00,5.00,70.00,29.86,0.01,1.75,BKN
NYC,2026-08-17 11:43,71.00,71.00,6.00,60.00,29.86,0.05,2.00,OVC
NYC,2026-08-17 11:51,71.00,71.00,5.00,50.00,29.86,0.05,1.75,OVC
NYC,2026-08-17 12:00,71.00,70.00,5.00,M,29.86,0.00,2.50,OVC
NYC,2026-08-17 12:11,71.00,70.00,6.00,M,29.86,0.00,4.00,OVC
NYC,2026-08-17 12:51,71.00,71.00,5.00,M,29.86,0.00,7.00,OVC
NYC,2026-08-17 13:51,71.00,70.00,6.00,M,29.86,0.00,3.00,OVC
NYC,2026-08-17 14:51,71.00,71.00,4.00,M,29.87,0.00,8.00,OVC
NYC,2026-08-17 15:51,72.00,71.00,3.00,M,29.87,0.00,10.00,OVC
NYC,2026-08-17 16:09,72.00,71.00,3.00,M,29.87,0.00,10.00,OVC
NYC,2026-08-17 16:51,73.00,71.00,4.00,70.00,29.86,0.00,10.00,OVC
NYC,2026-08-17 17:30,75.00,71.00,5.00,M,29.86,0.00,10.00,BKN
NYC,2026-08-17 17:51,76.00,71.00,4.00,M,29.86,0.00,10.00,OVC
NYC,2026-08-17 18:23,78.00,71.00,7.00,60.00,29.85,0.00,10.00,SCT
NYC,2026-08-17 18:36,78.00,70.00,5.00,60.00,29.85,0.00,10.00,BKN
NYC,2026-08-17 18:51,79.00,70.00,6.00,360.00,29.85,0.00,10.00,BKN
NYC,2026-08-17 19:51,80.00,71.00,3.00,M,29.84,0.00,10.00,BKN
NYC,2026-08-17 20:51,80.00,70.00,4.00,M,29.83,0.00,10.00,SCT
NYC,2026-08-17 21:51,80.00,71.00,4.00,60.00,29.83,0.00,10.00,CLR
NYC,2026-08-17 22:51,77.00,72.00,0.00,0.00,29.82,0.00,10.00,CLR
NYC,2026-08-17 23:51,76.00,70.00,3.00,M,29.83,0.00,10.00,CLR
NYC,2026-08-18 00:51,74.00,71.00,3.00,M,29.84,0.00,10.00,CLR
NYC,2026-08-18 01:51,74.00,71.00,3.00,M,29.87,0.00,10.00,OVC
NYC,2026-08-18 02:51,74.00,71.00,3.00,60.00,29.87,0.00,10.00,BKN
NYC,2026-08-18 03:51,73.00,70.00,M,M,29.86,0.00,10.00,FEW
NYC,2026-08-18 04:51,73.00,70.00,3.00,M,29.88,0.00,10.00,FEW
NYC,2026-08-18 05:51,73.00,70.00,0.00,0.00,29.87,0.00,10.00,SCT
NYC,2026-08-18 06:51,73.00,70.00,0.00,0.00,29.86,0.00,10.00,BKN
NYC,2026-08-18 07:51,73.00,70.00,3.00,60.00,29.86,0.00,10.00,SCT
NYC,2026-08-18 08:00,73.00,70.00,3.00,60.00,29.86,0.00,10.00,BKN
NYC,2026-08-18 08:51,73.00,70.00,3.00,60.00,29.87,0.00,10.00,OVC
NYC,2026-08-18 09:33,72.00,71.00,3.00,40.00,29.87,0.04,1.75,OVC
NYC,2026-08-18 09:51,72.00,71.00,4.00,50.00,29.88,0.17,1.00,BKN
NYC,2026-08-18 10:32,72.00,71.00,0.00,0.00,29.88,0.13,1.50,SCT
NYC,2026-08-18 10:42,72.00,71.00,0.00,0.00,29.89,0.13,3.00,FEW
NYC,2026-08-18 10:51,72.00,71.00,0.00,0.00,29.89,0.13,4.00,SCT
NYC,2026-08-18 11:18,72.00,71.00,0.00,0.00,29.90,0.01,1.75,FEW
NYC,2026-08-18 11:38,72.00,72.00,0.00,0.00,29.90,0.01,3.00,BKN
NYC,2026-08-18 11:51,72.00,72.00,0.00,0.00,29.90,0.01,3.00,SCT
NYC,2026-08-18 12:24,73.00,72.00,3.00,300.00,29.91,0.01,3.00,BKN
NYC,2026-08-18 12:49,73.40,73.40,0.00,0.00,29.91,0.01,5.00,FEW
NYC,2026-08-18 12:51,73.00,73.00,0.00,0.00,29.91,0.01,5.00,SCT
NYC,2026-08-18 13:06,73.00,73.00,0.00,0.00,29.91,0.00,5.00,FEW
NYC,2026-08-18 13:51,74.00,73.00,0.00,0.00,29.92,0.00,10.00,FEW
NYC,2026-08-18 14:51,77.00,72.00,0.00,0.00,29.92,0.00,10.00,FEW
NYC,2026-08-18 15:51,80.00,70.00,3.00,M,29.92,0.00,10.00,FEW
NYC,2026-08-18 16:51,83.00,68.00,0.00,0.00,29.91,0.00,10.00,CLR
NYC,2026-08-18 17:51,85.00,69.00,M,M,29.89,0.00,10.00,BKN
NYC,2026-08-18 18:51,82.00,68.00,4.00,320.00,29.87,0.00,10.00,SCT
NYC,2026-08-18 19:51,81.00,69.00,4.00,M,29.87,0.00,10.00,FEW
NYC,2026-08-18 20:51,82.00,67.00,4.00,M,29.89,0.00,10.00,OVC
NYC,2026-08-18 21:51,82.00,64.00,5.00,310.00,29.89,0.00,10.00,OVC
NYC,2026-08-18 22:51,82.00,65.00,4.00,310.00,29.89,0.00,10.00,OVC
NYC,2026-08-18 23:51,80.00,63.00,4.00,300.00,29.90,0.00,10.00,BKN
NYC,2026-08-19 00:51,80.00,63.00,5.00,310.00,29.92,0.00,10.00,OVC
NYC,2026-08-19 01:51,78.00,61.00,0.00,0.00,29.93,0.00,10.00,BKN
NYC,2026-08-19 02:51,77.00,61.00,0.00,0.00,29.92,0.00,10.00,SCT
NYC,2026-08-19 03:51,75.00,59.00,0.00,0.00,29.92,0.00,10.00,CLR
NYC,2026-08-19 04:51,75.00,58.00,0.00,0.00,29.92,0.00,10.00,CLR
NYC,2026-08-19 05:51,75.00,58.00,0.00,0.00,29.92,0.00,10.00,SCT
NYC,2026-08-19 06:51,74.00,58.00,4.00,M,29.91,0.00,10.00,SCT
NYC,2026-08-19 07:51,74.00,58.00,0.00,0.00,29.92,0.00,10.00,OVC
NYC,2026-08-19 08:51,72.00,59.00,0.00,0.00,29.93,0.00,10.00,OVC
NYC,2026-08-19 09:51,69.00,59.00,0.00,0.00,29.93,0.00,10.00,CLR
NYC,2026-08-19 10:51,70.00,61.00,0.00,0.00,29.94,0.00,10.00,FEW
NYC,2026-08-19 11:51,73.00,61.00,0.00,0.00,29.94,0.00,10.00,CLR
NYC,2026-08-19 12:51,76.00,60.00,0.00,0.00,29.93,0.00,10.00,FEW
NYC,2026-08-19 13:51,79.00,61.00,4.00,290.00,29.93,0.00,10.00,CLR
NYC,2026-08-19 14:51,81.00,58.00,0.00,0.00,29.93,0.00,10.00,CLR
NYC,2026-08-19 15:51,82.00,61.00,4.00,M,29.92,0.00,10.00,CLR
NYC,2026-08-19 16:51,85.00,60.00,M,M,29.91,0.00,10.00,SCT
NYC,2026-08-19 17:51,83.00,62.00,4.00,M,29.91,0.00,10.00,SCT
NYC,2026-08-19 18:51,84.00,59.00,M,M,29.90,0.00,10.00,CLR
NYC,2026-08-19 19:51,83.00,59.00,6.00,290.00,29.90,0.00,10.00,CLR
NYC,2026-08-19 20:51,83.00,60.00,8.00,230.00,29.90,0.00,10.00,CLR
NYC,2026-08-19 21:51,82.00,60.00,3.00,M,29.91,0.00,10.00,CLR
NYC,2026-08-19 22:51,81.00,61.00,0.00,0.00,29.92,0.00,10.00,CLR
NYC,2026-08-19 23:51,81.00,60.00,3.00,290.00,29.92,0.00,10.00,CLR
NYC,2026-08-20 00:51,80.00,61.00,4.00,240.00,29.93,0.00,10.00,CLR
NYC,2026-08-20 01:51,79.00,62.00,4.00,240.00,29.94,0.00,10.00,CLR
NYC,2026-08-20 02:51,80.00,62.00,3.00,M,29.94,0.00,10.00,CLR
NYC,2026-08-20 03:51,78.00,63.00,6.00,270.00,29.95,0.00,10.00,CLR
NYC,2026-08-20 04:51,76.00,64.00,3.00,M,29.96,0.00,10.00,CLR
NYC,2026-08-20 05:51,75.00,64.00,0.00,0.00,29.96,0.00,10.00,CLR
NYC,2026-08-20 06:51,74.00,64.00,0.00,0.00,29.97,0.00,10.00,CLR
NYC,2026-08-20 07:51,73.00,64.00,0.00,0.00,29.98,0.00,10.00,CLR
NYC,2026-08-20 08:51,73.00,64.00,3.00,290.00,29.98,0.00,10.00,CLR
NYC,2026-08-20 09:51,72.00,65.00,0.00,0.00,29.98,0.00,10.00,CLR
NYC,2026-08-20 10:51,72.00,65.00,0.00,0.00,30.00,0.00,10.00,CLR
NYC,2026-08-20 11:51,74.00,65.00,0.00,0.00,30.01,0.00,10.00,CLR
NYC,2026-08-20 12:51,76.00,66.00,0.00,0.00,30.01,0.00,10.00,CLR
NYC,2026-08-20 13:51,81.00,66.00,0.00,0.00,30.01,0.00,10.00,CLR
NYC,2026-08-20 14:51,82.00,65.00,0.00,0.00,30.01,0.00,10.00,FEW
NYC,2026-08-20 15:51,84.00,66.00,3.00,110.00,30.01,0.00,10.00,FEW
NYC,2026-08-20 16:51,79.00,64.00,3.00,M,30.01,0.00,10.00,OVC
NYC,2026-08-20 17:51,79.00,66.00,3.00,M,30.00,T,10.00,FEW
NYC,2026-08-20 18:51,76.00,68.00,4.00,220.00,29.98,T,4.00,FEW
NYC,2026-08-20 19:51,75.00,70.00,3.00,70.00,29.95,T,10.00,BKN
NYC,2026-08-20 20:51,77.00,68.00,3.00,M,29.92,0.00,10.00,SCT
NYC,2026-08-20 21:47,73.40,71.60,6.00,50.00,29.94,0.03,1.75,FEW
NYC,2026-08-20 21:51,73.00,71.00,3.00,M,29.94,0.05,0.50,FEW
NYC,2026-08-20 21:56,72.00,71.00,6.00,M,29.96,0.10,0.25,SCT
NYC,2026-08-20 22:07,70.00,69.00,9.00,360.00,29.95,0.64,0.25,FEW
NYC,2026-08-20 22:18,69.00,68.00,10.00,30.00,29.96,1.02,0.50,FEW
NYC,2026-08-20 22:26,69.00,68.00,9.00,40.00,29.96,1.24,0.50,OVC
NYC,2026-08-20 22:34,68.00,68.00,7.00,10.00,29.96,1.47,0.50,SCT
NYC,2026-08-20 22:51,68.00,67.00,M,M,29.97,1.82,0.50,FEW
NYC,2026-08-20 23:03,67.00,66.00,10.00,20.00,29.96,0.14,2.00,BKN
NYC,2026-08-20 23:13,67.00,66.00,9.00,20.00,29.98,0.19,1.75,OVC
NYC,2026-08-20 23:45,66.20,64.40,7.00,50.00,29.98,0.42,2.00,OVC
NYC,2026-08-20 23:51,66.00,65.00,8.00,50.00,29.98,0.44,2.50,BKN
NYC,2026-08-21 00:00,66.00,65.00,8.00,30.00,29.98,0.01,4.00,BKN
NYC,2026-08-21 00:09,66.00,65.00,7.00,40.00,29.99,0.05,1.75,BKN
NYC,2026-08-21 00:21,66.00,65.00,M,M,29.99,0.09,2.50,BKN
NYC,2026-08-21 00:25,66.00,65.00,12.00,50.00,29.99,0.10,3.00,BKN
NYC,2026-08-21 00:51,66.00,65.00,7.00,20.00,30.01,0.12,7.00,BKN
NYC,2026-08-21 01:12,65.00,63.00,6.00,M,30.02,0.0001,7.00,BKN
NYC,2026-08-21 01:18,64.00,63.00,7.00,30.00,30.03,0.01,2.50,SCT
NYC,2026-08-21 01:26,63.00,62.00,7.00,10.00,30.02,0.04,2.50,BKN
NYC,2026-08-21 01:51,63.00,63.00,7.00,60.00,30.03,0.09,2.00,SCT
NYC,2026-08-21 01:54,63.00,62.00,6.00,M,30.03,0.02,1.50,FEW
NYC,2026-08-21 02:06,63.00,63.00,6.00,M,30.02,0.15,0.50,FEW
NYC,2026-08-21 02:12,63.00,63.00,4.00,M,30.02,0.33,1.00,FEW
NYC,2026-08-21 02:16,63.00,63.00,8.00,50.00,30.02,0.33,2.00,FEW
NYC,2026-08-21 02:22,63.00,63.00,5.00,M,30.02,0.34,4.00,BKN
NYC,2026-08-21 02:51,64.00,64.00,3.00,M,30.02,0.35,5.00,OVC
NYC,2026-08-21 03:41,64.00,63.00,5.00,10.00,30.01,0.0001,9.00,OVC
NYC,2026-08-21 03:51,64.00,63.00,4.00,M,30.01,T,9.00,OVC
NYC,2026-08-21 04:20,64.00,64.00,4.00,M,30.02,0.00,9.00,OVC
NYC,2026-08-21 04:51,65.00,64.00,3.00,M,30.01,0.00,10.00,SCT
NYC,2026-08-21 05:51,64.00,63.00,7.00,20.00,30.01,0.00,10.00,OVC
NYC,2026-08-21 06:51,64.00,62.00,5.00,M,30.01,0.00,10.00,OVC
NYC,2026-08-21 07:51,65.00,61.00,M,M,30.02,0.00,10.00,OVC
NYC,2026-08-21 08:41,64.00,62.00,4.00,M,30.03,0.0001,5.00,BKN
NYC,2026-08-21 08:51,63.00,62.00,7.00,30.00,30.03,T,5.00,BKN
NYC,2026-08-21 09:10,63.00,61.00,9.00,20.00,30.04,0.00,10.00,SCT
NYC,2026-08-21 09:51,64.00,60.00,M,M,30.05,0.00,10.00,OVC
NYC,2026-08-21 10:23,64.00,59.00,9.00,20.00,30.06,0.00,10.00,SCT
NYC,2026-08-21 10:51,65.00,58.00,9.00,30.00,30.07,0.00,10.00,OVC
NYC,2026-08-21 11:51,66.00,60.00,5.00,20.00,30.08,0.00,10.00,BKN
NYC,2026-08-21 12:51,67.00,58.00,3.00,M,30.09,0.00,10.00,CLR
NYC,2026-08-21 13:51,71.00,60.00,10.00,40.00,30.09,0.00,10.00,BKN
NYC,2026-08-21 14:51,71.00,60.00,7.00,20.00,30.10,0.00,10.00,OVC
NYC,2026-08-21 15:51,73.00,62.00,3.00,M,30.10,0.00,10.00,OVC
NYC,2026-08-21 16:51,74.00,62.00,7.00,340.00,30.10,0.00,10.00,SCT
NYC,2026-08-21 17:51,76.00,64.00,4.00,M,30.09,0.00,10.00,BKN
NYC,2026-08-21 18:51,75.00,64.00,0.00,0.00,30.09,0.00,10.00,BKN
NYC,2026-08-21 19:51,78.00,64.00,3.00,40.00,30.06,0.00,10.00,FEW
NYC,2026-08-21 20:51,76.00,65.00,3.00,M,30.06,0.00,10.00,FEW
NYC,2026-08-21 21:51,75.00,65.00,4.00,100.00,30.07,0.00,10.00,BKN
NYC,2026-08-21 22:51,74.00,65.00,4.00,M,30.07,0.00,10.00,OVC
NYC,2026-08-21 23:51,73.00,65.00,8.00,50.00,30.07,0.00,10.00,OVC
NYC,2026-08-22 00:51,71.00,65.00,0.00,0.00,30.08,0.00,10.00,CLR
NYC,2026-08-22 01:51,71.00,64.00,4.00,60.00,30.10,0.00,10.00,CLR
NYC,2026-08-22 02:51,70.00,63.00,0.00,0.00,30.10,0.00,10.00,CLR
NYC,2026-08-22 03:51,70.00,63.00,3.00,110.00,30.10,0.00,10.00,CLR
NYC,2026-08-22 04:51,69.00,63.00,3.00,40.00,30.09,0.00,10.00,CLR
NYC,2026-08-22 05:51,69.00,63.00,0.00,0.00,30.09,0.00,10.00,CLR
NYC,2026-08-22 06:51,70.00,62.00,4.00,50.00,30.08,0.00,10.00,CLR
NYC,2026-08-22 07:51,69.00,62.00,3.00,M,30.07,0.00,10.00,CLR
NYC,2026-08-22 08:51,69.00,61.00,6.00,60.00,30.07,0.00,10.00,CLR
NYC,2026-08-22 09:51,68.00,60.00,0.00,0.00,30.07,0.00,10.00,CLR
NYC,2026-08-22 10:51,68.00,60.00,0.00,0.00,30.08,0.00,10.00,CLR
NYC,2026-08-22 11:51,69.00,62.00,3.00,60.00,30.09,0.00,10.00,FEW
NYC,2026-08-22 12:51,70.00,64.00,4.00,60.00,30.09,0.00,10.00,CLR
NYC,2026-08-22 13:51,71.00,63.00,5.00,100.00,30.07,0.00,10.00,CLR
NYC,2026-08-22 14:51,72.00,63.00,4.00,M,30.08,0.00,10.00,CLR
NYC,2026-08-22 15:51,74.00,63.00,0.00,0.00,30.07,0.00,10.00,FEW
NYC,2026-08-22 16:51,73.00,64.00,3.00,M,30.06,0.00,10.00,OVC
NYC,2026-08-22 17:51,76.00,63.00,0.00,0.00,30.05,0.00,10.00,FEW
NYC,2026-08-22 18:51,75.00,64.00,0.00,0.00,30.03,0.00,10.00,FEW
NYC,2026-08-22 19:51,76.00,64.00,5.00,M,30.01,0.00,10.00,FEW
NYC,2026-08-22 20:51,76.00,65.00,7.00,70.00,30.00,0.00,10.00,CLR
NYC,2026-08-22 21:51,74.00,66.00,4.00,M,29.98,0.00,10.00,CLR
NYC,2026-08-22 22:51,72.00,68.00,4.00,M,29.97,T,10.00,SCT
NYC,2026-08-22 22:58,71.00,68.00,3.00,M,29.97,0.0001,10.00,BKN
NYC,2026-08-22 23:51,71.00,67.00,M,M,29.97,T,10.00,FEW
NYC,2026-08-23 00:12,71.00,67.00,3.00,M,29.97,0.00,10.00,FEW
NYC,2026-08-23 00:51,70.00,66.00,M,M,29.98,0.00,10.00,SCT
NYC,2026-08-23 01:09,70.00,66.00,M,M,29.98,0.00,10.00,BKN
NYC,2026-08-23 01:19,71.00,66.00,3.00,M,29.98,0.00,10.00,SCT
NYC,2026-08-23 01:31,71.00,66.00,3.00,M,29.98,0.00,10.00,BKN
NYC,2026-08-23 01:51,71.00,66.00,M,M,29.98,0.00,10.00,BKN
NYC,2026-08-23 02:51,70.00,65.00,0.00,0.00,29.97,0.00,10.00,BKN
NYC,2026-08-23 03:51,70.00,66.00,0.00,0.00,29.94,0.00,10.00,BKN
NYC,2026-08-23 04:14,69.00,65.00,M,M,29.94,0.00,10.00,SCT
NYC,2026-08-23 04:36,70.00,66.00,5.00,120.00,29.93,0.00,10.00,BKN
NYC,2026-08-23 04:51,70.00,66.00,0.00,0.00,29.93,0.00,10.00,BKN
NYC,2026-08-23 05:51,70.00,66.00,0.00,0.00,29.91,0.00,10.00,BKN
NYC,2026-08-23 06:51,70.00,66.00,4.00,M,29.89,0.00,10.00,BKN
NYC,2026-08-23 07:29,70.00,66.00,4.00,100.00,29.88,0.00,10.00,BKN
NYC,2026-08-23 07:42,71.00,67.00,4.00,M,29.86,0.00,10.00,SCT
NYC,2026-08-23 07:51,70.00,67.00,5.00,M,29.86,0.00,10.00,FEW
NYC,2026-08-23 08:10,70.00,67.00,3.00,130.00,29.86,0.00,10.00,FEW
NYC,2026-08-23 08:35,70.00,67.00,4.00,70.00,29.85,0.00,10.00,BKN
NYC,2026-08-23 08:51,71.00,67.00,3.00,80.00,29.84,0.00,10.00,BKN
NYC,2026-08-23 09:31,71.00,68.00,3.00,M,29.83,0.00,10.00,SCT
NYC,2026-08-23 09:40,71.00,68.00,5.00,M,29.82,0.00,10.00,SCT
NYC,2026-08-23 09:48,71.60,68.00,5.00,M,29.82,0.00,10.00,SCT
NYC,2026-08-23 09:51,71.00,68.00,6.00,50.00,29.82,T,9.00,BKN
NYC,2026-08-23 10:05,70.00,69.00,3.00,60.00,29.83,0.03,3.00,SCT
NYC,2026-08-23 10:13,70.00,69.00,4.00,80.00,29.83,0.07,1.75,SCT
NYC,2026-08-23 10:28,69.00,69.00,3.00,320.00,29.84,0.14,1.00,FEW
NYC,2026-08-23 10:35,69.00,69.00,3.00,350.00,29.84,0.21,0.75,FEW
NYC,2026-08-23 10:51,68.00,68.00,0.00,0.00,29.85,0.47,0.25,BKN
NYC,2026-08-23 10:58,68.00,68.00,0.00,0.00,29.84,0.29,0.50,BKN
NYC,2026-08-23 11:08,68.00,68.00,0.00,0.00,29.84,0.45,1.00,FEW
NYC,2026-08-23 11:24,68.00,68.00,3.00,60.00,29.84,0.49,3.00,FEW
NYC,2026-08-23 11:51,68.00,67.00,0.00,0.00,29.83,0.49,8.00,SCT
NYC,2026-08-23 12:51,70.00,70.00,0.00,0.00,29.85,0.00,10.00,BKN
NYC,2026-08-23 13:51,72.00,69.00,0.00,0.00,29.86,0.00,10.00,FEW
NYC,2026-08-23 14:51,74.00,68.00,0.00,0.00,29.87,0.00,10.00,FEW
NYC,2026-08-23 15:51,77.00,68.00,4.00,M,29.85,0.00,10.00,FEW
NYC,2026-08-23 16:51,77.00,68.00,0.00,0.00,29.85,0.00,10.00,FEW
NYC,2026-08-23 17:51,77.00,66.00,6.00,M,29.83,0.00,10.00,SCT
NYC,2026-08-23 18:51,78.00,66.00,M,M,29.83,0.00,10.00,FEW
NYC,2026-08-23 19:51,79.00,63.00,3.00,M,29.82,0.00,10.00,SCT
NYC,2026-08-23 20:51,78.00,63.00,6.00,230.00,29.82,0.00,10.00,CLR
NYC,2026-08-23 21:51,79.00,60.00,6.00,M,29.83,0.00,10.00,CLR
NYC,2026-08-23 22:51,77.00,60.00,3.00,M,29.84,0.00,10.00,SCT
NYC,2026-08-23 23:51,77.00,60.00,0.00,0.00,29.86,0.00,10.00,BKN
NYC,2026-08-24 00:51,75.00,58.00,7.00,230.00,29.89,0.00,10.00,FEW
NYC,2026-08-24 01:51,74.00,59.00,3.00,M,29.91,0.00,10.00,BKN
NYC,2026-08-24 02:51,73.00,60.00,0.00,0.00,29.92,0.00,10.00,OVC
NYC,2026-08-24 03:51,72.00,60.00,3.00,M,29.92,0.00,10.00,CLR
NYC,2026-08-24 04:51,70.00,58.00,3.00,220.00,29.92,0.00,10.00,CLR
NYC,2026-08-24 05:51,69.00,56.00,0.00,0.00,29.93,0.00,10.00,CLR
NYC,2026-08-24 06:51,68.00,55.00,0.00,0.00,29.93,0.00,10.00,CLR
NYC,2026-08-24 07:51,67.00,56.00,3.00,240.00,29.93,0.00,10.00,CLR
NYC,2026-08-24 08:51,67.00,56.00,0.00,0.00,29.93,0.00,10.00,CLR
NYC,2026-08-24 09:51,66.00,57.00,3.00,M,29.94,0.00,10.00,CLR
NYC,2026-08-24 10:51,65.00,59.00,0.00,0.00,29.95,0.00,10.00,CLR
NYC,2026-08-24 11:51,70.00,61.00,0.00,0.00,29.96,0.00,10.00,CLR
NYC,2026-08-24 12:51,72.00,58.00,0.00,0.00,29.96,0.00,10.00,CLR
NYC,2026-08-24 13:51,73.00,59.00,5.00,M,29.96,0.00,10.00,BKN
NYC,2026-08-24 14:51,75.00,57.00,6.00,M,29.97,0.00,10.00,BKN
NYC,2026-08-24 15:51,76.00,58.00,3.00,M,29.97,0.00,10.00,FEW
NYC,2026-08-24 16:51,77.00,58.00,4.00,M,29.96,0.00,10.00,CLR
NYC,2026-08-24 17:51,78.00,59.00,M,M,29.95,0.00,10.00,FEW
NYC,2026-08-24 18:51,79.00,58.00,M,M,29.94,0.00,10.00,FEW
NYC,2026-08-24 19:51,76.00,60.00,5.00,240.00,29.95,0.00,10.00,BKN
NYC,2026-08-24 20:51,76.00,58.00,0.00,0.00,29.94,0.00,10.00,BKN
NYC,2026-08-24 21:51,78.00,56.00,3.00,M,29.95,0.00,10.00,SCT
NYC,2026-08-24 22:51,75.00,54.00,M,M,29.96,0.00,10.00,FEW
NYC,2026-08-24 23:51,73.00,55.00,3.00,M,29.98,0.00,10.00,CLR
NYC,2026-08-25 00:51,73.00,53.00,5.00,M,29.99,0.00,10.00,CLR
NYC,2026-08-25 01:51,72.00,55.00,4.00,M,30.01,0.00,10.00,CLR
NYC,2026-08-25 02:51,70.00,55.00,3.00,M,30.01,0.00,10.00,CLR
NYC,2026-08-25 03:51,69.00,55.00,5.00,M,30.02,0.00,10.00,CLR
NYC,2026-08-25 04:51,68.00,55.00,0.00,0.00,30.01,0.00,10.00,CLR
NYC,2026-08-25 05:51,68.00,53.00,4.00,M,30.00,0.00,10.00,CLR
NYC,2026-08-25 06:51,66.00,54.00,3.00,M,30.00,0.00,10.00,CLR
NYC,2026-08-25 07:51,65.00,55.00,3.00,M,30.00,0.00,10.00,CLR
NYC,2026-08-25 08:51,65.00,54.00,4.00,M,30.00,0.00,10.00,CLR
NYC,2026-08-25 09:51,64.00,55.00,3.00,270.00,30.02,0.00,10.00,CLR
NYC,2026-08-25 10:51,64.00,56.00,0.00,0.00,30.03,0.00,10.00,CLR
NYC,2026-08-25 11:51,65.00,56.00,0.00,0.00,30.04,0.00,10.00,CLR
NYC,2026-08-25 12:51,67.00,57.00,4.00,300.00,30.04,0.00,10.00,CLR
NYC,2026-08-25 13:51,70.00,57.00,4.00,M,30.04,0.00,10.00,CLR
NYC,2026-08-25 14:51,72.00,58.00,6.00,280.00,30.04,0.00,10.00,FEW
NYC,2026-08-25 15:51,74.00,59.00,3.00,280.00,30.04,0.00,10.00,SCT
NYC,2026-08-25 16:51,74.00,58.00,6.00,M,30.02,0.00,10.00,FEW
NYC,2026-08-25 17:51,75.00,59.00,5.00,M,30.02,0.00,10.00,FEW
NYC,2026-08-25 18:51,76.00,58.00,M,M,30.01,0.00,10.00,FEW
NYC,2026-08-25 19:51,76.00,58.00,8.00,310.00,30.00,0.00,10.00,FEW
NYC,2026-08-25 20:51,77.00,57.00,6.00,M,29.99,0.00,10.00,BKN
NYC,2026-08-25 21:51,76.00,58.00,M,M,30.00,0.00,10.00,BKN
NYC,2026-08-25 22:51,75.00,57.00,4.00,M,30.00,0.00,10.00,CLR
NYC,2026-08-25 23:51,74.00,58.00,3.00,M,30.01,0.00,10.00,CLR
NYC,2026-08-26 00:51,73.00,59.00,0.00,0.00,30.04,0.00,10.00,CLR
NYC,2026-08-26 01:51,73.00,59.00,3.00,M,30.06,0.00,10.00,SCT
NYC,2026-08-26 02:51,72.00,59.00,3.00,300.00,30.07,0.00,10.00,BKN
NYC,2026-08-26 03:51,71.00,59.00,3.00,M,30.07,0.00,10.00,FEW
NYC,2026-08-26 04:51,69.00,59.00,4.00,M,30.08,0.00,10.00,CLR
NYC,2026-08-26 05:51,68.00,59.00,0.00,0.00,30.08,0.00,10.00,CLR
NYC,2026-08-26 06:51,67.00,59.00,3.00,270.00,30.08,0.00,10.00,CLR
NYC,2026-08-26 07:51,66.00,59.00,0.00,0.00,30.09,0.00,10.00,CLR
NYC,2026-08-26 08:51,66.00,59.00,6.00,300.00,30.08,0.00,10.00,CLR
NYC,2026-08-26 09:51,65.00,59.00,3.00,300.00,30.10,0.00,10.00,CLR
NYC,2026-08-26 10:51,65.00,59.00,3.00,M,30.11,0.00,10.00,CLR
NYC,2026-08-26 11:51,66.00,59.00,5.00,290.00,30.12,0.00,10.00,CLR
NYC,2026-08-26 12:51,68.00,59.00,3.00,M,30.13,0.00,10.00,CLR
NYC,2026-08-26 13:51,73.00,59.00,0.00,0.00,30.12,0.00,10.00,CLR
NYC,2026-08-26 14:51,73.00,59.00,3.00,M,30.12,0.00,10.00,CLR
NYC,2026-08-26 15:51,76.00,59.00,3.00,M,30.12,0.00,10.00,CLR
NYC,2026-08-26 16:51,77.00,59.00,4.00,M,30.11,0.00,10.00,CLR
NYC,2026-08-26 17:51,79.00,57.00,0.00,0.00,30.10,0.00,10.00,CLR
NYC,2026-08-26 18:51,80.00,57.00,0.00,0.00,30.08,0.00,10.00,CLR
NYC,2026-08-26 19:51,79.00,59.00,0.00,0.00,30.07,0.00,10.00,FEW
NYC,2026-08-26 20:51,78.00,59.00,3.00,M,30.07,0.00,10.00,CLR
NYC,2026-08-26 21:51,76.00,62.00,3.00,M,30.06,0.00,10.00,CLR
NYC,2026-08-26 22:51,75.00,64.00,0.00,0.00,30.07,0.00,10.00,CLR
NYC,2026-08-26 23:51,73.00,64.00,0.00,0.00,30.06,0.00,10.00,CLR
NYC,2026-08-27 00:51,73.00,65.00,3.00,M,30.07,0.00,10.00,CLR
NYC,2026-08-27 01:51,73.00,67.00,0.00,0.00,30.08,0.00,10.00,CLR
NYC,2026-08-27 02:51,73.00,66.00,3.00,M,30.08,0.00,10.00,OVC
NYC,2026-08-27 03:51,73.00,65.00,0.00,0.00,30.08,0.00,10.00,FEW
NYC,2026-08-27 04:51,74.00,64.00,0.00,0.00,30.08,0.00,10.00,BKN
NYC,2026-08-27 05:51,72.00,65.00,4.00,M,30.07,0.00,10.00,CLR
NYC,2026-08-27 06:51,72.00,65.00,3.00,M,30.07,0.00,10.00,CLR
NYC,2026-08-27 07:51,71.00,66.00,5.00,M,30.07,0.00,10.00,CLR
NYC,2026-08-27 08:51,72.00,67.00,4.00,M,30.06,0.00,10.00,CLR
NYC,2026-08-27 09:51,71.00,67.00,5.00,M,30.07,0.00,10.00,CLR
NYC,2026-08-27 10:51,73.00,67.00,6.00,230.00,30.08,0.00,10.00,SCT
NYC,2026-08-27 11:51,73.00,67.00,4.00,M,30.07,T,10.00,BKN
NYC,2026-08-27 12:51,72.00,68.00,0.00,0.00,30.08,T,10.00,BKN
NYC,2026-08-27 13:51,71.00,67.00,0.00,0.00,30.08,T,4.00,SCT
NYC,2026-08-27 14:01,70.00,68.00,0.00,0.00,30.09,0.03,1.75,SCT
NYC,2026-08-27 14:12,70.00,68.00,0.00,0.00,30.08,0.05,3.00,BKN
NYC,2026-08-27 14:51,72.00,71.00,0.00,0.00,30.06,0.05,5.00,FEW
NYC,2026-08-27 15:51,75.00,72.00,M,M,30.05,T,10.00,SCT
NYC,2026-08-27 16:51,75.00,70.00,7.00,140.00,30.03,0.00,10.00,SCT
NYC,2026-08-27 17:40,73.00,71.00,M,M,30.05,0.01,10.00,BKN
NYC,2026-08-27 17:51,73.00,71.00,M,M,30.06,0.02,6.00,BKN
NYC,2026-08-27 18:13,73.00,71.00,M,M,30.05,0.02,6.00,BKN
NYC,2026-08-27 18:23,73.00,72.00,M,M,30.04,0.02,6.00,SCT
NYC,2026-08-27 18:51,73.00,72.00,4.00,M,30.05,0.02,7.00,BKN
NYC,2026-08-27 19:13,72.00,71.00,4.00,M,30.04,0.0001,7.00,SCT
NYC,2026-08-27 19:42,70.00,69.00,M,M,30.03,0.01,1.75,FEW
NYC,2026-08-27 19:51,80.00,70.00,M,M,30.03,0.09,0.50,BKN
NYC,2026-08-27 19:59,71.00,70.00,M,M,30.04,0.06,2.00,SCT
NYC,2026-08-27 20:06,71.00,70.00,7.00,160.00,30.04,0.06,4.00,FEW
NYC,2026-08-27 20:21,72.00,71.00,6.00,M,30.02,0.08,2.00,FEW
NYC,2026-08-27 20:51,71.00,70.00,M,M,30.01,0.14,1.00,BKN
NYC,2026-08-27 21:09,71.00,71.00,M,M,30.01,0.06,2.00,FEW
NYC,2026-08-27 21:16,71.00,71.00,6.00,M,30.01,0.08,1.50,FEW
NYC,2026-08-27 21:27,71.00,71.00,M,M,30.00,0.09,2.00,FEW
NYC,2026-08-27 21:37,72.00,71.00,M,M,30.00,0.10,1.50,FEW
NYC,2026-08-27 21:51,72.00,71.00,5.00,210.00,29.99,0.13,2.00,FEW
NYC,2026-08-27 22:04,71.00,71.00,4.00,M,29.99,0.0001,1.75,FEW
NYC,2026-08-27 22:11,71.00,71.00,M,M,29.99,0.0001,2.50,FEW
NYC,2026-08-27 22:24,71.00,71.00,6.00,M,29.99,0.0001,3.00,FEW
NYC,2026-08-27 22:44,71.00,71.00,4.00,M,29.98,0.0001,1.75,BKN
NYC,2026-08-27 22:51,71.00,71.00,4.00,200.00,29.98,T,1.75,FEW
NYC,2026-08-27 23:00,71.00,71.00,5.00,M,29.97,0.00,2.50,FEW
NYC,2026-08-27 23:09,71.00,71.00,M,M,29.97,0.00,3.00,FEW
NYC,2026-08-27 23:51,72.00,71.00,4.00,M,29.97,T,6.00,SCT
NYC,2026-08-28 00:51,70.00,68.00,0.00,0.00,30.01,0.00,10.00,CLR
NYC,2026-08-28 01:51,69.00,68.00,0.00,0.00,30.01,0.00,10.00,CLR
NYC,2026-08-28 02:51,69.00,68.00,0.00,0.00,30.02,0.00,9.00,CLR
NYC,2026-08-28 03:51,70.00,67.00,3.00,260.00,30.02,0.00,10.00,CLR
NYC,2026-08-28 04:51,70.00,67.00,0.00,0.00,30.02,T,10.00,FEW
NYC,2026-08-28 05:51,70.00,68.00,0.00,0.00,30.02,0.00,10.00,FEW
NYC,2026-08-28 06:51,69.00,67.00,0.00,0.00,29.97,0.00,10.00,CLR
NYC,2026-08-28 07:51,69.00,67.00,0.00,0.00,29.97,0.00,10.00,CLR
NYC,2026-08-28 08:51,69.00,67.00,0.00,0.00,29.99,0.00,10.00,BKN
NYC,2026-08-28 09:51,68.00,67.00,0.00,0.00,29.99,0.00,10.00,FEW
NYC,2026-08-28 10:51,69.00,67.00,3.00,290.00,30.00,0.00,10.00,CLR
NYC,2026-08-28 11:51,71.00,67.00,3.00,300.00,30.02,0.00,10.00,CLR
NYC,2026-08-28 12:51,72.00,67.00,3.00,300.00,30.03,0.00,10.00,CLR
NYC,2026-08-28 13:51,73.00,68.00,0.00,0.00,30.04,0.00,10.00,CLR
NYC,2026-08-28 14:51,76.00,68.00,4.00,310.00,30.05,0.00,10.00,CLR
NYC,2026-08-28 15:51,78.00,66.00,0.00,0.00,30.05,0.00,10.00,CLR
NYC,2026-08-28 16:51,80.00,65.00,4.00,M,30.03,0.00,10.00,CLR
NYC,2026-08-28 17:51,82.00,67.00,M,M,30.03,0.00,10.00,CLR
NYC,2026-08-28 18:51,82.00,64.00,0.00,0.00,30.02,0.00,10.00,SCT
NYC,2026-08-28 19:51,81.00,67.00,3.00,M,30.02,0.00,10.00,SCT
NYC,2026-08-28 20:51,81.00,67.00,3.00,30.00,30.02,0.00,10.00,FEW
NYC,2026-08-28 21:51,80.00,68.00,5.00,M,30.03,0.00,10.00,BKN
NYC,2026-08-28 22:51,80.00,65.00,3.00,M,30.03,0.00,10.00,CLR
NYC,2026-08-28 23:51,80.00,60.00,0.00,0.00,30.04,0.00,10.00,CLR
NYC,2026-08-29 00:51,78.00,60.00,3.00,10.00,30.07,0.00,10.00,CLR
NYC,2026-08-29 01:51,76.00,59.00,3.00,M,30.09,0.00,10.00,CLR
NYC,2026-08-29 02:51,73.00,59.00,0.00,0.00,30.10,0.00,10.00,CLR
NYC,2026-08-29 03:51,71.00,57.00,5.00,330.00,30.12,0.00,10.00,CLR
NYC,2026-08-29 04:51,69.00,56.00,3.00,M,30.15,0.00,10.00,CLR
NYC,2026-08-29 05:51,69.00,55.00,3.00,M,30.15,0.00,10.00,CLR
NYC,2026-08-29 06:51,67.00,56.00,0.00,0.00,30.17,0.00,10.00,CLR
NYC,2026-08-29 07:51,66.00,57.00,4.00,M,30.18,0.00,10.00,FEW
NYC,2026-08-29 08:51,65.00,55.00,3.00,360.00,30.20,0.00,10.00,FEW
NYC,2026-08-29 09:51,64.00,54.00,4.00,30.00,30.21,0.00,10.00,CLR
NYC,2026-08-29 10:51,64.00,53.00,7.00,360.00,30.23,0.00,10.00,CLR
NYC,2026-08-29 11:51,64.00,53.00,5.00,M,30.25,0.00,10.00,CLR
NYC,2026-08-29 12:51,66.00,53.00,5.00,M,30.25,0.00,10.00,CLR
NYC,2026-08-29 13:51,69.00,52.00,5.00,360.00,30.26,0.00,10.00,CLR
NYC,2026-08-29 14:51,71.00,52.00,6.00,M,30.27,0.00,10.00,CLR
NYC,2026-08-29 15:51,72.00,52.00,4.00,M,30.27,0.00,10.00,CLR
NYC,2026-08-29 16:51,73.00,48.00,M,M,30.26,0.00,10.00,CLR
NYC,2026-08-29 17:51,75.00,50.00,M,M,30.26,0.00,10.00,CLR
NYC,2026-08-29 18:51,74.00,47.00,0.00,0.00,30.24,0.00,10.00,CLR
NYC,2026-08-29 19:51,75.00,48.00,3.00,340.00,30.23,0.00,10.00,CLR
NYC,2026-08-29 20:51,75.00,50.00,0.00,0.00,30.22,0.00,10.00,CLR
NYC,2026-08-29 21:51,74.00,51.00,4.00,270.00,30.19,0.00,10.00,CLR
NYC,2026-08-29 22:51,74.00,50.00,4.00,M,30.21,0.00,10.00,CLR
NYC,2026-08-29 23:51,73.00,51.00,0.00,0.00,30.21,0.00,10.00,CLR
NYC,2026-08-30 00:51,71.00,51.00,0.00,0.00,30.20,0.00,10.00,CLR
NYC,2026-08-30 01:51,71.00,52.00,3.00,M,30.22,0.00,10.00,CLR
NYC,2026-08-30 02:51,70.00,52.00,5.00,220.00,30.22,0.00,10.00,CLR
NYC,2026-08-30 03:51,70.00,53.00,0.00,0.00,30.22,0.00,10.00,CLR
NYC,2026-08-30 04:51,70.00,53.00,4.00,260.00,30.22,0.00,10.00,CLR
NYC,2026-08-30 05:51,68.00,57.00,5.00,230.00,30.23,0.00,10.00,CLR
NYC,2026-08-30 06:51,68.00,57.00,4.00,240.00,30.23,0.00,10.00,CLR
NYC,2026-08-30 07:51,68.00,57.00,4.00,240.00,30.23,0.00,10.00,CLR
NYC,2026-08-30 08:51,68.00,57.00,0.00,0.00,30.22,0.00,10.00,CLR
NYC,2026-08-30 09:51,67.00,56.00,3.00,250.00,30.22,0.00,10.00,CLR
NYC,2026-08-30 10:51,67.00,55.00,0.00,0.00,30.22,0.00,10.00,CLR
NYC,2026-08-30 11:51,69.00,57.00,0.00,0.00,30.22,0.00,10.00,CLR
NYC,2026-08-30 12:51,71.00,56.00,3.00,M,30.22,0.00,10.00,CLR
NYC,2026-08-30 13:51,73.00,57.00,7.00,210.00,30.21,0.00,10.00,CLR
NYC,2026-08-30 14:51,75.00,62.00,M,M,30.19,0.00,10.00,SCT
NYC,2026-08-30 15:51,76.00,63.00,0.00,0.00,30.18,0.00,10.00,SCT
NYC,2026-08-30 16:51,74.00,64.00,5.00,M,30.16,0.00,10.00,BKN
NYC,2026-08-30 17:51,75.00,66.00,M,M,30.15,0.00,10.00,SCT
NYC,2026-08-30 18:51,77.00,67.00,3.00,M,30.13,0.00,10.00,OVC
NYC,2026-08-30 19:51,76.00,68.00,5.00,M,30.11,0.00,10.00,OVC
NYC,2026-08-30 20:51,78.00,70.00,0.00,0.00,30.09,0.00,10.00,BKN
NYC,2026-08-30 21:51,78.00,69.00,7.00,240.00,30.09,0.00,10.00,BKN
NYC,2026-08-30 22:51,78.00,69.00,M,M,30.08,0.00,10.00,BKN
NYC,2026-08-30 23:51,78.00,69.00,0.00,0.00,30.09,0.00,10.00,OVC
NYC,2026-09-01 00:51,71.00,66.00,4.00,M,30.10,T,10.00,OVC
NYC,2026-09-01 01:51,71.00,66.00,0.00,0.00,30.10,0.01,10.00,OVC
NYC,2026-09-01 02:51,71.00,66.00,3.00,M,30.09,0.00,10.00,SCT
NYC,2026-09-01 03:51,71.00,67.00,0.00,0.00,30.08,T,10.00,BKN
NYC,2026-09-01 04:24,72.00,67.00,3.00,M,30.07,0.0001,10.00,BKN
NYC,2026-09-01 04:51,70.00,68.00,0.00,0.00,30.08,0.02,4.00,OVC
NYC,2026-09-01 04:58,69.00,69.00,0.00,0.00,30.08,0.04,1.75,OVC
NYC,2026-09-01 05:08,69.00,69.00,0.00,0.00,30.07,0.07,3.00,OVC
NYC,2026-09-01 05:29,69.00,69.00,0.00,0.00,30.07,0.09,2.00,OVC
NYC,2026-09-01 05:41,69.00,69.00,0.00,0.00,30.07,0.10,3.00,OVC
NYC,2026-09-01 05:51,69.00,69.00,0.00,0.00,30.06,0.11,3.00,OVC
NYC,2026-09-01 06:38,70.00,69.00,0.00,0.00,30.05,0.0001,3.00,OVC
NYC,2026-09-01 06:51,70.00,69.00,5.00,M,30.05,0.02,2.00,OVC
NYC,2026-09-01 07:17,70.00,70.00,3.00,M,30.04,0.0001,4.00,OVC
NYC,2026-09-01 07:44,70.00,70.00,3.00,M,30.04,0.0001,1.75,OVC
NYC,2026-09-01 07:51,70.00,70.00,0.00,0.00,30.04,0.01,2.00,OVC
NYC,2026-09-01 07:59,70.00,70.00,0.00,0.00,30.04,0.0001,3.00,OVC
NYC,2026-09-01 08:05,70.00,70.00,0.00,0.00,30.04,0.0001,2.50,OVC
NYC,2026-09-01 08:17,70.00,70.00,0.00,0.00,30.04,0.01,1.25,OVC
NYC,2026-09-01 08:27,70.00,70.00,0.00,0.00,30.04,0.02,3.00,OVC
NYC,2026-09-01 08:34,70.00,70.00,0.00,0.00,30.04,0.02,2.50,OVC
NYC,2026-09-01 08:51,70.00,70.00,0.00,0.00,30.04,0.02,3.00,BKN
NYC,2026-09-01 09:36,71.00,70.00,0.00,0.00,30.02,0.00,2.50,BKN
NYC,2026-09-01 09:48,69.80,69.80,0.00,0.00,30.03,0.00,3.00,BKN
NYC,2026-09-01 09:51,71.00,70.00,0.00,0.00,30.03,0.00,3.00,BKN
NYC,2026-09-01 10:11,71.00,70.00,0.00,0.00,30.03,0.00,4.00,SCT
NYC,2026-09-01 10:32,71.00,70.00,0.00,0.00,30.03,0.00,2.00,CLR
NYC,2026-09-01 10:48,71.60,71.60,0.00,0.00,30.03,0.00,1.75,FEW
NYC,2026-09-01 10:51,71.00,71.00,0.00,0.00,30.03,0.00,2.00,FEW
NYC,2026-09-01 11:01,71.00,71.00,M,M,30.04,0.00,1.50,FEW
NYC,2026-09-01 11:28,71.00,71.00,0.00,0.00,30.03,0.00,2.50,FEW
NYC,2026-09-01 11:51,72.00,71.00,0.00,0.00,30.03,T,1.75,FEW
NYC,2026-09-01 12:37,73.00,72.00,0.00,0.00,30.02,0.0001,2.50,SCT
NYC,2026-09-01 12:51,73.00,73.00,0.00,0.00,30.03,T,1.75,BKN
NYC,2026-09-01 13:00,74.00,73.00,0.00,0.00,30.02,0.00,2.50,OVC
NYC,2026-09-01 13:48,73.40,73.40,0.00,0.00,30.02,0.00,3.00,FEW
NYC,2026-09-01 13:51,74.00,72.00,0.00,0.00,30.02,0.00,3.00,FEW
NYC,2026-09-01 14:33,74.00,73.00,0.00,0.00,30.03,0.0001,1.75,FEW
NYC,2026-09-01 14:48,73.40,73.40,0.00,0.00,30.04,0.01,2.50,FEW
NYC,2026-09-01 14:51,74.00,73.00,3.00,M,30.04,0.01,2.50,FEW
NYC,2026-09-01 15:02,73.00,72.00,0.00,0.00,30.04,0.0001,1.50,FEW
NYC,2026-09-01 15:39,73.00,73.00,0.00,0.00,30.04,0.05,0.75,FEW
NYC,2026-09-01 15:51,73.00,73.00,0.00,0.00,30.02,0.08,1.00,FEW
NYC,2026-09-01 15:59,73.00,73.00,0.00,0.00,30.02,0.0001,0.50,FEW
NYC,2026-09-01 16:47,75.20,75.20,0.00,0.00,30.00,0.01,1.25,BKN
NYC,2026-09-01 16:51,76.00,75.00,0.00,0.00,30.00,0.01,1.50,BKN
NYC,2026-09-01 16:58,76.00,75.00,0.00,0.00,30.00,0.00,3.00,BKN
NYC,2026-09-01 17:08,75.00,74.00,4.00,240.00,30.00,0.00,2.50,BKN
NYC,2026-09-01 17:46,77.00,75.20,0.00,0.00,29.97,0.01,4.00,FEW
NYC,2026-09-01 17:51,78.00,75.00,3.00,40.00,29.98,0.01,5.00,FEW
NYC,2026-09-01 18:51,79.00,73.00,0.00,0.00,29.97,0.00,6.00,OVC
NYC,2026-09-01 19:23,80.00,74.00,0.00,0.00,29.98,0.00,6.00,BKN
NYC,2026-09-01 19:37,80.00,74.00,0.00,0.00,29.97,0.00,6.00,SCT
NYC,2026-09-01 19:51,81.00,75.00,0.00,0.00,29.97,0.00,6.00,FEW
NYC,2026-09-01 20:51,80.00,74.00,7.00,80.00,29.97,0.00,5.00,SCT
NYC,2026-09-01 21:02,79.00,74.00,4.00,50.00,29.97,0.00,4.00,BKN
NYC,2026-09-01 21:16,78.00,74.00,0.00,0.00,29.97,0.00,4.00,SCT
NYC,2026-09-01 21:51,77.00,74.00,7.00,70.00,29.97,T,3.00,SCT
NYC,2026-09-01 21:59,76.00,74.00,5.00,70.00,29.96,0.0001,2.50,BKN
NYC,2026-09-01 22:11,76.00,74.00,5.00,M,29.96,0.0001,3.00,SCT
NYC,2026-09-01 22:23,76.00,74.00,7.00,50.00,29.97,0.0001,3.00,BKN
NYC,2026-09-01 22:35,75.00,74.00,5.00,M,29.97,0.01,2.50,FEW
NYC,2026-09-01 22:51,75.00,74.00,3.00,M,29.98,0.02,2.50,FEW
NYC,2026-09-01 23:01,75.00,74.00,8.00,60.00,29.98,0.0001,2.50,BKN
NYC,2026-09-01 23:08,75.00,74.00,4.00,M,29.99,0.0001,3.00,BKN
NYC,2026-09-01 23:29,73.00,72.00,12.00,70.00,29.99,0.02,1.50,BKN
NYC,2026-09-01 23:42,72.00,72.00,10.00,60.00,29.99,0.15,3.00,BKN
NYC,2026-09-01 23:51,72.00,71.00,8.00,70.00,30.00,0.15,4.00,BKN
NYC,2026-09-02 00:51,69.00,68.00,10.00,70.00,30.02,T,7.00,OVC
NYC,2026-09-02 01:51,68.00,66.00,8.00,70.00,30.05,0.00,9.00,OVC
NYC,2026-09-02 02:51,68.00,66.00,10.00,60.00,30.07,0.00,4.00,OVC
NYC,2026-09-02 03:51,68.00,66.00,10.00,60.00,30.08,0.00,9.00,OVC
NYC,2026-09-02 04:18,68.00,66.00,6.00,M,30.10,0.00,10.00,OVC
NYC,2026-09-02 04:34,67.00,66.00,8.00,60.00,30.10,0.00,9.00,OVC
NYC,2026-09-02 04:51,67.00,66.00,7.00,70.00,30.10,0.00,8.00,OVC
NYC,2026-09-02 05:07,67.00,65.00,3.00,60.00,30.11,0.00,8.00,OVC
NYC,2026-09-02 05:30,67.00,66.00,3.00,M,30.11,0.00,5.00,OVC
NYC,2026-09-02 05:51,67.00,66.00,4.00,110.00,30.10,0.00,7.00,OVC
NYC,2026-09-02 06:44,67.00,65.00,6.00,70.00,30.09,0.00,10.00,OVC
NYC,2026-09-02 06:51,67.00,65.00,8.00,80.00,30.09,0.00,10.00,OVC
NYC,2026-09-02 07:11,67.00,65.00,3.00,M,30.09,0.00,10.00,OVC
NYC,2026-09-02 07:51,66.00,65.00,7.00,60.00,30.11,0.00,8.00,OVC
NYC,2026-09-02 08:28,66.00,65.00,4.00,M,30.12,0.00,2.50,OVC
NYC,2026-09-02 08:51,66.00,65.00,4.00,80.00,30.12,0.00,2.50,OVC
NYC,2026-09-02 08:59,65.00,65.00,8.00,60.00,30.12,0.00,3.00,OVC
NYC,2026-09-02 09:51,66.00,65.00,8.00,70.00,30.13,0.00,6.00,OVC
NYC,2026-09-02 10:51,65.00,65.00,5.00,M,30.14,0.00,6.00,OVC
NYC,2026-09-02 11:21,66.00,65.00,8.00,120.00,30.14,0.00,10.00,OVC
NYC,2026-09-02 11:51,66.00,64.00,4.00,80.00,30.15,0.00,8.00,OVC
NYC,2026-09-02 12:18,66.00,64.00,5.00,110.00,30.15,0.00,3.00,BKN
NYC,2026-09-02 12:28,66.00,65.00,5.00,M,30.15,0.00,2.50,OVC
NYC,2026-09-02 12:35,66.00,65.00,5.00,M,30.15,0.00,4.00,BKN
NYC,2026-09-02 12:51,67.00,65.00,7.00,90.00,30.16,0.00,7.00,SCT
NYC,2026-09-02 13:11,67.00,63.00,M,M,30.16,0.00,10.00,FEW
NYC,2026-09-02 13:51,68.00,61.00,5.00,60.00,30.17,0.00,10.00,OVC
NYC,2026-09-02 14:51,68.00,63.00,0.00,0.00,30.17,0.00,10.00,OVC
NYC,2026-09-02 15:51,69.00,62.00,3.00,M,30.17,0.00,10.00,BKN
NYC,2026-09-02 16:51,70.00,62.00,0.00,0.00,30.17,0.00,10.00,OVC
NYC,2026-09-02 17:16,70.00,64.00,0.00,0.00,30.15,0.00,10.00,OVC
NYC,2026-09-02 17:51,70.00,64.00,0.00,0.00,30.15,0.00,10.00,BKN
NYC,2026-09-02 18:23,70.00,65.00,0.00,0.00,30.14,0.00,10.00,BKN
NYC,2026-09-02 18:51,69.00,66.00,5.00,360.00,30.14,T,1.75,OVC
NYC,2026-09-02 19:02,67.00,66.00,4.00,10.00,30.14,0.10,0.50,OVC
NYC,2026-09-02 19:13,67.00,66.00,3.00,M,30.16,0.15,2.00,OVC
NYC,2026-09-02 19:24,67.00,66.00,4.00,M,30.15,0.20,1.25,BKN
NYC,2026-09-02 19:40,67.00,67.00,3.00,90.00,30.14,0.25,3.00,SCT
NYC,2026-09-02 19:51,68.00,67.00,5.00,50.00,30.14,0.25,5.00,FEW
NYC,2026-09-02 20:02,68.00,67.00,6.00,90.00,30.14,0.0001,7.00,SCT
NYC,2026-09-02 20:19,68.00,67.00,6.00,100.00,30.13,0.0001,7.00,BKN
NYC,2026-09-02 20:28,68.00,67.00,5.00,70.00,30.13,0.0001,8.00,SCT
NYC,2026-09-02 20:40,68.00,67.00,3.00,90.00,30.13,0.0001,9.00,BKN
NYC,2026-09-02 20:51,68.00,67.00,5.00,50.00,30.13,T,9.00,BKN
NYC,2026-09-02 21:01,68.00,67.00,5.00,60.00,30.13,0.00,7.00,SCT
NYC,2026-09-02 21:04,68.00,67.00,5.00,60.00,30.13,0.00,7.00,FEW
NYC,2026-09-02 21:16,68.00,67.00,4.00,M,30.14,0.00,2.50,OVC
NYC,2026-09-02 21:23,67.00,67.00,3.00,M,30.14,0.00,5.00,OVC
NYC,2026-09-02 21:41,67.00,66.00,4.00,130.00,30.14,0.00,10.00,SCT
NYC,2026-09-02 21:51,68.00,66.00,M,M,30.14,0.00,10.00,SCT
NYC,2026-09-02 22:51,68.00,66.00,6.00,100.00,30.11,0.00,10.00,OVC
NYC,2026-09-02 23:46,66.20,66.20,0.00,0.00,30.11,0.00,10.00,BKN
NYC,2026-09-02 23:51,67.00,66.00,3.00,M,30.11,0.00,10.00,BKN
NYC,2026-09-03 00:16,68.00,66.00,4.00,M,30.12,0.00,10.00,BKN
NYC,2026-09-03 00:51,67.00,66.00,3.00,60.00,30.13,0.00,10.00,OVC
NYC,2026-09-03 01:51,68.00,66.00,4.00,M,30.10,0.00,10.00,OVC
NYC,2026-09-03 02:51,68.00,67.00,0.00,0.00,30.09,0.00,10.00,OVC
NYC,2026-09-03 03:51,68.00,67.00,0.00,0.00,30.10,0.00,8.00,OVC
NYC,2026-09-03 04:51,68.00,67.00,5.00,310.00,30.11,0.01,3.00,FEW
NYC,2026-09-03 05:09,68.00,67.00,0.00,0.00,30.10,0.02,4.00,BKN
NYC,2026-09-03 05:17,68.00,67.00,0.00,0.00,30.08,0.02,4.00,SCT
NYC,2026-09-03 05:31,68.00,67.00,0.00,0.00,30.06,0.03,3.00,FEW
NYC,2026-09-03 05:38,68.00,67.00,3.00,210.00,30.05,0.03,1.75,FEW
NYC,2026-09-03 05:51,67.00,67.00,0.00,0.00,30.05,0.05,1.25,SCT
NYC,2026-09-03 06:00,68.00,67.00,0.00,0.00,30.05,0.0001,3.00,FEW
NYC,2026-09-03 06:28,68.00,68.00,5.00,290.00,30.05,0.01,2.50,FEW
NYC,2026-09-03 06:51,68.00,68.00,3.00,M,30.04,0.04,1.25,FEW
NYC,2026-09-03 07:02,68.00,68.00,0.00,0.00,30.03,0.01,0.75,FEW
NYC,2026-09-03 07:12,68.00,68.00,0.00,0.00,30.03,0.02,2.00,FEW
NYC,2026-09-03 07:20,68.00,68.00,0.00,0.00,30.02,0.03,4.00,FEW
NYC,2026-09-03 07:47,69.80,69.80,0.00,0.00,30.01,0.04,1.75,FEW
NYC,2026-09-03 07:51,69.00,69.00,3.00,M,30.01,0.04,1.00,FEW
NYC,2026-09-03 08:02,69.00,69.00,4.00,270.00,30.03,0.0001,3.00,FEW
NYC,2026-09-03 08:19,70.00,70.00,4.00,M,30.02,0.0001,7.00,BKN
NYC,2026-09-03 08:47,69.80,69.80,3.00,M,29.98,0.0001,2.50,SCT
NYC,2026-09-03 08:51,70.00,69.00,5.00,M,29.99,T,4.00,SCT
NYC,2026-09-03 09:06,70.00,69.00,4.00,M,30.00,0.0001,2.50,BKN
NYC,2026-09-03 09:23,69.00,69.00,6.00,260.00,30.00,0.0001,5.00,BKN
NYC,2026-09-03 09:51,69.00,69.00,3.00,M,30.01,T,7.00,SCT
NYC,2026-09-03 10:51,69.00,68.00,4.00,M,30.01,0.00,10.00,CLR
NYC,2026-09-03 11:34,69.00,68.00,0.00,0.00,30.01,0.00,10.00,FEW
NYC,2026-09-03 11:51,69.00,69.00,3.00,M,30.01,0.00,10.00,FEW
NYC,2026-09-03 12:29,69.00,69.00,5.00,240.00,30.01,0.00,10.00,BKN
NYC,2026-09-03 12:51,70.00,69.00,4.00,M,30.01,0.00,10.00,BKN
NYC,2026-09-03 13:09,70.00,69.00,4.00,M,30.00,0.00,10.00,SCT
NYC,2026-09-03 13:20,71.00,69.00,0.00,0.00,30.01,0.00,10.00,BKN
NYC,2026-09-03 13:51,71.00,69.00,5.00,M,30.00,0.00,10.00,BKN
NYC,2026-09-03 14:51,75.00,69.00,4.00,M,30.00,0.00,10.00,BKN
NYC,2026-09-03 14:59,75.00,69.00,10.00,260.00,30.00,0.00,10.00,SCT
NYC,2026-09-03 15:51,76.00,70.00,6.00,M,29.99,0.00,10.00,CLR
NYC,2026-09-03 16:51,78.00,70.00,9.00,230.00,29.97,0.00,10.00,CLR
NYC,2026-09-03 17:51,81.00,71.00,M,M,29.95,0.00,10.00,CLR
NYC,2026-09-03 18:51,82.00,70.00,5.00,230.00,29.94,0.00,10.00,FEW
NYC,2026-09-03 19:51,83.00,71.00,4.00,M,29.91,0.00,10.00,SCT
NYC,2026-09-03 20:51,81.00,71.00,3.00,250.00,29.91,0.00,10.00,FEW
NYC,2026-09-03 21:51,83.00,70.00,M,M,29.91,0.00,10.00,BKN
NYC,2026-09-03 22:51,82.00,70.00,3.00,280.00,29.91,0.00,10.00,CLR
NYC,2026-09-03 23:51,81.00,69.00,0.00,0.00,29.90,0.00,10.00,CLR
NYC,2026-09-04 00:51,82.00,70.00,0.00,0.00,29.92,0.00,10.00,FEW
NYC,2026-09-04 01:51,81.00,70.00,3.00,240.00,29.93,0.00,10.00,SCT
NYC,2026-09-04 02:51,80.00,71.00,3.00,M,29.91,0.00,10.00,CLR
NYC,2026-09-04 03:51,81.00,71.00,3.00,M,29.90,0.00,10.00,SCT
NYC,2026-09-04 04:51,80.00,71.00,3.00,240.00,29.89,0.00,10.00,SCT
NYC,2026-09-04 05:51,79.00,71.00,6.00,240.00,29.87,0.00,10.00,SCT
NYC,2026-09-04 06:37,76.00,72.00,9.00,300.00,29.88,0.02,1.50,BKN
NYC,2026-09-04 06:49,73.40,69.80,4.00,M,29.86,0.09,3.00,BKN
NYC,2026-09-04 06:51,72.00,70.00,0.00,0.00,29.85,0.09,5.00,SCT
NYC,2026-09-04 07:51,71.00,71.00,0.00,0.00,29.86,0.02,10.00,FEW
NYC,2026-09-04 08:51,72.00,71.00,6.00,290.00,29.87,0.00,9.00,BKN
NYC,2026-09-04 09:51,72.00,71.00,0.00,0.00,29.87,0.00,10.00,BKN
NYC,2026-09-04 10:51,73.00,72.00,3.00,M,29.88,0.00,10.00,BKN
NYC,2026-09-04 11:51,73.00,71.00,4.00,320.00,29.89,0.00,10.00,CLR
NYC,2026-09-04 12:51,76.00,69.00,4.00,M,29.90,0.00,10.00,CLR
NYC,2026-09-04 13:51,79.00,69.00,5.00,360.00,29.91,0.00,10.00,CLR
NYC,2026-09-04 14:51,81.00,64.00,5.00,M,29.91,0.00,10.00,CLR
NYC,2026-09-04 15:51,81.00,63.00,6.00,M,29.90,0.00,10.00,FEW
NYC,2026-09-04 16:51,82.00,63.00,6.00,M,29.89,0.00,10.00,SCT
NYC,2026-09-04 17:51,83.00,62.00,4.00,M,29.89,0.00,10.00,FEW
NYC,2026-09-04 18:51,82.00,63.00,6.00,M,29.89,0.00,10.00,SCT
NYC,2026-09-04 19:51,82.00,61.00,5.00,M,29.87,0.00,10.00,FEW
NYC,2026-09-04 20:51,81.00,61.00,M,M,29.87,0.00,10.00,FEW
NYC,2026-09-04 21:51,81.00,60.00,5.00,M,29.86,0.00,10.00,SCT
NYC,2026-09-04 22:51,80.00,61.00,7.00,300.00,29.87,0.00,10.00,CLR
NYC,2026-09-04 23:51,79.00,60.00,3.00,M,29.87,0.00,10.00,CLR
NYC,2026-09-05 00:51,79.00,60.00,4.00,300.00,29.87,0.00,10.00,CLR
NYC,2026-09-05 01:51,77.00,61.00,3.00,300.00,29.88,0.00,10.00,CLR
NYC,2026-09-05 02:51,76.00,61.00,M,M,29.88,0.00,10.00,CLR
NYC,2026-09-05 03:51,75.00,61.00,0.00,0.00,29.88,0.00,10.00,CLR
NYC,2026-09-05 04:51,75.00,60.00,4.00,M,29.88,0.00,10.00,OVC
NYC,2026-09-05 05:51,73.00,60.00,0.00,0.00,29.86,0.00,10.00,BKN
NYC,2026-09-05 06:51,74.00,57.00,M,M,29.85,0.00,10.00,OVC
NYC,2026-09-05 07:51,72.00,57.00,4.00,M,29.85,0.00,10.00,BKN
NYC,2026-09-05 08:51,71.00,58.00,3.00,M,29.85,0.00,10.00,OVC
NYC,2026-09-05 09:51,70.00,58.00,0.00,0.00,29.86,0.00,10.00,CLR
NYC,2026-09-05 10:51,69.00,58.00,4.00,M,29.86,0.00,10.00,CLR
NYC,2026-09-05 11:51,69.00,59.00,5.00,300.00,29.88,0.00,10.00,CLR
NYC,2026-09-05 12:51,71.00,59.00,4.00,M,29.88,0.00,10.00,CLR
NYC,2026-09-05 13:51,74.00,60.00,4.00,M,29.86,0.00,10.00,CLR
NYC,2026-09-05 14:51,76.00,60.00,9.00,50.00,29.87,0.00,10.00,CLR
NYC,2026-09-05 15:51,75.00,59.00,8.00,330.00,29.88,0.00,10.00,SCT
NYC,2026-09-05 16:51,75.00,59.00,5.00,20.00,29.88,0.00,10.00,BKN
NYC,2026-09-05 17:51,76.00,59.00,7.00,30.00,29.87,0.00,10.00,SCT
NYC,2026-09-05 18:51,77.00,57.00,6.00,M,29.86,0.00,10.00,SCT
NYC,2026-09-05 19:51,77.00,58.00,8.00,10.00,29.85,0.00,10.00,OVC
NYC,2026-09-05 20:51,76.00,58.00,4.00,M,29.86,0.00,10.00,FEW
NYC,2026-09-05 21:51,76.00,57.00,0.00,0.00,29.86,0.00,10.00,OVC
NYC,2026-09-05 22:51,75.00,58.00,4.00,M,29.87,0.00,10.00,CLR
NYC,2026-09-05 23:51,74.00,58.00,3.00,M,29.88,0.00,10.00,CLR
NYC,2026-09-06 00:51,73.00,59.00,5.00,M,29.90,0.00,10.00,CLR
NYC,2026-09-06 01:51,71.00,59.00,6.00,M,29.91,0.00,10.00,CLR
NYC,2026-09-06 02:51,71.00,59.00,5.00,30.00,29.92,0.00,10.00,BKN
NYC,2026-09-06 03:51,70.00,59.00,5.00,20.00,29.93,0.00,10.00,CLR
NYC,2026-09-06 04:51,68.00,60.00,3.00,M,29.93,0.00,10.00,CLR
NYC,2026-09-06 05:51,69.00,61.00,5.00,M,29.92,0.00,10.00,SCT
NYC,2026-09-06 06:08,68.00,62.00,3.00,M,29.92,0.00,10.00,BKN
NYC,2026-09-06 06:25,67.00,63.00,4.00,40.00,29.92,0.00,10.00,SCT
NYC,2026-09-06 06:51,67.00,63.00,3.00,20.00,29.91,0.00,10.00,CLR
NYC,2026-09-06 07:51,66.00,63.00,3.00,M,29.92,0.00,10.00,SCT
NYC,2026-09-06 08:05,66.00,63.00,3.00,M,29.92,0.00,10.00,SCT
NYC,2026-09-06 08:51,67.00,63.00,4.00,70.00,29.92,0.00,10.00,FEW
NYC,2026-09-06 09:04,66.00,63.00,3.00,M,29.93,0.00,10.00,FEW
NYC,2026-09-06 09:36,66.00,63.00,3.00,M,29.94,0.00,10.00,SCT
NYC,2026-09-06 09:51,67.00,62.00,3.00,50.00,29.95,0.00,10.00,FEW
NYC,2026-09-06 10:23,66.00,60.00,4.00,70.00,29.96,0.00,10.00,FEW
NYC,2026-09-06 10:51,64.00,60.00,0.00,0.00,29.96,0.00,10.00,CLR
NYC,2026-09-06 11:51,65.00,60.00,4.00,60.00,29.99,0.00,10.00,BKN
NYC,2026-09-06 12:08,65.00,60.00,3.00,M,29.99,0.00,10.00,SCT
NYC,2026-09-06 12:51,68.00,61.00,3.00,M,30.00,0.00,10.00,FEW
NYC,2026-09-06 13:51,68.00,61.00,3.00,M,30.01,0.00,10.00,FEW
NYC,2026-09-06 14:51,72.00,60.00,4.00,M,30.01,0.00,10.00,FEW
NYC,2026-09-06 15:51,72.00,60.00,4.00,M,30.01,0.00,10.00,FEW
NYC,2026-09-06 16:51,74.00,61.00,5.00,M,30.01,0.00,10.00,FEW
NYC,2026-09-06 17:51,74.00,61.00,4.00,60.00,30.00,0.00,10.00,SCT
NYC,2026-09-06 18:51,73.00,59.00,3.00,70.00,29.99,0.00,10.00,SCT
NYC,2026-09-06 19:51,75.00,56.00,M,M,29.99,0.00,10.00,SCT
NYC,2026-09-06 20:51,73.00,60.00,3.00,150.00,30.00,0.00,10.00,OVC
NYC,2026-09-06 21:51,71.00,62.00,0.00,0.00,30.01,0.00,10.00,BKN
NYC,2026-09-06 22:51,69.00,61.00,4.00,M,30.02,0.00,10.00,BKN
NYC,2026-09-06 23:51,69.00,62.00,0.00,0.00,30.03,0.00,10.00,CLR
NYC,2026-09-07 00:51,67.00,61.00,0.00,0.00,30.04,0.00,10.00,CLR
NYC,2026-09-07 01:51,66.00,61.00,0.00,0.00,30.07,0.00,10.00,FEW
NYC,2026-09-07 02:51,66.00,59.00,0.00,0.00,30.08,0.00,10.00,CLR
NYC,2026-09-07 03:51,67.00,58.00,0.00,0.00,30.09,0.00,10.00,FEW
NYC,2026-09-07 04:51,68.00,57.00,4.00,M,30.11,0.00,10.00,BKN
NYC,2026-09-07 05:51,66.00,54.00,6.00,290.00,30.12,0.00,10.00,OVC
NYC,2026-09-07 06:51,65.00,55.00,0.00,0.00,30.12,0.00,10.00,BKN
NYC,2026-09-07 07:51,63.00,50.00,0.00,0.00,30.13,0.00,10.00,CLR
NYC,2026-09-07 08:51,63.00,48.00,0.00,0.00,30.12,0.00,10.00,CLR
NYC,2026-09-07 09:51,61.00,50.00,5.00,290.00,30.13,0.00,10.00,CLR
NYC,2026-09-07 10:51,62.00,49.00,5.00,M,30.16,0.00,10.00,CLR
NYC,2026-09-07 11:51,63.00,49.00,0.00,0.00,30.18,0.00,10.00,CLR
NYC,2026-09-07 12:51,65.00,52.00,0.00,0.00,30.18,0.00,10.00,CLR
NYC,2026-09-07 13:51,70.00,53.00,4.00,M,30.18,0.00,10.00,CLR
NYC,2026-09-07 14:51,72.00,51.00,5.00,M,30.19,0.00,10.00,CLR
NYC,2026-09-07 15:51,76.00,53.00,5.00,M,30.19,0.00,10.00,CLR
NYC,2026-09-07 16:51,76.00,51.00,4.00,M,30.17,0.00,10.00,CLR
NYC,2026-09-07 17:51,76.00,48.00,6.00,M,30.15,0.00,10.00,CLR
NYC,2026-09-07 18:51,77.00,52.00,8.00,70.00,30.15,0.00,10.00,CLR
NYC,2026-09-07 19:51,77.00,49.00,3.00,80.00,30.13,0.00,10.00,CLR
NYC,2026-09-07 20:51,76.00,50.00,3.00,270.00,30.14,0.00,10.00,CLR
NYC,2026-09-07 21:51,77.00,48.00,0.00,0.00,30.16,0.00,10.00,CLR
NYC,2026-09-07 22:51,76.00,50.00,0.00,0.00,30.17,0.00,10.00,CLR
NYC,2026-09-07 23:51,73.00,52.00,0.00,0.00,30.18,0.00,10.00,CLR
NYC,2026-09-08 00:51,72.00,53.00,0.00,0.00,30.20,0.00,10.00,CLR
NYC,2026-09-08 01:51,72.00,53.00,3.00,M,30.20,0.00,10.00,CLR
NYC,2026-09-08 02:51,71.00,54.00,4.00,300.00,30.21,0.00,10.00,CLR
NYC,2026-09-08 03:51,70.00,54.00,3.00,M,30.21,0.00,10.00,CLR
NYC,2026-09-08 04:51,68.00,55.00,0.00,0.00,30.23,0.00,10.00,CLR
NYC,2026-09-08 05:51,66.00,55.00,0.00,0.00,30.22,0.00,10.00,CLR
NYC,2026-09-08 06:51,67.00,54.00,3.00,290.00,30.22,0.00,10.00,CLR
NYC,2026-09-08 07:51,67.00,53.00,0.00,0.00,30.23,0.00,10.00,CLR
NYC,2026-09-08 08:51,64.00,55.00,0.00,0.00,30.23,0.00,10.00,CLR
NYC,2026-09-08 09:51,63.00,55.00,0.00,0.00,30.24,0.00,10.00,CLR
NYC,2026-09-08 10:51,63.00,56.00,0.00,0.00,30.25,0.00,10.00,CLR
NYC,2026-09-08 11:51,65.00,57.00,M,M,30.27,0.00,10.00,CLR
NYC,2026-09-08 12:51,67.00,56.00,3.00,310.00,30.27,0.00,10.00,CLR
NYC,2026-09-08 13:51,71.00,56.00,0.00,0.00,30.27,0.00,10.00,CLR
NYC,2026-09-08 14:51,75.00,55.00,0.00,0.00,30.26,0.00,10.00,CLR
NYC,2026-09-08 15:51,76.00,54.00,7.00,280.00,30.26,0.00,10.00,CLR
NYC,2026-09-08 16:51,78.00,54.00,4.00,M,30.25,0.00,10.00,CLR
NYC,2026-09-08 17:51,79.00,55.00,4.00,M,30.23,0.00,10.00,CLR
NYC,2026-09-08 18:51,78.00,55.00,6.00,280.00,30.23,0.00,10.00,CLR
NYC,2026-09-08 19:51,78.00,56.00,3.00,M,30.23,0.00,10.00,CLR
NYC,2026-09-08 20:51,78.00,55.00,3.00,M,30.23,0.00,10.00,CLR
NYC,2026-09-08 21:51,76.00,57.00,4.00,270.00,30.23,0.00,10.00,CLR
NYC,2026-09-08 22:51,75.00,55.00,0.00,0.00,30.24,0.00,10.00,CLR
NYC,2026-09-08 23:51,74.00,57.00,0.00,0.00,30.25,0.00,10.00,CLR
NYC,2026-09-09 00:51,72.00,59.00,5.00,70.00,30.26,0.00,10.00,CLR
NYC,2026-09-09 01:51,72.00,59.00,0.00,0.00,30.27,0.00,10.00,CLR
NYC,2026-09-09 02:51,72.00,60.00,0.00,0.00,30.26,0.00,10.00,CLR
NYC,2026-09-09 03:51,72.00,60.00,0.00,0.00,30.26,0.00,10.00,CLR
NYC,2026-09-09 04:51,71.00,61.00,0.00,0.00,30.26,0.00,10.00,CLR
NYC,2026-09-09 05:51,70.00,62.00,0.00,0.00,30.25,0.00,10.00,CLR
NYC,2026-09-09 06:51,69.00,63.00,0.00,0.00,30.25,0.00,10.00,CLR
NYC,2026-09-09 07:51,69.00,61.00,0.00,0.00,30.25,0.00,10.00,CLR
NYC,2026-09-09 08:51,69.00,61.00,0.00,0.00,30.26,0.00,10.00,CLR
NYC,2026-09-09 09:51,69.00,62.00,0.00,0.00,30.25,0.00,10.00,CLR
NYC,2026-09-09 10:51,69.00,63.00,M,M,30.25,0.00,10.00,CLR
NYC,2026-09-09 11:51,71.00,64.00,M,M,30.26,0.00,10.00,CLR
NYC,2026-09-09 12:51,74.00,66.00,0.00,0.00,30.25,0.00,10.00,BKN
NYC,2026-09-09 13:51,77.00,68.00,3.00,M,30.23,0.00,10.00,CLR
NYC,2026-09-09 14:51,77.00,69.00,M,M,30.22,0.00,10.00,CLR
NYC,2026-09-09 15:51,80.00,67.00,M,M,30.20,0.00,10.00,FEW
NYC,2026-09-09 16:51,81.00,66.00,M,M,30.18,0.00,10.00,CLR
NYC,2026-09-09 17:51,81.00,67.00,M,M,30.15,0.00,10.00,CLR
NYC,2026-09-09 18:51,79.00,69.00,3.00,M,30.12,0.00,10.00,FEW
NYC,2026-09-09 19:51,80.00,68.00,0.00,0.00,30.10,0.00,10.00,BKN
NYC,2026-09-09 20:51,80.00,68.00,0.00,0.00,30.07,0.00,10.00,SCT
NYC,2026-09-09 21:51,80.00,67.00,3.00,M,30.05,0.00,10.00,CLR
NYC,2026-09-09 22:51,80.00,64.00,5.00,M,30.04,0.00,10.00,CLR
NYC,2026-09-09 23:51,79.00,66.00,M,M,30.03,0.00,10.00,CLR
NYC,2026-09-10 00:51,77.00,66.00,M,M,30.04,0.00,10.00,FEW
NYC,2026-09-10 01:51,77.00,66.00,M,M,30.03,0.00,10.00,CLR
NYC,2026-09-10 02:51,77.00,65.00,9.00,220.00,29.99,0.00,10.00,CLR
NYC,2026-09-10 03:51,75.00,63.00,6.00,M,29.98,0.00,10.00,CLR
NYC,2026-09-10 04:51,74.00,64.00,8.00,210.00,29.98,0.00,10.00,BKN
NYC,2026-09-10 05:51,73.00,64.00,8.00,220.00,29.96,0.00,10.00,CLR
NYC,2026-09-10 06:51,74.00,65.00,5.00,M,29.93,0.00,10.00,BKN
NYC,2026-09-10 07:51,74.00,65.00,5.00,M,29.94,T,10.00,SCT
NYC,2026-09-10 08:22,70.00,67.00,4.00,M,29.94,0.05,1.75,SCT
NYC,2026-09-10 08:28,69.00,68.00,3.00,M,29.92,0.06,3.00,FEW
NYC,2026-09-10 08:51,69.00,68.00,4.00,M,29.92,0.06,6.00,BKN
NYC,2026-09-10 09:51,69.00,68.00,M,M,29.91,0.00,10.00,SCT
NYC,2026-09-10 10:51,71.00,68.00,5.00,M,29.91,T,10.00,BKN
NYC,2026-09-10 11:51,72.00,68.00,6.00,M,29.93,T,10.00,BKN
NYC,2026-09-10 12:51,73.00,68.00,4.00,M,29.92,0.00,10.00,CLR
NYC,2026-09-10 13:51,75.00,69.00,5.00,270.00,29.92,0.00,10.00,CLR
NYC,2026-09-10 14:51,79.00,70.00,7.00,270.00,29.91,0.00,10.00,CLR
NYC,2026-09-10 15:51,81.00,69.00,4.00,M,29.89,0.00,10.00,CLR
NYC,2026-09-10 16:51,82.00,66.00,6.00,280.00,29.89,0.00,10.00,CLR
NYC,2026-09-10 17:51,83.00,65.00,7.00,270.00,29.88,0.00,10.00,CLR
NYC,2026-09-10 18:51,82.00,67.00,3.00,M,29.87,0.00,10.00,CLR
NYC,2026-09-10 19:51,84.00,65.00,5.00,M,29.86,0.00,10.00,CLR
NYC,2026-09-10 20:51,83.00,63.00,6.00,M,29.86,0.00,10.00,CLR
NYC,2026-09-10 21:51,81.00,64.00,5.00,270.00,29.86,0.00,10.00,CLR
NYC,2026-09-10 22:51,80.00,64.00,3.00,M,29.86,0.00,10.00,CLR
NYC,2026-09-10 23:51,80.00,63.00,3.00,M,29.87,0.00,10.00,CLR
NYC,2026-09-11 00:51,79.00,63.00,3.00,M,29.89,0.00,10.00,CLR
NYC,2026-09-11 01:51,78.00,64.00,0.00,0.00,29.89,0.00,10.00,CLR
NYC,2026-09-11 02:51,78.00,64.00,3.00,290.00,29.89,0.00,10.00,SCT
NYC,2026-09-11 03:51,77.00,65.00,3.00,300.00,29.91,0.00,10.00,FEW
NYC,2026-09-11 04:51,76.00,62.00,4.00,M,29.92,0.00,10.00,CLR
NYC,2026-09-11 05:51,76.00,60.00,4.00,M,29.93,0.00,10.00,CLR
NYC,2026-09-11 06:51,74.00,60.00,6.00,M,29.94,0.00,10.00,CLR
NYC,2026-09-11 07:51,73.00,59.00,0.00,0.00,29.95,0.00,10.00,CLR
NYC,2026-09-11 08:51,71.00,57.00,0.00,0.00,29.95,0.00,10.00,BKN
NYC,2026-09-11 09:51,71.00,55.00,3.00,M,29.96,0.00,10.00,CLR
NYC,2026-09-11 10:51,70.00,56.00,0.00,0.00,29.97,0.00,10.00,FEW
NYC,2026-09-11 11:51,70.00,55.00,3.00,M,30.00,0.00,10.00,CLR
NYC,2026-09-11 12:51,70.00,54.00,4.00,M,30.02,0.00,10.00,CLR
NYC,2026-09-11 13:51,70.00,54.00,4.00,M,30.02,0.00,10.00,CLR
NYC,2026-09-11 14:51,72.00,54.00,3.00,M,30.04,0.00,10.00,CLR
NYC,2026-09-11 15:51,72.00,53.00,0.00,0.00,30.04,0.00,10.00,CLR
NYC,2026-09-11 16:51,75.00,53.00,4.00,M,30.02,0.00,10.00,CLR
NYC,2026-09-11 17:51,78.00,53.00,6.00,M,30.01,0.00,10.00,CLR
NYC,2026-09-11 18:51,78.00,51.00,3.00,M,30.00,0.00,10.00,CLR
NYC,2026-09-11 19:51,78.00,51.00,4.00,M,29.99,0.00,10.00,CLR
NYC,2026-09-11 20:51,78.00,52.00,M,M,29.99,0.00,10.00,CLR
NYC,2026-09-11 21:51,77.00,51.00,3.00,M,29.99,0.00,10.00,CLR
NYC,2026-09-11 22:51,75.00,49.00,3.00,M,30.01,0.00,10.00,CLR
NYC,2026-09-11 23:51,73.00,51.00,0.00,0.00,30.02,0.00,10.00,CLR
NYC,2026-09-12 00:51,71.00,51.00,0.00,0.00,30.05,0.00,10.00,CLR
NYC,2026-09-12 01:51,73.00,52.00,3.00,M,30.06,0.00,10.00,CLR
NYC,2026-09-12 02:51,71.00,52.00,3.00,M,30.08,0.00,10.00,CLR
NYC,2026-09-12 03:51,70.00,52.00,3.00,M,30.08,0.00,10.00,CLR
NYC,2026-09-12 04:51,67.00,54.00,3.00,20.00,30.09,0.00,10.00,CLR
NYC,2026-09-12 05:51,67.00,56.00,3.00,10.00,30.09,0.00,10.00,CLR
NYC,2026-09-12 06:51,65.00,58.00,3.00,40.00,30.10,0.00,10.00,CLR
NYC,2026-09-12 07:51,64.00,58.00,4.00,60.00,30.10,0.00,10.00,CLR
NYC,2026-09-12 08:51,64.00,56.00,0.00,0.00,30.11,0.00,10.00,CLR
NYC,2026-09-12 09:51,63.00,57.00,3.00,60.00,30.13,0.00,10.00,CLR
NYC,2026-09-12 10:51,63.00,57.00,0.00,0.00,30.14,0.00,10.00,CLR
NYC,2026-09-12 11:51,66.00,58.00,3.00,M,30.16,0.00,10.00,BKN
NYC,2026-09-12 12:18,66.00,59.00,0.00,0.00,30.16,0.00,10.00,SCT
NYC,2026-09-12 12:51,69.00,59.00,4.00,60.00,30.15,0.00,10.00,CLR
NYC,2026-09-12 13:51,73.00,61.00,3.00,M,30.16,0.00,10.00,CLR
NYC,2026-09-12 14:51,76.00,61.00,5.00,M,30.16,0.00,10.00,CLR
NYC,2026-09-12 15:51,76.00,61.00,3.00,M,30.15,0.00,10.00,SCT
NYC,2026-09-12 16:51,76.00,63.00,M,M,30.14,0.00,10.00,BKN
NYC,2026-09-12 17:51,78.00,61.00,8.00,130.00,30.13,0.00,10.00,BKN
NYC,2026-09-12 18:51,77.00,60.00,4.00,M,30.12,0.00,10.00,FEW
NYC,2026-09-12 19:51,76.00,60.00,M,M,30.11,0.00,10.00,FEW
NYC,2026-09-12 20:51,75.00,59.00,4.00,M,30.10,0.00,10.00,SCT
NYC,2026-09-12 21:51,73.00,60.00,4.00,M,30.09,0.00,10.00,CLR
NYC,2026-09-12 22:51,72.00,58.00,3.00,180.00,30.10,0.00,10.00,CLR
NYC,2026-09-12 23:51,71.00,58.00,0.00,0.00,30.10,0.00,10.00,FEW
NYC,2026-09-13 00:51,71.00,58.00,4.00,M,30.11,0.00,10.00,CLR
NYC,2026-09-13 01:51,72.00,59.00,0.00,0.00,30.11,0.00,10.00,CLR
NYC,2026-09-13 02:51,71.00,61.00,3.00,M,30.10,0.00,10.00,CLR
NYC,2026-09-13 03:51,71.00,62.00,0.00,0.00,30.08,0.00,10.00,CLR
NYC,2026-09-13 04:51,70.00,63.00,4.00,M,30.07,0.00,10.00,FEW
NYC,2026-09-13 05:51,70.00,63.00,3.00,150.00,30.06,0.00,10.00,CLR
NYC,2026-09-13 06:51,70.00,64.00,3.00,M,30.03,0.00,10.00,SCT
NYC,2026-09-13 07:51,70.00,65.00,0.00,0.00,30.01,0.00,10.00,SCT
NYC,2026-09-13 08:18,71.00,65.00,3.00,100.00,30.00,0.00,10.00,BKN
NYC,2026-09-13 08:38,70.00,66.00,3.00,M,29.99,0.01,7.00,OVC
NYC,2026-09-13 08:51,69.00,68.00,4.00,30.00,29.99,0.04,3.00,OVC
NYC,2026-09-13 09:00,69.00,68.00,3.00,30.00,29.99,0.02,2.50,OVC
NYC,2026-09-13 09:08,69.00,68.00,3.00,30.00,29.99,0.03,4.00,OVC
NYC,2026-09-13 09:16,69.00,68.00,4.00,50.00,29.98,0.06,1.75,OVC
NYC,2026-09-13 09:51,68.00,68.00,3.00,M,29.97,0.27,3.00,OVC
NYC,2026-09-13 10:43,69.00,68.00,4.00,40.00,29.95,0.03,3.00,OVC
NYC,2026-09-13 10:51,68.00,68.00,4.00,M,29.95,0.03,1.50,OVC
NYC,2026-09-13 11:34,68.00,68.00,0.00,0.00,29.94,0.25,2.50,OVC
NYC,2026-09-13 11:44,69.00,69.00,0.00,0.00,29.95,0.26,4.00,OVC
NYC,2026-09-13 11:51,69.00,68.00,0.00,0.00,29.95,0.26,3.00,OVC
NYC,2026-09-13 12:05,69.00,69.00,0.00,0.00,29.95,0.01,2.00,OVC
NYC,2026-09-13 12:14,69.00,68.00,3.00,360.00,29.95,0.01,4.00,OVC
NYC,2026-09-13 12:24,68.00,68.00,6.00,M,29.95,0.01,2.50,OVC
NYC,2026-09-13 12:33,68.00,68.00,3.00,M,29.95,0.01,7.00,OVC
NYC,2026-09-13 12:51,68.00,68.00,0.00,0.00,29.94,0.02,7.00,OVC
NYC,2026-09-13 13:17,68.00,68.00,0.00,0.00,29.94,0.02,2.00,OVC
NYC,2026-09-13 13:30,68.00,68.00,0.00,0.00,29.94,0.03,2.50,OVC
NYC,2026-09-13 13:46,69.80,68.00,0.00,0.00,29.94,0.07,1.75,FEW
NYC,2026-09-13 13:51,69.00,68.00,0.00,0.00,29.94,0.08,1.25,SCT
NYC,2026-09-13 14:00,69.00,69.00,0.00,0.00,29.94,0.01,1.75,BKN
NYC,2026-09-13 14:14,69.00,69.00,0.00,0.00,29.94,0.04,3.00,BKN
NYC,2026-09-13 14:38,69.00,69.00,0.00,0.00,29.94,0.06,1.75,BKN
NYC,2026-09-13 14:51,69.00,69.00,3.00,M,29.93,0.11,2.00,OVC
NYC,2026-09-13 15:05,69.00,69.00,5.00,280.00,29.93,0.01,0.75,OVC
NYC,2026-09-13 15:19,69.00,69.00,0.00,0.00,29.92,0.10,0.75,SCT
NYC,2026-09-13 15:25,69.00,69.00,0.00,0.00,29.92,0.12,1.75,FEW
NYC,2026-09-13 15:33,69.00,69.00,0.00,0.00,29.92,0.13,3.00,FEW
NYC,2026-09-13 15:51,70.00,70.00,0.00,0.00,29.92,0.14,9.00,SCT
NYC,2026-09-13 16:07,70.00,70.00,4.00,M,29.92,0.0001,8.00,SCT
NYC,2026-09-13 16:18,70.00,70.00,0.00,0.00,29.92,0.01,7.00,BKN
NYC,2026-09-13 16:49,69.80,69.80,M,M,29.91,0.01,7.00,OVC
NYC,2026-09-13 16:51,70.00,70.00,M,M,29.91,0.01,7.00,OVC
NYC,2026-09-13 17:17,71.00,70.00,3.00,70.00,29.90,0.0001,10.00,OVC
NYC,2026-09-13 17:51,72.00,71.00,0.00,0.00,29.89,T,10.00,SCT
NYC,2026-09-13 18:51,73.00,71.00,4.00,250.00,29.87,0.00,10.00,FEW
NYC,2026-09-13 19:51,77.00,70.00,3.00,M,29.87,0.00,10.00,FEW
NYC,2026-09-13 20:51,77.00,70.00,M,M,29.87,0.00,10.00,FEW
NYC,2026-09-13 21:31,78.00,70.00,3.00,340.00,29.86,0.00,10.00,BKN
NYC,2026-09-13 21:42,78.00,70.00,3.00,60.00,29.86,0.00,10.00,SCT
NYC,2026-09-13 21:51,78.00,71.00,3.00,40.00,29.86,0.00,10.00,SCT
NYC,2026-09-13 22:51,76.00,72.00,0.00,0.00,29.87,0.00,10.00,SCT
NYC,2026-09-13 23:51,75.00,70.00,0.00,0.00,29.88,0.00,10.00,FEW
NYC,2026-09-14 00:51,75.00,70.00,0.00,0.00,29.89,0.00,10.00,CLR
NYC,2026-09-14 01:51,75.00,70.00,3.00,230.00,29.91,0.00,10.00,CLR
NYC,2026-09-14 02:51,75.00,70.00,0.00,0.00,29.91,0.00,10.00,CLR
NYC,2026-09-14 03:51,74.00,70.00,3.00,220.00,29.89,0.00,10.00,CLR
NYC,2026-09-14 04:51,73.00,70.00,6.00,280.00,29.88,0.00,10.00,CLR
NYC,2026-09-14 05:51,75.00,70.00,3.00,M,29.88,0.00,10.00,CLR
NYC,2026-09-14 06:51,74.00,70.00,3.00,290.00,29.89,0.00,10.00,BKN
NYC,2026-09-14 07:51,73.00,67.00,9.00,300.00,29.90,0.00,10.00,CLR
NYC,2026-09-14 08:51,72.00,63.00,6.00,M,29.91,0.00,10.00,CLR
NYC,2026-09-14 09:51,71.00,63.00,3.00,290.00,29.95,0.00,10.00,BKN
NYC,2026-09-14 10:51,71.00,61.00,M,M,29.99,0.00,10.00,FEW
NYC,2026-09-14 11:51,69.00,54.00,3.00,M,30.02,0.00,10.00,SCT
NYC,2026-09-14 12:51,68.00,51.00,M,M,30.05,0.00,10.00,CLR
NYC,2026-09-14 13:51,70.00,52.00,M,M,30.07,0.00,10.00,CLR
NYC,2026-09-14 14:51,72.00,51.00,8.00,360.00,30.09,0.00,10.00,CLR
NYC,2026-09-14 15:51,71.00,49.00,10.00,310.00,30.10,0.00,10.00,CLR
NYC,2026-09-14 16:51,72.00,48.00,11.00,300.00,30.10,0.00,10.00,CLR
NYC,2026-09-14 17:51,72.00,48.00,6.00,M,30.11,0.00,10.00,CLR
NYC,2026-09-14 18:51,73.00,47.00,8.00,300.00,30.10,0.00,10.00,CLR
NYC,2026-09-14 19:51,73.00,47.00,4.00,M,30.10,0.00,10.00,CLR
NYC,2026-09-14 20:51,72.00,47.00,3.00,M,30.12,0.00,10.00,CLR
NYC,2026-09-14 21:51,72.00,43.00,5.00,20.00,30.15,0.00,10.00,CLR
NYC,2026-09-14 22:51,71.00,42.00,3.00,M,30.18,0.00,10.00,CLR
NYC,2026-09-14 23:51,69.00,43.00,3.00,M,30.19,0.00,10.00,CLR
NYC,2026-09-15 00:51,67.00,45.00,5.00,M,30.22,0.00,10.00,CLR
NYC,2026-09-15 01:51,66.00,46.00,3.00,M,30.25,0.00,10.00,CLR
NYC,2026-09-15 02:51,65.00,48.00,4.00,M,30.26,0.00,10.00,CLR
NYC,2026-09-15 03:51,64.00,48.00,7.00,40.00,30.28,0.00,10.00,CLR
NYC,2026-09-15 04:51,64.00,46.00,3.00,350.00,30.31,0.00,10.00,CLR
NYC,2026-09-15 05:51,63.00,46.00,5.00,M,30.30,0.00,10.00,CLR
NYC,2026-09-15 06:51,61.00,47.00,4.00,20.00,30.32,0.00,10.00,CLR
NYC,2026-09-15 07:51,61.00,49.00,4.00,M,30.33,0.00,10.00,CLR
NYC,2026-09-15 08:51,60.00,47.00,5.00,40.00,30.34,0.00,10.00,CLR
NYC,2026-09-15 09:51,58.00,46.00,4.00,20.00,30.36,0.00,10.00,CLR
NYC,2026-09-15 10:51,57.00,46.00,0.00,0.00,30.38,0.00,10.00,CLR
NYC,2026-09-15 11:51,60.00,47.00,6.00,50.00,30.41,0.00,10.00,CLR
NYC,2026-09-15 12:51,62.00,47.00,6.00,M,30.42,0.00,10.00,CLR
NYC,2026-09-15 13:51,66.00,51.00,5.00,80.00,30.43,0.00,10.00,CLR
NYC,2026-09-15 14:51,67.00,51.00,4.00,M,30.43,0.00,10.00,CLR
NYC,2026-09-15 15:51,68.00,50.00,3.00,M,30.42,0.00,10.00,CLR
NYC,2026-09-15 16:51,70.00,52.00,0.00,0.00,30.41,0.00,10.00,CLR
NYC,2026-09-15 17:51,71.00,50.00,0.00,0.00,30.40,0.00,10.00,CLR
NYC,2026-09-15 18:51,71.00,52.00,3.00,M,30.38,0.00,10.00,CLR
NYC,2026-09-15 19:51,71.00,53.00,5.00,M,30.37,0.00,10.00,CLR
NYC,2026-09-15 20:51,69.00,53.00,5.00,M,30.37,0.00,10.00,CLR
NYC,2026-09-15 21:51,68.00,54.00,M,M,30.38,0.00,10.00,CLR
