station,valid,tmpf,dwpf,sknt,drct,alti,p01i,vsby,skyc1
NYC,2023-01-01 00:51,50.00,49.00,0.00,0.00,29.85,0.02,1.75,OVC
NYC,2023-01-01 01:51,55.00,53.00,6.00,250.00,29.82,0.04,4.00,OVC
NYC,2023-01-01 02:51,54.00,53.00,0.00,0.00,29.81,0.11,2.50,OVC
NYC,2023-01-01 03:51,55.00,52.00,5.00,280.00,29.79,0.04,10.00,FEW
NYC,2023-01-01 04:51,54.00,52.00,0.00,0.00,29.76,0.01,7.00,FEW
NYC,2023-01-01 05:51,53.00,51.00,5.00,M,29.77,T,6.00,FEW
NYC,2023-01-01 06:51,53.00,50.00,7.00,230.00,29.76,T,7.00,FEW
NYC,2023-01-01 07:51,52.00,50.00,5.00,240.00,29.78,0.00,9.00,CLR
NYC,2023-01-01 08:51,53.00,49.00,8.00,260.00,29.79,0.00,10.00,CLR
NYC,2023-01-01 09:51,52.00,48.00,4.00,M,29.81,0.00,10.00,CLR
NYC,2023-01-01 10:51,51.00,48.00,3.00,M,29.83,0.00,10.00,CLR
NYC,2023-01-01 11:51,51.00,46.00,4.00,M,29.85,0.00,10.00,CLR
NYC,2023-01-01 12:51,50.00,44.00,5.00,M,29.87,0.00,10.00,CLR
NYC,2023-01-01 13:51,50.00,42.00,6.00,300.00,29.90,0.00,10.00,CLR
NYC,2023-01-01 14:51,52.00,40.00,6.00,M,29.95,0.00,10.00,CLR
NYC,2023-01-01 15:51,53.00,38.00,5.00,M,29.97,0.00,10.00,CLR
NYC,2023-01-01 16:51,52.00,37.00,7.00,290.00,29.94,0.00,10.00,CLR
NYC,2023-01-01 17:51,53.00,37.00,9.00,280.00,29.95,0.00,10.00,CLR
NYC,2023-01-01 18:51,54.00,35.00,5.00,280.00,29.95,0.00,10.00,CLR
NYC,2023-01-01 19:51,53.00,32.00,6.00,290.00,29.95,0.00,10.00,CLR
NYC,2023-01-01 20:51,53.00,30.90,4.00,300.00,29.97,0.00,10.00,CLR
NYC,2023-01-01 21:51,53.00,31.00,3.00,290.00,29.98,0.00,10.00,OVC
NYC,2023-01-01 22:51,51.00,30.90,0.00,0.00,29.99,0.00,10.00,CLR
NYC,2023-01-01 23:51,50.00,30.90,3.00,270.00,30.02,0.00,10.00,CLR
NYC,2023-01-02 00:51,51.00,34.00,3.00,250.00,30.03,0.00,10.00,CLR
NYC,2023-01-02 01:51,51.00,34.00,0.00,0.00,30.05,0.00,10.00,BKN
NYC,2023-01-02 02:51,51.00,34.00,0.00,0.00,30.05,0.00,10.00,OVC
NYC,2023-01-02 03:51,51.00,35.00,4.00,M,30.06,0.00,10.00,OVC
NYC,2023-01-02 04:51,50.00,35.00,0.00,0.00,30.05,0.00,10.00,BKN
NYC,2023-01-02 05:51,50.00,35.00,0.00,0.00,30.04,0.00,10.00,BKN
NYC,2023-01-02 06:51,51.00,36.00,3.00,M,30.05,0.00,10.00,BKN
NYC,2023-01-02 07:51,50.00,36.00,3.00,M,30.09,0.00,10.00,CLR
NYC,2023-01-02 08:51,50.00,37.00,0.00,0.00,30.08,0.00,10.00,CLR
NYC,2023-01-02 09:51,50.00,38.00,4.00,250.00,30.09,0.00,10.00,CLR
NYC,2023-01-02 10:51,50.00,38.00,4.00,M,30.09,0.00,10.00,CLR
NYC,2023-01-02 11:51,50.00,38.00,5.00,260.00,30.12,0.00,10.00,CLR
NYC,2023-01-02 12:51,49.00,39.00,4.00,250.00,30.14,0.00,10.00,CLR
NYC,2023-01-02 13:51,43.00,41.00,M,21.00,30.15,0.00,0.75,M
NYC,2023-01-02 14:51,50.00,38.00,4.00,M,30.16,0.00,10.00,CLR
NYC,2023-01-02 15:51,51.00,39.00,3.00,260.00,30.16,0.00,10.00,CLR
NYC,2023-01-02 16:51,53.00,39.00,3.00,M,30.13,0.00,10.00,CLR
NYC,2023-01-02 17:51,55.00,39.00,4.00,270.00,30.12,0.00,10.00,CLR
NYC,2023-01-02 18:51,56.00,40.00,4.00,M,30.12,0.00,10.00,FEW
NYC,2023-01-02 19:51,56.00,40.00,6.00,250.00,30.12,0.00,10.00,CLR
NYC,2023-01-02 20:51,56.00,41.00,5.00,260.00,30.13,0.00,10.00,SCT
NYC,2023-01-02 21:51,55.00,42.00,6.00,240.00,30.13,0.00,10.00,OVC
NYC,2023-01-02 22:51,55.00,43.00,3.00,240.00,30.14,0.00,10.00,BKN
NYC,2023-01-02 23:51,56.00,44.00,4.00,M,30.15,0.00,10.00,FEW
NYC,2023-01-03 00:51,55.00,44.00,0.00,0.00,30.16,0.00,10.00,BKN
NYC,2023-01-03 01:51,55.00,45.00,4.00,240.00,30.17,0.00,10.00,OVC
NYC,2023-01-03 02:51,53.00,46.00,0.00,0.00,30.17,0.01,9.00,OVC
NYC,2023-01-03 03:51,52.00,48.00,0.00,0.00,30.16,0.01,7.00,FEW
NYC,2023-01-03 04:51,52.00,49.00,0.00,0.00,30.15,T,8.00,OVC
NYC,2023-01-03 05:51,53.00,48.00,0.00,0.00,30.14,0.00,10.00,OVC
NYC,2023-01-03 06:51,52.00,47.00,3.00,120.00,30.13,0.00,10.00,OVC
NYC,2023-01-03 07:51,51.00,44.00,4.00,M,30.13,0.00,10.00,BKN
NYC,2023-01-03 08:51,50.00,45.00,3.00,M,30.12,0.00,8.00,SCT
NYC,2023-01-03 09:51,49.00,45.00,3.00,120.00,30.11,0.00,7.00,BKN
NYC,2023-01-03 10:51,49.00,45.00,3.00,80.00,30.09,T,7.00,FEW
NYC,2023-01-03 11:51,48.00,46.00,3.00,70.00,30.08,0.02,3.00,OVC
NYC,2023-01-03 12:51,47.00,45.00,3.00,70.00,30.05,0.01,2.50,OVC
NYC,2023-01-03 13:51,49.00,46.00,3.00,20.00,30.04,0.00,3.00,OVC
NYC,2023-01-03 14:51,50.00,47.00,0.00,0.00,30.02,0.00,3.00,OVC
NYC,2023-01-03 15:51,48.00,46.00,0.00,0.00,30.03,0.08,0.75,BKN
NYC,2023-01-03 16:51,49.00,47.00,0.00,0.00,29.96,0.22,0.50,BKN
NYC,2023-01-03 17:51,50.00,49.00,0.00,0.00,29.93,0.07,1.75,BKN
NYC,2023-01-03 18:51,52.00,50.00,7.00,240.00,29.91,0.01,3.00,OVC
NYC,2023-01-03 19:51,54.00,51.00,5.00,220.00,29.88,0.01,5.00,OVC
NYC,2023-01-03 20:51,55.00,52.00,3.00,M,29.86,0.00,4.00,OVC
NYC,2023-01-03 21:51,56.00,53.00,7.00,220.00,29.85,0.00,6.00,OVC
NYC,2023-01-03 22:51,56.00,53.00,6.00,240.00,29.85,0.00,6.00,SCT
NYC,2023-01-03 23:51,56.00,53.00,0.00,0.00,29.85,0.00,5.00,OVC
NYC,2023-01-04 00:51,56.00,53.00,4.00,270.00,29.84,0.00,5.00,FEW
NYC,2023-01-04 01:51,57.00,52.00,0.00,0.00,29.83,0.00,6.00,CLR
NYC,2023-01-04 02:51,54.00,50.00,5.00,40.00,29.83,0.00,5.00,CLR
NYC,2023-01-04 03:51,55.00,52.00,0.00,0.00,29.83,0.00,5.00,BKN
NYC,2023-01-04 04:51,57.00,52.00,4.00,M,29.80,0.00,8.00,BKN
NYC,2023-01-04 05:51,58.00,51.00,M,M,29.81,0.00,10.00,OVC
NYC,2023-01-04 06:51,59.00,51.00,5.00,M,29.81,0.00,10.00,FEW
NYC,2023-01-04 07:51,58.00,51.00,4.00,M,29.82,0.00,10.00,OVC
NYC,2023-01-04 08:51,58.00,50.00,8.00,240.00,29.80,0.00,10.00,BKN
NYC,2023-01-04 09:51,58.00,51.00,7.00,240.00,29.81,0.00,10.00,CLR
NYC,2023-01-04 10:51,57.00,52.00,6.00,240.00,29.83,0.00,9.00,SCT
NYC,2023-01-04 11:51,58.00,53.00,4.00,M,29.86,0.00,9.00,BKN
NYC,2023-01-04 12:51,56.00,52.00,3.00,M,29.89,0.00,6.00,SCT
NYC,2023-01-04 13:51,59.00,54.00,4.00,230.00,29.92,0.00,7.00,CLR
NYC,2023-01-04 14:51,61.00,54.00,3.00,M,29.92,0.00,9.00,CLR
NYC,2023-01-04 15:51,62.00,54.00,4.00,270.00,29.91,0.00,9.00,CLR
NYC,2023-01-04 16:51,63.00,54.00,M,M,29.91,0.00,10.00,CLR
NYC,2023-01-04 17:51,66.00,54.00,3.00,220.00,29.87,0.00,10.00,CLR
NYC,2023-01-04 18:51,65.00,54.00,5.00,170.00,29.86,0.00,9.00,CLR
NYC,2023-01-04 19:51,65.00,55.00,0.00,0.00,29.86,0.00,10.00,CLR
NYC,2023-01-04 20:51,63.00,54.00,3.00,160.00,29.85,0.00,10.00,FEW
NYC,2023-01-04 21:51,60.00,55.00,0.00,0.00,29.85,T,6.00,FEW
NYC,2023-01-04 22:51,58.00,54.00,3.00,60.00,29.84,0.01,8.00,SCT
NYC,2023-01-04 23:58,57.00,52.00,3.00,M,29.85,T,7.00,BKN
NYC,2023-01-05 00:51,56.00,52.00,5.00,80.00,29.84,0.01,8.00,OVC
NYC,2023-01-05 01:51,54.00,51.00,4.00,60.00,29.83,0.00,6.00,OVC
NYC,2023-01-05 02:51,52.00,49.00,6.00,50.00,29.84,0.00,4.00,OVC
NYC,2023-01-05 03:51,50.00,47.00,4.00,30.00,29.82,0.00,4.00,OVC
NYC,2023-01-05 04:51,49.00,47.00,5.00,50.00,29.83,T,2.50,OVC
NYC,2023-01-05 05:51,48.00,46.00,3.00,70.00,29.84,T,3.00,OVC
NYC,2023-01-05 06:51,48.00,46.00,4.00,20.00,29.86,0.01,4.00,OVC
NYC,2023-01-05 07:51,48.00,46.00,3.00,40.00,29.89,T,9.00,OVC
NYC,2023-01-05 08:51,48.00,46.00,3.00,M,29.90,0.00,10.00,OVC
NYC,2023-01-05 09:51,49.00,47.00,0.00,0.00,29.91,0.00,8.00,OVC
NYC,2023-01-05 10:51,49.00,47.00,3.00,40.00,29.93,0.00,1.50,OVC
NYC,2023-01-05 11:51,49.00,48.00,5.00,80.00,29.95,0.00,0.75,VV 
NYC,2023-01-05 12:51,48.00,47.00,5.00,60.00,29.96,0.00,1.25,OVC
NYC,2023-01-05 13:51,49.00,47.00,5.00,70.00,29.98,0.00,3.00,OVC
NYC,2023-01-05 14:51,48.20,46.40,6.00,60.00,M,0.00,8.00,OVC
NYC,2023-01-05 15:51,49.00,45.00,M,M,30.03,0.00,8.00,OVC
NYC,2023-01-05 16:51,49.00,45.00,5.00,M,30.00,0.00,10.00,OVC
NYC,2023-01-05 17:51,48.00,45.00,4.00,M,29.99,0.00,7.00,OVC
NYC,2023-01-05 18:51,50.00,45.00,4.00,50.00,29.96,0.00,10.00,OVC
NYC,2023-01-05 19:51,49.00,44.00,4.00,40.00,29.96,0.00,10.00,OVC
NYC,2023-01-05 20:51,48.00,44.00,5.00,40.00,29.96,0.00,10.00,OVC
NYC,2023-01-05 21:51,47.00,44.00,4.00,100.00,29.97,0.00,9.00,OVC
NYC,2023-01-05 22:51,47.00,44.00,3.00,50.00,29.97,0.00,10.00,OVC
NYC,2023-01-05 23:51,47.00,44.00,3.00,40.00,29.99,T,8.00,OVC
NYC,2023-01-06 00:51,47.00,44.00,8.00,90.00,29.97,T,9.00,OVC
NYC,2023-01-06 01:51,47.00,43.00,6.00,50.00,29.99,0.00,7.00,OVC
NYC,2023-01-06 02:51,46.00,44.00,6.00,60.00,29.99,0.00,3.00,OVC
NYC,2023-01-06 03:51,45.00,43.00,8.00,60.00,29.99,0.00,3.00,OVC
NYC,2023-01-06 04:51,45.00,42.00,6.00,M,29.98,0.00,8.00,OVC
NYC,2023-01-06 05:51,45.00,42.00,3.00,M,29.97,0.00,9.00,OVC
NYC,2023-01-06 06:51,45.00,42.00,3.00,40.00,29.98,0.01,4.00,OVC
NYC,2023-01-06 07:51,44.00,41.00,6.00,360.00,30.01,0.18,2.00,BKN
NYC,2023-01-06 08:51,43.00,41.00,5.00,40.00,29.99,0.07,6.00,SCT
NYC,2023-01-06 09:51,43.00,41.00,4.00,60.00,29.98,T,6.00,BKN
NYC,2023-01-06 10:51,42.00,40.00,5.00,70.00,29.97,T,7.00,OVC
NYC,2023-01-06 11:51,43.00,41.00,0.00,0.00,29.97,0.00,7.00,OVC
NYC,2023-01-06 12:51,44.00,41.00,0.00,0.00,30.00,T,8.00,BKN
NYC,2023-01-06 13:51,44.00,41.00,4.00,50.00,29.99,T,7.00,OVC
NYC,2023-01-06 14:51,44.00,41.00,0.00,0.00,30.01,T,5.00,OVC
NYC,2023-01-06 15:51,45.00,42.00,3.00,M,30.01,0.01,4.00,BKN
NYC,2023-01-06 16:51,45.00,41.00,3.00,M,29.99,0.00,5.00,OVC
NYC,2023-01-06 17:51,47.00,40.00,5.00,260.00,29.97,0.00,8.00,FEW
NYC,2023-01-06 18:51,48.00,40.00,4.00,240.00,29.96,0.00,10.00,FEW
NYC,2023-01-06 19:51,47.00,38.00,7.00,220.00,29.98,T,10.00,FEW
NYC,2023-01-06 20:51,48.00,36.00,7.00,280.00,29.99,T,10.00,FEW
NYC,2023-01-06 21:51,46.00,36.00,5.00,M,30.01,0.00,10.00,SCT
NYC,2023-01-06 22:51,46.00,35.00,5.00,M,30.04,0.00,10.00,SCT
NYC,2023-01-06 23:51,45.00,32.00,4.00,M,30.07,0.00,10.00,SCT
NYC,2023-01-07 00:51,43.00,30.90,9.00,290.00,30.09,0.00,10.00,OVC
NYC,2023-01-07 01:51,42.00,30.00,9.00,290.00,30.11,0.00,10.00,OVC
NYC,2023-01-07 02:51,42.00,28.90,8.00,280.00,30.12,0.00,10.00,BKN
NYC,2023-01-07 03:51,40.00,30.00,7.00,270.00,30.14,0.00,10.00,CLR
NYC,2023-01-07 04:51,39.00,30.00,6.00,290.00,30.13,0.00,10.00,CLR
NYC,2023-01-07 05:51,39.00,28.90,5.00,270.00,30.12,0.00,10.00,CLR
NYC,2023-01-07 06:51,38.00,28.00,7.00,280.00,30.13,0.00,10.00,CLR
NYC,2023-01-07 07:51,38.00,28.00,6.00,M,30.13,0.00,10.00,CLR
NYC,2023-01-07 08:51,37.00,28.90,4.00,M,30.13,0.00,10.00,CLR
NYC,2023-01-07 09:51,37.00,28.90,6.00,280.00,30.13,0.00,10.00,CLR
NYC,2023-01-07 10:51,37.00,28.90,6.00,270.00,30.14,0.00,10.00,CLR
NYC,2023-01-07 11:51,38.00,28.90,M,M,30.15,0.00,10.00,CLR
NYC,2023-01-07 12:51,38.00,28.90,4.00,270.00,30.15,0.00,10.00,OVC
NYC,2023-01-07 13:51,39.00,28.00,8.00,280.00,30.17,0.00,10.00,OVC
NYC,2023-01-07 14:51,40.00,28.90,5.00,M,30.18,0.00,10.00,OVC
NYC,2023-01-07 15:51,42.00,28.00,5.00,M,30.17,0.00,10.00,OVC
NYC,2023-01-07 16:51,44.00,27.00,8.00,290.00,30.14,0.00,10.00,BKN
NYC,2023-01-07 17:51,44.00,27.00,7.00,290.00,30.13,0.00,10.00,OVC
NYC,2023-01-07 18:51,44.00,27.00,7.00,280.00,30.13,0.00,10.00,OVC
NYC,2023-01-07 19:51,44.00,28.00,4.00,290.00,30.14,0.00,10.00,BKN
NYC,2023-01-07 20:51,44.00,28.00,6.00,290.00,30.15,0.00,10.00,FEW
NYC,2023-01-07 21:51,43.00,28.00,4.00,280.00,30.16,0.00,10.00,CLR
NYC,2023-01-07 22:51,42.00,28.00,5.00,280.00,30.18,0.00,10.00,CLR
NYC,2023-01-07 23:51,42.00,27.00,6.00,270.00,30.21,0.00,10.00,CLR
NYC,2023-01-08 00:51,41.00,28.90,8.00,270.00,30.23,0.00,10.00,CLR
NYC,2023-01-08 01:51,41.00,28.00,8.00,280.00,30.24,0.00,10.00,CLR
NYC,2023-01-08 02:51,40.00,28.00,5.00,270.00,30.24,0.00,10.00,CLR
NYC,2023-01-08 03:51,40.00,26.10,4.00,290.00,30.25,0.00,10.00,CLR
NYC,2023-01-08 04:51,39.00,25.00,5.00,310.00,30.25,0.00,10.00,CLR
NYC,2023-01-08 05:51,38.00,25.00,5.00,260.00,30.26,0.00,10.00,CLR
NYC,2023-01-08 06:51,37.00,24.10,M,M,30.27,0.00,10.00,CLR
NYC,2023-01-08 07:51,37.00,23.00,5.00,M,30.30,0.00,10.00,CLR
NYC,2023-01-08 08:51,36.00,23.00,8.00,290.00,30.30,0.00,10.00,CLR
NYC,2023-01-08 09:51,35.00,21.00,6.00,300.00,30.31,0.00,10.00,CLR
NYC,2023-01-08 10:51,35.00,21.00,6.00,290.00,30.33,0.00,10.00,CLR
NYC,2023-01-08 11:51,34.00,19.90,0.00,0.00,30.33,0.00,10.00,CLR
NYC,2023-01-08 12:51,33.00,21.00,5.00,M,30.33,0.00,10.00,CLR
NYC,2023-01-08 13:51,34.00,21.90,0.00,0.00,30.35,0.00,10.00,CLR
NYC,2023-01-08 14:51,35.00,21.90,7.00,50.00,30.36,0.00,10.00,CLR
NYC,2023-01-08 15:51,36.00,21.00,5.00,M,30.35,0.00,10.00,CLR
NYC,2023-01-08 16:51,38.00,19.90,4.00,M,30.32,0.00,10.00,CLR
NYC,2023-01-08 17:51,40.00,15.10,0.00,0.00,30.29,0.00,10.00,CLR
NYC,2023-01-08 18:51,40.00,15.10,0.00,0.00,30.27,0.00,10.00,CLR
NYC,2023-01-08 19:51,41.00,18.00,3.00,M,30.27,0.00,10.00,CLR
NYC,2023-01-08 20:51,40.00,15.10,0.00,0.00,30.25,0.00,10.00,CLR
NYC,2023-01-08 21:51,39.00,18.00,5.00,M,30.25,0.00,10.00,CLR
NYC,2023-01-08 22:51,38.00,21.00,4.00,180.00,30.23,0.00,10.00,CLR
NYC,2023-01-08 23:51,38.00,25.00,4.00,160.00,30.21,0.00,10.00,SCT
NYC,2023-01-09 00:51,38.00,24.10,3.00,160.00,30.20,0.00,10.00,SCT
NYC,2023-01-09 01:51,38.00,25.00,8.00,220.00,30.19,0.00,10.00,SCT
NYC,2023-01-09 02:51,39.00,26.10,3.00,M,30.17,0.00,10.00,CLR
NYC,2023-01-09 03:51,38.00,27.00,5.00,M,30.15,0.00,10.00,FEW
NYC,2023-01-09 04:51,39.00,28.00,6.00,220.00,30.13,0.00,10.00,BKN
NYC,2023-01-09 05:51,40.00,28.90,5.00,230.00,30.09,T,10.00,OVC
NYC,2023-01-09 06:51,40.00,30.90,0.00,0.00,30.07,T,10.00,OVC
NYC,2023-01-09 07:51,38.00,32.00,7.00,240.00,30.05,T,8.00,SCT
NYC,2023-01-09 08:51,38.00,34.00,0.00,0.00,30.01,T,6.00,OVC
NYC,2023-01-09 09:51,37.00,33.00,0.00,0.00,29.99,0.01,9.00,OVC
NYC,2023-01-09 10:51,37.00,34.00,0.00,0.00,29.99,0.00,9.00,OVC
NYC,2023-01-09 11:51,38.00,33.00,0.00,0.00,29.97,0.00,9.00,OVC
NYC,2023-01-09 12:51,38.00,32.00,4.00,M,29.97,0.00,8.00,OVC
NYC,2023-01-09 13:51,38.00,32.00,3.00,270.00,29.98,0.00,8.00,OVC
NYC,2023-01-09 14:51,38.00,30.90,0.00,0.00,29.98,0.00,9.00,BKN
NYC,2023-01-09 15:51,41.00,28.00,8.00,280.00,29.97,0.00,10.00,FEW
NYC,2023-01-09 16:51,42.00,27.00,5.00,M,29.94,0.00,10.00,CLR
NYC,2023-01-09 17:51,43.00,25.00,7.00,300.00,29.91,0.00,10.00,CLR
NYC,2023-01-09 18:51,44.00,24.10,6.00,310.00,29.90,0.00,10.00,CLR
NYC,2023-01-09 19:51,44.00,24.10,9.00,300.00,29.90,0.00,10.00,CLR
NYC,2023-01-09 20:51,43.00,21.90,6.00,260.00,29.91,0.00,10.00,CLR
NYC,2023-01-09 21:51,41.00,19.90,8.00,300.00,29.92,0.00,10.00,CLR
NYC,2023-01-09 22:51,40.00,21.90,4.00,M,29.94,0.00,10.00,CLR
NYC,2023-01-09 23:51,40.00,21.90,3.00,M,29.95,0.00,10.00,CLR
NYC,2023-01-10 00:51,40.00,21.90,4.00,M,29.94,0.00,10.00,CLR
NYC,2023-01-10 01:51,40.00,21.90,3.00,M,29.94,0.00,10.00,CLR
NYC,2023-01-10 02:51,39.00,23.00,6.00,260.00,29.94,0.00,10.00,CLR
NYC,2023-01-10 03:51,39.00,23.00,5.00,250.00,29.95,0.00,10.00,CLR
NYC,2023-01-10 04:51,39.00,23.00,4.00,M,29.95,0.00,10.00,CLR
NYC,2023-01-10 05:51,38.00,21.90,6.00,280.00,29.96,0.00,10.00,CLR
NYC,2023-01-10 06:51,39.00,21.90,6.00,290.00,29.98,0.00,10.00,CLR
NYC,2023-01-10 07:51,39.00,23.00,5.00,270.00,30.00,0.00,10.00,OVC
NYC,2023-01-10 08:51,38.00,23.00,0.00,0.00,29.99,0.00,10.00,OVC
NYC,2023-01-10 09:51,39.00,23.00,4.00,M,30.00,0.00,10.00,OVC
NYC,2023-01-10 10:51,38.00,25.00,7.00,280.00,30.02,0.00,10.00,OVC
NYC,2023-01-10 11:51,39.00,25.00,4.00,270.00,30.03,0.00,10.00,OVC
NYC,2023-01-10 12:51,38.00,25.00,0.00,0.00,30.05,0.00,10.00,OVC
NYC,2023-01-10 13:51,40.00,26.10,5.00,270.00,30.06,0.00,10.00,OVC
NYC,2023-01-10 14:51,40.00,26.10,4.00,M,30.07,0.00,10.00,OVC
NYC,2023-01-10 15:51,40.00,26.10,0.00,0.00,30.07,0.00,9.00,OVC
NYC,2023-01-10 16:51,40.00,26.10,3.00,M,30.05,0.00,10.00,OVC
NYC,2023-01-10 17:51,40.00,26.10,4.00,M,30.03,0.00,9.00,OVC
NYC,2023-01-10 18:51,41.00,27.00,6.00,270.00,30.04,0.00,10.00,OVC
NYC,2023-01-10 19:51,41.00,27.00,5.00,280.00,30.04,0.00,10.00,OVC
NYC,2023-01-10 20:51,41.00,28.00,0.00,0.00,30.04,0.00,9.00,OVC
NYC,2023-01-10 21:51,41.00,27.00,4.00,M,30.05,0.00,10.00,OVC
NYC,2023-01-10 22:51,41.00,26.10,6.00,310.00,30.07,0.00,10.00,OVC
NYC,2023-01-10 23:51,41.00,24.10,4.00,M,30.09,0.00,10.00,OVC
NYC,2023-01-11 00:51,40.00,24.10,4.00,M,30.10,0.00,10.00,OVC
NYC,2023-01-11 01:51,40.00,24.10,0.00,0.00,30.11,0.00,10.00,OVC
NYC,2023-01-11 02:51,39.00,23.00,3.00,M,30.13,0.00,10.00,OVC
NYC,2023-01-11 03:51,39.00,23.00,5.00,340.00,30.13,0.00,10.00,OVC
NYC,2023-01-11 04:51,39.00,24.10,4.00,50.00,30.14,0.00,10.00,OVC
NYC,2023-01-11 05:51,39.00,25.00,7.00,50.00,30.15,0.00,10.00,OVC
NYC,2023-01-11 06:51,39.00,26.10,6.00,70.00,30.15,0.00,10.00,OVC
NYC,2023-01-11 07:51,38.00,26.10,7.00,80.00,30.18,0.00,10.00,OVC
NYC,2023-01-11 08:51,37.00,24.10,6.00,60.00,30.20,0.00,10.00,OVC
NYC,2023-01-11 09:51,37.00,23.00,5.00,20.00,30.21,0.00,10.00,OVC
NYC,2023-01-11 10:51,36.00,21.00,8.00,60.00,30.20,0.00,10.00,OVC
NYC,2023-01-11 11:51,35.00,21.00,9.00,60.00,30.22,0.00,10.00,OVC
NYC,2023-01-11 12:51,35.00,21.90,6.00,M,30.25,0.00,10.00,OVC
NYC,2023-01-11 13:51,36.00,23.00,8.00,50.00,30.25,0.00,10.00,OVC
NYC,2023-01-11 14:51,36.00,21.90,6.00,50.00,30.28,0.00,10.00,OVC
NYC,2023-01-11 15:51,37.00,23.00,4.00,M,30.28,0.00,10.00,OVC
NYC,2023-01-11 16:51,38.00,21.00,5.00,M,30.27,0.00,10.00,OVC
NYC,2023-01-11 17:51,39.00,21.00,5.00,40.00,30.26,0.00,10.00,OVC
NYC,2023-01-11 18:51,39.00,19.90,4.00,M,30.24,0.00,10.00,OVC
NYC,2023-01-11 19:51,39.00,19.90,5.00,80.00,30.25,0.00,10.00,OVC
NYC,2023-01-11 20:51,38.00,19.90,7.00,110.00,30.25,0.00,10.00,BKN
NYC,2023-01-11 21:51,38.00,19.90,6.00,90.00,30.26,0.00,10.00,CLR
NYC,2023-01-11 22:51,37.00,19.90,4.00,60.00,30.28,0.00,10.00,CLR
NYC,2023-01-11 23:51,38.00,21.00,6.00,M,30.27,0.00,10.00,CLR
NYC,2023-01-12 00:51,37.00,24.10,0.00,0.00,30.28,0.00,10.00,CLR
NYC,2023-01-12 01:51,37.00,25.00,6.00,120.00,30.27,0.00,10.00,FEW
NYC,2023-01-12 02:51,37.00,26.10,6.00,110.00,30.28,0.00,10.00,OVC
NYC,2023-01-12 03:51,38.00,26.10,3.00,110.00,30.28,0.00,10.00,OVC
NYC,2023-01-12 04:51,37.00,27.00,6.00,70.00,30.27,0.00,10.00,OVC
NYC,2023-01-12 05:51,38.00,27.00,4.00,M,30.26,0.00,10.00,BKN
NYC,2023-01-12 06:51,38.00,28.00,3.00,M,30.25,0.00,10.00,OVC
NYC,2023-01-12 07:51,39.00,30.00,5.00,50.00,30.23,0.00,10.00,OVC
NYC,2023-01-12 08:51,39.00,30.00,4.00,60.00,30.21,0.00,10.00,BKN
NYC,2023-01-12 09:51,40.00,32.00,0.00,0.00,30.21,0.00,10.00,OVC
NYC,2023-01-12 10:51,40.00,33.00,5.00,60.00,30.21,T,10.00,OVC
NYC,2023-01-12 11:51,40.00,35.00,6.00,60.00,30.20,0.01,10.00,SCT
NYC,2023-01-12 12:51,40.00,36.00,4.00,M,30.20,T,8.00,SCT
NYC,2023-01-12 13:51,41.00,38.00,5.00,60.00,30.20,0.02,4.00,BKN
NYC,2023-01-12 14:51,42.00,39.00,4.00,110.00,30.19,0.01,10.00,OVC
NYC,2023-01-12 15:51,43.00,40.00,4.00,80.00,30.18,0.00,10.00,BKN
NYC,2023-01-12 16:51,44.00,41.00,5.00,60.00,30.12,0.00,10.00,OVC
NYC,2023-01-12 17:51,45.00,41.00,3.00,M,30.07,0.00,8.00,BKN
NYC,2023-01-12 18:51,46.00,42.00,3.00,60.00,30.05,0.00,8.00,SCT
NYC,2023-01-12 19:51,47.00,42.00,5.00,60.00,30.02,0.00,10.00,OVC
NYC,2023-01-12 20:51,48.00,43.00,3.00,M,29.99,0.00,10.00,OVC
NYC,2023-01-12 21:51,50.00,45.00,4.00,M,29.94,0.00,10.00,OVC
NYC,2023-01-12 22:51,53.00,49.00,5.00,170.00,29.91,T,9.00,OVC
NYC,2023-01-12 23:51,52.00,50.00,M,M,29.88,0.12,3.00,OVC
NYC,2023-01-13 00:51,52.00,51.00,7.00,150.00,29.83,0.07,5.00,OVC
NYC,2023-01-13 01:51,53.00,51.00,4.00,150.00,29.80,0.03,5.00,OVC
NYC,2023-01-13 02:51,54.00,52.00,5.00,M,29.76,0.04,6.00,BKN
NYC,2023-01-13 03:51,54.00,52.00,5.00,M,29.72,T,7.00,SCT
NYC,2023-01-13 04:51,54.00,51.00,5.00,M,29.68,0.00,8.00,BKN
NYC,2023-01-13 05:51,55.00,51.00,6.00,140.00,29.64,T,7.00,FEW
NYC,2023-01-13 06:51,52.00,50.00,8.00,140.00,29.61,0.08,6.00,SCT
NYC,2023-01-13 07:51,56.00,53.00,0.00,0.00,29.60,0.00,8.00,BKN
NYC,2023-01-13 08:51,56.00,52.00,3.00,M,29.57,0.00,10.00,FEW
NYC,2023-01-13 09:51,53.00,50.00,6.00,130.00,29.56,0.00,8.00,FEW
NYC,2023-01-13 10:51,53.00,49.00,4.00,160.00,29.58,0.00,9.00,OVC
NYC,2023-01-13 11:51,53.00,50.00,4.00,160.00,29.57,0.01,6.00,OVC
NYC,2023-01-13 12:51,53.00,50.00,5.00,M,29.56,T,10.00,FEW
NYC,2023-01-13 13:51,53.00,49.00,4.00,M,29.57,0.00,10.00,BKN
NYC,2023-01-13 14:51,55.00,50.00,3.00,220.00,29.56,0.00,10.00,OVC
NYC,2023-01-13 15:51,56.00,50.00,0.00,0.00,29.57,0.00,10.00,BKN
NYC,2023-01-13 16:51,54.00,49.00,8.00,260.00,29.56,T,10.00,OVC
NYC,2023-01-13 17:51,54.00,46.00,M,M,29.54,T,10.00,OVC
NYC,2023-01-13 18:51,50.00,41.00,9.00,300.00,29.57,0.00,10.00,BKN
NYC,2023-01-13 19:51,47.00,35.00,11.00,300.00,29.60,0.00,10.00,OVC
NYC,2023-01-13 20:51,45.00,30.90,11.00,300.00,29.62,0.00,10.00,FEW
NYC,2023-01-13 21:51,42.00,30.00,11.00,300.00,29.67,0.00,10.00,CLR
NYC,2023-01-13 22:51,40.00,28.90,6.00,300.00,29.68,0.00,10.00,FEW
NYC,2023-01-13 23:51,40.00,28.00,6.00,M,29.69,0.00,10.00,OVC
NYC,2023-01-14 00:51,40.00,28.00,8.00,300.00,29.72,0.00,10.00,OVC
NYC,2023-01-14 01:51,39.00,26.10,9.00,300.00,29.73,0.00,10.00,OVC
NYC,2023-01-14 02:51,39.00,26.10,M,M,29.72,0.00,10.00,OVC
NYC,2023-01-14 03:51,39.00,26.10,9.00,350.00,29.72,0.00,10.00,OVC
NYC,2023-01-14 04:51,38.00,26.10,M,M,29.72,0.00,10.00,SCT
NYC,2023-01-14 05:51,37.00,25.00,4.00,M,29.72,0.00,10.00,FEW
NYC,2023-01-14 06:51,36.00,25.00,10.00,10.00,29.73,0.00,10.00,BKN
NYC,2023-01-14 07:51,36.00,24.10,10.00,30.00,29.76,0.00,10.00,SCT
NYC,2023-01-14 08:51,35.00,25.00,6.00,M,29.76,0.00,10.00,OVC
NYC,2023-01-14 09:51,33.00,26.10,7.00,350.00,29.77,T,4.00,OVC
NYC,2023-01-14 10:51,34.00,23.00,9.00,350.00,29.77,T,10.00,FEW
NYC,2023-01-14 11:51,34.00,23.00,9.00,350.00,29.79,0.00,10.00,SCT
NYC,2023-01-14 12:51,32.00,26.10,6.00,M,29.80,T,3.00,SCT
NYC,2023-01-14 13:51,33.00,25.00,4.00,M,29.84,T,10.00,BKN
NYC,2023-01-14 14:51,33.00,23.00,M,M,29.86,0.00,10.00,SCT
NYC,2023-01-14 15:51,34.00,23.00,5.00,10.00,29.87,T,5.00,BKN
NYC,2023-01-14 16:51,34.00,23.00,8.00,10.00,29.84,T,10.00,FEW
NYC,2023-01-14 17:51,35.00,23.00,M,M,29.85,0.00,10.00,OVC
NYC,2023-01-14 18:51,36.00,21.90,8.00,20.00,29.84,0.00,10.00,OVC
NYC,2023-01-14 19:51,36.00,21.90,4.00,M,29.86,0.00,10.00,OVC
NYC,2023-01-14 20:51,35.00,21.00,M,M,29.87,0.00,10.00,OVC
NYC,2023-01-14 21:51,34.00,21.00,M,M,29.89,0.00,10.00,OVC
NYC,2023-01-14 22:51,33.00,19.90,9.00,360.00,29.90,0.00,10.00,BKN
NYC,2023-01-14 23:51,33.00,19.90,10.00,10.00,29.92,0.00,10.00,BKN
NYC,2023-01-15 00:51,32.00,19.90,12.00,360.00,29.89,0.00,10.00,OVC
NYC,2023-01-15 01:51,32.00,19.90,7.00,20.00,29.89,0.00,10.00,OVC
NYC,2023-01-15 02:51,32.00,19.90,8.00,360.00,29.93,0.00,10.00,OVC
NYC,2023-01-15 03:51,32.00,19.90,8.00,350.00,29.93,0.00,10.00,BKN
NYC,2023-01-15 04:51,30.90,19.90,13.00,10.00,29.92,0.00,10.00,BKN
NYC,2023-01-15 05:51,30.90,19.90,10.00,10.00,29.93,0.00,10.00,FEW
NYC,2023-01-15 06:51,30.90,19.00,9.00,340.00,29.94,0.00,10.00,FEW
NYC,2023-01-15 07:51,30.90,19.00,12.00,10.00,29.96,0.00,10.00,BKN
NYC,2023-01-15 08:51,30.00,19.00,7.00,330.00,29.97,0.00,10.00,OVC
NYC,2023-01-15 09:51,30.00,19.00,12.00,340.00,29.98,0.00,10.00,BKN
NYC,2023-01-15 10:51,30.00,19.00,6.00,M,30.00,0.00,10.00,FEW
NYC,2023-01-15 11:51,30.90,19.90,7.00,340.00,30.02,0.00,10.00,BKN
NYC,2023-01-15 12:51,30.00,19.90,5.00,M,30.03,0.00,10.00,BKN
NYC,2023-01-15 13:51,30.90,19.90,4.00,M,30.05,0.00,10.00,CLR
NYC,2023-01-15 14:51,33.00,19.90,9.00,340.00,30.05,0.00,10.00,CLR
NYC,2023-01-15 15:51,35.00,19.90,10.00,350.00,30.04,0.00,10.00,CLR
NYC,2023-01-15 16:51,36.00,19.90,10.00,340.00,30.03,0.00,10.00,CLR
NYC,2023-01-15 17:51,40.00,19.00,M,M,30.02,0.00,10.00,CLR
NYC,2023-01-15 18:51,40.00,16.00,8.00,10.00,30.00,0.00,10.00,CLR
NYC,2023-01-15 19:51,41.00,16.00,12.00,20.00,29.99,0.00,10.00,CLR
NYC,2023-01-15 20:51,41.00,15.10,6.00,M,30.00,0.00,10.00,CLR
NYC,2023-01-15 21:51,39.00,15.10,6.00,M,30.02,0.00,10.00,CLR
NYC,2023-01-15 22:51,38.00,12.90,6.00,M,30.03,0.00,10.00,CLR
NYC,2023-01-15 23:51,37.00,12.00,6.00,M,30.04,0.00,10.00,CLR
NYC,2023-01-16 00:51,36.00,12.00,7.00,350.00,30.03,0.00,10.00,CLR
NYC,2023-01-16 01:51,35.00,10.90,12.00,350.00,30.03,0.00,10.00,CLR
NYC,2023-01-16 02:51,34.00,10.90,10.00,10.00,30.02,0.00,10.00,CLR
NYC,2023-01-16 03:51,33.00,10.90,8.00,340.00,30.02,0.00,10.00,CLR
NYC,2023-01-16 04:51,32.00,10.90,9.00,360.00,30.01,0.00,10.00,CLR
NYC,2023-01-16 05:51,30.90,10.90,13.00,20.00,30.00,0.00,10.00,CLR
NYC,2023-01-16 06:51,30.00,10.00,7.00,10.00,30.00,0.00,10.00,CLR
NYC,2023-01-16 07:51,30.00,10.00,10.00,330.00,30.00,0.00,10.00,BKN
NYC,2023-01-16 08:51,30.00,10.00,M,M,30.00,0.00,10.00,BKN
NYC,2023-01-16 09:51,30.00,10.00,4.00,M,29.99,0.00,10.00,BKN
NYC,2023-01-16 10:51,28.90,12.00,7.00,300.00,29.98,0.00,10.00,FEW
NYC,2023-01-16 11:51,28.90,12.00,4.00,M,29.98,0.00,10.00,BKN
NYC,2023-01-16 12:51,28.90,12.00,7.00,300.00,29.98,0.00,10.00,FEW
NYC,2023-01-16 13:51,28.90,12.00,8.00,300.00,29.97,0.00,10.00,FEW
NYC,2023-01-16 14:51,30.90,10.90,6.00,290.00,29.96,0.00,10.00,CLR
NYC,2023-01-16 15:51,34.00,10.90,4.00,M,29.93,0.00,10.00,CLR
NYC,2023-01-16 16:51,37.00,10.00,9.00,300.00,29.89,0.00,10.00,CLR
NYC,2023-01-16 17:51,41.00,10.90,7.00,280.00,29.85,0.00,10.00,CLR
NYC,2023-01-16 18:51,44.00,7.00,8.00,290.00,29.82,0.00,10.00,CLR
NYC,2023-01-16 19:51,47.00,8.10,4.00,M,29.81,0.00,10.00,CLR
NYC,2023-01-16 20:51,48.00,8.10,5.00,M,29.81,0.00,10.00,CLR
NYC,2023-01-16 21:51,46.00,8.10,8.00,310.00,29.81,0.00,10.00,CLR
NYC,2023-01-16 22:51,44.00,9.00,7.00,300.00,29.81,0.00,10.00,CLR
NYC,2023-01-16 23:51,43.00,9.00,5.00,300.00,29.81,0.00,10.00,CLR
NYC,2023-01-17 00:51,42.00,9.00,6.00,290.00,29.81,0.00,10.00,CLR
NYC,2023-01-17 01:51,41.00,8.10,7.00,310.00,29.82,0.00,10.00,CLR
NYC,2023-01-17 02:51,40.00,10.00,6.00,300.00,29.82,0.00,10.00,CLR
NYC,2023-01-17 03:51,38.00,12.90,5.00,290.00,29.81,0.00,10.00,CLR
NYC,2023-01-17 04:51,38.00,12.90,4.00,290.00,29.81,0.00,10.00,CLR
NYC,2023-01-17 05:51,37.00,14.00,5.00,M,29.80,0.00,10.00,CLR
NYC,2023-01-17 06:51,37.00,14.00,7.00,280.00,29.80,0.00,10.00,CLR
NYC,2023-01-17 07:51,36.00,14.00,6.00,290.00,29.79,0.00,10.00,CLR
NYC,2023-01-17 08:51,36.00,12.90,4.00,280.00,29.78,0.00,10.00,CLR
NYC,2023-01-17 09:51,36.00,12.00,5.00,280.00,29.77,0.00,10.00,CLR
NYC,2023-01-17 10:51,36.00,12.00,3.00,M,29.78,0.00,10.00,CLR
NYC,2023-01-17 11:51,36.00,11.00,0.00,0.00,29.77,0.00,10.00,CLR
NYC,2023-01-17 12:51,37.00,10.90,0.00,0.00,29.78,0.00,10.00,BKN
NYC,2023-01-17 13:51,40.00,12.00,5.00,270.00,29.79,0.00,10.00,OVC
NYC,2023-01-17 14:51,43.00,10.00,0.00,0.00,29.75,0.00,10.00,CLR
NYC,2023-01-17 15:51,43.00,10.00,0.00,0.00,29.75,0.00,10.00,CLR
NYC,2023-01-17 16:51,44.00,12.00,3.00,300.00,29.72,0.00,10.00,OVC
NYC,2023-01-17 17:51,46.00,14.00,0.00,0.00,29.69,0.00,10.00,FEW
NYC,2023-01-17 18:51,46.00,12.00,6.00,260.00,29.68,0.00,10.00,BKN
NYC,2023-01-17 19:51,47.00,10.90,0.00,0.00,29.66,0.00,10.00,BKN
NYC,2023-01-17 20:51,46.00,16.00,3.00,M,29.67,T,10.00,BKN
NYC,2023-01-17 21:51,47.00,16.00,0.00,0.00,29.66,T,10.00,SCT
NYC,2023-01-17 22:51,47.00,18.00,4.00,M,29.67,0.00,10.00,BKN
NYC,2023-01-17 23:51,47.00,19.00,0.00,0.00,29.67,0.00,10.00,SCT
NYC,2023-01-18 00:51,46.00,21.00,5.00,240.00,29.68,0.00,10.00,OVC
NYC,2023-01-18 01:51,46.00,23.00,3.00,M,29.67,0.00,10.00,OVC
NYC,2023-01-18 02:51,46.00,24.10,3.00,M,29.67,0.00,10.00,OVC
NYC,2023-01-18 03:51,45.00,24.10,0.00,0.00,29.67,0.00,10.00,BKN
NYC,2023-01-18 04:51,45.00,26.10,3.00,M,29.66,0.00,10.00,CLR
NYC,2023-01-18 05:51,45.00,28.00,6.00,230.00,29.66,0.00,10.00,BKN
NYC,2023-01-18 06:51,44.00,32.00,6.00,240.00,29.67,0.01,5.00,SCT
NYC,2023-01-18 07:51,44.00,38.00,6.00,230.00,29.65,0.04,10.00,OVC
NYC,2023-01-18 08:51,45.00,35.00,4.00,250.00,29.66,0.00,10.00,OVC
NYC,2023-01-18 09:51,44.00,36.00,5.00,240.00,29.67,0.00,10.00,FEW
NYC,2023-01-18 10:51,45.00,37.00,8.00,240.00,29.70,0.00,10.00,OVC
NYC,2023-01-18 11:51,46.00,38.00,6.00,260.00,29.73,0.00,10.00,OVC
NYC,2023-01-18 12:51,47.00,39.00,5.00,260.00,29.75,0.00,10.00,FEW
NYC,2023-01-18 13:51,48.00,39.00,8.00,270.00,29.78,0.00,10.00,SCT
NYC,2023-01-18 14:51,49.00,38.00,7.00,280.00,29.80,0.00,10.00,FEW
NYC,2023-01-18 15:51,50.00,36.00,10.00,300.00,29.82,0.00,10.00,OVC
NYC,2023-01-18 16:51,51.00,34.00,13.00,300.00,29.80,0.00,10.00,SCT
NYC,2023-01-18 17:51,51.00,33.00,6.00,M,29.80,0.00,10.00,BKN
NYC,2023-01-18 18:51,52.00,32.00,7.00,290.00,29.81,0.00,10.00,SCT
NYC,2023-01-18 19:51,52.00,32.00,8.00,300.00,29.83,0.00,10.00,FEW
NYC,2023-01-18 20:51,52.00,32.00,7.00,280.00,29.87,0.00,10.00,FEW
NYC,2023-01-18 21:51,50.00,32.00,5.00,M,29.89,0.00,10.00,CLR
NYC,2023-01-18 22:51,49.00,32.00,8.00,300.00,29.92,0.00,10.00,CLR
NYC,2023-01-18 23:51,49.00,32.00,7.00,290.00,29.95,0.00,10.00,CLR
NYC,2023-01-19 00:51,49.00,32.00,8.00,300.00,29.98,0.00,10.00,CLR
NYC,2023-01-19 01:51,47.00,32.00,6.00,280.00,29.99,0.00,10.00,CLR
NYC,2023-01-19 02:51,47.00,32.00,5.00,310.00,30.01,0.00,10.00,CLR
NYC,2023-01-19 03:51,46.00,32.00,4.00,290.00,30.02,0.00,10.00,CLR
NYC,2023-01-19 04:51,45.00,32.00,5.00,M,30.02,0.00,10.00,CLR
NYC,2023-01-19 05:51,44.00,30.90,0.00,0.00,30.02,0.00,10.00,CLR
NYC,2023-01-19 06:51,43.00,30.90,3.00,M,30.03,0.00,10.00,CLR
NYC,2023-01-19 07:51,43.00,32.00,4.00,M,30.04,0.00,10.00,CLR
NYC,2023-01-19 08:51,43.00,32.00,5.00,280.00,30.03,0.00,10.00,CLR
NYC,2023-01-19 09:51,42.00,32.00,0.00,0.00,30.03,0.00,10.00,CLR
NYC,2023-01-19 10:51,42.00,30.90,M,M,30.05,0.00,10.00,CLR
NYC,2023-01-19 11:51,42.00,32.00,0.00,0.00,30.06,0.00,10.00,CLR
NYC,2023-01-19 12:51,43.00,30.90,3.00,350.00,30.06,0.00,10.00,FEW
NYC,2023-01-19 13:51,42.00,35.00,3.00,30.00,30.06,T,10.00,BKN
NYC,2023-01-19 14:51,41.00,37.00,8.00,70.00,30.03,0.04,4.00,FEW
NYC,2023-01-19 15:51,40.00,37.00,4.00,M,30.03,0.07,4.00,BKN
NYC,2023-01-19 16:51,41.00,38.00,0.00,0.00,29.99,0.04,8.00,SCT
NYC,2023-01-19 17:51,41.00,38.00,5.00,130.00,29.94,0.04,2.50,BKN
NYC,2023-01-19 18:51,41.00,38.00,M,M,29.90,0.04,5.00,OVC
NYC,2023-01-19 19:51,41.00,38.00,0.00,0.00,29.90,0.01,1.50,OVC
NYC,2023-01-19 20:51,41.00,39.00,7.00,70.00,29.88,0.24,2.00,OVC
NYC,2023-01-19 21:51,40.00,38.00,6.00,M,29.82,0.02,6.00,OVC
NYC,2023-01-19 22:51,41.00,39.00,5.00,80.00,29.78,0.03,4.00,OVC
NYC,2023-01-19 23:51,41.00,39.00,6.00,M,29.74,0.01,3.00,OVC
NYC,2023-01-20 00:58,41.00,39.00,5.00,M,29.68,0.01,2.50,OVC
NYC,2023-01-20 01:51,41.00,39.00,5.00,M,29.63,0.07,4.00,OVC
NYC,2023-01-20 02:51,41.00,39.00,3.00,M,29.65,0.17,4.00,OVC
NYC,2023-01-20 03:51,41.00,39.00,6.00,50.00,29.59,0.05,10.00,BKN
NYC,2023-01-20 04:51,41.00,39.00,4.00,M,29.59,0.00,10.00,OVC
NYC,2023-01-20 05:51,41.00,40.00,0.00,0.00,29.59,0.00,9.00,OVC
NYC,2023-01-20 06:51,42.00,39.00,6.00,270.00,29.64,0.00,10.00,OVC
NYC,2023-01-20 07:51,41.00,39.00,0.00,0.00,29.63,T,10.00,OVC
NYC,2023-01-20 08:51,40.00,38.00,3.00,250.00,29.62,0.00,9.00,OVC
NYC,2023-01-20 09:51,41.00,38.00,4.00,M,29.63,0.00,9.00,OVC
NYC,2023-01-20 10:51,41.00,38.00,0.00,0.00,29.63,0.00,7.00,OVC
NYC,2023-01-20 11:51,41.00,37.00,0.00,0.00,29.64,0.00,10.00,CLR
NYC,2023-01-20 12:51,42.00,37.00,5.00,270.00,29.64,0.00,10.00,BKN
NYC,2023-01-20 13:51,44.00,36.00,4.00,M,29.65,0.00,10.00,CLR
NYC,2023-01-20 14:51,46.00,35.00,8.00,280.00,29.66,0.00,10.00,FEW
NYC,2023-01-20 15:51,47.00,33.00,13.00,270.00,29.67,0.00,10.00,BKN
NYC,2023-01-20 16:51,49.00,32.00,9.00,280.00,29.66,0.00,10.00,SCT
NYC,2023-01-20 17:51,47.00,32.00,9.00,290.00,29.66,T,10.00,BKN
NYC,2023-01-20 18:51,46.00,34.00,9.00,280.00,29.69,T,10.00,BKN
NYC,2023-01-20 19:51,47.00,32.00,7.00,270.00,29.71,T,10.00,SCT
NYC,2023-01-20 20:51,47.00,30.90,10.00,280.00,29.74,0.00,10.00,OVC
NYC,2023-01-20 21:51,47.00,30.90,7.00,270.00,29.78,0.00,10.00,OVC
NYC,2023-01-20 22:51,46.00,30.90,7.00,270.00,29.81,0.00,10.00,OVC
NYC,2023-01-20 23:51,45.00,30.90,6.00,280.00,29.84,0.00,10.00,FEW
NYC,2023-01-21 00:51,44.00,30.90,5.00,290.00,29.86,0.00,10.00,BKN
NYC,2023-01-21 01:51,44.00,30.00,7.00,270.00,29.88,0.00,10.00,OVC
NYC,2023-01-21 02:51,44.00,30.00,7.00,260.00,29.90,0.00,10.00,OVC
NYC,2023-01-21 03:51,43.00,30.00,7.00,270.00,29.92,0.00,10.00,OVC
NYC,2023-01-21 04:51,43.00,30.00,M,M,29.93,0.00,10.00,OVC
NYC,2023-01-21 05:51,41.00,30.00,3.00,M,29.95,T,10.00,BKN
NYC,2023-01-21 06:51,40.00,28.00,4.00,M,29.96,0.00,10.00,SCT
NYC,2023-01-21 07:51,40.00,26.10,8.00,300.00,29.98,0.00,10.00,OVC
NYC,2023-01-21 08:51,39.00,24.10,12.00,300.00,30.00,0.00,10.00,OVC
NYC,2023-01-21 09:51,38.00,23.00,12.00,300.00,30.02,0.00,10.00,BKN
NYC,2023-01-21 10:51,38.00,24.10,M,M,30.05,0.00,10.00,OVC
NYC,2023-01-21 11:51,38.00,24.10,5.00,M,30.08,0.00,10.00,OVC
NYC,2023-01-21 12:51,38.00,24.10,3.00,M,30.11,0.00,10.00,OVC
NYC,2023-01-21 13:51,38.00,25.00,6.00,M,30.14,0.00,10.00,OVC
NYC,2023-01-21 14:51,39.00,25.00,6.00,M,30.16,0.00,10.00,FEW
NYC,2023-01-21 15:51,40.00,24.10,3.00,M,30.17,0.00,10.00,OVC
NYC,2023-01-21 16:51,40.00,24.10,0.00,0.00,30.17,0.00,10.00,OVC
NYC,2023-01-21 17:51,40.00,24.10,3.00,M,30.16,0.00,10.00,OVC
NYC,2023-01-21 18:51,40.00,24.10,4.00,M,30.16,0.00,10.00,OVC
NYC,2023-01-21 19:51,40.00,24.10,4.00,M,30.17,0.00,10.00,OVC
NYC,2023-01-21 20:51,39.00,24.10,3.00,M,30.19,0.00,10.00,OVC
NYC,2023-01-21 21:51,38.00,24.10,M,M,30.21,0.00,10.00,OVC
NYC,2023-01-21 22:51,38.00,23.00,3.00,M,30.22,0.00,10.00,OVC
NYC,2023-01-21 23:51,38.00,23.00,7.00,290.00,30.23,0.00,10.00,OVC
NYC,2023-01-22 00:51,38.00,23.00,4.00,M,30.24,0.00,10.00,OVC
NYC,2023-01-22 01:51,38.00,23.00,3.00,M,30.24,0.00,10.00,OVC
NYC,2023-01-22 02:51,37.00,23.00,0.00,0.00,30.24,0.00,10.00,OVC
NYC,2023-01-22 03:51,37.00,23.00,5.00,310.00,30.24,0.00,10.00,OVC
NYC,2023-01-22 04:51,37.00,23.00,7.00,280.00,30.23,0.00,10.00,OVC
NYC,2023-01-22 05:51,37.00,23.00,3.00,M,30.23,0.00,10.00,OVC
NYC,2023-01-22 06:51,37.00,24.10,4.00,290.00,30.23,0.00,10.00,OVC
NYC,2023-01-22 07:51,37.00,24.10,8.00,250.00,30.24,0.00,10.00,OVC
NYC,2023-01-22 08:51,37.00,23.00,5.00,260.00,30.23,0.00,10.00,OVC
NYC,2023-01-22 09:51,36.00,23.00,3.00,260.00,30.21,0.00,10.00,OVC
NYC,2023-01-22 10:51,37.00,23.00,0.00,0.00,30.22,0.00,10.00,OVC
NYC,2023-01-22 11:51,37.00,23.00,M,M,30.21,0.00,10.00,OVC
NYC,2023-01-22 12:51,38.00,23.00,M,M,30.20,0.00,10.00,OVC
NYC,2023-01-22 13:51,38.00,24.10,0.00,0.00,30.23,0.00,10.00,OVC
NYC,2023-01-22 14:51,39.00,24.10,0.00,0.00,30.19,0.00,10.00,OVC
NYC,2023-01-22 15:51,40.00,24.10,7.00,180.00,30.17,0.00,10.00,SCT
NYC,2023-01-22 16:51,42.00,25.00,0.00,0.00,30.14,0.00,10.00,CLR
NYC,2023-01-22 17:51,42.00,25.00,0.00,0.00,30.11,0.00,10.00,CLR
NYC,2023-01-22 18:51,41.00,25.00,3.00,180.00,30.08,0.00,10.00,BKN
NYC,2023-01-22 19:51,40.00,26.10,3.00,170.00,30.07,0.00,10.00,SCT
NYC,2023-01-22 20:51,41.00,28.90,M,M,30.05,0.00,10.00,BKN
NYC,2023-01-22 21:51,40.00,30.90,4.00,160.00,30.02,T,10.00,SCT
NYC,2023-01-22 22:51,39.00,33.00,5.00,M,29.97,0.02,8.00,BKN
NYC,2023-01-22 23:51,38.00,35.00,5.00,40.00,29.98,0.04,3.00,BKN
NYC,2023-01-23 00:51,38.00,35.00,4.00,20.00,29.95,0.11,2.50,BKN
NYC,2023-01-23 01:51,38.00,36.00,5.00,60.00,29.89,0.07,3.00,BKN
NYC,2023-01-23 02:51,38.00,35.00,8.00,40.00,29.84,0.04,3.00,OVC
NYC,2023-01-23 03:51,38.00,35.00,5.00,M,29.79,0.08,2.50,OVC
NYC,2023-01-23 04:51,38.00,36.00,7.00,30.00,29.73,0.13,3.00,OVC
NYC,2023-01-23 05:51,37.00,35.00,6.00,M,29.67,0.13,2.50,OVC
NYC,2023-01-23 06:51,38.00,36.00,6.00,M,29.63,0.07,4.00,OVC
NYC,2023-01-23 07:51,38.00,36.00,8.00,20.00,29.58,0.01,3.00,OVC
NYC,2023-01-23 08:51,38.00,36.00,9.00,360.00,29.56,0.02,5.00,OVC
NYC,2023-01-23 09:51,38.00,36.00,5.00,M,29.56,0.01,2.50,OVC
NYC,2023-01-23 10:51,38.00,36.00,6.00,M,29.55,0.01,7.00,OVC
NYC,2023-01-23 11:51,38.00,35.00,5.00,M,29.52,0.01,10.00,BKN
NYC,2023-01-23 12:51,38.00,35.00,3.00,M,29.54,T,10.00,OVC
NYC,2023-01-23 13:51,39.00,35.00,8.00,30.00,29.55,0.01,7.00,OVC
NYC,2023-01-23 14:51,39.00,36.00,0.00,0.00,29.57,0.01,2.00,BKN
NYC,2023-01-23 15:51,38.00,35.00,8.00,300.00,29.58,0.04,3.00,OVC
NYC,2023-01-23 16:51,37.00,34.00,7.00,300.00,29.57,0.03,7.00,OVC
NYC,2023-01-23 17:51,38.00,35.00,M,M,29.57,0.01,5.00,BKN
NYC,2023-01-23 18:51,36.00,33.00,7.00,300.00,29.59,0.03,8.00,BKN
NYC,2023-01-23 19:53,37.00,34.00,9.00,300.00,29.64,0.01,7.00,FEW
NYC,2023-01-23 20:51,38.00,33.00,6.00,M,29.68,0.02,10.00,SCT
NYC,2023-01-23 21:51,38.00,32.00,6.00,M,29.72,T,10.00,SCT
NYC,2023-01-23 22:51,38.00,28.00,14.00,300.00,29.77,0.00,10.00,OVC
NYC,2023-01-23 23:51,37.00,26.10,9.00,300.00,29.82,0.00,10.00,BKN
NYC,2023-01-24 00:51,36.00,26.10,M,M,29.86,0.00,10.00,OVC
NYC,2023-01-24 01:58,36.00,26.10,9.00,290.00,29.90,0.00,10.00,BKN
NYC,2023-01-24 02:51,36.00,25.00,6.00,290.00,29.93,0.00,10.00,OVC
NYC,2023-01-24 03:51,36.00,23.00,8.00,290.00,29.97,0.00,10.00,OVC
NYC,2023-01-24 04:51,36.00,24.10,7.00,290.00,29.99,0.00,10.00,OVC
NYC,2023-01-24 05:51,35.00,21.90,8.00,280.00,29.99,0.00,10.00,BKN
NYC,2023-01-24 06:51,36.00,21.90,5.00,M,30.01,0.00,10.00,OVC
NYC,2023-01-24 07:51,36.00,21.90,7.00,270.00,30.03,0.00,10.00,OVC
NYC,2023-01-24 08:51,37.00,21.90,4.00,M,30.03,0.00,10.00,OVC
NYC,2023-01-24 09:51,37.00,23.00,4.00,270.00,30.04,0.00,10.00,BKN
NYC,2023-01-24 10:51,37.00,24.10,6.00,M,30.06,0.00,10.00,OVC
NYC,2023-01-24 11:51,37.00,24.10,6.00,280.00,30.08,0.00,10.00,OVC
NYC,2023-01-24 12:51,37.00,23.00,0.00,0.00,30.09,0.00,10.00,FEW
NYC,2023-01-24 13:51,37.00,24.10,6.00,270.00,30.12,0.00,10.00,CLR
NYC,2023-01-24 14:51,39.00,23.00,5.00,M,30.13,0.00,10.00,CLR
NYC,2023-01-24 15:51,42.00,24.10,3.00,M,30.13,0.00,10.00,CLR
NYC,2023-01-24 16:51,44.00,23.00,12.00,290.00,30.11,0.00,10.00,CLR
NYC,2023-01-24 17:51,45.00,24.10,8.00,290.00,30.11,0.00,10.00,FEW
NYC,2023-01-24 18:51,45.00,25.00,12.00,280.00,30.12,0.00,10.00,CLR
NYC,2023-01-24 19:51,45.00,24.10,8.00,300.00,30.15,0.00,10.00,SCT
NYC,2023-01-24 20:51,42.00,21.90,7.00,270.00,30.18,0.00,10.00,FEW
NYC,2023-01-24 21:51,41.00,21.90,6.00,M,30.20,0.00,10.00,BKN
NYC,2023-01-24 22:51,41.00,23.00,7.00,280.00,30.22,0.00,10.00,OVC
NYC,2023-01-24 23:51,41.00,23.00,5.00,M,30.25,0.00,10.00,OVC
NYC,2023-01-25 00:51,40.00,21.90,7.00,290.00,30.26,0.00,10.00,OVC
NYC,2023-01-25 01:51,40.00,21.90,3.00,M,30.28,0.00,10.00,OVC
NYC,2023-01-25 02:51,40.00,21.90,4.00,M,30.30,0.00,10.00,OVC
NYC,2023-01-25 03:51,39.00,23.00,M,M,30.31,0.00,10.00,BKN
NYC,2023-01-25 04:51,39.00,21.00,6.00,250.00,30.30,0.00,10.00,CLR
NYC,2023-01-25 05:51,38.00,21.00,4.00,M,30.29,0.00,10.00,CLR
NYC,2023-01-25 06:51,37.00,21.00,3.00,300.00,30.30,0.00,10.00,CLR
NYC,2023-01-25 07:51,37.00,21.00,3.00,M,30.31,0.00,10.00,CLR
NYC,2023-01-25 08:51,36.00,21.00,0.00,0.00,30.30,0.00,10.00,CLR
NYC,2023-01-25 09:51,36.00,21.00,3.00,320.00,30.33,0.00,10.00,CLR
NYC,2023-01-25 10:51,36.00,21.00,0.00,0.00,30.35,0.00,10.00,CLR
NYC,2023-01-25 11:51,36.00,21.90,5.00,30.00,30.33,0.00,10.00,FEW
NYC,2023-01-25 12:51,37.00,23.00,5.00,M,30.31,0.00,10.00,CLR
NYC,2023-01-25 13:51,37.00,25.00,0.00,0.00,30.33,0.00,10.00,CLR
NYC,2023-01-25 14:51,39.00,24.10,6.00,80.00,30.30,0.00,10.00,CLR
NYC,2023-01-25 15:51,40.00,23.00,8.00,90.00,30.29,0.00,10.00,CLR
NYC,2023-01-25 16:51,40.00,25.00,0.00,0.00,30.27,0.00,10.00,BKN
NYC,2023-01-25 17:51,40.00,27.00,5.00,M,30.24,0.00,10.00,SCT
NYC,2023-01-25 18:58,36.00,32.00,4.00,M,30.16,0.01,2.50,BKN
NYC,2023-01-25 19:51,36.00,34.00,8.00,80.00,30.11,0.05,4.00,OVC
NYC,2023-01-25 20:51,37.00,35.00,M,M,30.06,0.01,5.00,BKN
NYC,2023-01-25 21:51,39.00,36.00,8.00,80.00,29.95,0.01,7.00,OVC
NYC,2023-01-25 22:51,43.00,40.00,8.00,100.00,29.93,0.01,7.00,OVC
NYC,2023-01-25 23:51,44.00,41.00,7.00,100.00,29.88,0.06,2.00,OVC
NYC,2023-01-26 00:51,47.00,44.00,11.00,120.00,29.77,0.20,2.50,OVC
NYC,2023-01-26 01:51,50.00,48.00,10.00,120.00,29.70,0.21,2.50,OVC
NYC,2023-01-26 02:51,52.00,50.00,6.00,M,29.64,0.15,5.00,OVC
NYC,2023-01-26 03:51,54.00,51.00,11.00,150.00,29.55,0.11,7.00,OVC
NYC,2023-01-26 04:51,54.00,52.00,5.00,150.00,29.52,0.05,5.00,OVC
NYC,2023-01-26 05:51,55.00,53.00,6.00,M,29.48,0.11,5.00,OVC
NYC,2023-01-26 06:51,56.00,54.00,4.00,M,29.44,0.04,4.00,OVC
NYC,2023-01-26 07:51,53.00,51.00,7.00,270.00,29.44,0.30,7.00,SCT
NYC,2023-01-26 08:51,51.00,48.00,8.00,280.00,29.45,T,10.00,BKN
NYC,2023-01-26 09:51,50.00,45.00,7.00,230.00,29.45,T,10.00,FEW
NYC,2023-01-26 10:51,48.00,43.00,5.00,M,29.48,0.00,10.00,FEW
NYC,2023-01-26 11:51,47.00,39.00,M,M,29.51,0.00,10.00,BKN
NYC,2023-01-26 12:51,45.00,33.00,9.00,270.00,29.54,0.00,10.00,OVC
NYC,2023-01-26 13:51,44.00,32.00,6.00,M,29.57,0.00,10.00,OVC
NYC,2023-01-26 14:51,44.00,30.90,6.00,M,29.61,0.00,10.00,OVC
NYC,2023-01-26 15:51,44.00,28.90,10.00,280.00,29.62,0.00,10.00,OVC
NYC,2023-01-26 16:51,44.00,28.90,8.00,260.00,29.63,0.00,10.00,OVC
NYC,2023-01-26 17:51,44.00,26.10,7.00,290.00,29.63,0.00,10.00,OVC
NYC,2023-01-26 18:51,44.00,26.10,12.00,280.00,29.65,0.00,10.00,OVC
NYC,2023-01-26 19:51,44.00,25.00,15.00,260.00,29.67,0.00,10.00,OVC
NYC,2023-01-26 20:51,44.00,25.00,8.00,280.00,29.71,0.00,10.00,OVC
NYC,2023-01-26 21:51,43.00,24.10,8.00,270.00,29.75,0.00,10.00,OVC
NYC,2023-01-26 22:51,43.00,25.00,4.00,M,29.79,0.00,10.00,OVC
NYC,2023-01-26 23:51,43.00,24.10,12.00,270.00,29.81,0.00,10.00,OVC
NYC,2023-01-27 00:51,42.00,25.00,0.00,0.00,29.84,0.00,10.00,BKN
NYC,2023-01-27 01:51,42.00,25.00,6.00,240.00,29.86,0.00,10.00,BKN
NYC,2023-01-27 02:51,41.00,25.00,9.00,240.00,29.89,0.00,10.00,CLR
NYC,2023-01-27 03:51,41.00,25.00,10.00,260.00,29.90,0.00,10.00,FEW
NYC,2023-01-27 04:51,41.00,25.00,11.00,250.00,29.91,0.00,10.00,OVC
NYC,2023-01-27 05:51,40.00,26.10,6.00,M,29.94,0.00,10.00,OVC
NYC,2023-01-27 06:51,38.00,26.10,3.00,M,29.97,0.00,10.00,FEW
NYC,2023-01-27 07:51,38.00,26.10,10.00,240.00,29.99,0.00,10.00,CLR
NYC,2023-01-27 08:51,37.00,25.00,4.00,M,30.00,0.00,10.00,CLR
NYC,2023-01-27 09:51,36.00,25.00,4.00,290.00,30.01,0.00,10.00,CLR
NYC,2023-01-27 10:51,36.00,25.00,0.00,0.00,30.03,0.00,10.00,CLR
NYC,2023-01-27 11:51,36.00,26.10,0.00,0.00,30.06,0.00,10.00,CLR
NYC,2023-01-27 12:51,37.00,27.00,0.00,0.00,30.09,0.00,10.00,CLR
NYC,2023-01-27 13:51,37.00,27.00,6.00,M,30.12,0.00,10.00,CLR
NYC,2023-01-27 14:51,39.00,25.00,4.00,M,30.13,0.00,10.00,CLR
NYC,2023-01-27 15:51,39.00,23.00,7.00,230.00,30.14,0.00,10.00,FEW
NYC,2023-01-27 16:51,40.00,26.10,8.00,220.00,30.11,0.00,10.00,BKN
NYC,2023-01-27 17:51,41.00,24.10,8.00,240.00,30.09,0.00,10.00,OVC
NYC,2023-01-27 18:51,41.00,21.90,7.00,240.00,30.09,0.00,10.00,BKN
NYC,2023-01-27 19:51,41.00,19.00,9.00,230.00,30.10,0.00,10.00,FEW
NYC,2023-01-27 20:51,41.00,19.00,6.00,290.00,30.12,0.00,10.00,SCT
NYC,2023-01-27 21:51,41.00,19.90,3.00,M,30.14,0.00,10.00,BKN
NYC,2023-01-27 22:51,39.00,19.90,5.00,270.00,30.16,0.00,10.00,FEW
NYC,2023-01-27 23:51,38.00,21.00,4.00,M,30.17,0.00,10.00,CLR
NYC,2023-01-28 00:51,38.00,19.90,6.00,230.00,30.19,0.00,10.00,CLR
NYC,2023-01-28 01:51,38.00,21.00,M,M,30.21,0.00,10.00,CLR
NYC,2023-01-28 02:51,38.00,19.90,6.00,250.00,30.21,0.00,10.00,CLR
NYC,2023-01-28 03:51,37.00,17.10,5.00,M,30.20,0.00,10.00,CLR
NYC,2023-01-28 04:51,37.00,17.10,3.00,200.00,30.18,0.00,10.00,CLR
NYC,2023-01-28 05:51,37.00,17.10,6.00,230.00,30.18,0.00,10.00,CLR
NYC,2023-01-28 06:51,38.00,17.10,4.00,M,30.19,0.00,10.00,CLR
NYC,2023-01-28 07:51,39.00,19.00,M,M,30.19,0.00,10.00,OVC
NYC,2023-01-28 08:51,39.00,21.00,11.00,210.00,30.19,0.00,10.00,BKN
NYC,2023-01-28 09:51,39.00,21.90,4.00,M,30.19,0.00,10.00,SCT
NYC,2023-01-28 10:51,39.00,21.90,7.00,220.00,30.19,0.00,10.00,BKN
NYC,2023-01-28 11:51,39.00,21.90,6.00,M,30.20,0.00,10.00,FEW
NYC,2023-01-28 12:51,38.00,23.00,5.00,M,30.22,0.00,10.00,SCT
NYC,2023-01-28 13:51,39.00,24.10,6.00,M,30.24,0.00,10.00,FEW
NYC,2023-01-28 14:51,42.00,25.00,10.00,260.00,30.26,0.00,10.00,CLR
NYC,2023-01-28 15:51,45.00,25.00,9.00,240.00,30.27,0.00,10.00,CLR
NYC,2023-01-28 16:51,49.00,26.10,6.00,230.00,30.25,0.00,10.00,CLR
NYC,2023-01-28 17:51,51.00,23.00,11.00,230.00,30.24,0.00,10.00,CLR
NYC,2023-01-28 18:51,51.00,23.00,5.00,210.00,30.23,0.00,10.00,CLR
NYC,2023-01-28 19:51,51.00,23.00,6.00,250.00,30.24,0.00,10.00,CLR
NYC,2023-01-28 20:51,51.00,21.90,6.00,M,30.26,0.00,10.00,CLR
NYC,2023-01-28 21:51,50.00,23.00,5.00,M,30.27,0.00,10.00,CLR
NYC,2023-01-28 22:51,50.00,23.00,0.00,0.00,30.30,0.00,10.00,CLR
NYC,2023-01-28 23:51,50.00,26.10,6.00,M,30.32,0.00,10.00,CLR
NYC,2023-01-29 00:51,50.00,27.00,8.00,230.00,30.32,0.00,10.00,CLR
NYC,2023-01-29 01:51,50.00,27.00,6.00,M,30.33,0.00,10.00,CLR
NYC,2023-01-29 02:51,49.00,27.00,7.00,230.00,30.34,0.00,10.00,CLR
NYC,2023-01-29 03:51,50.00,27.00,4.00,M,30.34,0.00,10.00,CLR
NYC,2023-01-29 04:51,49.00,27.00,6.00,M,30.34,0.00,10.00,CLR
NYC,2023-01-29 05:51,48.00,27.00,4.00,240.00,30.32,0.00,10.00,CLR
NYC,2023-01-29 06:51,47.00,27.00,7.00,240.00,30.33,0.00,10.00,CLR
NYC,2023-01-29 07:51,47.00,27.00,0.00,0.00,30.33,0.00,10.00,CLR
NYC,2023-01-29 08:51,45.00,28.00,4.00,30.00,30.32,0.00,10.00,CLR
NYC,2023-01-29 09:51,44.00,28.90,3.00,50.00,30.31,0.00,10.00,CLR
NYC,2023-01-29 10:51,42.00,30.90,3.00,40.00,30.31,0.00,10.00,CLR
NYC,2023-01-29 11:51,42.00,30.90,3.00,150.00,30.30,0.00,10.00,CLR
NYC,2023-01-29 12:51,45.00,33.00,3.00,160.00,30.29,0.00,10.00,CLR
NYC,2023-01-29 13:51,47.00,36.00,0.00,0.00,30.29,0.00,10.00,CLR
NYC,2023-01-29 14:51,48.00,34.00,0.00,0.00,30.27,0.00,10.00,CLR
NYC,2023-01-29 15:51,50.00,30.00,4.00,170.00,30.25,0.00,10.00,CLR
NYC,2023-01-29 16:51,52.00,27.00,5.00,160.00,30.20,0.00,10.00,CLR
NYC,2023-01-29 17:51,52.00,28.00,6.00,180.00,30.15,0.00,10.00,OVC
NYC,2023-01-29 18:51,53.00,30.00,0.00,0.00,30.13,0.00,10.00,OVC
NYC,2023-01-29 19:51,53.00,27.00,4.00,M,30.12,0.00,10.00,OVC
NYC,2023-01-29 20:51,53.00,27.00,8.00,240.00,30.12,0.00,10.00,OVC
NYC,2023-01-29 21:51,52.00,30.00,5.00,M,30.12,0.00,10.00,OVC
NYC,2023-01-29 22:51,51.00,32.00,4.00,M,30.13,0.00,10.00,OVC
NYC,2023-01-29 23:51,51.00,33.00,9.00,240.00,30.14,0.00,10.00,FEW
NYC,2023-01-30 00:51,50.00,33.00,9.00,240.00,30.13,0.00,10.00,BKN
NYC,2023-01-30 01:51,48.00,33.00,4.00,M,30.16,0.00,10.00,FEW
NYC,2023-01-30 02:51,47.00,34.00,0.00,0.00,30.17,0.00,10.00,CLR
NYC,2023-01-30 03:51,47.00,34.00,6.00,230.00,30.16,0.00,10.00,FEW
NYC,2023-01-30 04:51,46.00,34.00,4.00,250.00,30.17,0.00,10.00,CLR
NYC,2023-01-30 05:51,46.00,34.00,M,M,30.17,0.00,10.00,CLR
NYC,2023-01-30 06:51,45.00,34.00,0.00,0.00,30.17,0.00,10.00,CLR
NYC,2023-01-30 07:51,45.00,34.00,3.00,M,30.17,0.00,10.00,CLR
NYC,2023-01-30 08:51,44.00,33.00,0.00,0.00,30.17,0.00,10.00,CLR
NYC,2023-01-30 09:51,44.00,33.00,0.00,0.00,30.18,0.00,10.00,CLR
NYC,2023-01-30 10:51,44.00,34.00,4.00,M,30.18,0.00,10.00,CLR
NYC,2023-01-30 11:51,44.00,34.00,0.00,0.00,30.20,0.00,10.00,CLR
NYC,2023-01-30 12:51,44.00,34.00,0.00,0.00,30.19,0.00,10.00,CLR
NYC,2023-01-30 13:51,46.00,35.00,0.00,0.00,30.21,0.00,10.00,CLR
NYC,2023-01-30 14:51,47.00,36.00,4.00,280.00,30.23,0.00,10.00,CLR
NYC,2023-01-30 15:51,50.00,36.00,0.00,0.00,30.20,0.00,10.00,FEW
NYC,2023-01-30 16:51,52.00,36.00,3.00,250.00,30.17,0.00,10.00,BKN
NYC,2023-01-30 17:51,53.00,36.00,3.00,M,30.15,0.00,10.00,OVC
NYC,2023-01-30 18:51,52.00,36.00,5.00,240.00,30.12,0.00,10.00,BKN
NYC,2023-01-30 19:51,54.00,35.00,M,M,30.10,0.00,10.00,SCT
NYC,2023-01-30 20:51,53.00,36.00,6.00,M,30.09,0.00,10.00,CLR
NYC,2023-01-30 21:51,52.00,37.00,4.00,M,30.09,0.00,10.00,CLR
NYC,2023-01-30 22:51,50.00,37.00,0.00,0.00,30.11,0.00,10.00,CLR
NYC,2023-01-30 23:51,51.00,37.00,4.00,220.00,30.12,0.00,10.00,BKN
NYC,2023-02-01 00:51,36.00,14.00,3.00,M,30.23,0.00,10.00,OVC
NYC,2023-02-01 01:51,35.00,18.00,5.00,10.00,30.24,0.00,10.00,OVC
NYC,2023-02-01 02:51,33.00,17.10,5.00,M,30.24,0.00,10.00,BKN
NYC,2023-02-01 03:51,32.00,15.10,8.00,10.00,30.25,0.00,10.00,OVC
NYC,2023-02-01 04:51,30.90,14.00,6.00,M,30.24,0.00,10.00,OVC
NYC,2023-02-01 05:51,30.90,12.90,5.00,30.00,30.22,0.00,10.00,OVC
NYC,2023-02-01 06:51,30.00,12.90,5.00,M,30.22,0.00,10.00,BKN
NYC,2023-02-01 07:51,30.00,12.90,4.00,M,30.23,0.00,10.00,SCT
NYC,2023-02-01 08:51,28.90,17.10,5.00,M,30.23,T,5.00,FEW
NYC,2023-02-01 09:51,27.00,21.00,7.00,40.00,30.25,0.01,2.00,FEW
NYC,2023-02-01 10:51,27.00,21.90,7.00,50.00,30.24,0.01,8.00,SCT
NYC,2023-02-01 11:51,28.00,21.00,5.00,M,30.27,0.00,10.00,OVC
NYC,2023-02-01 12:51,28.00,19.00,4.00,20.00,30.28,0.00,10.00,SCT
NYC,2023-02-01 13:51,28.90,19.00,5.00,M,30.29,0.00,10.00,OVC
NYC,2023-02-01 14:51,28.90,17.10,4.00,M,30.30,0.00,10.00,OVC
NYC,2023-02-01 15:51,30.00,16.00,6.00,300.00,30.30,0.00,10.00,OVC
NYC,2023-02-01 16:51,32.00,17.10,7.00,250.00,30.29,0.00,10.00,CLR
NYC,2023-02-01 17:51,36.00,16.00,4.00,M,30.25,0.00,10.00,CLR
NYC,2023-02-01 18:51,37.00,15.10,6.00,M,30.23,0.00,10.00,CLR
NYC,2023-02-01 19:51,37.00,9.00,7.00,310.00,30.22,0.00,10.00,CLR
NYC,2023-02-01 20:51,37.00,9.00,6.00,M,30.23,0.00,10.00,CLR
NYC,2023-02-01 21:51,37.00,9.00,6.00,M,30.24,0.00,10.00,CLR
NYC,2023-02-01 22:51,36.00,9.00,5.00,300.00,30.25,0.00,10.00,CLR
NYC,2023-02-01 23:51,34.00,7.00,4.00,M,30.28,0.00,10.00,CLR
NYC,2023-02-02 00:51,33.00,6.00,0.00,0.00,30.29,0.00,10.00,CLR
NYC,2023-02-02 01:51,32.00,7.00,6.00,M,30.30,0.00,10.00,CLR
NYC,2023-02-02 02:51,30.90,8.10,4.00,M,30.30,0.00,10.00,CLR
NYC,2023-02-02 03:51,30.90,8.10,4.00,M,30.30,0.00,10.00,CLR
NYC,2023-02-02 04:51,30.00,8.10,0.00,0.00,30.32,0.00,10.00,CLR
NYC,2023-02-02 05:51,30.00,9.00,0.00,0.00,30.30,0.00,10.00,CLR
NYC,2023-02-02 06:51,30.00,9.00,4.00,350.00,30.28,0.00,10.00,CLR
NYC,2023-02-02 07:51,30.00,8.10,3.00,330.00,30.29,0.00,10.00,CLR
NYC,2023-02-02 08:51,30.00,8.10,3.00,300.00,30.27,0.00,10.00,CLR
NYC,2023-02-02 09:51,30.00,8.10,3.00,M,30.27,0.00,10.00,CLR
NYC,2023-02-02 10:51,30.00,8.10,0.00,0.00,30.27,0.00,10.00,CLR
NYC,2023-02-02 11:51,28.90,10.00,0.00,0.00,30.26,0.00,10.00,CLR
NYC,2023-02-02 12:51,28.90,10.90,4.00,280.00,30.25,0.00,10.00,CLR
NYC,2023-02-02 13:51,33.00,14.00,3.00,M,30.25,0.00,10.00,CLR
NYC,2023-02-02 14:51,34.00,10.90,5.00,M,30.24,0.00,10.00,CLR
NYC,2023-02-02 15:51,35.00,9.00,8.00,210.00,30.22,0.00,10.00,CLR
NYC,2023-02-02 16:51,36.00,9.00,8.00,230.00,30.18,0.00,10.00,CLR
NYC,2023-02-02 17:51,38.00,9.00,M,M,30.12,0.00,10.00,CLR
NYC,2023-02-02 18:51,38.00,8.10,4.00,M,30.06,0.00,10.00,CLR
NYC,2023-02-02 19:51,39.00,9.00,M,M,30.03,0.00,10.00,CLR
NYC,2023-02-02 20:51,39.00,10.00,0.00,0.00,30.00,0.00,10.00,CLR
NYC,2023-02-02 21:51,38.00,9.00,6.00,M,29.98,0.00,10.00,CLR
NYC,2023-02-02 22:51,37.00,10.90,4.00,M,29.96,0.00,10.00,CLR
NYC,2023-02-02 23:51,37.00,12.00,3.00,M,29.94,0.00,10.00,CLR
NYC,2023-02-03 00:51,37.00,12.90,5.00,M,29.91,0.00,10.00,CLR
NYC,2023-02-03 01:51,37.00,15.10,6.00,240.00,29.90,0.00,10.00,CLR
NYC,2023-02-03 02:51,36.00,17.10,7.00,250.00,29.87,0.00,10.00,CLR
NYC,2023-02-03 03:51,36.00,18.00,8.00,230.00,29.85,0.00,10.00,CLR
NYC,2023-02-03 04:51,35.00,19.00,10.00,240.00,29.84,0.00,10.00,CLR
NYC,2023-02-03 05:51,35.00,19.90,7.00,220.00,29.81,0.00,10.00,CLR
NYC,2023-02-03 06:51,34.00,19.90,8.00,240.00,29.79,0.00,10.00,CLR
NYC,2023-02-03 07:51,34.00,19.90,5.00,M,29.78,0.00,10.00,CLR
NYC,2023-02-03 08:51,34.00,19.00,6.00,230.00,29.78,0.00,10.00,CLR
NYC,2023-02-03 09:51,32.00,16.00,10.00,320.00,29.83,0.00,10.00,BKN
NYC,2023-02-03 10:51,28.90,10.00,5.00,M,29.87,0.00,10.00,FEW
NYC,2023-02-03 11:51,27.00,4.00,8.00,300.00,29.91,0.00,10.00,CLR
NYC,2023-02-03 12:51,25.00,1.00,3.00,M,29.96,0.00,10.00,FEW
NYC,2023-02-03 13:51,23.00,0.00,11.00,300.00,30.00,0.00,10.00,SCT
NYC,2023-02-03 14:51,21.90,-3.00,17.00,310.00,30.04,0.00,10.00,FEW
NYC,2023-02-03 15:51,21.90,-5.00,16.00,300.00,30.03,0.00,10.00,CLR
NYC,2023-02-03 16:51,23.00,-5.00,8.00,290.00,30.04,0.00,10.00,BKN
NYC,2023-02-03 17:51,23.00,-6.00,13.00,290.00,30.04,0.00,10.00,OVC
NYC,2023-02-03 18:51,21.00,-7.00,16.00,300.00,30.05,0.00,10.00,BKN
NYC,2023-02-03 19:51,21.00,-9.90,13.00,300.00,30.07,0.00,10.00,SCT
NYC,2023-02-03 20:51,19.90,-11.00,M,M,30.11,0.00,10.00,SCT
NYC,2023-02-03 21:51,18.00,-7.00,16.00,310.00,30.15,0.00,10.00,FEW
NYC,2023-02-03 22:51,17.10,-9.90,11.00,290.00,30.20,0.00,10.00,BKN
NYC,2023-02-03 23:51,15.10,-9.00,7.00,280.00,30.24,0.00,10.00,CLR
NYC,2023-02-04 00:51,12.90,-11.00,11.00,290.00,30.27,0.00,10.00,CLR
NYC,2023-02-04 01:51,12.90,-11.00,12.00,290.00,30.30,0.00,10.00,CLR
NYC,2023-02-04 02:51,12.00,-11.90,13.00,300.00,30.32,0.00,10.00,CLR
NYC,2023-02-04 03:51,12.00,-9.90,7.00,310.00,30.35,0.00,10.00,BKN
NYC,2023-02-04 04:51,12.00,-11.00,12.00,280.00,30.38,0.00,10.00,OVC
NYC,2023-02-04 05:51,10.90,-9.90,6.00,M,30.43,0.00,10.00,BKN
NYC,2023-02-04 06:51,9.00,-9.00,10.00,310.00,30.49,0.00,10.00,BKN
NYC,2023-02-04 07:51,8.10,-13.00,12.00,300.00,30.50,0.00,10.00,CLR
NYC,2023-02-04 08:51,6.00,-13.00,15.00,300.00,30.52,0.00,10.00,CLR
NYC,2023-02-04 09:51,5.00,-14.10,11.00,290.00,30.54,0.00,10.00,CLR
NYC,2023-02-04 10:51,4.00,-15.00,14.00,310.00,30.58,0.00,10.00,CLR
NYC,2023-02-04 11:51,4.00,-14.10,8.00,300.00,30.62,0.00,10.00,CLR
NYC,2023-02-04 12:51,4.00,-14.10,11.00,300.00,30.66,0.00,10.00,CLR
NYC,2023-02-04 13:51,6.00,-11.90,7.00,300.00,30.67,0.00,10.00,CLR
NYC,2023-02-04 14:51,8.10,-11.90,6.00,M,30.68,0.00,10.00,CLR
NYC,2023-02-04 15:51,10.90,-13.00,8.00,310.00,30.66,0.00,10.00,CLR
NYC,2023-02-04 16:51,12.90,-13.00,3.00,M,30.62,0.00,10.00,CLR
NYC,2023-02-04 17:51,16.00,-13.00,7.00,320.00,30.59,0.00,10.00,FEW
NYC,2023-02-04 18:51,18.00,-11.00,4.00,M,30.55,0.00,10.00,CLR
NYC,2023-02-04 19:51,19.00,-11.90,4.00,M,30.53,0.00,10.00,CLR
NYC,2023-02-04 20:51,21.20,-11.20,M,M,M,0.00,M,M
NYC,2023-02-04 21:51,21.90,-4.00,5.00,M,30.52,0.00,10.00,BKN
NYC,2023-02-04 22:51,21.90,-0.90,7.00,210.00,30.51,0.00,10.00,SCT
NYC,2023-02-04 23:51,24.10,0.00,4.00,M,30.49,0.00,10.00,CLR
NYC,2023-02-05 00:51,25.00,1.90,M,M,30.47,0.00,10.00,OVC
NYC,2023-02-05 01:51,25.00,1.90,9.00,220.00,30.47,0.00,10.00,FEW
NYC,2023-02-05 02:51,25.00,7.00,9.00,220.00,30.47,0.00,10.00,CLR
NYC,2023-02-05 03:51,27.00,6.00,4.00,M,30.46,0.00,10.00,CLR
NYC,2023-02-05 04:51,27.00,6.00,4.00,M,30.42,0.00,10.00,CLR
NYC,2023-02-05 05:51,28.00,12.00,0.00,0.00,30.40,0.00,10.00,CLR
NYC,2023-02-05 06:51,28.90,14.00,0.00,0.00,30.37,0.00,10.00,CLR
NYC,2023-02-05 07:51,28.90,15.10,4.00,M,30.34,0.00,10.00,CLR
NYC,2023-02-05 08:51,30.00,16.00,7.00,230.00,30.32,0.00,10.00,CLR
NYC,2023-02-05 09:51,30.00,17.10,5.00,M,30.31,0.00,10.00,CLR
NYC,2023-02-05 10:51,30.90,17.10,10.00,230.00,30.30,0.00,10.00,CLR
NYC,2023-02-05 11:51,30.90,17.10,M,M,30.29,0.00,10.00,CLR
NYC,2023-02-05 12:51,33.00,17.10,6.00,M,30.28,0.00,10.00,CLR
NYC,2023-02-05 13:51,34.00,17.10,7.00,220.00,30.26,0.00,10.00,CLR
NYC,2023-02-05 14:51,35.00,18.00,7.00,220.00,30.26,0.00,10.00,CLR
NYC,2023-02-05 15:51,37.00,17.10,7.00,230.00,30.23,0.00,10.00,CLR
NYC,2023-02-05 16:51,40.00,18.00,4.00,M,30.19,0.00,10.00,CLR
NYC,2023-02-05 17:51,45.00,19.00,0.00,0.00,30.14,0.00,10.00,CLR
NYC,2023-02-05 18:51,48.00,19.00,M,M,30.10,0.00,10.00,CLR
NYC,2023-02-05 19:51,48.00,19.90,3.00,M,30.08,0.00,10.00,CLR
NYC,2023-02-05 20:51,49.00,21.90,0.00,0.00,30.06,0.00,10.00,CLR
NYC,2023-02-05 21:51,47.00,25.00,M,M,M,0.00,M,M
NYC,2023-02-05 22:51,45.00,26.10,M,M,M,0.00,M,M
NYC,2023-02-05 23:51,45.00,26.10,3.00,300.00,30.05,0.00,10.00,CLR
NYC,2023-02-06 00:51,46.00,25.00,M,M,M,0.00,M,M
NYC,2023-02-06 01:51,48.00,21.00,0.00,0.00,30.04,0.00,10.00,CLR
NYC,2023-02-06 02:51,46.00,24.10,M,M,M,0.00,M,M
NYC,2023-02-06 03:51,47.00,19.90,3.00,240.00,30.02,0.00,10.00,CLR
NYC,2023-02-06 04:51,44.00,21.00,0.00,0.00,30.01,0.00,10.00,CLR
NYC,2023-02-06 05:51,42.80,28.40,M,M,M,0.00,M,M
NYC,2023-02-06 06:51,46.40,30.20,3.00,M,29.96,0.00,10.00,CLR
NYC,2023-02-06 07:51,44.00,32.00,3.00,M,29.95,0.00,10.00,CLR
NYC,2023-02-06 08:51,44.00,30.00,0.00,0.00,29.94,0.00,10.00,CLR
NYC,2023-02-06 09:51,42.00,28.90,0.00,0.00,29.95,0.00,10.00,CLR
NYC,2023-02-06 10:51,41.00,28.90,0.00,0.00,29.95,0.00,10.00,BKN
NYC,2023-02-06 11:51,42.00,28.90,0.00,0.00,29.98,0.00,10.00,BKN
NYC,2023-02-06 12:51,42.00,27.00,0.00,0.00,29.98,0.00,10.00,OVC
NYC,2023-02-06 13:51,42.00,26.10,0.00,0.00,29.99,0.00,10.00,OVC
NYC,2023-02-06 14:51,45.00,25.00,4.00,M,30.01,0.00,10.00,CLR
NYC,2023-02-06 15:51,48.00,27.00,9.00,40.00,30.02,0.00,10.00,OVC
NYC,2023-02-06 16:51,50.00,28.00,8.00,10.00,30.02,0.00,10.00,FEW
NYC,2023-02-06 17:51,52.00,28.00,8.00,360.00,30.00,0.00,10.00,CLR
NYC,2023-02-06 18:51,49.00,28.00,5.00,M,30.01,0.00,10.00,OVC
NYC,2023-02-06 19:51,48.00,28.00,13.00,20.00,30.02,0.00,10.00,FEW
NYC,2023-02-06 20:51,46.00,28.00,6.00,M,30.05,0.00,10.00,OVC
NYC,2023-02-06 21:51,45.00,28.00,11.00,10.00,30.09,0.00,10.00,OVC
NYC,2023-02-06 22:51,44.00,28.00,6.00,M,30.12,0.00,10.00,OVC
NYC,2023-02-06 23:51,43.00,28.00,8.00,10.00,30.15,0.00,10.00,CLR
NYC,2023-02-07 00:51,41.00,28.00,3.00,M,30.19,0.00,10.00,CLR
NYC,2023-02-07 01:51,40.00,27.00,4.00,M,30.20,0.00,10.00,CLR
NYC,2023-02-07 02:51,37.00,26.10,4.00,M,30.24,0.00,10.00,CLR
NYC,2023-02-07 03:51,35.00,24.10,5.00,M,30.25,0.00,10.00,CLR
NYC,2023-02-07 04:51,34.00,23.00,0.00,0.00,30.28,0.00,10.00,CLR
NYC,2023-02-07 05:51,33.00,21.00,4.00,M,30.32,0.00,10.00,CLR
NYC,2023-02-07 06:51,33.00,21.00,3.00,30.00,30.32,0.00,10.00,CLR
NYC,2023-02-07 07:51,32.00,19.00,7.00,30.00,30.30,0.00,10.00,CLR
NYC,2023-02-07 08:51,30.90,17.10,4.00,M,30.33,0.00,10.00,CLR
NYC,2023-02-07 09:51,30.90,16.00,5.00,10.00,30.34,0.00,10.00,CLR
NYC,2023-02-07 10:51,30.00,17.10,5.00,M,30.35,0.00,10.00,CLR
NYC,2023-02-07 11:51,30.00,18.00,4.00,340.00,30.37,0.00,10.00,CLR
NYC,2023-02-07 12:51,30.90,16.00,0.00,0.00,30.39,0.00,9.00,CLR
NYC,2023-02-07 13:51,33.00,12.90,5.00,50.00,30.40,0.00,10.00,CLR
NYC,2023-02-07 14:51,34.00,14.00,5.00,60.00,30.38,0.00,10.00,CLR
NYC,2023-02-07 15:51,37.00,16.00,4.00,60.00,30.38,0.00,10.00,CLR
NYC,2023-02-07 16:51,40.00,14.00,M,M,30.37,0.00,10.00,CLR
NYC,2023-02-07 17:51,39.00,19.00,5.00,160.00,30.32,0.00,10.00,CLR
NYC,2023-02-07 18:51,39.00,23.00,5.00,140.00,30.30,0.00,10.00,CLR
NYC,2023-02-07 19:51,39.00,25.00,3.00,M,30.25,0.00,10.00,CLR
NYC,2023-02-07 20:51,40.00,28.00,3.00,M,30.24,0.00,10.00,CLR
NYC,2023-02-07 21:51,41.00,30.00,5.00,140.00,30.25,0.00,10.00,CLR
NYC,2023-02-07 22:51,40.00,30.90,3.00,M,30.20,0.00,10.00,CLR
NYC,2023-02-07 23:51,41.00,30.90,6.00,160.00,30.19,0.00,10.00,CLR
NYC,2023-02-08 00:51,43.00,30.00,5.00,M,30.19,0.00,10.00,BKN
NYC,2023-02-08 01:51,42.00,28.90,4.00,260.00,30.20,0.00,10.00,SCT
NYC,2023-02-08 02:51,41.00,32.00,6.00,240.00,30.19,T,10.00,OVC
NYC,2023-02-08 03:51,41.00,33.00,3.00,M,30.16,0.01,10.00,BKN
NYC,2023-02-08 04:51,41.00,33.00,M,M,30.14,0.01,9.00,OVC
NYC,2023-02-08 05:51,42.00,32.00,5.00,260.00,30.11,T,10.00,BKN
NYC,2023-02-08 06:51,41.00,32.00,6.00,240.00,30.09,0.00,9.00,CLR
NYC,2023-02-08 07:51,40.00,32.00,7.00,270.00,30.10,0.00,9.00,CLR
NYC,2023-02-08 08:51,40.00,32.00,3.00,M,30.09,0.00,9.00,CLR
NYC,2023-02-08 09:51,40.00,30.90,5.00,290.00,30.11,0.00,8.00,CLR
NYC,2023-02-08 10:51,40.00,30.90,4.00,270.00,30.13,0.00,4.00,CLR
NYC,2023-02-08 11:51,39.00,30.90,4.00,300.00,30.14,0.00,2.50,CLR
NYC,2023-02-08 12:51,43.00,33.00,6.00,M,30.16,0.00,3.00,CLR
NYC,2023-02-08 13:51,44.00,32.00,7.00,300.00,30.19,0.00,9.00,CLR
NYC,2023-02-08 14:51,46.00,30.00,6.00,M,30.22,0.00,10.00,BKN
NYC,2023-02-08 15:51,46.00,26.10,10.00,300.00,30.24,0.00,10.00,FEW
NYC,2023-02-08 16:51,48.00,26.10,4.00,M,30.24,0.00,10.00,FEW
NYC,2023-02-08 17:51,50.00,26.10,5.00,M,30.22,0.00,10.00,CLR
NYC,2023-02-08 18:51,50.00,25.00,8.00,300.00,30.21,0.00,10.00,CLR
NYC,2023-02-08 19:51,52.00,25.00,8.00,310.00,30.21,0.00,10.00,CLR
NYC,2023-02-08 20:51,53.00,24.10,6.00,300.00,30.24,0.00,10.00,CLR
NYC,2023-02-08 21:51,52.00,24.10,5.00,M,30.25,0.00,10.00,CLR
NYC,2023-02-08 22:51,51.00,24.10,5.00,280.00,30.27,0.00,10.00,CLR
NYC,2023-02-08 23:51,51.00,24.10,4.00,280.00,30.29,0.00,10.00,CLR
NYC,2023-02-09 00:51,50.00,24.10,4.00,300.00,30.29,0.00,10.00,CLR
NYC,2023-02-09 01:51,49.00,24.10,5.00,290.00,30.30,0.00,10.00,CLR
NYC,2023-02-09 02:51,49.00,24.10,4.00,M,30.33,0.00,10.00,CLR
NYC,2023-02-09 03:51,48.00,23.00,3.00,270.00,30.32,0.00,10.00,CLR
NYC,2023-02-09 04:51,48.00,23.00,3.00,240.00,30.33,0.00,10.00,CLR
NYC,2023-02-09 05:51,46.00,24.10,4.00,M,30.32,0.00,10.00,CLR
NYC,2023-02-09 06:51,45.00,24.10,0.00,0.00,30.32,0.00,10.00,CLR
NYC,2023-02-09 07:51,44.00,24.10,0.00,0.00,30.30,0.00,10.00,CLR
NYC,2023-02-09 08:51,44.00,24.10,3.00,290.00,30.30,0.00,10.00,CLR
NYC,2023-02-09 09:51,43.00,24.10,3.00,20.00,30.29,0.00,10.00,CLR
NYC,2023-02-09 10:51,44.00,25.00,0.00,0.00,30.30,0.00,10.00,CLR
NYC,2023-02-09 11:51,44.00,26.10,0.00,0.00,30.31,0.00,10.00,CLR
NYC,2023-02-09 12:51,43.00,28.90,0.00,0.00,30.33,0.00,10.00,OVC
NYC,2023-02-09 13:51,44.00,28.90,0.00,0.00,30.32,0.00,10.00,OVC
NYC,2023-02-09 14:51,48.00,30.90,0.00,0.00,30.30,0.00,9.00,FEW
NYC,2023-02-09 15:51,47.00,34.00,4.00,100.00,30.28,0.00,8.00,OVC
NYC,2023-02-09 16:51,47.00,35.00,4.00,120.00,30.22,0.00,8.00,OVC
NYC,2023-02-09 17:51,50.00,37.00,3.00,M,30.17,0.00,8.00,FEW
NYC,2023-02-09 18:51,51.00,39.00,6.00,M,30.14,0.00,9.00,BKN
NYC,2023-02-09 19:51,52.00,41.00,4.00,M,30.10,0.00,10.00,OVC
NYC,2023-02-09 20:51,52.00,43.00,M,M,30.08,0.00,10.00,BKN
NYC,2023-02-09 21:51,51.00,44.00,8.00,160.00,30.03,0.00,10.00,BKN
NYC,2023-02-09 22:51,50.00,45.00,6.00,M,30.00,0.00,10.00,BKN
NYC,2023-02-09 23:51,51.00,46.00,6.00,160.00,29.97,0.00,10.00,BKN
NYC,2023-02-10 00:51,54.00,47.00,4.00,160.00,29.94,0.00,10.00,FEW
NYC,2023-02-10 01:51,55.00,47.00,5.00,M,29.92,0.00,10.00,OVC
NYC,2023-02-10 02:51,55.00,47.00,5.00,140.00,29.88,0.00,10.00,OVC
NYC,2023-02-10 03:51,54.00,46.00,3.00,M,29.85,0.00,10.00,CLR
NYC,2023-02-10 04:51,53.00,46.00,3.00,140.00,29.82,0.00,10.00,CLR
NYC,2023-02-10 05:51,53.00,46.00,0.00,0.00,29.79,0.00,10.00,FEW
NYC,2023-02-10 06:51,57.00,47.00,3.00,M,29.78,0.00,10.00,CLR
NYC,2023-02-10 07:51,58.00,49.00,6.00,M,29.78,0.00,10.00,CLR
NYC,2023-02-10 08:51,59.00,50.00,4.00,M,29.76,0.00,10.00,CLR
NYC,2023-02-10 09:51,60.00,52.00,4.00,M,29.77,0.00,10.00,CLR
NYC,2023-02-10 10:51,60.00,52.00,3.00,M,29.78,0.00,10.00,CLR
NYC,2023-02-10 11:51,58.00,51.00,5.00,280.00,29.81,0.00,10.00,BKN
NYC,2023-02-10 12:51,56.00,44.00,10.00,280.00,29.86,0.00,10.00,CLR
NYC,2023-02-10 13:51,56.00,34.00,10.00,270.00,29.89,0.00,10.00,CLR
NYC,2023-02-10 14:51,56.00,33.00,12.00,280.00,29.90,0.00,10.00,CLR
NYC,2023-02-10 15:51,57.00,32.00,10.00,300.00,29.91,0.00,10.00,CLR
NYC,2023-02-10 16:51,57.00,28.90,11.00,260.00,29.90,0.00,10.00,CLR
NYC,2023-02-10 17:51,57.00,28.00,17.00,270.00,29.90,0.00,10.00,CLR
NYC,2023-02-10 18:51,57.00,28.00,9.00,280.00,29.90,0.00,10.00,CLR
NYC,2023-02-10 19:51,57.00,28.00,7.00,260.00,29.91,0.00,10.00,CLR
NYC,2023-02-10 20:51,57.00,28.00,M,M,29.94,0.00,10.00,CLR
NYC,2023-02-10 21:51,55.00,28.00,9.00,280.00,29.96,0.00,10.00,CLR
NYC,2023-02-10 22:51,52.00,28.00,9.00,290.00,30.00,0.00,10.00,CLR
NYC,2023-02-10 23:51,50.00,28.00,7.00,300.00,30.03,0.00,10.00,CLR
NYC,2023-02-11 00:51,49.00,28.00,7.00,320.00,30.04,0.00,10.00,OVC
NYC,2023-02-11 01:51,49.00,28.90,4.00,M,30.07,0.00,10.00,OVC
NYC,2023-02-11 02:51,48.00,28.90,8.00,270.00,30.06,0.00,10.00,FEW
NYC,2023-02-11 03:51,47.00,28.00,7.00,280.00,30.06,0.00,10.00,CLR
NYC,2023-02-11 04:51,45.00,28.90,5.00,M,30.04,0.00,10.00,CLR
NYC,2023-02-11 05:51,45.00,27.00,11.00,290.00,30.07,0.00,10.00,SCT
NYC,2023-02-11 06:51,43.00,25.00,10.00,310.00,30.09,0.00,10.00,CLR
NYC,2023-02-11 07:51,41.00,21.90,6.00,M,30.10,0.00,10.00,CLR
NYC,2023-02-11 08:51,40.00,19.90,7.00,300.00,30.12,0.00,10.00,FEW
NYC,2023-02-11 09:51,39.00,19.90,7.00,290.00,30.13,0.00,10.00,SCT
NYC,2023-02-11 10:51,38.00,16.00,11.00,300.00,30.18,0.00,10.00,CLR
NYC,2023-02-11 11:51,37.00,16.00,8.00,300.00,30.22,0.00,10.00,FEW
NYC,2023-02-11 12:51,37.00,17.10,0.00,0.00,30.26,0.00,10.00,CLR
NYC,2023-02-11 13:51,37.00,15.10,5.00,M,30.29,0.00,10.00,CLR
NYC,2023-02-11 14:51,39.00,16.00,5.00,M,30.30,0.00,10.00,CLR
NYC,2023-02-11 15:51,40.00,16.00,11.00,300.00,30.31,0.00,10.00,CLR
NYC,2023-02-11 16:51,42.00,17.10,5.00,M,30.31,0.00,10.00,CLR
NYC,2023-02-11 17:51,43.00,18.00,6.00,M,30.30,0.00,10.00,CLR
NYC,2023-02-11 18:51,43.00,17.10,7.00,300.00,30.28,0.00,10.00,CLR
NYC,2023-02-11 19:51,45.00,17.10,0.00,0.00,30.29,0.00,10.00,CLR
NYC,2023-02-11 20:51,44.00,17.10,4.00,320.00,30.30,0.00,10.00,CLR
NYC,2023-02-11 21:51,43.00,17.10,3.00,M,30.30,0.00,10.00,CLR
NYC,2023-02-11 22:51,42.00,17.10,4.00,M,30.30,0.00,10.00,CLR
NYC,2023-02-11 23:51,42.00,17.10,4.00,M,30.32,0.00,10.00,CLR
NYC,2023-02-12 00:51,41.00,17.10,3.00,M,30.31,0.00,10.00,CLR
NYC,2023-02-12 01:51,40.00,17.10,4.00,290.00,30.34,0.00,10.00,CLR
NYC,2023-02-12 02:51,39.00,19.00,3.00,320.00,30.31,0.00,10.00,CLR
NYC,2023-02-12 03:51,40.00,18.00,0.00,0.00,30.31,0.00,10.00,CLR
NYC,2023-02-12 04:51,39.00,19.00,0.00,0.00,30.27,0.00,10.00,CLR
NYC,2023-02-12 05:51,40.00,21.00,3.00,290.00,30.27,0.00,10.00,CLR
NYC,2023-02-12 06:51,40.00,28.00,0.00,0.00,30.25,0.00,10.00,CLR
NYC,2023-02-12 07:51,40.00,21.90,0.00,0.00,30.23,0.00,10.00,CLR
NYC,2023-02-12 08:51,41.00,19.00,3.00,M,30.22,0.00,10.00,CLR
NYC,2023-02-12 09:51,41.00,19.00,6.00,240.00,30.21,0.00,10.00,CLR
NYC,2023-02-12 10:51,40.00,19.00,3.00,M,30.20,0.00,10.00,CLR
NYC,2023-02-12 11:51,39.00,19.90,4.00,240.00,30.20,0.00,10.00,CLR
NYC,2023-02-12 12:51,40.00,21.00,0.00,0.00,30.19,0.00,10.00,CLR
NYC,2023-02-12 13:51,42.00,19.90,3.00,300.00,30.18,0.00,10.00,CLR
NYC,2023-02-12 14:51,43.00,19.00,0.00,0.00,30.16,0.00,10.00,CLR
NYC,2023-02-12 15:51,44.00,17.10,0.00,0.00,30.12,0.00,10.00,CLR
NYC,2023-02-12 16:51,45.00,19.90,0.00,0.00,30.09,0.00,10.00,CLR
NYC,2023-02-12 17:51,46.00,19.90,3.00,270.00,30.06,0.00,10.00,CLR
NYC,2023-02-12 18:51,47.00,19.00,3.00,120.00,30.03,0.00,10.00,CLR
NYC,2023-02-12 19:51,47.00,19.00,3.00,M,29.98,0.00,10.00,CLR
NYC,2023-02-12 20:51,48.00,19.90,4.00,50.00,29.97,0.00,10.00,CLR
NYC,2023-02-12 21:51,47.00,21.90,3.00,50.00,29.96,0.00,10.00,CLR
NYC,2023-02-12 22:51,45.00,21.90,5.00,M,29.94,0.00,10.00,CLR
NYC,2023-02-12 23:51,44.00,23.00,9.00,60.00,29.90,0.00,10.00,BKN
NYC,2023-02-13 00:51,44.00,23.00,6.00,60.00,29.88,0.00,10.00,BKN
NYC,2023-02-13 01:51,43.00,24.10,10.00,60.00,29.88,0.00,10.00,SCT
NYC,2023-02-13 02:51,43.00,26.10,8.00,50.00,29.82,0.00,10.00,FEW
NYC,2023-02-13 03:51,41.00,28.00,8.00,50.00,29.78,0.01,10.00,OVC
NYC,2023-02-13 04:51,41.00,27.00,5.00,M,29.76,T,10.00,BKN
NYC,2023-02-13 05:51,43.00,21.00,11.00,50.00,29.70,T,10.00,OVC
NYC,2023-02-13 06:51,43.00,19.90,10.00,40.00,29.68,0.00,10.00,BKN
NYC,2023-02-13 07:51,43.00,19.90,6.00,M,29.67,0.00,10.00,FEW
NYC,2023-02-13 08:51,43.00,18.00,6.00,M,29.64,0.00,10.00,BKN
NYC,2023-02-13 09:51,42.00,19.00,4.00,M,29.65,0.00,10.00,SCT
NYC,2023-02-13 10:51,42.00,17.10,6.00,M,29.65,0.00,10.00,SCT
NYC,2023-02-13 11:51,41.00,18.00,M,M,29.66,0.00,10.00,OVC
NYC,2023-02-13 12:51,41.00,17.10,7.00,10.00,29.67,0.00,10.00,BKN
NYC,2023-02-13 13:51,43.00,18.00,7.00,10.00,29.67,0.00,10.00,FEW
NYC,2023-02-13 14:51,45.00,18.00,7.00,20.00,29.67,0.00,10.00,CLR
NYC,2023-02-13 15:51,47.00,19.00,3.00,M,29.69,0.00,10.00,CLR
NYC,2023-02-13 16:51,50.00,17.10,6.00,290.00,29.66,0.00,10.00,CLR
NYC,2023-02-13 17:51,53.00,17.10,5.00,320.00,29.63,0.00,10.00,CLR
NYC,2023-02-13 18:51,55.00,14.00,7.00,290.00,29.60,0.00,10.00,CLR
NYC,2023-02-13 19:51,56.00,10.90,5.00,M,29.57,0.00,10.00,CLR
NYC,2023-02-13 20:51,57.00,12.90,M,M,29.56,0.00,10.00,CLR
NYC,2023-02-13 21:51,56.00,12.00,5.00,M,29.56,0.00,10.00,CLR
NYC,2023-02-13 22:51,55.00,10.90,9.00,230.00,29.58,0.00,10.00,CLR
NYC,2023-02-13 23:51,54.00,9.00,6.00,270.00,29.59,0.00,10.00,CLR
NYC,2023-02-14 00:51,52.00,10.90,4.00,M,29.62,0.00,10.00,CLR
NYC,2023-02-14 01:51,52.00,10.00,7.00,240.00,29.63,0.00,10.00,CLR
NYC,2023-02-14 02:51,51.00,14.00,8.00,240.00,29.64,0.00,10.00,BKN
NYC,2023-02-14 03:51,49.00,14.00,6.00,M,29.66,0.00,10.00,CLR
NYC,2023-02-14 04:51,49.00,17.10,M,M,29.70,0.00,10.00,CLR
NYC,2023-02-14 05:51,48.00,21.00,8.00,290.00,29.74,0.00,10.00,CLR
NYC,2023-02-14 06:51,47.00,23.00,6.00,M,29.78,0.00,10.00,CLR
NYC,2023-02-14 07:51,45.00,24.10,5.00,M,29.81,0.00,10.00,CLR
NYC,2023-02-14 08:51,44.00,24.10,9.00,310.00,29.85,0.00,10.00,CLR
NYC,2023-02-14 09:51,44.00,21.90,11.00,300.00,29.89,0.00,10.00,CLR
NYC,2023-02-14 10:51,42.00,21.90,9.00,310.00,29.92,0.00,10.00,CLR
NYC,2023-02-14 11:51,41.00,21.90,4.00,M,29.95,0.00,10.00,CLR
NYC,2023-02-14 12:51,41.00,23.00,9.00,280.00,30.00,0.00,10.00,CLR
NYC,2023-02-14 13:51,42.00,23.00,5.00,M,30.03,0.00,10.00,CLR
NYC,2023-02-14 14:51,45.00,21.90,0.00,0.00,30.06,0.00,10.00,CLR
NYC,2023-02-14 15:51,47.00,21.00,0.00,0.00,30.09,0.00,10.00,CLR
NYC,2023-02-14 16:51,49.00,19.90,5.00,M,30.09,0.00,10.00,CLR
NYC,2023-02-14 17:51,50.00,19.90,3.00,M,30.08,0.00,10.00,CLR
NYC,2023-02-14 18:51,52.00,19.90,3.00,M,30.07,0.00,10.00,CLR
NYC,2023-02-14 19:51,54.00,19.00,3.00,M,30.09,0.00,10.00,CLR
NYC,2023-02-14 20:51,54.00,18.00,8.00,280.00,30.10,0.00,10.00,CLR
NYC,2023-02-14 21:51,53.00,18.00,5.00,260.00,30.13,0.00,10.00,CLR
NYC,2023-02-14 22:51,52.00,18.00,3.00,M,30.15,0.00,10.00,CLR
NYC,2023-02-14 23:51,51.00,18.00,7.00,220.00,30.18,0.00,10.00,CLR
NYC,2023-02-15 00:51,51.00,19.00,5.00,M,30.19,0.00,10.00,CLR
NYC,2023-02-15 01:51,51.00,19.00,3.00,240.00,30.20,0.00,10.00,CLR
NYC,2023-02-15 02:51,50.00,21.00,3.00,200.00,30.20,0.00,10.00,CLR
NYC,2023-02-15 03:51,49.00,21.90,0.00,0.00,30.19,0.00,10.00,CLR
NYC,2023-02-15 04:51,50.00,21.90,3.00,190.00,30.19,0.00,10.00,CLR
NYC,2023-02-15 05:51,50.00,21.90,0.00,0.00,30.18,0.00,10.00,CLR
NYC,2023-02-15 06:51,50.00,21.90,0.00,0.00,30.19,0.00,10.00,CLR
NYC,2023-02-15 07:51,50.00,23.00,3.00,M,30.18,0.00,10.00,CLR
NYC,2023-02-15 08:51,48.00,24.10,6.00,230.00,30.20,0.00,10.00,FEW
NYC,2023-02-15 09:51,48.00,26.10,0.00,0.00,30.17,0.00,10.00,BKN
NYC,2023-02-15 10:51,48.00,26.10,4.00,M,30.18,0.00,10.00,CLR
NYC,2023-02-15 11:51,49.00,30.90,4.00,M,30.18,0.00,10.00,CLR
NYC,2023-02-15 12:51,49.00,36.00,M,M,30.15,0.00,10.00,CLR
NYC,2023-02-15 13:51,50.00,38.00,7.00,160.00,30.14,0.00,10.00,FEW
NYC,2023-02-15 14:51,52.00,38.00,5.00,M,30.11,0.00,10.00,CLR
NYC,2023-02-15 15:51,55.00,38.00,M,M,30.09,0.00,10.00,CLR
NYC,2023-02-15 16:51,58.00,39.00,M,M,30.04,0.00,10.00,CLR
NYC,2023-02-15 17:51,59.00,41.00,0.00,0.00,29.97,0.00,10.00,CLR
NYC,2023-02-15 18:51,63.00,40.00,3.00,M,29.91,0.00,10.00,CLR
NYC,2023-02-15 19:51,66.00,39.00,0.00,0.00,29.89,0.00,10.00,CLR
NYC,2023-02-15 20:51,66.00,38.00,3.00,M,29.88,0.00,10.00,CLR
NYC,2023-02-15 21:51,66.00,39.00,M,M,29.88,0.00,10.00,CLR
NYC,2023-02-15 22:51,65.00,39.00,3.00,M,29.90,0.00,10.00,CLR
NYC,2023-02-15 23:51,63.00,39.00,7.00,210.00,29.92,0.00,10.00,CLR
NYC,2023-02-16 00:51,62.00,40.00,8.00,230.00,29.94,0.00,10.00,CLR
NYC,2023-02-16 01:51,62.00,40.00,6.00,230.00,29.95,0.00,10.00,CLR
NYC,2023-02-16 02:51,61.00,40.00,6.00,M,29.96,0.00,10.00,CLR
NYC,2023-02-16 03:51,61.00,40.00,6.00,240.00,29.96,0.00,10.00,CLR
NYC,2023-02-16 04:51,61.00,40.00,8.00,250.00,29.96,0.00,10.00,CLR
NYC,2023-02-16 05:51,60.00,40.00,10.00,240.00,29.97,0.00,10.00,CLR
NYC,2023-02-16 06:51,60.00,40.00,5.00,M,29.99,0.00,10.00,CLR
NYC,2023-02-16 07:51,60.00,40.00,7.00,240.00,29.99,0.00,10.00,CLR
NYC,2023-02-16 08:51,60.00,39.00,5.00,250.00,29.99,0.00,10.00,CLR
NYC,2023-02-16 09:51,59.00,39.00,6.00,M,30.00,0.00,10.00,CLR
NYC,2023-02-16 10:51,58.00,40.00,3.00,M,30.02,0.00,10.00,CLR
NYC,2023-02-16 11:51,59.00,39.00,5.00,M,30.03,0.00,10.00,CLR
NYC,2023-02-16 12:51,61.00,38.00,0.00,0.00,30.04,0.00,10.00,CLR
NYC,2023-02-16 13:51,62.00,38.00,5.00,M,30.04,0.00,10.00,CLR
NYC,2023-02-16 14:51,62.00,39.00,0.00,0.00,30.04,0.00,10.00,CLR
NYC,2023-02-16 15:51,65.00,38.00,0.00,0.00,30.05,0.00,10.00,CLR
NYC,2023-02-16 16:51,67.00,39.00,3.00,220.00,30.04,0.00,10.00,CLR
NYC,2023-02-16 17:51,68.00,39.00,0.00,0.00,30.00,0.00,10.00,CLR
NYC,2023-02-16 18:51,69.00,38.00,0.00,0.00,29.96,0.00,10.00,FEW
NYC,2023-02-16 19:51,65.00,44.00,0.00,0.00,29.97,T,7.00,OVC
NYC,2023-02-16 20:51,58.00,51.00,3.00,190.00,30.00,0.05,4.00,OVC
NYC,2023-02-16 21:51,56.00,50.00,M,M,29.96,0.02,10.00,BKN
NYC,2023-02-16 22:51,58.00,47.00,4.00,M,29.94,T,10.00,OVC
NYC,2023-02-16 23:51,59.00,47.00,3.00,M,29.94,0.00,10.00,OVC
NYC,2023-02-17 00:51,59.00,47.00,0.00,0.00,29.92,0.00,10.00,OVC
NYC,2023-02-17 01:51,58.00,49.00,3.00,M,29.89,0.00,10.00,OVC
NYC,2023-02-17 02:51,59.00,51.00,5.00,220.00,29.89,0.00,10.00,SCT
NYC,2023-02-17 03:51,58.00,52.00,4.00,M,29.86,0.00,8.00,FEW
NYC,2023-02-17 04:51,57.00,52.00,0.00,0.00,29.84,0.00,10.00,CLR
NYC,2023-02-17 05:51,59.00,53.00,3.00,190.00,29.80,0.00,10.00,OVC
NYC,2023-02-17 06:51,58.00,52.00,4.00,280.00,29.78,0.00,9.00,BKN
NYC,2023-02-17 07:51,57.00,52.00,0.00,0.00,29.73,0.00,9.00,CLR
NYC,2023-02-17 08:51,57.00,52.00,0.00,0.00,29.69,0.00,8.00,CLR
NYC,2023-02-17 09:51,58.00,53.00,3.00,M,29.68,0.00,8.00,SCT
NYC,2023-02-17 10:51,57.00,52.00,0.00,0.00,29.67,0.00,8.00,SCT
NYC,2023-02-17 11:51,57.00,52.00,5.00,M,29.70,0.00,8.00,FEW
NYC,2023-02-17 12:51,57.00,53.00,6.00,M,29.66,T,4.00,OVC
NYC,2023-02-17 13:51,58.00,54.00,5.00,M,29.65,T,7.00,BKN
NYC,2023-02-17 14:51,59.00,56.00,6.00,200.00,29.61,0.06,4.00,FEW
NYC,2023-02-17 15:51,59.00,55.00,7.00,190.00,29.52,0.01,10.00,FEW
NYC,2023-02-17 16:51,60.00,55.00,7.00,230.00,29.56,0.00,10.00,OVC
NYC,2023-02-17 17:51,61.00,57.00,3.00,M,29.52,0.00,10.00,OVC
NYC,2023-02-17 18:51,51.00,43.00,9.00,320.00,29.57,0.10,10.00,FEW
NYC,2023-02-17 19:51,52.00,42.00,4.00,M,29.59,T,10.00,FEW
NYC,2023-02-17 20:51,46.00,30.90,M,M,29.64,T,10.00,OVC
NYC,2023-02-17 21:51,43.00,28.90,11.00,320.00,29.68,T,10.00,OVC
NYC,2023-02-17 22:51,41.00,26.10,9.00,290.00,29.75,0.01,10.00,FEW
NYC,2023-02-17 23:51,39.00,24.10,13.00,300.00,29.80,0.00,10.00,FEW
NYC,2023-02-18 00:51,36.00,21.90,10.00,300.00,29.86,T,10.00,OVC
NYC,2023-02-18 01:51,34.00,19.00,9.00,320.00,29.91,0.00,10.00,SCT
NYC,2023-02-18 02:51,33.00,19.00,8.00,300.00,29.97,0.00,10.00,SCT
NYC,2023-02-18 03:51,33.00,17.10,9.00,290.00,30.01,0.00,10.00,OVC
NYC,2023-02-18 04:51,32.00,16.00,12.00,300.00,30.05,0.00,10.00,OVC
NYC,2023-02-18 05:51,32.00,15.10,9.00,320.00,30.08,0.00,10.00,OVC
NYC,2023-02-18 06:51,32.00,15.10,M,M,30.12,0.00,10.00,OVC
NYC,2023-02-18 07:51,30.90,16.00,11.00,290.00,30.15,0.00,10.00,OVC
NYC,2023-02-18 08:51,30.90,15.10,9.00,300.00,30.18,0.00,10.00,BKN
NYC,2023-02-18 09:51,30.00,14.00,8.00,290.00,30.22,0.00,10.00,OVC
NYC,2023-02-18 10:51,28.90,12.90,9.00,290.00,30.26,0.00,10.00,FEW
NYC,2023-02-18 11:51,28.00,12.00,7.00,290.00,30.29,0.00,10.00,CLR
NYC,2023-02-18 12:51,27.00,10.90,5.00,M,30.33,0.00,10.00,CLR
NYC,2023-02-18 13:51,28.00,10.00,11.00,310.00,30.34,0.00,10.00,CLR
NYC,2023-02-18 14:51,30.00,10.00,11.00,280.00,30.37,0.00,10.00,CLR
NYC,2023-02-18 15:51,33.00,10.90,8.00,260.00,30.36,0.00,10.00,CLR
NYC,2023-02-18 16:51,36.00,12.00,5.00,M,30.35,0.00,10.00,CLR
NYC,2023-02-18 17:51,38.00,10.90,8.00,230.00,30.33,0.00,10.00,CLR
NYC,2023-02-18 18:51,39.00,9.00,7.00,230.00,30.31,0.00,10.00,CLR
NYC,2023-02-18 19:51,41.00,10.00,5.00,M,30.30,0.00,10.00,CLR
NYC,2023-02-18 20:51,42.00,12.00,5.00,M,30.29,0.00,10.00,CLR
NYC,2023-02-18 21:51,42.00,12.90,7.00,250.00,30.30,0.00,10.00,CLR
NYC,2023-02-18 22:51,41.00,12.90,5.00,M,30.32,0.00,10.00,CLR
NYC,2023-02-18 23:51,41.00,14.00,M,M,30.35,0.00,10.00,CLR
NYC,2023-02-19 00:51,41.00,15.10,10.00,230.00,30.36,0.00,10.00,CLR
NYC,2023-02-19 01:51,40.00,16.00,7.00,230.00,30.38,0.00,10.00,CLR
NYC,2023-02-19 02:51,39.00,16.00,5.00,M,30.40,0.00,10.00,CLR
NYC,2023-02-19 03:51,40.00,17.10,0.00,0.00,30.38,0.00,10.00,CLR
NYC,2023-02-19 04:51,39.00,18.00,5.00,250.00,30.38,0.00,10.00,CLR
NYC,2023-02-19 05:51,38.00,19.00,M,M,30.38,0.00,10.00,CLR
NYC,2023-02-19 06:51,38.00,19.00,3.00,M,30.38,0.00,10.00,CLR
NYC,2023-02-19 07:51,38.00,19.00,9.00,240.00,30.38,0.00,10.00,CLR
NYC,2023-02-19 08:51,38.00,19.00,3.00,M,30.39,0.00,10.00,CLR
NYC,2023-02-19 09:51,39.00,19.00,0.00,0.00,30.38,0.00,10.00,CLR
NYC,2023-02-19 10:51,39.00,19.00,4.00,250.00,30.39,0.00,10.00,CLR
NYC,2023-02-19 11:51,39.00,19.90,4.00,240.00,30.38,0.00,10.00,CLR
NYC,2023-02-19 12:51,39.00,21.90,3.00,50.00,30.37,0.00,10.00,CLR
NYC,2023-02-19 13:51,41.00,24.10,0.00,0.00,30.39,0.00,10.00,CLR
NYC,2023-02-19 14:51,44.00,21.90,0.00,0.00,30.37,0.00,10.00,CLR
NYC,2023-02-19 15:51,45.00,25.00,0.00,0.00,30.37,0.00,10.00,CLR
NYC,2023-02-19 16:51,46.00,27.00,M,M,30.34,0.00,10.00,CLR
NYC,2023-02-19 17:51,46.00,30.00,M,M,30.27,0.00,10.00,CLR
NYC,2023-02-19 18:51,48.00,30.00,M,M,30.23,0.00,10.00,CLR
NYC,2023-02-19 19:51,49.00,32.00,4.00,M,30.17,0.00,10.00,CLR
NYC,2023-02-19 20:51,47.00,32.00,M,M,30.13,0.00,10.00,CLR
NYC,2023-02-19 21:51,46.00,34.00,M,M,30.10,0.00,10.00,CLR
NYC,2023-02-19 22:51,45.00,36.00,M,M,30.09,0.00,10.00,CLR
NYC,2023-02-19 23:51,45.00,37.00,3.00,M,30.07,0.00,10.00,CLR
NYC,2023-02-20 00:51,46.00,37.00,M,M,30.06,0.00,10.00,CLR
NYC,2023-02-20 01:51,47.00,37.00,3.00,M,30.04,0.00,10.00,CLR
NYC,2023-02-20 02:51,47.00,38.00,3.00,M,30.02,0.00,10.00,CLR
NYC,2023-02-20 03:51,48.00,39.00,3.00,M,29.98,0.00,10.00,CLR
NYC,2023-02-20 04:51,49.00,41.00,M,M,29.96,0.00,10.00,CLR
NYC,2023-02-20 05:51,50.00,43.00,M,M,29.94,0.00,10.00,CLR
NYC,2023-02-20 06:51,48.00,42.00,4.00,M,29.92,0.00,10.00,CLR
NYC,2023-02-20 07:51,47.00,41.00,3.00,260.00,29.89,0.00,10.00,CLR
NYC,2023-02-20 08:51,48.00,41.00,11.00,240.00,29.86,0.00,10.00,CLR
NYC,2023-02-20 09:51,47.00,42.00,6.00,230.00,29.84,0.00,10.00,CLR
NYC,2023-02-20 10:51,47.00,42.00,8.00,250.00,29.80,0.00,10.00,CLR
NYC,2023-02-20 11:51,48.00,43.00,9.00,230.00,29.79,0.00,10.00,CLR
NYC,2023-02-20 12:51,48.00,43.00,11.00,240.00,29.78,0.00,9.00,CLR
NYC,2023-02-20 13:51,49.00,43.00,9.00,260.00,29.77,0.00,10.00,CLR
NYC,2023-02-20 14:51,49.00,43.00,7.00,260.00,29.75,0.00,9.00,CLR
NYC,2023-02-20 15:51,49.00,43.00,M,M,29.75,0.00,8.00,CLR
NYC,2023-02-20 16:51,51.00,42.00,0.00,0.00,29.72,0.00,10.00,BKN
NYC,2023-02-20 17:51,54.00,40.00,0.00,0.00,29.68,0.00,10.00,CLR
NYC,2023-02-20 18:51,59.00,36.00,6.00,M,29.65,0.00,10.00,CLR
NYC,2023-02-20 19:51,61.00,28.90,11.00,270.00,29.66,0.00,10.00,CLR
NYC,2023-02-20 20:51,59.00,30.00,M,M,29.66,0.00,10.00,FEW
NYC,2023-02-20 21:51,59.00,30.00,M,M,29.65,0.00,10.00,CLR
NYC,2023-02-20 22:51,58.00,30.00,0.00,0.00,29.66,0.00,10.00,BKN
NYC,2023-02-20 23:51,57.00,28.90,0.00,0.00,29.67,0.00,10.00,CLR
NYC,2023-02-21 00:51,57.00,28.90,3.00,290.00,29.67,0.00,10.00,OVC
NYC,2023-02-21 01:51,56.00,30.00,5.00,310.00,29.67,0.00,10.00,BKN
NYC,2023-02-21 02:51,55.00,28.90,0.00,0.00,29.68,0.00,10.00,BKN
NYC,2023-02-21 03:51,53.00,28.00,6.00,20.00,29.67,0.00,10.00,SCT
NYC,2023-02-21 04:51,50.00,28.90,5.00,30.00,29.66,0.00,10.00,CLR
NYC,2023-02-21 05:51,48.00,28.90,6.00,40.00,29.64,0.00,10.00,FEW
NYC,2023-02-21 06:51,47.00,28.90,8.00,50.00,29.65,0.00,10.00,SCT
NYC,2023-02-21 07:51,42.00,35.00,7.00,30.00,29.66,0.03,4.00,OVC
NYC,2023-02-21 08:51,40.00,34.00,7.00,30.00,29.67,0.04,7.00,BKN
NYC,2023-02-21 09:51,38.00,34.00,6.00,M,29.66,0.09,4.00,FEW
NYC,2023-02-21 10:51,38.00,35.00,8.00,50.00,29.65,0.03,8.00,FEW
NYC,2023-02-21 11:51,37.00,34.00,6.00,M,29.64,0.01,9.00,BKN
NYC,2023-02-21 12:51,38.00,34.00,10.00,50.00,29.66,T,10.00,OVC
NYC,2023-02-21 13:51,38.00,34.00,5.00,70.00,29.67,0.00,10.00,OVC
NYC,2023-02-21 14:51,39.00,34.00,3.00,M,29.67,0.00,8.00,OVC
NYC,2023-02-21 15:51,40.00,35.00,0.00,0.00,29.67,0.00,8.00,OVC
NYC,2023-02-21 16:51,41.00,35.00,0.00,0.00,29.65,0.00,6.00,OVC
NYC,2023-02-21 17:51,42.00,36.00,0.00,0.00,29.63,0.00,7.00,OVC
NYC,2023-02-21 18:51,43.00,36.00,0.00,0.00,29.61,0.00,6.00,OVC
NYC,2023-02-21 19:51,46.00,36.00,0.00,0.00,29.62,0.00,7.00,BKN
NYC,2023-02-21 20:51,45.00,37.00,0.00,0.00,29.63,T,5.00,OVC
NYC,2023-02-21 21:51,44.00,39.00,0.00,0.00,29.66,0.04,5.00,SCT
NYC,2023-02-21 22:51,43.00,39.00,3.00,M,29.70,0.03,7.00,FEW
NYC,2023-02-21 23:51,44.00,37.00,3.00,250.00,29.75,0.00,10.00,SCT
NYC,2023-02-22 00:51,45.00,33.00,5.00,M,29.80,0.00,10.00,CLR
NYC,2023-02-22 01:51,44.00,32.00,6.00,240.00,29.84,0.00,10.00,CLR
NYC,2023-02-22 02:51,44.00,30.90,6.00,M,29.86,0.00,10.00,CLR
NYC,2023-02-22 03:51,44.00,30.90,4.00,M,29.90,0.00,10.00,CLR
NYC,2023-02-22 04:51,43.00,28.00,7.00,300.00,29.94,0.00,10.00,CLR
NYC,2023-02-22 05:51,41.00,28.00,3.00,300.00,29.96,0.00,10.00,CLR
NYC,2023-02-22 06:51,41.00,25.00,7.00,280.00,29.98,0.00,10.00,CLR
NYC,2023-02-22 07:51,41.00,23.00,7.00,280.00,30.01,0.00,10.00,CLR
NYC,2023-02-22 08:51,40.00,24.10,6.00,290.00,30.03,0.00,10.00,CLR
NYC,2023-02-22 09:51,39.00,21.90,4.00,M,30.06,0.00,10.00,CLR
NYC,2023-02-22 10:51,38.00,21.90,6.00,300.00,30.10,0.00,10.00,CLR
NYC,2023-02-22 11:51,38.00,21.90,6.00,300.00,30.13,0.00,10.00,CLR
NYC,2023-02-22 12:51,39.00,21.00,7.00,300.00,30.15,0.00,10.00,CLR
NYC,2023-02-22 13:51,41.00,19.90,6.00,360.00,30.14,0.00,10.00,CLR
NYC,2023-02-22 14:51,42.00,21.90,3.00,M,30.15,0.00,10.00,BKN
NYC,2023-02-22 15:51,42.00,19.90,0.00,0.00,30.19,0.00,10.00,OVC
NYC,2023-02-22 16:51,42.00,21.00,5.00,280.00,30.18,0.00,10.00,OVC
NYC,2023-02-22 17:51,43.00,21.00,4.00,M,30.17,0.00,10.00,BKN
NYC,2023-02-22 18:51,42.00,25.00,4.00,M,30.14,T,10.00,BKN
NYC,2023-02-22 19:51,39.00,32.00,3.00,300.00,30.14,0.02,7.00,OVC
NYC,2023-02-22 20:51,38.00,33.00,5.00,30.00,30.13,0.05,5.00,FEW
NYC,2023-02-22 21:51,37.00,35.00,8.00,60.00,30.08,0.07,5.00,FEW
NYC,2023-02-22 22:51,37.00,33.00,5.00,90.00,30.09,T,10.00,FEW
NYC,2023-02-22 23:51,38.00,33.00,8.00,60.00,30.06,0.00,9.00,BKN
NYC,2023-02-23 00:51,37.00,33.00,7.00,60.00,30.04,T,5.00,BKN
NYC,2023-02-23 01:51,38.00,33.00,4.00,M,30.03,T,8.00,BKN
NYC,2023-02-23 02:51,39.00,34.00,4.00,M,30.04,0.00,9.00,OVC
NYC,2023-02-23 03:51,38.00,34.00,6.00,M,30.00,0.00,8.00,OVC
NYC,2023-02-23 04:51,38.00,34.00,8.00,100.00,29.96,0.00,8.00,OVC
NYC,2023-02-23 05:51,38.00,35.00,10.00,50.00,29.94,0.00,4.00,OVC
NYC,2023-02-23 06:51,38.00,36.00,3.00,40.00,29.91,T,5.00,OVC
NYC,2023-02-23 07:51,38.00,36.00,9.00,60.00,29.88,T,5.00,OVC
NYC,2023-02-23 08:51,38.00,36.00,12.00,70.00,29.84,0.01,9.00,OVC
NYC,2023-02-23 09:51,38.00,36.00,12.00,80.00,29.83,0.01,9.00,OVC
NYC,2023-02-23 10:51,38.00,36.00,8.00,40.00,29.85,T,8.00,OVC
NYC,2023-02-23 11:51,38.00,36.00,7.00,50.00,29.86,0.00,6.00,OVC
NYC,2023-02-23 12:51,38.00,37.00,5.00,60.00,29.90,0.00,5.00,OVC
NYC,2023-02-23 13:51,38.00,36.00,7.00,30.00,29.91,0.00,4.00,OVC
NYC,2023-02-23 14:51,39.00,36.00,7.00,50.00,29.92,0.00,8.00,OVC
NYC,2023-02-23 15:51,39.00,36.00,5.00,M,29.94,0.00,9.00,OVC
NYC,2023-02-23 16:51,39.00,35.00,6.00,50.00,29.94,0.00,10.00,OVC
NYC,2023-02-23 17:51,40.00,35.00,6.00,50.00,29.96,0.00,10.00,OVC
NYC,2023-02-23 18:51,40.00,35.00,7.00,80.00,29.98,0.00,10.00,OVC
NYC,2023-02-23 19:51,40.00,35.00,4.00,M,29.99,0.00,10.00,OVC
NYC,2023-02-23 20:51,40.00,35.00,8.00,70.00,29.99,0.00,10.00,OVC
NYC,2023-02-23 21:51,41.00,36.00,4.00,60.00,30.00,0.00,10.00,OVC
NYC,2023-02-23 22:51,41.00,36.00,7.00,80.00,29.98,0.00,10.00,OVC
NYC,2023-02-23 23:51,42.00,37.00,6.00,180.00,29.99,0.00,8.00,OVC
NYC,2023-02-24 00:51,41.00,37.00,3.00,M,30.00,0.00,7.00,OVC
NYC,2023-02-24 01:51,42.00,38.00,M,M,29.96,0.00,7.00,OVC
NYC,2023-02-24 02:51,42.00,40.00,4.00,M,29.95,0.00,4.00,OVC
NYC,2023-02-24 03:51,43.00,41.00,M,M,29.92,0.00,4.00,OVC
NYC,2023-02-24 04:51,44.00,42.00,0.00,0.00,29.90,0.00,3.00,OVC
NYC,2023-02-24 05:51,43.00,42.00,6.00,310.00,29.93,0.00,1.50,OVC
NYC,2023-02-24 06:51,43.00,41.00,5.00,20.00,29.94,0.00,2.50,OVC
NYC,2023-02-24 07:51,42.00,40.00,0.00,0.00,29.93,0.00,3.00,OVC
NYC,2023-02-24 08:51,43.00,41.00,0.00,0.00,29.96,0.00,5.00,BKN
NYC,2023-02-24 09:51,43.00,40.00,5.00,300.00,29.98,0.00,7.00,CLR
NYC,2023-02-24 10:51,43.00,35.00,5.00,M,30.02,0.00,10.00,CLR
NYC,2023-02-24 11:51,43.00,33.00,3.00,M,30.05,0.00,10.00,CLR
NYC,2023-02-24 12:51,44.00,30.00,9.00,300.00,30.11,0.00,10.00,FEW
NYC,2023-02-24 13:51,45.00,24.10,17.00,310.00,30.13,0.00,10.00,BKN
NYC,2023-02-24 14:51,43.00,25.00,13.00,310.00,30.18,0.00,10.00,SCT
NYC,2023-02-24 15:51,41.00,19.90,12.00,300.00,30.22,0.00,10.00,OVC
NYC,2023-02-24 16:51,43.00,18.00,10.00,290.00,30.24,0.00,10.00,BKN
NYC,2023-02-24 17:51,41.00,17.10,11.00,270.00,30.25,0.00,10.00,CLR
NYC,2023-02-24 18:51,42.00,14.00,7.00,310.00,30.26,0.00,10.00,FEW
NYC,2023-02-24 19:51,41.00,12.90,7.00,310.00,30.31,0.00,10.00,CLR
NYC,2023-02-24 20:51,39.00,10.00,14.00,300.00,30.35,0.00,10.00,CLR
NYC,2023-02-24 21:51,37.00,10.90,7.00,340.00,30.38,0.00,10.00,CLR
NYC,2023-02-24 22:51,35.00,10.90,7.00,330.00,30.42,0.00,10.00,CLR
NYC,2023-02-24 23:51,34.00,10.00,5.00,M,30.47,0.00,10.00,CLR
NYC,2023-02-25 00:51,32.00,8.10,13.00,300.00,30.51,0.00,10.00,CLR
NYC,2023-02-25 01:51,30.00,7.00,M,M,30.55,0.00,10.00,CLR
NYC,2023-02-25 02:51,28.00,7.00,8.00,300.00,30.56,0.00,10.00,CLR
NYC,2023-02-25 03:51,27.00,7.00,5.00,M,30.57,0.00,10.00,CLR
NYC,2023-02-25 04:51,25.00,6.00,M,M,30.57,0.00,10.00,CLR
NYC,2023-02-25 05:51,24.10,7.00,6.00,M,30.58,0.00,10.00,CLR
NYC,2023-02-25 06:51,24.10,6.00,6.00,M,30.57,0.00,10.00,CLR
NYC,2023-02-25 07:51,23.00,6.00,0.00,0.00,30.56,0.00,10.00,CLR
NYC,2023-02-25 08:51,23.00,7.00,6.00,M,30.55,0.00,10.00,CLR
NYC,2023-02-25 09:51,23.00,7.00,4.00,M,30.53,0.00,10.00,CLR
NYC,2023-02-25 10:51,24.10,8.10,4.00,30.00,30.53,0.00,10.00,CLR
NYC,2023-02-25 11:51,24.10,7.00,6.00,50.00,30.53,0.00,10.00,FEW
NYC,2023-02-25 12:51,25.00,10.00,4.00,M,30.54,0.00,10.00,OVC
NYC,2023-02-25 13:51,27.00,10.00,0.00,0.00,30.52,0.00,10.00,FEW
NYC,2023-02-25 14:51,27.00,10.00,5.00,50.00,30.48,0.00,10.00,OVC
NYC,2023-02-25 15:51,26.10,12.00,5.00,M,30.49,T,3.00,BKN
NYC,2023-02-25 16:51,28.00,14.00,4.00,300.00,30.43,T,10.00,FEW
NYC,2023-02-25 17:51,28.00,12.90,3.00,50.00,30.40,0.00,10.00,SCT
NYC,2023-02-25 18:51,28.90,12.00,4.00,M,30.34,0.00,10.00,FEW
NYC,2023-02-25 19:51,28.90,14.00,3.00,M,30.31,0.00,10.00,FEW
NYC,2023-02-25 20:51,30.00,18.00,5.00,M,30.24,0.00,10.00,SCT
NYC,2023-02-25 21:51,30.00,19.00,0.00,0.00,30.23,0.00,10.00,BKN
NYC,2023-02-25 22:51,32.00,21.00,3.00,M,30.23,0.00,10.00,OVC
NYC,2023-02-25 23:51,33.00,23.00,0.00,0.00,30.22,0.00,10.00,BKN
NYC,2023-02-26 00:51,32.00,21.00,3.00,250.00,30.20,0.00,10.00,OVC
NYC,2023-02-26 01:51,32.00,21.00,0.00,0.00,30.19,0.00,10.00,SCT
NYC,2023-02-26 02:51,30.90,19.90,0.00,0.00,30.19,0.00,10.00,CLR
NYC,2023-02-26 03:51,32.00,21.00,3.00,290.00,30.17,0.00,10.00,CLR
NYC,2023-02-26 04:51,32.00,19.00,0.00,0.00,30.15,0.00,10.00,CLR
NYC,2023-02-26 05:51,32.00,18.00,3.00,M,30.13,0.00,10.00,CLR
NYC,2023-02-26 06:51,30.90,18.00,0.00,0.00,30.10,0.00,10.00,CLR
NYC,2023-02-26 07:51,30.90,17.10,4.00,M,30.07,0.00,10.00,CLR
NYC,2023-02-26 08:51,32.00,19.00,3.00,250.00,30.07,0.00,10.00,CLR
NYC,2023-02-26 09:51,30.90,19.00,7.00,210.00,30.07,0.00,10.00,CLR
NYC,2023-02-26 10:51,30.00,19.90,3.00,M,30.05,0.00,10.00,CLR
NYC,2023-02-26 11:51,30.90,21.00,8.00,220.00,30.05,0.00,10.00,FEW
NYC,2023-02-26 12:51,30.90,24.10,4.00,M,30.03,0.00,8.00,FEW
NYC,2023-02-26 13:51,32.00,25.00,8.00,250.00,30.02,0.00,7.00,OVC
NYC,2023-02-26 14:51,33.00,26.10,6.00,270.00,29.98,0.00,6.00,FEW
NYC,2023-02-26 15:51,33.00,27.00,3.00,M,29.97,0.00,5.00,OVC
NYC,2023-02-26 16:51,35.00,28.90,5.00,260.00,29.92,0.00,4.00,OVC
NYC,2023-02-26 17:51,37.00,30.00,7.00,240.00,29.87,0.00,4.00,OVC
NYC,2023-02-26 18:51,42.00,30.90,M,M,29.81,0.00,6.00,BKN
NYC,2023-02-26 19:51,47.00,30.00,6.00,M,29.77,0.00,10.00,CLR
NYC,2023-02-26 20:51,50.00,28.90,10.00,240.00,29.74,0.00,10.00,FEW
NYC,2023-02-26 21:51,50.00,28.00,7.00,250.00,29.73,0.00,10.00,CLR
NYC,2023-02-26 22:51,50.00,28.00,6.00,240.00,29.73,0.00,10.00,CLR
NYC,2023-02-26 23:51,50.00,28.00,4.00,M,29.75,0.00,10.00,CLR
NYC,2023-02-27 00:51,47.00,26.10,0.00,0.00,29.77,0.00,10.00,CLR
NYC,2023-02-27 01:51,45.00,26.10,0.00,0.00,29.81,0.00,10.00,CLR
NYC,2023-02-27 02:51,42.00,25.00,5.00,40.00,29.84,0.00,10.00,CLR
NYC,2023-02-27 03:51,40.00,25.00,0.00,0.00,29.87,0.00,10.00,CLR
NYC,2023-02-27 04:51,40.00,19.00,9.00,300.00,29.88,0.00,10.00,CLR
NYC,2023-02-27 05:51,39.00,19.00,6.00,290.00,29.90,0.00,10.00,CLR
NYC,2023-02-27 06:51,38.00,19.00,7.00,300.00,29.91,0.00,10.00,CLR
NYC,2023-02-27 07:51,37.00,19.90,4.00,M,29.92,0.00,10.00,CLR
NYC,2023-02-27 08:51,36.00,19.90,5.00,290.00,29.94,0.00,10.00,CLR
NYC,2023-02-27 09:51,36.00,19.00,5.00,M,29.97,0.00,10.00,CLR
NYC,2023-02-27 10:51,35.00,18.00,0.00,0.00,30.00,0.00,10.00,CLR
NYC,2023-02-27 11:51,34.00,19.90,5.00,30.00,30.02,0.00,10.00,CLR
NYC,2023-02-27 12:51,35.00,19.90,4.00,M,30.04,0.00,10.00,CLR
NYC,2023-02-27 13:51,37.00,19.00,4.00,M,30.05,0.00,10.00,CLR
NYC,2023-02-27 14:51,38.00,18.00,8.00,90.00,30.05,0.00,10.00,CLR
NYC,2023-02-27 15:51,39.00,19.00,8.00,80.00,30.04,0.00,10.00,CLR
NYC,2023-02-27 16:51,41.00,19.00,7.00,50.00,30.02,0.00,10.00,CLR
NYC,2023-02-27 17:51,43.00,16.00,0.00,0.00,29.99,0.00,10.00,CLR
NYC,2023-02-27 18:51,43.00,17.10,0.00,0.00,29.96,0.00,10.00,CLR
NYC,2023-02-27 19:51,44.00,19.00,0.00,0.00,29.95,0.00,10.00,CLR
NYC,2023-02-27 20:51,42.00,19.00,3.00,M,29.92,0.00,10.00,FEW
NYC,2023-02-27 21:51,40.00,17.10,3.00,M,29.89,0.00,10.00,FEW
NYC,2023-02-27 22:51,39.00,17.10,M,M,29.90,0.00,10.00,OVC
NYC,2023-02-27 23:51,38.00,19.90,8.00,160.00,29.87,0.00,10.00,OVC
NYC,2023-03-01 00:51,36.00,33.00,3.00,300.00,29.98,0.00,8.00,CLR
NYC,2023-03-01 01:51,36.00,33.00,0.00,0.00,30.01,0.00,9.00,OVC
NYC,2023-03-01 02:51,36.00,32.00,3.00,270.00,30.03,0.00,10.00,CLR
NYC,2023-03-01 03:51,37.00,32.00,0.00,0.00,30.04,0.00,10.00,CLR
NYC,2023-03-01 04:51,37.00,30.90,3.00,M,30.07,0.00,10.00,CLR
NYC,2023-03-01 05:51,37.00,30.90,5.00,270.00,30.09,0.00,10.00,CLR
NYC,2023-03-01 06:51,37.00,30.00,5.00,280.00,30.10,0.00,10.00,CLR
NYC,2023-03-01 07:51,36.00,28.90,3.00,300.00,30.11,0.00,10.00,CLR
NYC,2023-03-01 08:51,35.00,28.00,4.00,300.00,30.13,0.00,10.00,CLR
NYC,2023-03-01 09:51,36.00,26.10,5.00,M,30.15,0.00,10.00,CLR
NYC,2023-03-01 10:51,34.00,25.00,5.00,M,30.15,0.00,10.00,CLR
NYC,2023-03-01 11:51,35.00,25.00,5.00,40.00,30.16,0.00,10.00,CLR
NYC,2023-03-01 12:51,36.00,26.10,8.00,70.00,30.17,0.00,10.00,CLR
NYC,2023-03-01 13:51,38.00,26.10,7.00,110.00,30.17,0.00,10.00,CLR
NYC,2023-03-01 14:51,40.00,26.10,5.00,90.00,30.19,0.00,10.00,CLR
NYC,2023-03-01 15:51,41.00,25.00,7.00,90.00,30.16,0.00,10.00,CLR
NYC,2023-03-01 16:51,43.00,26.10,6.00,190.00,30.16,0.00,10.00,OVC
NYC,2023-03-01 17:51,44.00,25.00,M,M,30.14,0.00,10.00,OVC
NYC,2023-03-01 18:51,42.00,26.10,M,M,30.11,0.00,10.00,BKN
NYC,2023-03-01 19:51,42.00,28.90,M,M,30.09,0.00,10.00,BKN
NYC,2023-03-01 20:51,41.00,30.90,3.00,M,30.05,0.00,10.00,FEW
NYC,2023-03-01 21:51,42.00,33.00,3.00,M,30.05,0.00,10.00,BKN
NYC,2023-03-01 22:51,42.00,33.00,6.00,M,30.06,0.00,10.00,BKN
NYC,2023-03-01 23:51,42.00,35.00,3.00,M,30.05,0.00,10.00,FEW
NYC,2023-03-02 00:51,42.00,37.00,M,M,30.03,0.00,7.00,BKN
NYC,2023-03-02 01:51,41.00,39.00,5.00,M,30.01,0.00,4.00,OVC
NYC,2023-03-02 02:51,41.00,39.00,6.00,90.00,29.98,0.00,3.00,OVC
NYC,2023-03-02 03:51,41.00,39.00,7.00,90.00,29.96,0.00,4.00,OVC
NYC,2023-03-02 04:51,40.00,38.00,5.00,70.00,29.93,0.00,3.00,OVC
NYC,2023-03-02 05:51,40.00,38.00,6.00,70.00,29.89,0.00,4.00,OVC
NYC,2023-03-02 06:51,40.00,37.00,5.00,M,29.84,0.00,3.00,OVC
NYC,2023-03-02 07:51,40.00,38.00,5.00,M,29.80,0.00,4.00,OVC
NYC,2023-03-02 08:51,40.00,39.00,3.00,M,29.76,0.00,4.00,OVC
NYC,2023-03-02 09:51,40.00,39.00,5.00,50.00,29.77,0.00,3.00,OVC
NYC,2023-03-02 10:51,41.00,39.00,5.00,50.00,29.74,0.00,4.00,OVC
NYC,2023-03-02 11:51,41.00,39.00,0.00,0.00,29.74,0.00,3.00,OVC
NYC,2023-03-02 12:51,41.00,40.00,0.00,0.00,29.67,T,3.00,OVC
NYC,2023-03-02 13:51,42.00,40.00,0.00,0.00,29.69,T,2.00,BKN
NYC,2023-03-02 14:51,42.00,40.00,5.00,300.00,29.68,T,2.00,BKN
NYC,2023-03-02 15:51,43.00,40.00,4.00,M,29.68,0.00,1.75,OVC
NYC,2023-03-02 16:51,45.00,41.00,6.00,280.00,29.66,0.00,4.00,OVC
NYC,2023-03-02 17:51,48.00,41.00,8.00,270.00,29.64,0.00,8.00,OVC
NYC,2023-03-02 18:51,52.00,39.00,6.00,290.00,29.66,0.00,10.00,CLR
NYC,2023-03-02 19:51,54.00,38.00,3.00,M,29.66,0.00,10.00,CLR
NYC,2023-03-02 20:51,54.00,32.00,4.00,M,29.67,0.00,10.00,CLR
NYC,2023-03-02 21:51,53.00,27.00,7.00,300.00,29.71,0.00,10.00,CLR
NYC,2023-03-02 22:51,50.00,28.90,4.00,300.00,29.75,0.00,10.00,CLR
NYC,2023-03-02 23:51,49.00,28.90,7.00,350.00,29.78,0.00,10.00,CLR
NYC,2023-03-03 00:51,48.00,28.00,4.00,M,29.81,0.00,10.00,CLR
NYC,2023-03-03 01:51,46.00,27.00,8.00,350.00,29.85,0.00,10.00,CLR
NYC,2023-03-03 02:51,44.00,25.00,10.00,310.00,29.87,0.00,10.00,CLR
NYC,2023-03-03 03:51,42.00,26.10,M,M,29.89,0.00,10.00,CLR
NYC,2023-03-03 04:51,41.00,26.10,6.00,M,29.90,0.00,10.00,CLR
NYC,2023-03-03 05:51,40.00,26.10,4.00,M,29.93,0.00,10.00,CLR
NYC,2023-03-03 06:51,39.00,25.00,3.00,300.00,29.95,0.00,10.00,CLR
NYC,2023-03-03 07:51,38.00,25.00,5.00,300.00,29.99,0.00,10.00,CLR
NYC,2023-03-03 08:51,38.00,25.00,0.00,0.00,30.01,0.00,10.00,CLR
NYC,2023-03-03 09:51,37.00,25.00,0.00,0.00,30.03,0.00,10.00,CLR
NYC,2023-03-03 10:51,37.00,23.00,0.00,0.00,30.06,0.00,10.00,CLR
NYC,2023-03-03 11:51,37.00,21.90,0.00,0.00,30.06,0.00,10.00,CLR
NYC,2023-03-03 12:51,39.00,21.90,3.00,M,30.09,0.00,10.00,CLR
NYC,2023-03-03 13:51,41.00,21.90,4.00,M,30.10,0.00,10.00,CLR
NYC,2023-03-03 14:51,42.00,21.00,3.00,50.00,30.12,0.00,10.00,CLR
NYC,2023-03-03 15:51,43.00,24.10,3.00,M,30.13,0.00,10.00,CLR
NYC,2023-03-03 16:51,46.00,23.00,6.00,M,30.11,0.00,10.00,CLR
NYC,2023-03-03 17:51,46.00,21.90,0.00,0.00,30.07,0.00,10.00,CLR
NYC,2023-03-03 18:51,44.00,21.90,6.00,M,30.07,0.00,10.00,CLR
NYC,2023-03-03 19:51,44.00,23.00,7.00,50.00,30.04,0.00,10.00,OVC
NYC,2023-03-03 20:51,43.00,26.10,5.00,200.00,30.02,0.00,10.00,OVC
NYC,2023-03-03 21:51,42.00,24.10,4.00,M,30.02,0.00,10.00,OVC
NYC,2023-03-03 22:51,41.00,26.10,6.00,M,29.99,0.00,10.00,FEW
NYC,2023-03-03 23:51,41.00,28.90,11.00,100.00,29.94,0.00,10.00,FEW
NYC,2023-03-04 00:51,40.00,30.00,7.00,100.00,29.91,T,10.00,BKN
NYC,2023-03-04 01:51,40.00,34.00,7.00,100.00,29.85,0.01,10.00,BKN
NYC,2023-03-04 02:51,40.00,37.00,8.00,110.00,29.78,0.04,7.00,OVC
NYC,2023-03-04 03:51,41.00,38.00,9.00,110.00,29.69,0.03,6.00,OVC
NYC,2023-03-04 04:51,43.00,40.00,18.00,100.00,29.61,0.05,3.00,OVC
NYC,2023-03-04 05:51,43.00,40.00,15.00,90.00,29.51,0.16,2.00,BKN
NYC,2023-03-04 06:51,43.00,40.00,10.00,90.00,29.43,0.26,1.25,OVC
NYC,2023-03-04 07:51,42.00,40.00,10.00,50.00,29.40,0.32,1.75,BKN
NYC,2023-03-04 08:51,41.00,38.00,16.00,50.00,29.33,0.16,2.50,OVC
NYC,2023-03-04 09:51,40.00,38.00,14.00,60.00,29.30,0.06,6.00,OVC
NYC,2023-03-04 10:51,40.00,38.00,16.00,50.00,29.32,0.02,6.00,OVC
NYC,2023-03-04 11:51,41.00,38.00,6.00,M,29.35,0.01,6.00,OVC
NYC,2023-03-04 12:51,39.00,37.00,M,M,29.41,0.01,6.00,BKN
NYC,2023-03-04 13:51,39.00,37.00,4.00,M,29.46,0.01,10.00,OVC
NYC,2023-03-04 14:51,41.00,36.00,5.00,290.00,29.49,0.00,10.00,OVC
NYC,2023-03-04 15:51,41.00,35.00,6.00,300.00,29.52,0.00,10.00,BKN
NYC,2023-03-04 16:51,42.00,34.00,6.00,310.00,29.56,0.00,10.00,OVC
NYC,2023-03-04 17:51,43.00,34.00,7.00,290.00,29.59,0.00,10.00,OVC
NYC,2023-03-04 18:51,42.00,34.00,4.00,M,29.64,0.00,10.00,OVC
NYC,2023-03-04 19:51,44.00,34.00,4.00,M,29.69,0.00,10.00,OVC
NYC,2023-03-04 20:51,44.00,34.00,5.00,300.00,29.74,0.00,10.00,BKN
NYC,2023-03-04 21:51,43.00,34.00,0.00,0.00,29.79,0.00,10.00,BKN
NYC,2023-03-04 22:51,42.00,33.00,4.00,M,29.84,0.00,10.00,FEW
NYC,2023-03-04 23:51,42.00,33.00,8.00,350.00,29.88,0.00,10.00,BKN
NYC,2023-03-05 00:51,42.00,33.00,4.00,M,29.93,0.00,10.00,BKN
NYC,2023-03-05 01:51,41.00,32.00,5.00,320.00,29.97,0.00,10.00,OVC
NYC,2023-03-05 02:58,40.00,32.00,6.00,360.00,30.01,T,10.00,FEW
NYC,2023-03-05 03:51,40.00,28.90,0.00,0.00,30.03,T,10.00,OVC
NYC,2023-03-05 04:51,40.00,28.00,7.00,300.00,30.04,0.00,10.00,OVC
NYC,2023-03-05 05:51,39.00,28.00,9.00,310.00,30.04,0.00,10.00,SCT
NYC,2023-03-05 06:51,39.00,27.00,5.00,M,30.06,0.00,10.00,CLR
NYC,2023-03-05 07:51,38.00,27.00,4.00,300.00,30.07,0.00,10.00,CLR
NYC,2023-03-05 08:51,38.00,27.00,5.00,280.00,30.09,0.00,10.00,CLR
NYC,2023-03-05 09:51,39.00,26.10,5.00,300.00,30.09,0.00,10.00,CLR
NYC,2023-03-05 10:51,38.00,27.00,3.00,290.00,30.11,0.00,10.00,CLR
NYC,2023-03-05 11:51,39.00,27.00,4.00,280.00,30.12,0.00,10.00,BKN
NYC,2023-03-05 12:51,41.00,28.00,6.00,M,30.13,0.00,10.00,SCT
NYC,2023-03-05 13:51,42.00,28.90,6.00,M,30.14,0.00,10.00,FEW
NYC,2023-03-05 14:51,44.00,28.90,9.00,290.00,30.14,0.00,10.00,CLR
NYC,2023-03-05 15:51,47.00,28.90,M,M,30.12,0.00,10.00,CLR
NYC,2023-03-05 16:51,51.00,28.90,6.00,270.00,30.10,0.00,10.00,FEW
NYC,2023-03-05 17:51,52.00,30.00,8.00,290.00,30.09,0.00,10.00,OVC
NYC,2023-03-05 18:51,52.00,28.00,7.00,280.00,30.09,0.00,10.00,SCT
NYC,2023-03-05 19:51,52.00,27.00,9.00,290.00,30.10,0.00,10.00,BKN
NYC,2023-03-05 20:51,50.00,26.10,10.00,300.00,30.12,0.00,10.00,OVC
NYC,2023-03-05 21:51,49.00,27.00,13.00,300.00,30.14,0.00,10.00,BKN
NYC,2023-03-05 22:51,48.00,27.00,5.00,M,30.16,0.00,10.00,OVC
NYC,2023-03-05 23:51,48.00,27.00,9.00,300.00,30.18,0.00,10.00,OVC
NYC,2023-03-06 00:51,47.00,28.00,9.00,310.00,30.19,0.00,10.00,CLR
NYC,2023-03-06 01:51,46.00,28.00,9.00,300.00,30.20,0.00,10.00,CLR
NYC,2023-03-06 02:51,45.00,26.10,5.00,M,30.21,0.00,10.00,OVC
NYC,2023-03-06 03:51,44.00,26.10,8.00,310.00,30.21,0.00,10.00,OVC
NYC,2023-03-06 04:51,44.00,26.10,6.00,M,30.21,0.00,10.00,BKN
NYC,2023-03-06 05:51,43.00,26.10,6.00,280.00,30.20,0.00,10.00,CLR
NYC,2023-03-06 06:51,42.00,26.10,0.00,0.00,30.21,0.00,10.00,CLR
NYC,2023-03-06 07:51,42.00,26.10,5.00,M,30.20,0.00,10.00,CLR
NYC,2023-03-06 08:51,40.00,26.10,5.00,290.00,30.20,0.00,10.00,CLR
NYC,2023-03-06 09:51,41.00,26.10,3.00,M,30.20,0.00,10.00,CLR
NYC,2023-03-06 10:51,40.00,26.10,5.00,290.00,30.19,0.00,10.00,CLR
NYC,2023-03-06 11:51,40.00,26.10,5.00,280.00,30.20,0.00,10.00,CLR
NYC,2023-03-06 12:51,41.00,26.10,3.00,260.00,30.20,0.00,10.00,CLR
NYC,2023-03-06 13:51,44.00,26.10,5.00,310.00,30.18,0.00,10.00,CLR
NYC,2023-03-06 14:51,47.00,24.10,7.00,290.00,30.16,0.00,10.00,CLR
NYC,2023-03-06 15:51,49.00,21.90,5.00,310.00,30.14,0.00,10.00,CLR
NYC,2023-03-06 16:51,49.00,19.90,6.00,M,30.12,0.00,10.00,BKN
NYC,2023-03-06 17:51,50.00,19.90,5.00,M,30.08,0.00,10.00,FEW
NYC,2023-03-06 18:51,49.00,19.00,6.00,M,30.06,0.00,10.00,BKN
NYC,2023-03-06 19:51,50.00,18.00,7.00,290.00,30.03,0.00,10.00,FEW
NYC,2023-03-06 20:51,51.00,17.10,8.00,280.00,30.00,0.00,10.00,CLR
NYC,2023-03-06 21:51,51.00,16.00,3.00,M,29.98,0.00,10.00,CLR
NYC,2023-03-06 22:51,50.00,16.00,3.00,M,29.96,0.00,10.00,CLR
NYC,2023-03-06 23:51,49.00,16.00,3.00,M,29.95,0.00,10.00,CLR
NYC,2023-03-07 00:51,48.00,12.00,5.00,M,29.94,0.00,10.00,CLR
NYC,2023-03-07 01:51,48.00,12.00,4.00,M,29.96,0.00,10.00,CLR
NYC,2023-03-07 02:51,47.00,12.90,3.00,M,29.92,0.00,10.00,OVC
NYC,2023-03-07 03:51,46.00,10.00,7.00,340.00,29.88,0.00,10.00,SCT
NYC,2023-03-07 04:51,45.00,8.10,4.00,M,29.89,0.00,10.00,OVC
NYC,2023-03-07 05:51,44.00,8.10,6.00,M,29.86,0.00,10.00,OVC
NYC,2023-03-07 06:51,38.00,26.10,8.00,350.00,29.86,T,5.00,OVC
NYC,2023-03-07 07:51,34.00,30.00,5.00,M,29.84,0.02,2.00,BKN
NYC,2023-03-07 08:51,33.00,30.00,4.00,M,29.82,0.02,1.50,BKN
NYC,2023-03-07 09:51,33.00,30.00,8.00,310.00,29.82,0.01,5.00,BKN
NYC,2023-03-07 10:51,34.00,28.90,M,M,29.81,T,9.00,FEW
NYC,2023-03-07 11:51,33.00,28.90,7.00,260.00,29.80,0.01,10.00,FEW
NYC,2023-03-07 12:51,35.00,28.00,3.00,M,29.81,0.00,10.00,BKN
NYC,2023-03-07 13:51,37.00,23.00,7.00,300.00,29.80,0.00,10.00,SCT
NYC,2023-03-07 14:51,41.00,14.00,8.00,300.00,29.80,0.00,10.00,CLR
NYC,2023-03-07 15:51,42.00,10.00,12.00,300.00,29.79,0.00,10.00,SCT
NYC,2023-03-07 16:51,44.00,9.00,9.00,300.00,29.81,0.00,10.00,CLR
NYC,2023-03-07 17:51,45.00,12.00,12.00,310.00,29.80,0.00,10.00,CLR
NYC,2023-03-07 18:51,45.00,10.90,12.00,300.00,29.80,0.00,10.00,CLR
NYC,2023-03-07 19:51,46.00,15.10,17.00,300.00,29.81,0.00,10.00,CLR
NYC,2023-03-07 20:51,45.00,17.10,20.00,300.00,29.83,0.00,10.00,CLR
NYC,2023-03-07 21:51,42.00,18.00,20.00,310.00,29.88,0.00,10.00,CLR
NYC,2023-03-07 22:51,39.00,18.00,M,M,29.94,0.00,10.00,OVC
NYC,2023-03-07 23:51,37.00,16.00,11.00,310.00,29.98,0.00,10.00,BKN
NYC,2023-03-08 00:51,37.00,17.10,6.00,M,30.00,0.00,10.00,OVC
NYC,2023-03-08 01:51,37.00,18.00,10.00,340.00,30.02,0.00,10.00,BKN
NYC,2023-03-08 02:51,36.00,17.10,10.00,330.00,30.02,0.00,10.00,OVC
NYC,2023-03-08 03:51,35.00,17.10,5.00,M,30.04,0.00,10.00,BKN
NYC,2023-03-08 04:51,35.00,16.00,5.00,M,30.05,0.00,10.00,OVC
NYC,2023-03-08 05:51,33.00,17.10,M,M,30.07,0.00,10.00,SCT
NYC,2023-03-08 06:51,33.00,16.00,M,M,30.08,0.00,10.00,CLR
NYC,2023-03-08 07:51,32.00,15.10,7.00,360.00,30.10,0.00,10.00,CLR
NYC,2023-03-08 08:51,30.90,16.00,6.00,M,30.12,0.00,10.00,CLR
NYC,2023-03-08 09:51,30.90,17.10,10.00,350.00,30.13,0.00,10.00,CLR
NYC,2023-03-08 10:51,30.90,17.10,7.00,300.00,30.13,0.00,10.00,CLR
NYC,2023-03-08 11:51,30.90,18.00,7.00,310.00,30.13,0.00,10.00,CLR
NYC,2023-03-08 12:51,32.00,19.00,8.00,330.00,30.14,0.00,10.00,CLR
NYC,2023-03-08 13:51,35.00,19.00,9.00,290.00,30.15,0.00,10.00,CLR
NYC,2023-03-08 14:51,36.00,19.90,10.00,10.00,30.17,0.00,10.00,CLR
NYC,2023-03-08 15:51,40.00,21.00,9.00,320.00,30.15,0.00,10.00,CLR
NYC,2023-03-08 16:51,42.00,21.00,10.00,290.00,30.15,0.00,10.00,FEW
NYC,2023-03-08 17:51,44.00,21.90,M,M,30.15,0.00,10.00,BKN
NYC,2023-03-08 18:51,47.00,23.00,12.00,360.00,30.12,0.00,10.00,SCT
NYC,2023-03-08 19:51,48.00,24.10,M,M,30.12,0.00,10.00,BKN
NYC,2023-03-08 20:51,47.00,24.10,5.00,M,30.13,0.00,10.00,CLR
NYC,2023-03-08 21:51,46.00,24.10,11.00,360.00,30.15,0.00,10.00,CLR
NYC,2023-03-08 22:51,43.00,24.10,7.00,310.00,30.17,0.00,10.00,CLR
NYC,2023-03-08 23:51,43.00,24.10,4.00,M,30.19,0.00,10.00,CLR
NYC,2023-03-09 00:51,41.00,24.10,4.00,M,30.19,0.00,10.00,CLR
NYC,2023-03-09 01:51,40.00,24.10,5.00,M,30.20,0.00,10.00,CLR
NYC,2023-03-09 02:51,38.00,24.10,9.00,300.00,30.21,0.00,10.00,CLR
NYC,2023-03-09 03:51,37.00,24.10,3.00,M,30.21,0.00,10.00,CLR
NYC,2023-03-09 04:51,36.00,24.10,5.00,320.00,30.22,0.00,10.00,CLR
NYC,2023-03-09 05:51,36.00,23.00,7.00,300.00,30.22,0.00,10.00,CLR
NYC,2023-03-09 06:51,34.00,23.00,10.00,300.00,30.21,0.00,10.00,CLR
NYC,2023-03-09 07:51,34.00,21.90,9.00,300.00,30.21,0.00,10.00,CLR
NYC,2023-03-09 08:51,34.00,21.90,5.00,M,30.20,0.00,10.00,BKN
NYC,2023-03-09 09:51,34.00,21.90,7.00,290.00,30.20,0.00,10.00,BKN
NYC,2023-03-09 10:51,34.00,23.00,8.00,300.00,30.19,0.00,10.00,CLR
NYC,2023-03-09 11:51,34.00,23.00,9.00,290.00,30.19,0.00,10.00,CLR
NYC,2023-03-09 12:51,35.00,24.10,4.00,M,30.19,0.00,10.00,CLR
NYC,2023-03-09 13:51,38.00,24.10,6.00,300.00,30.19,0.00,10.00,CLR
NYC,2023-03-09 14:51,41.00,24.10,8.00,20.00,30.18,0.00,10.00,CLR
NYC,2023-03-09 15:51,45.00,25.00,4.00,M,30.17,0.00,10.00,CLR
NYC,2023-03-09 16:51,47.00,25.00,5.00,M,30.15,0.00,10.00,CLR
NYC,2023-03-09 17:51,50.00,26.10,6.00,M,30.14,0.00,10.00,BKN
NYC,2023-03-09 18:51,51.00,26.10,6.00,30.00,30.13,0.00,10.00,CLR
NYC,2023-03-09 19:51,51.00,26.10,8.00,30.00,30.13,0.00,10.00,CLR
NYC,2023-03-09 20:51,49.00,26.10,9.00,30.00,30.13,0.00,10.00,CLR
NYC,2023-03-09 21:51,47.00,26.10,12.00,30.00,30.14,0.00,10.00,CLR
NYC,2023-03-09 22:51,45.00,24.10,8.00,40.00,30.16,0.00,10.00,CLR
NYC,2023-03-09 23:51,45.00,23.00,6.00,M,30.17,0.00,10.00,CLR
NYC,2023-03-10 00:51,43.00,23.00,7.00,20.00,30.19,0.00,10.00,CLR
NYC,2023-03-10 01:51,42.00,23.00,5.00,M,30.20,0.00,10.00,CLR
NYC,2023-03-10 02:51,40.00,24.10,3.00,M,30.21,0.00,10.00,CLR
NYC,2023-03-10 03:51,39.00,24.10,5.00,350.00,30.20,0.00,10.00,CLR
NYC,2023-03-10 04:51,39.00,24.10,6.00,20.00,30.18,0.00,10.00,CLR
NYC,2023-03-10 05:51,38.00,24.10,5.00,M,30.18,0.00,10.00,CLR
NYC,2023-03-10 06:51,37.00,24.10,5.00,30.00,30.17,0.00,10.00,CLR
NYC,2023-03-10 07:51,36.00,24.10,3.00,M,30.16,0.00,10.00,CLR
NYC,2023-03-10 08:51,36.00,24.10,3.00,M,30.15,0.00,10.00,CLR
NYC,2023-03-10 09:51,35.00,25.00,5.00,30.00,30.13,0.00,10.00,CLR
NYC,2023-03-10 10:51,36.00,24.10,4.00,20.00,30.12,0.00,10.00,CLR
NYC,2023-03-10 11:51,36.00,24.10,3.00,M,30.11,0.00,10.00,BKN
NYC,2023-03-10 12:51,37.00,24.10,4.00,40.00,30.10,0.00,10.00,OVC
NYC,2023-03-10 13:51,39.00,25.00,5.00,M,30.09,0.00,10.00,OVC
NYC,2023-03-10 14:51,41.00,26.10,4.00,50.00,30.07,0.00,10.00,OVC
NYC,2023-03-10 15:51,43.00,28.90,4.00,M,30.05,0.00,10.00,CLR
NYC,2023-03-10 16:51,45.00,28.90,4.00,M,30.01,0.00,10.00,FEW
NYC,2023-03-10 17:51,45.00,30.90,0.00,0.00,29.96,0.00,10.00,BKN
NYC,2023-03-10 18:51,45.00,32.00,3.00,M,29.92,0.00,10.00,SCT
NYC,2023-03-10 19:51,45.00,30.90,M,M,29.89,0.00,10.00,OVC
NYC,2023-03-10 20:51,45.00,28.90,0.00,0.00,29.86,0.00,10.00,SCT
NYC,2023-03-10 21:51,44.00,28.90,5.00,120.00,29.84,0.00,10.00,OVC
NYC,2023-03-10 22:51,43.00,32.00,0.00,0.00,29.81,T,10.00,SCT
NYC,2023-03-10 23:51,43.00,34.00,4.00,120.00,29.80,T,10.00,SCT
NYC,2023-03-11 00:51,42.00,37.00,7.00,110.00,29.77,0.04,4.00,BKN
NYC,2023-03-11 01:51,41.00,38.00,M,M,29.75,0.07,5.00,OVC
NYC,2023-03-11 02:51,42.00,38.00,0.00,0.00,29.72,0.10,5.00,OVC
NYC,2023-03-11 03:51,42.00,39.00,3.00,M,29.70,0.07,4.00,OVC
NYC,2023-03-11 04:51,42.00,39.00,4.00,50.00,29.68,0.08,3.00,FEW
NYC,2023-03-11 05:51,42.00,39.00,4.00,M,29.66,0.04,4.00,OVC
NYC,2023-03-11 06:51,41.00,39.00,7.00,60.00,29.65,0.04,4.00,OVC
NYC,2023-03-11 07:51,41.00,38.00,7.00,40.00,29.63,0.03,10.00,OVC
NYC,2023-03-11 08:51,40.00,37.00,8.00,60.00,29.63,0.04,6.00,BKN
NYC,2023-03-11 09:51,39.00,36.00,10.00,40.00,29.65,0.04,9.00,OVC
NYC,2023-03-11 10:51,38.00,35.00,8.00,60.00,29.67,0.01,6.00,OVC
NYC,2023-03-11 11:51,36.00,34.00,7.00,30.00,29.69,0.02,8.00,OVC
NYC,2023-03-11 12:51,35.00,32.00,6.00,M,29.72,0.05,2.50,OVC
NYC,2023-03-11 13:51,35.00,33.00,5.00,M,29.74,0.10,3.00,OVC
NYC,2023-03-11 14:51,37.00,34.00,6.00,360.00,29.76,0.03,9.00,OVC
NYC,2023-03-11 15:51,39.00,36.00,10.00,10.00,29.78,T,10.00,BKN
NYC,2023-03-11 16:51,40.00,34.00,6.00,M,29.79,0.00,10.00,FEW
NYC,2023-03-11 17:51,41.00,33.00,10.00,340.00,29.79,0.00,10.00,BKN
NYC,2023-03-11 18:51,43.00,32.00,6.00,M,29.80,0.00,10.00,FEW
NYC,2023-03-11 19:51,44.00,30.00,7.00,40.00,29.82,0.00,10.00,OVC
NYC,2023-03-11 20:51,43.00,28.90,7.00,40.00,29.84,0.00,10.00,OVC
NYC,2023-03-11 21:51,43.00,27.00,11.00,10.00,29.86,0.00,10.00,OVC
NYC,2023-03-11 22:51,41.00,28.90,7.00,40.00,29.89,0.00,10.00,OVC
NYC,2023-03-11 23:51,41.00,28.90,7.00,20.00,29.92,0.00,10.00,BKN
NYC,2023-03-12 00:51,41.00,26.10,3.00,M,29.95,0.00,10.00,OVC
NYC,2023-03-12 01:51,40.00,28.00,6.00,300.00,29.97,0.00,10.00,OVC
NYC,2023-03-12 02:51,39.00,30.00,7.00,290.00,29.98,0.00,10.00,OVC
NYC,2023-03-12 03:51,38.00,28.90,7.00,310.00,30.00,0.00,10.00,SCT
NYC,2023-03-12 04:51,38.00,28.90,5.00,M,30.00,0.00,10.00,FEW
NYC,2023-03-12 05:51,37.00,28.00,7.00,290.00,30.01,0.00,10.00,CLR
NYC,2023-03-12 06:51,36.00,28.00,4.00,350.00,29.99,0.00,10.00,FEW
NYC,2023-03-12 07:51,35.00,27.00,5.00,M,30.00,0.00,10.00,CLR
NYC,2023-03-12 08:51,35.00,26.10,4.00,10.00,30.02,0.00,10.00,CLR
NYC,2023-03-12 09:51,35.00,25.00,8.00,360.00,30.00,0.00,10.00,CLR
NYC,2023-03-12 10:51,34.00,24.10,3.00,M,30.01,0.00,10.00,CLR
NYC,2023-03-12 11:51,34.00,24.10,0.00,0.00,30.01,0.00,10.00,CLR
NYC,2023-03-12 12:51,35.00,24.10,4.00,M,30.05,0.00,10.00,CLR
NYC,2023-03-12 13:51,37.00,24.10,0.00,0.00,30.06,0.00,10.00,CLR
NYC,2023-03-12 14:51,41.00,21.90,4.00,M,30.06,0.00,10.00,CLR
NYC,2023-03-12 15:51,45.00,23.00,4.00,M,30.05,0.00,10.00,CLR
NYC,2023-03-12 16:51,45.00,19.00,4.00,M,30.05,0.00,10.00,CLR
NYC,2023-03-12 17:51,46.00,19.90,5.00,M,30.04,0.00,10.00,CLR
NYC,2023-03-12 18:51,47.00,21.00,5.00,M,30.03,0.00,10.00,CLR
NYC,2023-03-12 19:51,47.00,21.90,5.00,30.00,30.01,0.00,10.00,CLR
NYC,2023-03-12 20:51,46.00,21.90,4.00,110.00,30.01,0.00,10.00,CLR
NYC,2023-03-12 21:51,42.00,25.00,0.00,0.00,30.02,0.00,10.00,CLR
NYC,2023-03-12 22:51,42.00,28.00,0.00,0.00,30.04,0.00,10.00,CLR
NYC,2023-03-12 23:51,41.00,30.00,0.00,0.00,30.05,0.00,10.00,FEW
NYC,2023-03-13 00:51,41.00,30.90,M,M,30.04,0.00,10.00,CLR
NYC,2023-03-13 01:51,41.00,30.90,4.00,M,30.05,0.00,10.00,SCT
NYC,2023-03-13 02:51,42.00,30.90,0.00,0.00,30.05,0.00,10.00,SCT
NYC,2023-03-13 03:51,42.00,33.00,5.00,M,30.04,0.00,10.00,OVC
NYC,2023-03-13 04:51,42.00,33.00,8.00,130.00,30.03,0.00,10.00,BKN
NYC,2023-03-13 05:51,42.00,33.00,4.00,M,30.01,0.00,10.00,BKN
NYC,2023-03-13 06:51,40.00,35.00,0.00,0.00,30.00,T,6.00,OVC
NYC,2023-03-13 07:51,39.00,36.00,5.00,90.00,29.99,T,6.00,OVC
NYC,2023-03-13 08:51,39.00,36.00,5.00,60.00,29.98,0.02,7.00,BKN
NYC,2023-03-13 09:51,39.00,36.00,3.00,M,29.97,0.01,7.00,OVC
NYC,2023-03-13 10:51,39.00,37.00,6.00,M,29.97,0.01,4.00,BKN
NYC,2023-03-13 11:51,39.00,37.00,5.00,60.00,29.97,T,8.00,OVC
NYC,2023-03-13 12:51,40.00,37.00,4.00,60.00,29.98,T,4.00,SCT
NYC,2023-03-13 13:51,41.00,38.00,6.00,M,29.96,0.01,5.00,BKN
NYC,2023-03-13 14:51,42.00,39.00,5.00,60.00,29.94,0.01,3.00,OVC
NYC,2023-03-13 15:51,43.00,40.00,6.00,M,29.93,T,4.00,OVC
NYC,2023-03-13 16:51,44.00,38.00,6.00,120.00,29.92,T,10.00,OVC
NYC,2023-03-13 17:51,44.00,39.00,5.00,M,29.88,T,7.00,BKN
NYC,2023-03-13 18:51,42.00,39.00,8.00,60.00,29.86,0.02,1.75,OVC
NYC,2023-03-13 19:51,42.00,40.00,7.00,50.00,29.84,0.04,4.00,OVC
NYC,2023-03-13 20:51,41.00,39.00,8.00,60.00,29.82,0.02,4.00,BKN
NYC,2023-03-13 21:51,41.00,39.00,12.00,70.00,29.82,0.01,5.00,OVC
NYC,2023-03-13 22:51,41.00,38.00,11.00,50.00,29.80,0.02,5.00,OVC
NYC,2023-03-13 23:51,41.00,39.00,12.00,50.00,29.78,0.03,3.00,OVC
NYC,2023-03-14 00:51,42.00,40.00,7.00,50.00,29.76,0.05,3.00,OVC
NYC,2023-03-14 01:51,42.00,39.00,5.00,M,29.75,0.09,5.00,OVC
NYC,2023-03-14 02:51,41.00,39.00,3.00,M,29.73,0.12,2.50,OVC
NYC,2023-03-14 03:51,39.00,37.00,0.00,0.00,29.69,0.10,3.00,OVC
NYC,2023-03-14 04:51,38.00,36.00,6.00,M,29.65,0.09,4.00,OVC
NYC,2023-03-14 05:51,36.00,33.00,8.00,300.00,29.63,0.10,8.00,OVC
NYC,2023-03-14 06:51,36.00,34.00,8.00,300.00,29.61,0.01,9.00,BKN
NYC,2023-03-14 07:51,36.00,34.00,4.00,M,29.58,0.01,10.00,OVC
NYC,2023-03-14 08:51,37.00,33.00,7.00,280.00,29.57,T,9.00,SCT
NYC,2023-03-14 09:51,37.00,34.00,6.00,M,29.56,0.01,10.00,OVC
NYC,2023-03-14 10:51,36.00,32.00,6.00,M,29.56,0.01,10.00,BKN
NYC,2023-03-14 11:51,35.00,30.90,10.00,270.00,29.56,T,5.00,BKN
NYC,2023-03-14 12:51,35.00,30.00,9.00,290.00,29.55,T,4.00,BKN
NYC,2023-03-14 13:51,35.00,30.00,8.00,270.00,29.55,T,2.50,BKN
NYC,2023-03-14 14:51,35.00,28.00,9.00,280.00,29.54,T,5.00,OVC
NYC,2023-03-14 15:51,35.00,28.90,9.00,280.00,29.53,T,2.00,BKN
NYC,2023-03-14 16:51,35.00,28.00,9.00,280.00,29.52,T,1.25,BKN
NYC,2023-03-14 17:51,35.00,28.00,9.00,270.00,29.50,T,6.00,OVC
NYC,2023-03-14 18:51,35.00,28.00,11.00,280.00,29.50,T,1.50,BKN
NYC,2023-03-14 19:51,34.00,28.90,10.00,280.00,29.51,0.01,1.25,BKN
NYC,2023-03-14 20:51,34.00,28.90,13.00,270.00,29.53,T,2.00,BKN
NYC,2023-03-14 21:51,35.00,27.00,14.00,270.00,29.56,T,10.00,SCT
NYC,2023-03-14 22:51,34.00,27.00,9.00,280.00,29.59,0.00,10.00,FEW
NYC,2023-03-14 23:51,33.00,26.10,8.00,280.00,29.62,T,10.00,FEW
NYC,2023-03-15 00:51,34.00,25.00,10.00,280.00,29.63,0.00,10.00,SCT
NYC,2023-03-15 01:51,35.00,23.00,6.00,M,29.63,0.00,10.00,SCT
NYC,2023-03-15 02:51,35.00,21.90,9.00,290.00,29.65,0.00,10.00,FEW
NYC,2023-03-15 03:51,35.00,21.90,12.00,280.00,29.64,0.00,10.00,OVC
NYC,2023-03-15 04:51,35.00,21.90,10.00,290.00,29.65,0.00,10.00,FEW
NYC,2023-03-15 05:51,35.00,21.90,10.00,290.00,29.66,0.00,10.00,CLR
NYC,2023-03-15 06:51,35.00,21.90,9.00,280.00,29.68,0.00,10.00,CLR
NYC,2023-03-15 07:51,35.00,21.90,9.00,290.00,29.69,0.00,10.00,FEW
NYC,2023-03-15 08:51,35.00,21.90,9.00,290.00,29.71,0.00,10.00,CLR
NYC,2023-03-15 09:51,35.00,21.00,13.00,290.00,29.73,0.00,10.00,CLR
NYC,2023-03-15 10:51,35.00,19.90,11.00,310.00,29.76,0.00,10.00,CLR
NYC,2023-03-15 11:51,34.00,19.90,12.00,300.00,29.79,0.00,10.00,CLR
NYC,2023-03-15 12:51,34.00,19.90,9.00,300.00,29.80,0.00,10.00,CLR
NYC,2023-03-15 13:51,35.00,19.00,16.00,300.00,29.82,0.00,10.00,CLR
NYC,2023-03-15 14:51,37.00,19.90,11.00,310.00,29.83,0.00,10.00,FEW
NYC,2023-03-15 15:51,39.00,19.90,17.00,300.00,29.84,0.00,10.00,BKN
NYC,2023-03-15 16:51,41.00,21.00,11.00,300.00,29.84,0.00,10.00,FEW
NYC,2023-03-15 17:51,42.00,19.90,16.00,310.00,29.84,0.00,10.00,CLR
NYC,2023-03-15 18:51,43.00,21.00,13.00,300.00,29.83,0.00,10.00,CLR
NYC,2023-03-15 19:51,44.00,19.90,12.00,320.00,29.85,0.00,10.00,CLR
NYC,2023-03-15 20:51,44.00,19.90,14.00,300.00,29.87,0.00,10.00,CLR
NYC,2023-03-15 21:51,44.00,19.90,11.00,310.00,29.88,0.00,10.00,CLR
NYC,2023-03-15 22:51,43.00,19.90,8.00,290.00,29.91,0.00,10.00,CLR
NYC,2023-03-15 23:51,42.00,17.10,11.00,300.00,29.94,0.00,10.00,CLR
NYC,2023-03-16 00:51,39.00,15.10,12.00,300.00,29.98,0.00,10.00,CLR
NYC,2023-03-16 01:51,38.00,14.00,10.00,300.00,30.00,0.00,10.00,CLR
NYC,2023-03-16 02:51,37.00,12.00,12.00,300.00,30.02,0.00,10.00,CLR
NYC,2023-03-16 03:51,37.00,10.00,10.00,300.00,30.02,0.00,10.00,CLR
NYC,2023-03-16 04:51,36.00,9.00,6.00,M,30.04,0.00,10.00,CLR
NYC,2023-03-16 05:51,35.00,9.00,5.00,280.00,30.05,0.00,10.00,CLR
NYC,2023-03-16 06:51,36.00,9.00,0.00,0.00,30.05,0.00,10.00,CLR
NYC,2023-03-16 07:51,35.00,10.00,3.00,280.00,30.04,0.00,10.00,CLR
NYC,2023-03-16 08:51,35.00,10.90,5.00,M,30.05,0.00,10.00,CLR
NYC,2023-03-16 09:51,35.00,10.00,6.00,270.00,30.06,0.00,10.00,CLR
NYC,2023-03-16 10:51,35.00,10.00,8.00,280.00,30.08,0.00,10.00,CLR
NYC,2023-03-16 11:51,36.00,10.00,7.00,270.00,30.10,0.00,10.00,CLR
NYC,2023-03-16 12:51,37.00,9.00,7.00,280.00,30.09,0.00,10.00,CLR
NYC,2023-03-16 13:51,39.00,10.00,8.00,280.00,30.09,0.00,10.00,CLR
NYC,2023-03-16 14:51,41.00,9.00,9.00,310.00,30.08,0.00,10.00,CLR
NYC,2023-03-16 15:51,45.00,12.90,7.00,290.00,30.06,0.00,10.00,CLR
NYC,2023-03-16 16:51,49.00,12.90,6.00,M,30.04,0.00,10.00,CLR
NYC,2023-03-16 17:51,52.00,16.00,M,M,30.01,0.00,10.00,CLR
NYC,2023-03-16 18:51,54.00,17.10,7.00,260.00,29.99,0.00,10.00,CLR
NYC,2023-03-16 19:51,56.00,18.00,6.00,270.00,29.96,0.00,10.00,CLR
NYC,2023-03-16 20:51,58.00,19.00,5.00,M,29.94,0.00,10.00,CLR
NYC,2023-03-16 21:51,58.00,19.90,4.00,270.00,29.94,0.00,10.00,CLR
NYC,2023-03-16 22:51,58.00,21.90,5.00,280.00,29.95,0.00,10.00,CLR
NYC,2023-03-16 23:51,56.00,21.90,0.00,0.00,29.95,0.00,10.00,CLR
NYC,2023-03-17 00:51,56.00,19.00,4.00,M,29.96,0.00,10.00,CLR
NYC,2023-03-17 01:51,55.00,17.10,7.00,220.00,29.95,0.00,10.00,CLR
NYC,2023-03-17 02:51,55.00,16.00,3.00,M,29.94,0.00,10.00,CLR
NYC,2023-03-17 03:51,54.00,17.10,6.00,220.00,29.94,0.00,10.00,CLR
NYC,2023-03-17 04:51,53.00,17.10,6.00,M,29.93,0.00,10.00,CLR
NYC,2023-03-17 05:51,51.00,16.00,4.00,230.00,29.91,0.00,10.00,CLR
NYC,2023-03-17 06:51,51.00,17.10,4.00,M,29.89,0.00,10.00,CLR
NYC,2023-03-17 07:51,50.00,17.10,0.00,0.00,29.86,0.00,10.00,CLR
NYC,2023-03-17 08:51,48.00,19.90,0.00,0.00,29.84,0.00,10.00,CLR
NYC,2023-03-17 09:51,48.00,21.00,0.00,0.00,29.85,0.00,10.00,CLR
NYC,2023-03-17 10:51,48.00,23.00,0.00,0.00,29.83,0.00,10.00,CLR
NYC,2023-03-17 11:51,49.00,24.10,5.00,M,29.82,0.00,10.00,BKN
NYC,2023-03-17 12:51,49.00,25.00,0.00,0.00,29.81,0.00,10.00,OVC
NYC,2023-03-17 13:51,50.00,27.00,3.00,M,29.80,T,10.00,OVC
NYC,2023-03-17 14:51,53.00,26.10,0.00,0.00,29.78,0.00,10.00,CLR
NYC,2023-03-17 15:51,57.00,25.00,0.00,0.00,29.74,0.00,10.00,CLR
NYC,2023-03-17 16:51,59.00,28.00,5.00,M,29.70,0.00,10.00,CLR
NYC,2023-03-17 17:51,59.00,30.90,M,M,29.67,0.00,10.00,CLR
NYC,2023-03-17 18:51,55.00,32.00,0.00,0.00,29.64,0.00,10.00,FEW
NYC,2023-03-17 19:51,55.00,32.00,3.00,M,29.63,0.00,10.00,OVC
NYC,2023-03-17 20:51,56.00,33.00,0.00,0.00,29.62,0.00,10.00,OVC
NYC,2023-03-17 21:51,59.00,35.00,0.00,0.00,29.59,0.00,10.00,CLR
NYC,2023-03-17 22:51,58.00,36.00,6.00,230.00,29.60,0.00,10.00,BKN
NYC,2023-03-17 23:51,58.00,37.00,7.00,260.00,29.61,0.00,10.00,SCT
NYC,2023-03-18 00:51,57.00,38.00,6.00,M,29.61,0.00,10.00,FEW
NYC,2023-03-18 01:51,56.00,38.00,6.00,M,29.62,0.00,10.00,BKN
NYC,2023-03-18 02:51,57.00,40.00,8.00,220.00,29.63,0.00,10.00,SCT
NYC,2023-03-18 03:51,57.00,42.00,7.00,240.00,29.62,0.00,10.00,BKN
NYC,2023-03-18 04:51,56.00,42.00,3.00,M,29.62,0.00,10.00,BKN
NYC,2023-03-18 05:51,54.00,44.00,0.00,0.00,29.63,0.01,6.00,BKN
NYC,2023-03-18 06:51,53.00,44.00,5.00,M,29.62,0.01,10.00,FEW
NYC,2023-03-18 07:51,48.00,38.00,8.00,310.00,29.65,0.00,10.00,OVC
NYC,2023-03-18 08:51,46.00,33.00,10.00,300.00,29.66,0.00,10.00,OVC
NYC,2023-03-18 09:51,45.00,28.90,8.00,290.00,29.69,0.00,10.00,FEW
NYC,2023-03-18 10:51,44.00,27.00,6.00,300.00,29.73,0.00,10.00,BKN
NYC,2023-03-18 11:51,43.00,27.00,5.00,270.00,29.73,0.00,10.00,BKN
NYC,2023-03-18 12:51,43.00,26.10,6.00,310.00,29.76,0.00,10.00,CLR
NYC,2023-03-18 13:51,44.00,24.10,7.00,300.00,29.76,0.00,10.00,CLR
NYC,2023-03-18 14:51,45.00,21.90,10.00,300.00,29.76,0.00,10.00,CLR
NYC,2023-03-18 15:51,46.00,21.90,4.00,300.00,29.75,0.00,10.00,CLR
NYC,2023-03-18 16:51,48.00,21.00,M,M,29.75,0.00,10.00,CLR
NYC,2023-03-18 17:51,51.00,21.90,7.00,310.00,29.73,0.00,10.00,CLR
NYC,2023-03-18 18:51,53.00,19.90,3.00,M,29.70,0.00,10.00,CLR
NYC,2023-03-18 19:51,52.00,17.10,5.00,240.00,29.69,0.00,10.00,CLR
NYC,2023-03-18 20:51,52.00,18.00,6.00,M,29.69,0.00,10.00,FEW
NYC,2023-03-18 21:51,53.00,17.10,8.00,260.00,29.71,0.00,10.00,BKN
NYC,2023-03-18 22:51,50.00,16.00,5.00,M,29.74,0.00,10.00,SCT
NYC,2023-03-18 23:51,47.00,14.00,5.00,M,29.76,0.00,10.00,CLR
NYC,2023-03-19 00:51,46.00,14.00,6.00,300.00,29.79,0.00,10.00,CLR
NYC,2023-03-19 01:51,45.00,14.00,7.00,290.00,29.81,0.00,10.00,CLR
NYC,2023-03-19 02:51,44.00,12.90,3.00,M,29.82,0.00,10.00,CLR
NYC,2023-03-19 03:51,43.00,12.90,8.00,280.00,29.83,0.00,10.00,CLR
NYC,2023-03-19 04:51,41.00,16.00,6.00,M,29.84,0.00,10.00,CLR
NYC,2023-03-19 05:51,39.00,17.10,12.00,280.00,29.87,0.00,10.00,CLR
NYC,2023-03-19 06:51,37.00,10.90,15.00,280.00,29.90,0.00,10.00,CLR
NYC,2023-03-19 07:51,35.00,10.00,9.00,280.00,29.90,0.00,10.00,CLR
NYC,2023-03-19 08:51,34.00,10.00,13.00,290.00,29.91,0.00,10.00,CLR
NYC,2023-03-19 09:51,30.90,12.00,8.00,300.00,29.95,0.00,10.00,OVC
NYC,2023-03-19 10:51,30.00,4.00,5.00,M,29.98,0.00,10.00,CLR
NYC,2023-03-19 11:51,30.00,4.00,8.00,270.00,30.00,0.00,10.00,CLR
NYC,2023-03-19 12:51,30.00,4.00,5.00,M,30.02,0.00,10.00,CLR
NYC,2023-03-19 13:51,30.00,4.00,7.00,280.00,30.02,0.00,10.00,CLR
NYC,2023-03-19 14:51,32.00,5.00,11.00,290.00,30.02,0.00,10.00,CLR
NYC,2023-03-19 15:51,34.00,5.00,8.00,290.00,30.03,0.00,10.00,FEW
NYC,2023-03-19 16:51,36.00,5.00,6.00,M,30.03,0.00,10.00,BKN
NYC,2023-03-19 17:51,37.00,7.00,6.00,290.00,30.02,0.00,10.00,FEW
NYC,2023-03-19 18:51,37.00,7.00,M,M,30.02,0.00,10.00,BKN
NYC,2023-03-19 19:51,37.00,8.10,7.00,290.00,30.03,0.00,10.00,SCT
NYC,2023-03-19 20:51,38.00,8.10,8.00,280.00,30.04,0.00,10.00,SCT
NYC,2023-03-19 21:51,37.00,7.00,11.00,280.00,30.07,0.00,10.00,FEW
NYC,2023-03-19 22:51,37.00,9.00,11.00,280.00,30.09,0.00,10.00,FEW
NYC,2023-03-19 23:51,37.00,9.00,M,M,30.12,0.00,10.00,CLR
NYC,2023-03-20 00:51,36.00,10.00,5.00,M,30.15,0.00,10.00,CLR
NYC,2023-03-20 01:51,36.00,10.90,7.00,220.00,30.17,0.00,10.00,CLR
NYC,2023-03-20 02:51,35.00,12.00,4.00,M,30.19,0.00,10.00,CLR
NYC,2023-03-20 03:51,35.00,10.90,0.00,0.00,30.21,0.00,10.00,CLR
NYC,2023-03-20 04:51,35.00,10.90,3.00,M,30.22,0.00,10.00,CLR
NYC,2023-03-20 05:51,33.00,12.00,0.00,0.00,30.23,0.00,10.00,CLR
NYC,2023-03-20 06:51,33.00,12.00,3.00,M,30.25,0.00,10.00,CLR
NYC,2023-03-20 07:51,33.00,12.00,6.00,240.00,30.26,0.00,10.00,CLR
NYC,2023-03-20 08:51,32.00,12.90,4.00,270.00,30.27,0.00,10.00,CLR
NYC,2023-03-20 09:51,32.00,12.90,7.00,230.00,30.28,0.00,10.00,CLR
NYC,2023-03-20 10:51,30.90,12.90,0.00,0.00,30.29,0.00,10.00,CLR
NYC,2023-03-20 11:51,32.00,15.10,3.00,M,30.31,0.00,10.00,CLR
NYC,2023-03-20 12:51,34.00,14.00,4.00,M,30.33,0.00,10.00,CLR
NYC,2023-03-20 13:51,37.00,15.10,M,M,30.34,0.00,10.00,CLR
NYC,2023-03-20 14:51,39.00,14.00,6.00,230.00,30.34,0.00,10.00,CLR
NYC,2023-03-20 15:51,42.00,12.90,9.00,240.00,30.32,0.00,10.00,CLR
NYC,2023-03-20 16:51,45.00,12.00,8.00,240.00,30.30,0.00,10.00,CLR
NYC,2023-03-20 17:51,46.00,10.90,7.00,210.00,30.28,0.00,10.00,CLR
NYC,2023-03-20 18:51,49.00,10.90,6.00,M,30.26,0.00,10.00,CLR
NYC,2023-03-20 19:51,51.00,12.90,M,M,30.25,0.00,10.00,CLR
NYC,2023-03-20 20:51,48.00,19.90,0.00,0.00,30.24,0.00,10.00,CLR
NYC,2023-03-20 21:51,47.00,24.10,0.00,0.00,30.24,0.00,10.00,CLR
NYC,2023-03-20 22:51,46.00,27.00,0.00,0.00,30.24,0.00,10.00,CLR
NYC,2023-03-20 23:51,46.00,27.00,0.00,0.00,30.24,0.00,10.00,CLR
NYC,2023-03-21 00:51,49.00,16.00,6.00,230.00,30.25,0.00,10.00,CLR
NYC,2023-03-21 01:51,48.00,17.10,7.00,240.00,30.27,0.00,10.00,CLR
NYC,2023-03-21 02:51,47.00,17.10,8.00,230.00,30.28,0.00,10.00,CLR
NYC,2023-03-21 03:51,45.00,18.00,4.00,M,30.29,0.00,10.00,CLR
NYC,2023-03-21 04:51,44.00,19.00,3.00,240.00,30.30,0.00,10.00,CLR
NYC,2023-03-21 05:51,44.00,19.00,5.00,M,30.31,0.00,10.00,CLR
NYC,2023-03-21 06:51,43.00,18.00,5.00,M,30.32,0.00,10.00,CLR
NYC,2023-03-21 07:51,42.00,18.00,3.00,M,30.32,0.00,10.00,CLR
NYC,2023-03-21 08:51,42.00,18.00,3.00,M,30.33,0.00,10.00,CLR
NYC,2023-03-21 09:51,41.00,18.00,4.00,M,30.35,0.00,10.00,CLR
NYC,2023-03-21 10:51,41.00,18.00,0.00,0.00,30.36,0.00,10.00,CLR
NYC,2023-03-21 11:51,42.00,18.00,3.00,M,30.37,0.00,10.00,CLR
NYC,2023-03-21 12:51,45.00,17.10,4.00,M,30.38,0.00,10.00,CLR
NYC,2023-03-21 13:51,48.00,17.10,4.00,M,30.39,0.00,10.00,CLR
NYC,2023-03-21 14:51,52.00,15.10,0.00,0.00,30.39,0.00,10.00,CLR
NYC,2023-03-21 15:51,55.00,15.10,0.00,0.00,30.38,0.00,10.00,CLR
NYC,2023-03-21 16:51,58.00,15.10,6.00,M,30.38,0.00,10.00,CLR
NYC,2023-03-21 17:51,60.00,12.00,8.00,230.00,30.36,0.00,10.00,CLR
NYC,2023-03-21 18:51,61.00,9.00,10.00,240.00,30.34,0.00,10.00,CLR
NYC,2023-03-21 19:51,63.00,12.00,M,M,30.33,0.00,10.00,CLR
NYC,2023-03-21 20:51,62.00,10.00,8.00,230.00,30.32,0.00,10.00,CLR
NYC,2023-03-21 21:51,61.00,12.00,7.00,220.00,30.32,0.00,10.00,CLR
NYC,2023-03-21 22:51,60.00,10.00,6.00,M,30.33,0.00,10.00,CLR
NYC,2023-03-21 23:51,58.00,10.90,8.00,230.00,30.35,0.00,10.00,CLR
NYC,2023-03-22 00:51,57.00,10.00,M,M,30.37,0.00,10.00,CLR
NYC,2023-03-22 01:51,57.00,10.90,7.00,230.00,30.37,0.00,10.00,CLR
NYC,2023-03-22 02:51,55.00,14.00,9.00,230.00,30.38,0.00,10.00,CLR
NYC,2023-03-22 03:51,53.00,15.10,4.00,M,30.38,0.00,10.00,CLR
NYC,2023-03-22 04:51,52.00,16.00,6.00,230.00,30.39,0.00,10.00,CLR
NYC,2023-03-22 05:51,50.00,19.00,6.00,250.00,30.39,0.00,10.00,CLR
NYC,2023-03-22 06:51,50.00,19.90,9.00,230.00,30.39,0.00,10.00,CLR
NYC,2023-03-22 07:51,49.00,19.00,8.00,240.00,30.39,0.00,10.00,CLR
NYC,2023-03-22 08:51,49.00,19.00,8.00,240.00,30.39,0.00,10.00,CLR
NYC,2023-03-22 09:51,49.00,19.00,7.00,240.00,30.40,0.00,10.00,CLR
NYC,2023-03-22 10:51,48.00,19.00,3.00,M,30.40,0.00,10.00,CLR
NYC,2023-03-22 11:51,49.00,21.00,3.00,250.00,30.41,0.00,10.00,CLR
NYC,2023-03-22 12:51,50.00,23.00,3.00,230.00,30.41,0.00,10.00,CLR
NYC,2023-03-22 13:51,52.00,21.90,0.00,0.00,30.39,0.00,10.00,CLR
NYC,2023-03-22 14:51,55.00,23.00,0.00,0.00,30.38,0.00,10.00,CLR
NYC,2023-03-22 15:51,56.00,21.90,M,M,30.37,0.00,10.00,BKN
NYC,2023-03-22 16:51,59.00,21.90,0.00,0.00,30.33,0.00,10.00,FEW
NYC,2023-03-22 17:51,56.00,33.00,M,M,30.33,0.00,10.00,OVC
NYC,2023-03-22 18:51,59.00,34.00,4.00,M,30.30,0.00,10.00,SCT
NYC,2023-03-22 19:51,61.00,34.00,M,M,30.27,0.00,10.00,CLR
NYC,2023-03-22 20:51,58.00,40.00,3.00,M,30.25,0.00,10.00,CLR
NYC,2023-03-22 21:51,56.00,42.00,M,M,30.23,0.00,10.00,FEW
NYC,2023-03-22 22:51,53.00,44.00,0.00,0.00,30.22,0.00,10.00,CLR
NYC,2023-03-22 23:51,53.00,44.00,0.00,0.00,30.23,0.00,10.00,CLR
NYC,2023-03-23 00:51,52.00,45.00,M,M,30.22,0.00,10.00,CLR
NYC,2023-03-23 01:51,52.00,46.00,M,M,30.21,0.00,10.00,FEW
NYC,2023-03-23 02:51,51.00,47.00,0.00,0.00,30.20,0.00,10.00,FEW
NYC,2023-03-23 03:51,50.00,47.00,0.00,0.00,30.19,0.00,8.00,SCT
NYC,2023-03-23 04:51,50.00,47.00,3.00,40.00,30.18,0.00,8.00,SCT
NYC,2023-03-23 05:51,49.00,46.00,4.00,30.00,30.16,0.00,6.00,CLR
NYC,2023-03-23 06:51,49.00,46.00,4.00,40.00,30.13,0.00,4.00,CLR
NYC,2023-03-23 07:51,48.00,46.00,3.00,40.00,30.10,0.00,2.50,CLR
NYC,2023-03-23 08:51,48.00,46.00,4.00,40.00,30.08,0.00,3.00,OVC
NYC,2023-03-23 09:51,48.00,46.00,0.00,0.00,30.08,0.00,5.00,OVC
NYC,2023-03-23 10:51,49.00,46.00,0.00,0.00,30.05,0.00,7.00,SCT
NYC,2023-03-23 11:51,52.00,42.00,0.00,0.00,30.02,0.00,10.00,OVC
NYC,2023-03-23 12:51,54.00,42.00,0.00,0.00,30.00,0.00,10.00,CLR
NYC,2023-03-23 13:51,53.00,44.00,7.00,240.00,29.99,0.00,10.00,SCT
NYC,2023-03-23 14:51,55.00,44.00,0.00,0.00,29.96,0.00,10.00,SCT
NYC,2023-03-23 15:51,52.00,46.00,9.00,210.00,29.94,0.03,1.75,FEW
NYC,2023-03-23 16:51,52.00,48.00,4.00,M,29.92,0.05,4.00,FEW
NYC,2023-03-23 17:51,54.00,49.00,4.00,240.00,29.88,T,5.00,OVC
NYC,2023-03-23 18:51,55.00,50.00,7.00,220.00,29.84,0.01,6.00,OVC
NYC,2023-03-23 19:51,56.00,50.00,7.00,230.00,29.82,0.00,6.00,OVC
NYC,2023-03-23 20:51,57.00,50.00,7.00,270.00,29.81,0.00,6.00,OVC
NYC,2023-03-23 21:51,59.00,51.00,4.00,M,29.79,0.00,8.00,BKN
NYC,2023-03-23 22:51,60.00,51.00,4.00,M,29.77,0.00,8.00,FEW
NYC,2023-03-23 23:51,59.00,52.00,5.00,260.00,29.78,0.00,9.00,CLR
NYC,2023-03-24 00:51,59.00,52.00,5.00,M,29.77,0.00,8.00,FEW
NYC,2023-03-24 01:51,59.00,52.00,6.00,M,29.80,0.00,7.00,FEW
NYC,2023-03-24 02:51,59.00,52.00,6.00,M,29.80,0.00,7.00,FEW
NYC,2023-03-24 03:51,59.00,48.00,8.00,310.00,29.82,0.00,10.00,OVC
NYC,2023-03-24 04:51,56.00,43.00,6.00,290.00,29.84,0.00,10.00,OVC
NYC,2023-03-24 05:51,54.00,42.00,5.00,M,29.86,0.00,10.00,BKN
NYC,2023-03-24 06:51,52.00,42.00,3.00,M,29.85,0.00,10.00,SCT
NYC,2023-03-24 07:51,51.00,40.00,3.00,M,29.87,0.00,10.00,CLR
NYC,2023-03-24 08:51,50.00,33.00,6.00,300.00,29.90,0.00,10.00,CLR
NYC,2023-03-24 09:51,48.00,24.10,10.00,300.00,29.91,0.00,10.00,CLR
NYC,2023-03-24 10:51,46.00,28.90,4.00,M,29.93,0.00,10.00,CLR
NYC,2023-03-24 11:51,44.00,28.90,8.00,290.00,29.96,0.00,10.00,BKN
NYC,2023-03-24 12:51,44.00,28.00,4.00,M,29.99,0.00,10.00,OVC
NYC,2023-03-24 13:51,44.00,28.00,M,M,29.99,0.00,10.00,FEW
NYC,2023-03-24 14:51,44.00,28.00,6.00,350.00,30.00,0.00,10.00,CLR
NYC,2023-03-24 15:51,44.00,28.00,7.00,300.00,30.00,0.00,10.00,OVC
NYC,2023-03-24 16:51,47.00,27.00,0.00,0.00,30.00,0.00,10.00,FEW
NYC,2023-03-24 17:51,48.00,27.00,4.00,M,29.98,0.00,10.00,CLR
NYC,2023-03-24 18:51,50.00,27.00,4.00,320.00,29.99,0.00,10.00,CLR
NYC,2023-03-24 19:51,51.00,26.10,4.00,270.00,29.99,0.00,10.00,CLR
NYC,2023-03-24 20:51,53.00,26.10,0.00,0.00,29.98,0.00,10.00,CLR
NYC,2023-03-24 21:51,54.00,25.00,0.00,0.00,29.99,0.00,10.00,CLR
NYC,2023-03-24 22:51,53.00,26.10,0.00,0.00,30.02,0.00,10.00,CLR
NYC,2023-03-24 23:51,51.00,28.00,3.00,350.00,30.03,0.00,10.00,CLR
NYC,2023-03-25 00:51,52.00,27.00,3.00,40.00,30.05,0.00,10.00,CLR
NYC,2023-03-25 01:51,51.00,26.10,3.00,10.00,30.07,0.00,10.00,CLR
NYC,2023-03-25 02:51,50.00,27.00,9.00,50.00,30.07,0.00,10.00,CLR
NYC,2023-03-25 03:51,48.00,25.00,7.00,50.00,30.08,0.00,10.00,CLR
NYC,2023-03-25 04:51,47.00,24.10,8.00,50.00,30.08,0.00,10.00,CLR
NYC,2023-03-25 05:51,46.00,25.00,6.00,40.00,30.11,0.00,10.00,CLR
NYC,2023-03-25 06:51,45.00,26.10,6.00,M,30.09,0.00,10.00,CLR
NYC,2023-03-25 07:51,45.00,26.10,10.00,50.00,30.08,0.00,10.00,CLR
NYC,2023-03-25 08:51,44.00,32.00,11.00,80.00,30.07,0.00,10.00,FEW
NYC,2023-03-25 09:51,45.00,34.00,6.00,90.00,30.10,0.00,10.00,OVC
NYC,2023-03-25 10:51,46.00,33.00,9.00,110.00,30.10,0.00,10.00,OVC
NYC,2023-03-25 11:51,45.00,32.00,6.00,90.00,30.09,T,10.00,OVC
NYC,2023-03-25 12:51,45.00,30.00,10.00,80.00,30.08,T,10.00,OVC
NYC,2023-03-25 13:51,44.00,32.00,7.00,90.00,30.07,T,9.00,BKN
NYC,2023-03-25 14:51,45.00,32.00,6.00,100.00,30.04,T,10.00,OVC
NYC,2023-03-25 15:51,43.00,35.00,8.00,130.00,30.01,0.01,4.00,OVC
NYC,2023-03-25 16:51,42.00,37.00,3.00,M,29.98,0.02,9.00,FEW
NYC,2023-03-25 17:51,43.00,37.00,11.00,100.00,29.92,T,8.00,BKN
NYC,2023-03-25 18:51,42.00,39.00,5.00,M,29.86,0.01,5.00,OVC
NYC,2023-03-25 19:51,43.00,40.00,7.00,110.00,29.84,0.04,2.00,OVC
NYC,2023-03-25 20:51,43.00,40.00,7.00,90.00,29.81,0.03,3.00,OVC
NYC,2023-03-25 21:51,43.00,40.00,7.00,80.00,29.78,0.02,2.00,OVC
NYC,2023-03-25 22:51,42.00,40.00,6.00,M,29.78,0.01,3.00,OVC
NYC,2023-03-25 23:51,42.00,40.00,9.00,70.00,29.77,0.01,4.00,OVC
NYC,2023-03-26 00:51,43.00,41.00,8.00,60.00,29.77,0.00,6.00,OVC
NYC,2023-03-26 01:51,43.00,41.00,8.00,50.00,29.76,0.00,5.00,OVC
NYC,2023-03-26 02:51,43.00,41.00,4.00,M,29.75,0.00,4.00,OVC
NYC,2023-03-26 03:51,43.00,41.00,7.00,70.00,29.73,0.00,3.00,OVC
NYC,2023-03-26 04:51,44.00,42.00,0.00,0.00,29.76,0.00,1.25,OVC
NYC,2023-03-26 05:51,44.00,42.00,3.00,M,29.77,0.00,1.00,OVC
NYC,2023-03-26 06:51,45.00,43.00,3.00,290.00,29.77,0.00,3.00,OVC
NYC,2023-03-26 07:51,46.00,43.00,3.00,M,29.75,0.00,4.00,OVC
NYC,2023-03-26 08:51,45.00,43.00,0.00,0.00,29.78,0.00,5.00,OVC
NYC,2023-03-26 09:51,45.00,42.00,4.00,M,29.81,0.00,7.00,CLR
NYC,2023-03-26 10:51,46.00,38.00,4.00,240.00,29.84,0.00,10.00,CLR
NYC,2023-03-26 11:51,46.00,38.00,9.00,240.00,29.88,0.00,10.00,CLR
NYC,2023-03-26 12:51,48.00,33.00,8.00,280.00,29.91,0.00,10.00,CLR
NYC,2023-03-26 13:51,49.00,30.00,7.00,280.00,29.91,0.00,10.00,CLR
NYC,2023-03-26 14:51,52.00,28.90,8.00,280.00,29.91,0.00,10.00,CLR
NYC,2023-03-26 15:51,55.00,28.00,7.00,280.00,29.91,0.00,10.00,CLR
NYC,2023-03-26 16:51,57.00,26.10,7.00,280.00,29.90,0.00,10.00,CLR
NYC,2023-03-26 17:51,60.00,26.10,7.00,270.00,29.91,0.00,10.00,CLR
NYC,2023-03-26 18:51,61.00,23.00,9.00,250.00,29.91,0.00,10.00,CLR
NYC,2023-03-26 19:51,61.00,19.90,10.00,270.00,29.92,0.00,10.00,CLR
NYC,2023-03-26 20:51,62.00,19.90,7.00,240.00,29.92,0.00,10.00,CLR
NYC,2023-03-26 21:51,62.00,18.00,6.00,270.00,29.93,0.00,10.00,CLR
NYC,2023-03-26 22:51,61.00,18.00,7.00,270.00,29.95,0.00,10.00,CLR
NYC,2023-03-26 23:51,59.00,18.00,4.00,M,29.97,0.00,10.00,CLR
NYC,2023-03-27 00:51,58.00,18.00,3.00,230.00,29.99,0.00,10.00,CLR
NYC,2023-03-27 01:51,57.00,18.00,4.00,M,30.01,0.00,10.00,CLR
NYC,2023-03-27 02:51,55.00,21.00,5.00,270.00,30.03,0.00,10.00,CLR
NYC,2023-03-27 03:51,55.00,19.00,0.00,0.00,30.03,0.00,10.00,CLR
NYC,2023-03-27 04:51,53.00,19.90,3.00,M,30.04,0.00,10.00,CLR
NYC,2023-03-27 05:51,53.00,17.10,3.00,340.00,30.05,0.00,10.00,CLR
NYC,2023-03-27 06:51,51.00,16.00,3.00,M,30.07,0.00,10.00,CLR
NYC,2023-03-27 07:51,50.00,17.10,4.00,330.00,30.04,0.00,10.00,CLR
NYC,2023-03-27 08:51,48.00,18.00,0.00,0.00,30.07,0.00,10.00,CLR
NYC,2023-03-27 09:51,48.00,17.10,0.00,0.00,30.08,0.00,10.00,CLR
NYC,2023-03-27 10:51,48.00,19.00,4.00,40.00,30.08,0.00,10.00,CLR
NYC,2023-03-27 11:51,50.00,19.90,5.00,60.00,30.07,0.00,10.00,CLR
NYC,2023-03-27 12:51,50.00,19.90,6.00,M,30.09,0.00,10.00,CLR
NYC,2023-03-27 13:51,53.00,21.90,5.00,50.00,30.09,0.00,10.00,CLR
NYC,2023-03-27 14:51,56.00,21.00,7.00,90.00,30.06,0.00,10.00,CLR
NYC,2023-03-27 15:51,58.00,23.00,9.00,80.00,30.04,0.00,10.00,CLR
NYC,2023-03-27 16:51,58.00,25.00,11.00,70.00,30.02,0.00,10.00,CLR
NYC,2023-03-27 17:51,61.00,25.00,6.00,M,29.99,0.00,10.00,SCT
NYC,2023-03-27 18:51,58.00,19.90,M,M,29.98,0.00,10.00,OVC
NYC,2023-03-27 19:51,55.00,26.10,3.00,M,29.95,0.00,10.00,FEW
NYC,2023-03-27 20:51,52.00,35.00,0.00,0.00,29.94,T,7.00,OVC
NYC,2023-03-27 21:51,48.00,41.00,4.00,40.00,29.99,0.06,3.00,OVC
NYC,2023-03-27 22:51,46.00,41.00,6.00,M,29.94,0.08,8.00,OVC
NYC,2023-03-27 23:51,45.00,42.00,9.00,50.00,29.96,0.11,10.00,FEW
NYC,2023-03-28 00:51,45.00,41.00,6.00,70.00,29.97,0.04,9.00,BKN
NYC,2023-03-28 01:58,44.00,40.00,9.00,50.00,30.00,0.00,10.00,BKN
NYC,2023-03-28 02:51,44.00,40.00,7.00,70.00,30.00,0.00,10.00,BKN
NYC,2023-03-28 03:51,44.00,39.00,6.00,90.00,29.99,0.00,10.00,FEW
NYC,2023-03-28 04:51,44.00,39.00,3.00,M,30.00,0.00,10.00,OVC
NYC,2023-03-28 05:51,44.00,39.00,0.00,0.00,30.00,0.00,10.00,OVC
NYC,2023-03-28 06:51,44.00,38.00,5.00,360.00,30.01,0.00,10.00,SCT
NYC,2023-03-28 07:51,44.00,38.00,4.00,60.00,30.02,T,10.00,FEW
NYC,2023-03-28 08:51,44.00,37.00,3.00,20.00,30.03,0.00,10.00,OVC
NYC,2023-03-28 09:51,44.00,37.00,5.00,30.00,30.03,0.00,10.00,FEW
NYC,2023-03-28 10:51,44.00,38.00,6.00,M,30.04,0.00,10.00,OVC
NYC,2023-03-28 11:51,44.00,37.00,3.00,M,30.06,0.00,10.00,SCT
NYC,2023-03-28 12:51,43.00,35.00,3.00,M,30.09,0.00,10.00,BKN
NYC,2023-03-28 13:51,42.00,35.00,0.00,0.00,30.11,T,10.00,SCT
NYC,2023-03-28 14:51,44.00,34.00,M,M,30.12,T,10.00,BKN
NYC,2023-03-28 15:51,47.00,34.00,5.00,M,30.12,0.00,10.00,SCT
NYC,2023-03-28 16:51,50.00,32.00,6.00,M,30.12,0.00,10.00,FEW
NYC,2023-03-28 17:51,51.00,32.00,7.00,30.00,30.11,0.00,10.00,BKN
NYC,2023-03-28 18:51,50.00,30.00,3.00,M,30.09,0.00,10.00,BKN
NYC,2023-03-28 19:51,50.00,28.90,0.00,0.00,30.08,0.00,10.00,SCT
NYC,2023-03-28 20:51,52.00,27.00,5.00,M,30.08,0.00,10.00,OVC
NYC,2023-03-28 21:51,51.00,26.10,0.00,0.00,30.09,0.00,10.00,OVC
NYC,2023-03-28 22:51,49.00,25.00,4.00,M,30.11,0.00,10.00,SCT
NYC,2023-03-28 23:51,50.00,23.00,0.00,0.00,30.12,0.00,10.00,OVC
NYC,2023-03-29 00:51,50.00,19.90,5.00,360.00,30.13,0.00,10.00,OVC
NYC,2023-03-29 01:51,48.00,21.00,3.00,M,30.16,0.00,10.00,CLR
NYC,2023-03-29 02:51,47.00,23.00,3.00,M,30.17,0.00,10.00,CLR
NYC,2023-03-29 03:51,46.00,23.00,3.00,M,30.15,0.00,10.00,CLR
NYC,2023-03-29 04:51,44.00,24.10,3.00,M,30.12,0.00,10.00,CLR
NYC,2023-03-29 05:51,44.00,21.90,5.00,10.00,30.15,0.00,10.00,CLR
NYC,2023-03-29 06:51,43.00,21.90,0.00,0.00,30.13,0.00,10.00,CLR
NYC,2023-03-29 07:51,42.00,21.90,3.00,290.00,30.14,0.00,10.00,CLR
NYC,2023-03-29 08:51,42.00,23.00,3.00,M,30.16,0.00,10.00,CLR
NYC,2023-03-29 09:51,41.00,23.00,3.00,M,30.18,0.00,10.00,CLR
NYC,2023-03-29 10:51,40.00,21.90,6.00,360.00,30.20,0.00,10.00,CLR
NYC,2023-03-29 11:51,40.00,21.90,3.00,M,30.21,0.00,10.00,CLR
NYC,2023-03-29 12:51,43.00,23.00,0.00,0.00,30.22,0.00,10.00,CLR
NYC,2023-03-29 13:51,45.00,21.00,7.00,360.00,30.22,0.00,10.00,CLR
NYC,2023-03-29 14:51,47.00,14.00,8.00,360.00,30.20,0.00,10.00,CLR
NYC,2023-03-29 15:51,50.00,14.00,3.00,M,30.18,0.00,10.00,CLR
NYC,2023-03-29 16:51,51.00,14.00,5.00,260.00,30.17,0.00,10.00,CLR
NYC,2023-03-29 17:51,52.00,10.90,4.00,M,30.14,0.00,10.00,CLR
NYC,2023-03-29 18:51,54.00,13.00,0.00,0.00,30.09,0.00,10.00,CLR
NYC,2023-03-29 19:51,53.00,12.90,7.00,230.00,30.07,0.00,10.00,CLR
NYC,2023-03-29 20:51,54.00,15.10,6.00,M,30.05,0.00,10.00,CLR
NYC,2023-03-29 21:51,49.00,26.10,9.00,190.00,30.06,0.00,10.00,CLR
NYC,2023-03-29 22:51,48.00,26.10,8.00,180.00,30.04,0.00,10.00,CLR
NYC,2023-03-29 23:51,45.00,27.00,6.00,M,30.05,0.00,10.00,CLR
NYC,2023-03-30 00:51,45.00,32.00,M,M,30.05,0.00,10.00,CLR
NYC,2023-03-30 01:51,45.00,32.00,4.00,M,30.04,0.00,10.00,FEW
NYC,2023-03-30 02:51,45.00,33.00,3.00,M,30.02,0.00,10.00,CLR
NYC,2023-03-30 03:51,46.00,32.00,9.00,230.00,30.02,0.00,10.00,BKN
NYC,2023-03-30 04:51,41.00,34.00,9.00,310.00,30.09,T,10.00,FEW
NYC,2023-03-30 05:51,39.00,33.00,5.00,M,30.11,0.01,10.00,SCT
NYC,2023-03-30 06:51,37.00,25.00,7.00,300.00,30.14,T,10.00,FEW
NYC,2023-03-30 07:51,33.80,17.60,10.00,300.00,30.18,0.00,10.00,CLR
NYC,2023-03-30 08:51,33.00,14.00,12.00,300.00,30.21,0.00,10.00,CLR
NYC,2023-03-30 09:51,32.00,12.90,10.00,300.00,30.23,0.00,10.00,CLR
NYC,2023-03-30 10:51,30.90,12.00,11.00,310.00,30.27,0.00,10.00,CLR
NYC,2023-03-30 11:51,30.90,12.00,8.00,290.00,30.29,0.00,10.00,CLR
NYC,2023-03-30 12:51,32.00,12.90,M,M,30.31,0.00,10.00,CLR
NYC,2023-03-30 13:51,33.00,12.00,9.00,280.00,30.32,0.00,10.00,CLR
NYC,2023-03-30 14:51,35.00,10.90,7.00,260.00,30.33,0.00,10.00,CLR
NYC,2023-03-30 15:51,38.00,10.90,8.00,310.00,30.34,0.00,10.00,CLR
NYC,2023-03-30 16:51,40.00,10.90,3.00,M,30.33,0.00,10.00,CLR
NYC,2023-03-30 17:51,42.00,10.00,6.00,M,30.32,0.00,10.00,CLR
NYC,2023-03-30 18:51,44.00,10.00,6.00,M,30.30,0.00,10.00,CLR
NYC,2023-03-30 19:51,45.00,9.00,5.00,M,30.30,0.00,10.00,CLR
NYC,2023-03-30 20:51,45.00,9.00,9.00,310.00,30.29,0.00,10.00,CLR
NYC,2023-03-30 21:51,45.00,10.00,6.00,M,30.29,0.00,10.00,CLR
NYC,2023-03-30 22:51,44.00,8.10,6.00,M,30.31,0.00,10.00,CLR
NYC,2023-03-30 23:51,43.00,8.10,0.00,0.00,30.32,0.00,10.00,CLR
NYC,2023-04-01 00:51,51.00,42.00,M,M,29.96,0.00,10.00,BKN
NYC,2023-04-01 01:51,52.00,44.00,0.00,0.00,29.95,0.00,10.00,OVC
NYC,2023-04-01 02:51,52.00,45.00,3.00,50.00,29.93,0.00,10.00,OVC
NYC,2023-04-01 03:51,54.00,46.00,0.00,0.00,29.91,0.00,10.00,OVC
NYC,2023-04-01 04:51,56.00,46.00,5.00,M,29.89,0.00,10.00,OVC
NYC,2023-04-01 05:51,59.00,46.00,4.00,M,29.85,0.00,10.00,OVC
NYC,2023-04-01 06:51,60.00,49.00,4.00,M,29.81,0.00,10.00,BKN
NYC,2023-04-01 07:51,58.00,49.00,0.00,0.00,29.77,T,10.00,OVC
NYC,2023-04-01 08:51,57.00,49.00,0.00,0.00,29.72,T,10.00,OVC
NYC,2023-04-01 09:51,56.00,49.00,0.00,0.00,29.68,0.00,10.00,SCT
NYC,2023-04-01 10:51,55.00,50.00,M,M,29.65,T,8.00,OVC
NYC,2023-04-01 11:51,55.00,52.00,0.00,0.00,29.65,T,7.00,OVC
NYC,2023-04-01 12:51,56.00,53.00,0.00,0.00,29.60,0.12,4.00,SCT
NYC,2023-04-01 13:51,56.00,54.00,3.00,M,29.57,0.01,4.00,OVC
NYC,2023-04-01 14:51,58.00,56.00,M,M,29.55,0.09,3.00,OVC
NYC,2023-04-01 15:51,63.00,59.00,10.00,230.00,29.52,T,7.00,BKN
NYC,2023-04-01 16:51,65.00,58.00,6.00,220.00,29.49,T,10.00,OVC
NYC,2023-04-01 17:51,65.00,55.00,M,M,29.45,0.01,10.00,BKN
NYC,2023-04-01 18:51,70.00,48.00,7.00,240.00,29.41,T,10.00,CLR
NYC,2023-04-01 19:51,71.00,47.00,7.00,210.00,29.36,0.00,10.00,CLR
NYC,2023-04-01 20:51,71.00,46.00,8.00,230.00,29.34,0.00,10.00,CLR
NYC,2023-04-01 21:51,70.00,43.00,M,M,29.32,0.00,10.00,CLR
NYC,2023-04-01 22:51,69.00,42.00,3.00,200.00,29.32,0.00,10.00,FEW
NYC,2023-04-01 23:51,57.00,48.00,7.00,300.00,29.40,0.01,4.00,BKN
NYC,2023-04-02 00:51,55.00,48.00,3.00,M,29.43,0.11,8.00,OVC
NYC,2023-04-02 01:51,55.00,47.00,3.00,290.00,29.41,0.01,10.00,SCT
NYC,2023-04-02 02:51,57.00,44.00,5.00,M,29.44,0.00,10.00,SCT
NYC,2023-04-02 03:51,52.00,43.00,6.00,M,29.45,0.02,10.00,FEW
NYC,2023-04-02 04:51,51.00,33.00,9.00,280.00,29.52,T,10.00,SCT
NYC,2023-04-02 05:51,50.00,30.90,14.00,280.00,29.56,0.00,10.00,BKN
NYC,2023-04-02 06:51,49.00,30.00,14.00,280.00,29.59,0.00,10.00,CLR
NYC,2023-04-02 07:51,46.00,30.00,10.00,310.00,29.65,0.00,10.00,SCT
NYC,2023-04-02 08:51,45.00,28.00,14.00,300.00,29.70,0.00,10.00,BKN
NYC,2023-04-02 09:51,43.00,27.00,10.00,300.00,29.75,0.00,10.00,OVC
NYC,2023-04-02 10:51,41.00,26.10,10.00,280.00,29.79,0.00,10.00,BKN
NYC,2023-04-02 11:51,40.00,25.00,14.00,310.00,29.84,0.00,10.00,SCT
NYC,2023-04-02 12:51,40.00,21.90,13.00,300.00,29.89,0.00,10.00,CLR
NYC,2023-04-02 13:51,41.00,19.00,9.00,310.00,29.91,0.00,10.00,CLR
NYC,2023-04-02 14:51,44.00,17.10,11.00,310.00,29.93,0.00,10.00,CLR
NYC,2023-04-02 15:51,45.00,10.00,10.00,300.00,29.95,0.00,10.00,CLR
NYC,2023-04-02 16:51,48.00,12.90,5.00,M,29.98,0.00,10.00,CLR
NYC,2023-04-02 17:51,50.00,10.90,8.00,280.00,29.99,0.00,10.00,CLR
NYC,2023-04-02 18:51,50.00,7.00,8.00,310.00,29.99,0.00,10.00,CLR
NYC,2023-04-02 19:51,50.00,6.00,M,M,30.00,0.00,10.00,CLR
NYC,2023-04-02 20:51,51.00,6.00,4.00,M,30.01,0.00,10.00,CLR
NYC,2023-04-02 21:51,50.00,6.00,3.00,M,30.02,0.00,10.00,CLR
NYC,2023-04-02 22:51,49.00,7.00,6.00,M,30.04,0.00,10.00,CLR
NYC,2023-04-02 23:51,47.00,7.00,0.00,0.00,30.06,0.00,10.00,CLR
NYC,2023-04-03 00:51,46.00,8.10,5.00,300.00,30.10,0.00,10.00,CLR
NYC,2023-04-03 01:51,45.00,8.10,8.00,310.00,30.13,0.00,10.00,CLR
NYC,2023-04-03 02:51,43.00,10.00,4.00,290.00,30.14,0.00,10.00,CLR
NYC,2023-04-03 03:51,42.00,9.00,0.00,0.00,30.15,0.00,10.00,CLR
NYC,2023-04-03 04:51,41.00,5.00,4.00,M,30.16,0.00,10.00,CLR
NYC,2023-04-03 05:51,41.00,7.00,5.00,50.00,30.15,0.00,10.00,CLR
NYC,2023-04-03 06:51,39.00,10.00,0.00,0.00,30.15,0.00,10.00,CLR
NYC,2023-04-03 07:51,40.00,14.00,7.00,80.00,30.15,0.00,10.00,CLR
NYC,2023-04-03 08:51,39.00,10.00,5.00,110.00,30.14,0.00,10.00,CLR
NYC,2023-04-03 09:51,39.00,9.00,0.00,0.00,30.17,0.00,10.00,CLR
NYC,2023-04-03 10:51,39.00,12.90,6.00,110.00,30.19,0.00,10.00,CLR
NYC,2023-04-03 11:51,42.00,18.00,0.00,0.00,30.23,0.00,10.00,CLR
NYC,2023-04-03 12:51,44.00,23.00,0.00,0.00,30.19,0.00,10.00,CLR
NYC,2023-04-03 13:51,48.00,26.10,7.00,130.00,30.20,0.00,10.00,CLR
NYC,2023-04-03 14:51,49.00,28.00,0.00,0.00,30.19,0.00,10.00,CLR
NYC,2023-04-03 15:51,52.00,30.00,3.00,M,30.17,0.00,10.00,CLR
NYC,2023-04-03 16:51,53.00,28.90,4.00,M,30.14,0.00,10.00,CLR
NYC,2023-04-03 17:51,57.00,33.00,M,M,30.11,0.00,10.00,CLR
NYC,2023-04-03 18:51,57.00,33.00,0.00,0.00,30.07,0.00,10.00,CLR
NYC,2023-04-03 19:51,58.00,34.00,3.00,M,30.04,0.00,10.00,CLR
NYC,2023-04-03 20:51,55.00,37.00,9.00,170.00,30.02,0.00,10.00,CLR
NYC,2023-04-03 21:51,54.00,39.00,4.00,M,30.01,0.00,10.00,CLR
NYC,2023-04-03 22:51,56.00,39.00,4.00,M,30.02,0.00,10.00,CLR
NYC,2023-04-03 23:51,54.00,38.00,M,M,30.02,0.00,10.00,CLR
NYC,2023-04-04 00:51,54.00,39.00,3.00,M,30.02,0.00,10.00,CLR
NYC,2023-04-04 01:51,54.00,39.00,5.00,M,30.02,0.00,10.00,CLR
NYC,2023-04-04 02:51,54.00,41.00,6.00,M,30.02,0.00,10.00,CLR
NYC,2023-04-04 03:51,54.00,43.00,7.00,220.00,30.01,0.00,10.00,CLR
NYC,2023-04-04 04:51,54.00,44.00,6.00,M,30.01,0.00,10.00,SCT
NYC,2023-04-04 05:51,54.00,44.00,4.00,M,30.01,0.00,10.00,FEW
NYC,2023-04-04 06:51,54.00,44.00,0.00,0.00,30.01,0.00,10.00,CLR
NYC,2023-04-04 07:51,51.00,44.00,3.00,M,30.01,0.00,10.00,CLR
NYC,2023-04-04 08:51,49.00,44.00,4.00,60.00,30.03,0.00,10.00,CLR
NYC,2023-04-04 09:51,48.00,44.00,0.00,0.00,30.04,0.00,10.00,CLR
NYC,2023-04-04 10:51,48.00,44.00,3.00,40.00,30.05,0.00,7.00,FEW
NYC,2023-04-04 11:51,50.00,46.00,3.00,50.00,30.07,0.00,8.00,CLR
NYC,2023-04-04 12:51,54.00,46.00,0.00,0.00,30.06,0.00,8.00,CLR
NYC,2023-04-04 13:51,59.00,47.00,0.00,0.00,30.07,0.00,9.00,SCT
NYC,2023-04-04 14:51,62.00,50.00,0.00,0.00,30.07,0.00,10.00,CLR
NYC,2023-04-04 15:51,65.00,49.00,0.00,0.00,30.06,0.00,10.00,CLR
NYC,2023-04-04 16:51,70.00,50.00,0.00,0.00,30.04,0.00,10.00,CLR
NYC,2023-04-04 17:51,72.00,50.00,M,M,30.03,0.00,10.00,CLR
NYC,2023-04-04 18:51,69.00,51.00,M,M,30.04,0.00,10.00,CLR
NYC,2023-04-04 19:51,71.00,51.00,0.00,0.00,30.02,0.00,10.00,OVC
NYC,2023-04-04 20:51,68.00,51.00,0.00,0.00,30.02,0.00,10.00,OVC
NYC,2023-04-04 21:51,69.00,52.00,3.00,M,30.03,0.00,10.00,BKN
NYC,2023-04-04 22:51,67.00,53.00,3.00,110.00,30.04,0.00,10.00,SCT
NYC,2023-04-04 23:51,65.00,54.00,0.00,0.00,30.06,0.00,10.00,CLR
NYC,2023-04-05 00:51,64.00,55.00,0.00,0.00,30.08,0.00,10.00,CLR
NYC,2023-04-05 01:51,63.00,55.00,0.00,0.00,30.11,0.00,10.00,CLR
NYC,2023-04-05 02:51,63.00,55.00,0.00,0.00,30.11,0.00,10.00,CLR
NYC,2023-04-05 03:51,58.00,53.00,5.00,40.00,30.13,0.00,10.00,CLR
NYC,2023-04-05 04:51,56.00,52.00,5.00,80.00,30.16,0.00,5.00,CLR
NYC,2023-04-05 05:51,57.00,54.00,6.00,60.00,30.18,0.00,4.00,OVC
NYC,2023-04-05 06:51,53.00,51.00,8.00,60.00,30.19,0.00,4.00,OVC
NYC,2023-04-05 07:51,52.00,50.00,14.00,60.00,30.21,0.00,6.00,OVC
NYC,2023-04-05 08:51,51.00,48.00,8.00,80.00,30.22,0.00,9.00,OVC
NYC,2023-04-05 09:51,50.00,47.00,11.00,60.00,30.24,0.00,7.00,OVC
NYC,2023-04-05 10:51,52.00,45.00,10.00,70.00,30.26,0.00,10.00,OVC
NYC,2023-04-05 11:51,53.00,45.00,9.00,60.00,30.27,0.00,10.00,OVC
NYC,2023-04-05 12:51,53.00,46.00,7.00,60.00,30.26,0.00,10.00,OVC
NYC,2023-04-05 13:51,53.00,46.00,5.00,70.00,30.28,0.00,9.00,OVC
NYC,2023-04-05 14:51,52.00,48.00,6.00,90.00,30.30,0.00,2.50,OVC
NYC,2023-04-05 15:51,51.00,48.00,8.00,70.00,30.28,0.00,1.50,OVC
NYC,2023-04-05 16:51,49.00,47.00,9.00,60.00,30.27,0.00,1.75,OVC
NYC,2023-04-05 17:51,49.00,46.00,8.00,50.00,30.26,0.00,1.75,OVC
NYC,2023-04-05 18:51,49.00,45.00,8.00,70.00,30.23,0.00,3.00,OVC
NYC,2023-04-05 19:51,48.00,46.00,7.00,60.00,30.23,0.00,2.00,OVC
NYC,2023-04-05 20:51,48.00,45.00,8.00,70.00,30.21,0.00,1.75,OVC
NYC,2023-04-05 21:51,47.00,45.00,9.00,50.00,30.22,0.00,2.00,OVC
NYC,2023-04-05 22:51,47.00,44.00,7.00,70.00,30.21,0.00,2.00,OVC
NYC,2023-04-05 23:51,47.00,44.00,5.00,M,30.19,0.00,3.00,OVC
NYC,2023-04-06 00:51,47.00,45.00,4.00,50.00,30.19,0.00,2.50,OVC
NYC,2023-04-06 01:51,47.00,45.00,3.00,M,30.19,0.00,2.00,OVC
NYC,2023-04-06 02:51,47.00,45.00,4.00,M,30.18,0.00,1.25,OVC
NYC,2023-04-06 03:51,47.00,45.00,5.00,M,30.16,0.00,1.50,OVC
NYC,2023-04-06 05:51,47.00,46.00,3.00,50.00,30.14,0.00,1.75,OVC
NYC,2023-04-06 06:51,48.00,46.00,3.00,M,30.13,0.00,0.75,OVC
NYC,2023-04-06 07:51,48.00,46.00,4.00,30.00,30.11,T,1.50,OVC
NYC,2023-04-06 08:51,48.00,47.00,5.00,60.00,30.10,T,2.50,OVC
NYC,2023-04-06 09:51,49.00,47.00,0.00,0.00,30.11,0.00,1.75,OVC
NYC,2023-04-06 10:51,49.00,47.00,0.00,0.00,30.13,0.00,3.00,OVC
NYC,2023-04-06 11:51,50.00,48.00,4.00,50.00,30.14,0.00,1.75,OVC
NYC,2023-04-06 12:51,52.00,50.00,0.00,0.00,30.15,0.00,3.00,BKN
NYC,2023-04-06 13:51,57.00,50.00,0.00,0.00,30.16,0.00,5.00,CLR
NYC,2023-04-06 14:51,61.00,52.00,0.00,0.00,30.16,0.00,6.00,BKN
NYC,2023-04-06 15:51,65.00,53.00,0.00,0.00,30.16,0.00,6.00,SCT
NYC,2023-04-06 16:51,70.00,53.00,3.00,M,30.14,0.00,6.00,FEW
NYC,2023-04-06 17:51,72.00,55.00,0.00,0.00,30.13,0.00,7.00,CLR
NYC,2023-04-06 18:51,76.00,56.00,3.00,M,30.11,T,10.00,FEW
NYC,2023-04-06 19:51,78.00,56.00,3.00,220.00,30.09,0.00,10.00,FEW
NYC,2023-04-06 20:51,78.00,56.00,3.00,M,30.09,0.00,10.00,BKN
NYC,2023-04-06 21:51,72.00,54.00,0.00,0.00,30.09,0.00,9.00,OVC
NYC,2023-04-06 22:51,71.00,55.00,0.00,0.00,30.11,0.00,10.00,OVC
NYC,2023-04-06 23:51,65.00,51.00,6.00,M,30.18,0.00,10.00,OVC
NYC,2023-04-07 00:51,64.00,49.00,6.00,360.00,30.17,0.00,10.00,SCT
NYC,2023-04-07 01:51,63.00,46.00,7.00,290.00,30.20,T,10.00,OVC
NYC,2023-04-07 02:51,62.00,42.00,M,M,30.23,T,10.00,FEW
NYC,2023-04-07 03:51,61.00,44.00,7.00,350.00,30.22,0.00,10.00,OVC
NYC,2023-04-07 04:51,60.00,44.00,5.00,M,30.26,0.00,10.00,OVC
NYC,2023-04-07 05:51,59.00,36.00,7.00,300.00,30.25,0.00,10.00,BKN
NYC,2023-04-07 06:51,58.00,27.00,M,M,30.25,0.00,10.00,OVC
NYC,2023-04-07 07:51,57.00,23.00,5.00,M,30.27,0.00,10.00,OVC
NYC,2023-04-07 08:51,56.00,19.00,0.00,0.00,30.28,0.00,10.00,OVC
NYC,2023-04-07 09:51,54.00,16.00,9.00,290.00,30.30,0.00,10.00,SCT
NYC,2023-04-07 10:51,52.00,19.00,8.00,300.00,30.34,0.00,10.00,FEW
NYC,2023-04-07 11:51,52.00,18.00,4.00,M,30.36,0.00,10.00,BKN
NYC,2023-04-07 12:51,53.00,17.10,10.00,310.00,30.35,0.00,10.00,CLR
NYC,2023-04-07 13:51,53.00,16.00,7.00,310.00,30.34,0.00,10.00,CLR
NYC,2023-04-07 14:51,53.00,17.10,7.00,290.00,30.35,0.00,10.00,CLR
NYC,2023-04-07 15:51,56.00,16.00,7.00,300.00,30.34,0.00,10.00,CLR
NYC,2023-04-07 16:51,57.00,17.10,7.00,290.00,30.33,0.00,10.00,CLR
NYC,2023-04-07 17:51,55.00,10.00,11.00,290.00,30.34,0.00,10.00,SCT
NYC,2023-04-07 18:51,55.00,14.00,7.00,300.00,30.32,0.00,10.00,CLR
NYC,2023-04-07 19:51,54.00,15.10,6.00,M,30.32,0.00,10.00,CLR
NYC,2023-04-07 20:51,54.00,17.10,9.00,280.00,30.31,0.00,10.00,CLR
NYC,2023-04-07 21:51,52.00,12.90,11.00,310.00,30.34,0.00,10.00,CLR
NYC,2023-04-07 22:51,51.00,16.00,8.00,310.00,30.35,0.00,10.00,CLR
NYC,2023-04-07 23:51,49.00,16.00,8.00,300.00,30.37,0.00,10.00,CLR
NYC,2023-04-08 00:51,48.00,15.10,4.00,M,30.39,0.00,10.00,CLR
NYC,2023-04-08 01:51,47.00,12.90,8.00,300.00,30.41,0.00,10.00,CLR
NYC,2023-04-08 02:51,46.00,14.00,4.00,M,30.42,0.00,10.00,CLR
NYC,2023-04-08 03:51,44.00,15.10,8.00,300.00,30.43,0.00,10.00,CLR
NYC,2023-04-08 04:51,42.00,15.10,5.00,M,30.45,0.00,10.00,CLR
NYC,2023-04-08 05:51,42.00,15.10,3.00,M,30.45,0.00,10.00,CLR
NYC,2023-04-08 06:51,41.00,15.10,M,M,30.45,0.00,10.00,CLR
NYC,2023-04-08 07:51,40.00,17.10,4.00,M,30.46,0.00,10.00,CLR
NYC,2023-04-08 08:51,39.00,17.10,0.00,0.00,30.48,0.00,10.00,CLR
NYC,2023-04-08 09:51,38.00,18.00,6.00,360.00,30.51,0.00,10.00,CLR
NYC,2023-04-08 10:51,38.00,18.00,7.00,330.00,30.53,0.00,10.00,CLR
NYC,2023-04-08 11:51,39.00,19.00,0.00,0.00,30.55,0.00,10.00,CLR
NYC,2023-04-08 12:51,41.00,18.00,5.00,M,30.56,0.00,10.00,CLR
NYC,2023-04-08 13:51,43.00,17.10,7.00,360.00,30.56,0.00,10.00,CLR
NYC,2023-04-08 14:51,44.00,16.00,0.00,0.00,30.56,0.00,10.00,CLR
NYC,2023-04-08 15:51,45.00,16.00,4.00,M,30.55,0.00,10.00,CLR
NYC,2023-04-08 16:51,49.00,16.00,6.00,M,30.53,0.00,10.00,CLR
NYC,2023-04-08 17:51,52.00,16.00,5.00,60.00,30.50,0.00,10.00,CLR
NYC,2023-04-08 18:51,52.00,15.10,4.00,120.00,30.48,0.00,10.00,CLR
NYC,2023-04-08 19:51,51.00,12.90,3.00,M,30.45,0.00,10.00,CLR
NYC,2023-04-08 20:51,52.00,14.00,0.00,0.00,30.42,0.00,10.00,CLR
NYC,2023-04-08 21:51,51.00,15.10,0.00,0.00,30.43,0.00,10.00,CLR
NYC,2023-04-08 22:51,49.00,21.00,M,M,30.43,0.00,10.00,CLR
NYC,2023-04-08 23:51,47.00,25.00,0.00,0.00,30.44,0.00,10.00,CLR
NYC,2023-04-09 00:51,47.00,25.00,M,M,30.45,0.00,10.00,CLR
NYC,2023-04-09 01:51,47.00,23.00,0.00,0.00,30.46,0.00,10.00,CLR
NYC,2023-04-09 02:51,45.00,23.00,0.00,0.00,30.47,0.00,10.00,CLR
NYC,2023-04-09 03:51,45.00,23.00,5.00,M,30.47,0.00,10.00,CLR
NYC,2023-04-09 04:51,43.00,25.00,3.00,M,30.47,0.00,10.00,CLR
NYC,2023-04-09 05:51,43.00,23.00,3.00,M,30.46,0.00,10.00,CLR
NYC,2023-04-09 06:51,42.00,24.10,0.00,0.00,30.46,0.00,10.00,CLR
NYC,2023-04-09 07:51,42.00,26.10,0.00,0.00,30.46,0.00,10.00,CLR
NYC,2023-04-09 08:51,41.00,26.10,0.00,0.00,30.46,0.00,10.00,CLR
NYC,2023-04-09 09:51,41.00,27.00,0.00,0.00,30.47,0.00,10.00,CLR
NYC,2023-04-09 10:51,41.00,27.00,3.00,330.00,30.50,0.00,10.00,CLR
NYC,2023-04-09 11:51,44.00,25.00,6.00,40.00,30.52,0.00,10.00,CLR
NYC,2023-04-09 12:51,45.00,19.90,12.00,60.00,30.53,0.00,10.00,CLR
NYC,2023-04-09 13:51,47.00,24.10,7.00,70.00,30.54,0.00,10.00,CLR
NYC,2023-04-09 14:51,49.00,25.00,8.00,50.00,30.56,0.00,10.00,CLR
NYC,2023-04-09 15:51,51.00,24.10,10.00,50.00,30.56,0.00,10.00,CLR
NYC,2023-04-09 16:51,55.00,19.00,7.00,60.00,30.55,0.00,10.00,CLR
NYC,2023-04-09 17:51,54.00,7.00,4.00,M,30.54,0.00,10.00,CLR
NYC,2023-04-09 18:51,52.00,24.10,5.00,M,30.52,0.00,10.00,CLR
NYC,2023-04-09 19:51,52.00,24.10,M,M,30.51,0.00,10.00,CLR
NYC,2023-04-09 20:51,51.00,23.00,0.00,0.00,30.50,0.00,10.00,CLR
NYC,2023-04-09 21:51,50.00,25.00,3.00,M,30.50,0.00,10.00,CLR
NYC,2023-04-09 22:51,47.00,26.10,3.00,M,30.50,0.00,10.00,CLR
NYC,2023-04-09 23:51,45.00,27.00,0.00,0.00,30.49,0.00,10.00,CLR
NYC,2023-04-10 00:51,45.00,30.00,0.00,0.00,30.50,0.00,10.00,CLR
NYC,2023-04-10 01:51,45.00,32.00,0.00,0.00,30.51,0.00,10.00,CLR
NYC,2023-04-10 02:51,44.00,30.90,3.00,220.00,30.51,0.00,10.00,CLR
NYC,2023-04-10 03:51,44.00,32.00,6.00,210.00,30.51,0.00,10.00,CLR
NYC,2023-04-10 04:51,44.00,33.00,3.00,220.00,30.51,0.00,10.00,CLR
NYC,2023-04-10 05:51,44.00,30.90,4.00,260.00,30.50,0.00,10.00,CLR
NYC,2023-04-10 06:51,43.00,33.00,3.00,230.00,30.49,0.00,10.00,CLR
NYC,2023-04-10 07:51,43.00,34.00,4.00,M,30.49,0.00,10.00,CLR
NYC,2023-04-10 08:51,43.00,34.00,M,M,30.49,0.00,10.00,CLR
NYC,2023-04-10 09:51,43.00,32.00,3.00,M,30.49,0.00,10.00,CLR
NYC,2023-04-10 10:51,43.00,30.90,3.00,M,30.50,0.00,10.00,CLR
NYC,2023-04-10 11:51,45.00,28.90,6.00,M,30.51,0.00,10.00,CLR
NYC,2023-04-10 12:51,47.00,28.00,6.00,270.00,30.51,0.00,10.00,CLR
NYC,2023-04-10 13:51,51.00,30.00,7.00,270.00,30.50,0.00,10.00,CLR
NYC,2023-04-10 14:51,55.00,28.90,M,M,30.49,0.00,10.00,CLR
NYC,2023-04-10 15:51,59.00,27.00,4.00,M,30.47,0.00,10.00,CLR
NYC,2023-04-10 16:51,62.00,24.10,M,M,30.44,0.00,10.00,CLR
NYC,2023-04-10 17:51,64.00,21.90,8.00,240.00,30.41,0.00,10.00,CLR
NYC,2023-04-10 18:51,66.00,21.90,3.00,180.00,30.38,0.00,10.00,CLR
NYC,2023-04-10 19:51,66.00,25.00,5.00,M,30.35,0.00,10.00,CLR
NYC,2023-04-10 20:51,62.00,28.90,5.00,180.00,30.34,0.00,10.00,CLR
NYC,2023-04-10 21:51,61.00,28.90,M,M,30.33,0.00,10.00,CLR
NYC,2023-04-10 22:51,59.00,28.90,4.00,M,30.33,0.00,10.00,CLR
NYC,2023-04-10 23:51,57.00,30.90,3.00,M,30.32,0.00,10.00,CLR
NYC,2023-04-11 00:51,56.00,33.00,0.00,0.00,30.32,0.00,10.00,CLR
NYC,2023-04-11 01:51,55.00,35.00,0.00,0.00,30.33,0.00,10.00,CLR
NYC,2023-04-11 02:51,59.00,27.00,6.00,M,30.31,0.00,10.00,CLR
NYC,2023-04-11 03:51,58.00,26.10,7.00,230.00,30.30,0.00,10.00,CLR
NYC,2023-04-11 04:51,56.00,27.00,10.00,230.00,30.29,0.00,10.00,CLR
NYC,2023-04-11 05:51,54.00,28.00,5.00,M,30.28,0.00,10.00,CLR
NYC,2023-04-11 06:51,54.00,27.00,4.00,M,30.26,0.00,10.00,CLR
NYC,2023-04-11 07:51,53.00,27.00,3.00,M,30.24,0.00,10.00,CLR
NYC,2023-04-11 08:51,52.00,27.00,0.00,0.00,30.23,0.00,10.00,CLR
NYC,2023-04-11 09:51,52.00,27.00,4.00,M,30.23,0.00,10.00,CLR
NYC,2023-04-11 10:51,52.00,27.00,5.00,M,30.23,0.00,10.00,CLR
NYC,2023-04-11 11:51,53.00,28.00,3.00,M,30.24,0.00,10.00,CLR
NYC,2023-04-11 12:51,56.00,28.00,3.00,M,30.23,0.00,10.00,CLR
NYC,2023-04-11 13:51,59.00,26.10,6.00,M,30.21,0.00,10.00,CLR
NYC,2023-04-11 14:51,65.00,27.00,4.00,M,30.19,0.00,10.00,CLR
NYC,2023-04-11 15:51,69.00,25.00,5.00,M,30.16,0.00,10.00,CLR
NYC,2023-04-11 16:51,73.00,27.00,6.00,M,30.13,0.00,10.00,CLR
NYC,2023-04-11 17:51,74.00,19.00,10.00,260.00,30.09,0.00,10.00,CLR
NYC,2023-04-11 18:51,73.00,18.00,4.00,M,30.06,0.00,10.00,CLR
NYC,2023-04-11 19:51,73.00,19.90,M,M,30.02,0.00,10.00,CLR
NYC,2023-04-11 20:51,73.00,21.00,6.00,M,30.00,0.00,10.00,CLR
NYC,2023-04-11 21:51,72.00,21.90,7.00,250.00,29.99,0.00,10.00,CLR
NYC,2023-04-11 22:51,72.00,23.00,7.00,240.00,29.98,0.00,10.00,CLR
NYC,2023-04-11 23:51,71.00,24.10,5.00,M,29.98,0.00,10.00,CLR
NYC,2023-04-12 00:51,70.00,24.10,7.00,240.00,29.97,0.00,10.00,CLR
NYC,2023-04-12 01:51,69.00,26.10,7.00,230.00,29.96,0.00,10.00,CLR
NYC,2023-04-12 02:51,67.00,27.00,6.00,M,29.94,0.00,10.00,CLR
NYC,2023-04-12 03:51,66.00,28.00,6.00,M,29.94,0.00,10.00,CLR
NYC,2023-04-12 04:51,66.00,27.00,4.00,M,29.93,0.00,10.00,SCT
NYC,2023-04-12 05:51,66.00,27.00,4.00,M,29.91,0.00,10.00,CLR
NYC,2023-04-12 06:51,65.00,28.00,3.00,240.00,29.89,0.00,10.00,CLR
NYC,2023-04-12 07:51,66.00,28.00,6.00,240.00,29.88,0.00,10.00,CLR
NYC,2023-04-12 08:51,65.00,30.00,4.00,260.00,29.87,0.00,10.00,CLR
NYC,2023-04-12 09:51,66.00,30.90,5.00,M,29.88,0.00,10.00,CLR
NYC,2023-04-12 10:51,66.00,32.00,4.00,M,29.89,0.00,10.00,CLR
NYC,2023-04-12 11:51,67.00,33.00,6.00,270.00,29.91,0.00,10.00,CLR
NYC,2023-04-12 12:51,68.00,34.00,8.00,290.00,29.90,0.00,10.00,CLR
NYC,2023-04-12 13:51,69.00,36.00,5.00,M,29.91,0.00,10.00,CLR
NYC,2023-04-12 14:51,72.00,36.00,4.00,M,29.90,0.00,10.00,CLR
NYC,2023-04-12 15:51,77.00,37.00,4.00,M,29.88,0.00,10.00,CLR
NYC,2023-04-12 16:51,80.00,36.00,9.00,290.00,29.86,0.00,10.00,CLR
NYC,2023-04-12 17:51,82.00,35.00,10.00,290.00,29.84,0.00,10.00,CLR
NYC,2023-04-12 18:51,83.00,34.00,11.00,300.00,29.82,0.00,10.00,CLR
NYC,2023-04-12 19:51,84.00,33.00,5.00,M,29.81,0.00,10.00,CLR
NYC,2023-04-12 20:51,84.00,35.00,8.00,250.00,29.79,0.00,10.00,CLR
NYC,2023-04-12 21:51,83.00,36.00,5.00,M,29.79,0.00,10.00,CLR
NYC,2023-04-12 22:51,82.00,38.00,0.00,0.00,29.80,0.00,10.00,CLR
NYC,2023-04-12 23:51,80.00,39.00,3.00,270.00,29.81,0.00,10.00,CLR
NYC,2023-04-13 00:51,79.00,41.00,4.00,260.00,29.83,0.00,10.00,CLR
NYC,2023-04-13 01:51,77.00,41.00,4.00,M,29.85,0.00,10.00,CLR
NYC,2023-04-13 02:51,75.00,41.00,3.00,M,29.84,0.00,10.00,CLR
NYC,2023-04-13 03:51,75.00,41.00,0.00,0.00,29.85,0.00,10.00,CLR
NYC,2023-04-13 04:51,73.00,42.00,0.00,0.00,29.86,0.00,10.00,CLR
NYC,2023-04-13 05:51,72.00,42.00,0.00,0.00,29.88,0.00,10.00,CLR
NYC,2023-04-13 06:51,71.00,42.00,3.00,280.00,29.88,0.00,10.00,CLR
NYC,2023-04-13 07:51,69.00,43.00,4.00,290.00,29.89,0.00,10.00,CLR
NYC,2023-04-13 08:51,69.00,41.00,3.00,250.00,29.90,0.00,10.00,CLR
NYC,2023-04-13 09:51,68.00,42.00,3.00,M,29.90,0.00,10.00,CLR
NYC,2023-04-13 10:51,68.00,41.00,0.00,0.00,29.92,0.00,10.00,CLR
NYC,2023-04-13 11:51,70.00,42.00,6.00,M,29.92,0.00,10.00,CLR
NYC,2023-04-13 12:51,73.00,43.00,3.00,M,29.92,0.00,10.00,CLR
NYC,2023-04-13 13:51,77.00,43.00,5.00,M,29.92,0.00,10.00,CLR
NYC,2023-04-13 14:51,81.00,43.00,0.00,0.00,29.91,0.00,10.00,CLR
NYC,2023-04-13 15:51,84.00,41.00,5.00,M,29.89,0.00,10.00,CLR
NYC,2023-04-13 16:51,86.00,42.00,M,M,29.87,0.00,10.00,CLR
NYC,2023-04-13 17:51,89.00,41.00,7.00,270.00,29.85,0.00,10.00,CLR
NYC,2023-04-13 18:51,89.00,41.00,M,M,29.84,0.00,10.00,CLR
NYC,2023-04-13 19:51,89.00,42.00,9.00,230.00,29.82,0.00,10.00,CLR
NYC,2023-04-13 20:51,89.00,41.00,9.00,250.00,29.81,0.00,10.00,CLR
NYC,2023-04-13 21:51,88.00,40.00,11.00,250.00,29.80,0.00,10.00,CLR
NYC,2023-04-13 22:51,87.00,39.00,10.00,250.00,29.81,0.00,10.00,CLR
NYC,2023-04-13 23:51,84.00,41.00,M,M,29.82,0.00,10.00,CLR
NYC,2023-04-14 00:51,82.00,42.00,9.00,230.00,29.84,0.00,10.00,CLR
NYC,2023-04-14 01:51,80.00,43.00,4.00,M,29.85,0.00,10.00,CLR
NYC,2023-04-14 02:51,79.00,43.00,0.00,0.00,29.86,0.00,10.00,CLR
NYC,2023-04-14 03:51,78.00,42.00,5.00,M,29.87,0.00,10.00,CLR
NYC,2023-04-14 04:51,76.00,42.00,4.00,240.00,29.88,0.00,10.00,CLR
NYC,2023-04-14 05:51,76.00,42.00,5.00,M,29.88,0.00,10.00,CLR
NYC,2023-04-14 06:51,75.00,42.00,4.00,250.00,29.87,0.00,10.00,CLR
NYC,2023-04-14 07:51,74.00,41.00,4.00,240.00,29.87,0.00,10.00,CLR
NYC,2023-04-14 08:51,72.00,41.00,3.00,M,29.87,0.00,10.00,CLR
NYC,2023-04-14 09:51,71.00,41.00,0.00,0.00,29.88,0.00,10.00,CLR
NYC,2023-04-14 10:51,70.00,42.00,0.00,0.00,29.89,0.00,10.00,CLR
NYC,2023-04-14 11:51,73.00,44.00,0.00,0.00,29.91,0.00,10.00,CLR
NYC,2023-04-14 12:51,76.00,43.00,0.00,0.00,29.91,0.00,10.00,CLR
NYC,2023-04-14 13:51,79.00,40.00,3.00,M,29.92,0.00,10.00,CLR
NYC,2023-04-14 14:51,83.00,42.00,0.00,0.00,29.92,0.00,10.00,CLR
NYC,2023-04-14 15:51,88.00,44.00,0.00,0.00,29.90,0.00,10.00,CLR
NYC,2023-04-14 16:51,89.00,41.00,0.00,0.00,29.89,0.00,10.00,CLR
NYC,2023-04-14 17:51,90.00,42.00,M,M,29.87,0.00,10.00,CLR
NYC,2023-04-14 18:51,89.00,41.00,6.00,240.00,29.87,0.00,10.00,CLR
NYC,2023-04-14 19:51,89.00,41.00,4.00,M,29.85,0.00,10.00,CLR
NYC,2023-04-14 20:51,87.00,41.00,6.00,180.00,29.84,0.00,10.00,CLR
NYC,2023-04-14 21:51,84.00,43.00,3.00,M,29.84,0.00,10.00,CLR
NYC,2023-04-14 22:51,81.00,46.00,0.00,0.00,29.84,0.00,10.00,CLR
NYC,2023-04-14 23:51,78.00,47.00,0.00,0.00,29.85,0.00,10.00,CLR
NYC,2023-04-15 00:51,78.00,47.00,5.00,M,29.87,0.00,10.00,CLR
NYC,2023-04-15 01:51,77.00,44.00,6.00,220.00,29.88,0.00,10.00,CLR
NYC,2023-04-15 02:51,76.00,44.00,8.00,240.00,29.89,0.00,10.00,CLR
NYC,2023-04-15 03:51,74.00,45.00,6.00,M,29.89,0.00,10.00,CLR
NYC,2023-04-15 04:51,72.00,48.00,4.00,M,29.90,0.00,10.00,CLR
NYC,2023-04-15 05:51,70.00,55.00,4.00,M,29.91,0.00,10.00,CLR
NYC,2023-04-15 06:51,70.00,58.00,M,M,29.90,0.00,10.00,CLR
NYC,2023-04-15 07:51,69.00,59.00,5.00,220.00,29.91,0.00,10.00,CLR
NYC,2023-04-15 08:51,68.00,60.00,M,M,29.91,0.00,10.00,CLR
NYC,2023-04-15 09:51,68.00,60.00,0.00,0.00,29.92,0.00,10.00,CLR
NYC,2023-04-15 10:51,66.00,58.00,0.00,0.00,29.94,0.00,10.00,CLR
NYC,2023-04-15 11:51,66.00,58.00,0.00,0.00,29.95,0.00,10.00,BKN
NYC,2023-04-15 12:51,67.00,59.00,0.00,0.00,29.96,0.00,10.00,OVC
NYC,2023-04-15 13:51,68.00,58.00,0.00,0.00,29.95,0.00,10.00,SCT
NYC,2023-04-15 14:51,71.00,60.00,0.00,0.00,29.95,0.00,10.00,SCT
NYC,2023-04-15 15:51,74.00,60.00,7.00,120.00,29.93,0.00,10.00,SCT
NYC,2023-04-15 16:51,71.00,58.00,8.00,70.00,29.92,0.00,10.00,OVC
NYC,2023-04-15 17:51,70.00,57.00,7.00,60.00,29.91,0.00,10.00,OVC
NYC,2023-04-15 18:51,67.00,57.00,M,M,29.90,0.00,10.00,OVC
NYC,2023-04-15 19:51,70.00,58.00,5.00,M,29.87,0.00,10.00,OVC
NYC,2023-04-15 20:51,67.00,57.00,6.00,M,29.88,0.00,10.00,OVC
NYC,2023-04-15 21:51,66.00,58.00,M,M,29.90,0.00,10.00,OVC
NYC,2023-04-15 22:51,64.00,59.00,M,M,29.90,T,10.00,OVC
NYC,2023-04-15 23:51,63.00,61.00,0.00,0.00,29.91,0.02,4.00,BKN
NYC,2023-04-16 00:51,63.00,61.00,0.00,0.00,29.90,0.00,4.00,BKN
NYC,2023-04-16 01:51,60.00,58.00,4.00,100.00,29.90,0.00,6.00,OVC
NYC,2023-04-16 02:51,60.00,57.00,4.00,60.00,29.88,T,5.00,OVC
NYC,2023-04-16 03:51,59.00,57.00,5.00,80.00,29.85,0.00,3.00,OVC
NYC,2023-04-16 04:51,59.00,57.00,3.00,M,29.85,0.00,4.00,OVC
NYC,2023-04-16 05:51,59.00,58.00,0.00,0.00,29.88,0.00,3.00,OVC
NYC,2023-04-16 06:51,60.00,58.00,0.00,0.00,29.88,0.00,2.50,OVC
NYC,2023-04-16 07:51,60.00,58.00,0.00,0.00,29.86,0.00,1.75,OVC
NYC,2023-04-16 08:51,59.00,56.00,0.00,0.00,29.86,0.00,3.00,OVC
NYC,2023-04-16 09:51,58.00,56.00,0.00,0.00,29.86,0.00,5.00,OVC
NYC,2023-04-16 10:51,60.00,57.00,0.00,0.00,29.87,0.00,7.00,FEW
NYC,2023-04-16 11:51,61.00,57.00,3.00,10.00,29.90,0.00,9.00,OVC
NYC,2023-04-16 12:51,63.00,57.00,4.00,60.00,29.89,0.00,10.00,OVC
NYC,2023-04-16 13:51,64.00,57.00,3.00,90.00,29.88,0.00,9.00,OVC
NYC,2023-04-16 14:51,67.00,58.00,0.00,0.00,29.87,0.00,10.00,OVC
NYC,2023-04-16 15:51,68.00,57.00,4.00,50.00,29.85,0.00,10.00,OVC
NYC,2023-04-16 16:51,69.00,57.00,5.00,M,29.85,0.00,10.00,BKN
NYC,2023-04-16 17:51,68.00,56.00,3.00,M,29.85,0.00,10.00,BKN
NYC,2023-04-16 18:51,69.00,57.00,3.00,M,29.83,0.00,9.00,OVC
NYC,2023-04-16 19:51,69.00,57.00,4.00,M,29.82,0.00,10.00,SCT
NYC,2023-04-16 20:51,69.00,56.00,6.00,M,29.80,0.00,8.00,OVC
NYC,2023-04-16 21:51,68.00,56.00,4.00,M,29.80,0.00,10.00,BKN
NYC,2023-04-16 22:51,65.00,56.00,3.00,M,29.80,0.00,10.00,CLR
NYC,2023-04-16 23:51,63.00,55.00,4.00,110.00,29.79,0.00,10.00,SCT
NYC,2023-04-17 00:51,59.00,53.00,5.00,110.00,29.79,0.00,10.00,CLR
NYC,2023-04-17 01:51,59.00,53.00,0.00,0.00,29.80,0.00,10.00,BKN
NYC,2023-04-17 02:51,58.00,53.00,M,M,29.79,0.00,10.00,OVC
NYC,2023-04-17 03:51,58.00,53.00,5.00,90.00,29.76,0.00,10.00,OVC
NYC,2023-04-17 04:51,57.00,53.00,3.00,M,29.75,0.00,9.00,OVC
NYC,2023-04-17 05:51,56.00,53.00,6.00,M,29.72,0.00,6.00,OVC
NYC,2023-04-17 06:51,56.00,53.00,6.00,60.00,29.69,0.00,3.00,OVC
NYC,2023-04-17 07:51,55.00,53.00,3.00,M,29.67,0.00,4.00,OVC
NYC,2023-04-17 08:51,54.00,52.00,7.00,60.00,29.67,T,1.25,OVC
NYC,2023-04-17 09:51,54.00,52.00,6.00,50.00,29.65,0.00,3.00,OVC
NYC,2023-04-17 10:51,54.00,52.00,7.00,50.00,29.64,0.00,4.00,OVC
NYC,2023-04-17 11:51,54.00,52.00,0.00,0.00,29.67,0.00,2.00,OVC
NYC,2023-04-17 12:51,54.00,52.00,3.00,M,29.66,T,1.50,OVC
NYC,2023-04-17 13:51,54.00,53.00,4.00,M,29.64,T,4.00,OVC
NYC,2023-04-17 14:51,55.00,52.00,3.00,70.00,29.63,T,5.00,OVC
NYC,2023-04-17 15:51,57.00,54.00,0.00,0.00,29.63,0.00,3.00,OVC
NYC,2023-04-17 16:58,58.00,55.00,0.00,0.00,29.62,0.00,4.00,SCT
NYC,2023-04-17 17:51,58.00,53.00,3.00,M,29.61,T,10.00,SCT
NYC,2023-04-17 18:51,64.00,50.00,7.00,240.00,29.57,0.00,8.00,FEW
NYC,2023-04-17 19:51,67.00,45.00,5.00,M,29.56,0.00,10.00,SCT
NYC,2023-04-17 20:51,67.00,36.00,8.00,240.00,29.56,0.00,10.00,CLR
NYC,2023-04-17 21:51,65.00,36.00,M,M,29.58,0.00,10.00,BKN
NYC,2023-04-17 22:51,63.00,34.00,11.00,240.00,29.61,0.00,10.00,FEW
NYC,2023-04-17 23:51,62.00,34.00,7.00,280.00,29.64,0.00,10.00,OVC
NYC,2023-04-18 00:51,62.00,34.00,6.00,M,29.66,0.00,10.00,OVC
NYC,2023-04-18 01:51,61.00,33.00,9.00,250.00,29.69,0.00,10.00,OVC
NYC,2023-04-18 02:51,59.00,30.00,4.00,M,29.69,0.00,10.00,OVC
NYC,2023-04-18 03:51,57.00,35.00,M,M,29.70,0.00,10.00,OVC
NYC,2023-04-18 04:51,55.00,33.00,6.00,M,29.72,0.00,10.00,SCT
NYC,2023-04-18 05:51,54.00,30.90,7.00,270.00,29.71,0.00,10.00,CLR
NYC,2023-04-18 06:51,53.00,28.90,9.00,260.00,29.71,0.00,10.00,CLR
NYC,2023-04-18 07:51,51.00,30.00,8.00,230.00,29.71,0.00,10.00,SCT
NYC,2023-04-18 08:51,50.00,30.00,M,M,29.71,0.00,10.00,CLR
NYC,2023-04-18 09:51,50.00,30.00,6.00,M,29.72,0.00,10.00,CLR
NYC,2023-04-18 10:51,50.00,32.00,0.00,0.00,29.73,0.00,10.00,SCT
NYC,2023-04-18 11:51,52.00,32.00,0.00,0.00,29.74,0.00,10.00,OVC
NYC,2023-04-18 12:51,53.00,32.00,8.00,240.00,29.74,0.00,10.00,SCT
NYC,2023-04-18 13:51,53.00,33.00,0.00,0.00,29.75,0.00,10.00,SCT
NYC,2023-04-18 14:51,51.00,33.00,8.00,230.00,29.78,0.00,10.00,SCT
NYC,2023-04-18 15:51,52.00,32.00,3.00,M,29.78,0.00,10.00,FEW
NYC,2023-04-18 16:51,52.00,30.90,M,M,29.78,0.00,10.00,OVC
NYC,2023-04-18 17:51,52.00,30.00,8.00,280.00,29.79,0.00,10.00,OVC
NYC,2023-04-18 18:51,56.00,30.90,6.00,M,29.78,0.00,10.00,BKN
NYC,2023-04-18 19:51,56.00,28.90,14.00,270.00,29.78,0.00,10.00,SCT
NYC,2023-04-18 20:51,55.00,27.00,4.00,M,29.78,0.00,10.00,CLR
NYC,2023-04-18 21:51,55.00,25.00,10.00,280.00,29.81,0.00,10.00,CLR
NYC,2023-04-18 22:51,52.00,25.00,8.00,270.00,29.84,0.00,10.00,CLR
NYC,2023-04-18 23:51,50.00,26.10,7.00,300.00,29.87,0.00,10.00,CLR
NYC,2023-04-19 00:51,48.00,26.10,7.00,270.00,29.91,0.00,10.00,CLR
NYC,2023-04-19 01:51,47.00,27.00,8.00,290.00,29.95,0.00,10.00,CLR
NYC,2023-04-19 02:51,47.00,27.00,7.00,280.00,29.96,0.00,10.00,CLR
NYC,2023-04-19 03:51,46.00,26.10,3.00,M,29.96,0.00,10.00,CLR
NYC,2023-04-19 04:51,46.00,26.10,6.00,M,29.98,0.00,10.00,CLR
NYC,2023-04-19 05:51,46.00,25.00,6.00,280.00,29.98,0.00,10.00,SCT
NYC,2023-04-19 06:51,46.00,26.10,0.00,0.00,29.97,0.00,10.00,OVC
NYC,2023-04-19 07:51,46.00,26.10,6.00,270.00,29.99,0.00,10.00,OVC
NYC,2023-04-19 08:51,46.00,27.00,5.00,280.00,30.00,0.00,10.00,OVC
NYC,2023-04-19 09:51,46.00,26.10,4.00,M,30.01,0.00,10.00,OVC
NYC,2023-04-19 10:51,46.00,27.00,5.00,M,30.05,0.00,10.00,OVC
NYC,2023-04-19 11:51,46.00,28.90,6.00,240.00,30.07,0.00,10.00,OVC
NYC,2023-04-19 12:51,47.00,28.90,5.00,M,30.05,0.00,10.00,BKN
NYC,2023-04-19 13:51,49.00,28.90,6.00,M,30.07,0.00,10.00,OVC
NYC,2023-04-19 14:51,49.00,28.90,11.00,290.00,30.09,0.00,10.00,OVC
NYC,2023-04-19 15:51,54.00,28.90,6.00,M,30.08,0.00,10.00,BKN
NYC,2023-04-19 16:51,55.00,28.00,8.00,280.00,30.08,0.00,10.00,FEW
NYC,2023-04-19 17:51,59.00,28.90,11.00,300.00,30.06,0.00,10.00,CLR
NYC,2023-04-19 18:51,60.00,28.00,8.00,270.00,30.04,0.00,10.00,CLR
NYC,2023-04-19 19:51,62.00,28.90,4.00,M,30.03,0.00,10.00,CLR
NYC,2023-04-19 20:51,64.00,28.90,5.00,M,30.02,0.00,10.00,CLR
NYC,2023-04-19 21:51,64.00,28.90,4.00,270.00,30.04,0.00,10.00,CLR
NYC,2023-04-19 22:51,63.00,28.00,0.00,0.00,30.06,0.00,10.00,CLR
NYC,2023-04-19 23:51,58.00,33.00,4.00,100.00,30.10,0.00,10.00,CLR
NYC,2023-04-20 00:51,54.00,39.00,5.00,110.00,30.13,0.00,10.00,CLR
NYC,2023-04-20 01:51,53.00,40.00,3.00,60.00,30.16,0.00,10.00,CLR
NYC,2023-04-20 02:51,51.00,39.00,3.00,M,30.16,0.00,10.00,CLR
NYC,2023-04-20 03:51,51.00,39.00,3.00,70.00,30.18,0.00,10.00,CLR
NYC,2023-04-20 04:51,51.00,37.00,3.00,M,30.19,0.00,10.00,CLR
NYC,2023-04-20 05:51,50.00,34.00,5.00,50.00,30.21,0.00,10.00,CLR
NYC,2023-04-20 06:51,50.00,30.90,5.00,50.00,30.21,0.00,10.00,SCT
NYC,2023-04-20 07:51,49.00,32.00,4.00,40.00,30.22,0.00,10.00,CLR
NYC,2023-04-20 08:51,47.00,33.00,3.00,M,30.23,0.00,10.00,CLR
NYC,2023-04-20 09:51,47.00,34.00,4.00,M,30.24,0.00,10.00,CLR
NYC,2023-04-20 10:51,45.00,33.00,5.00,M,30.24,0.00,10.00,CLR
NYC,2023-04-20 11:51,47.00,30.90,4.00,M,30.27,0.00,10.00,CLR
NYC,2023-04-20 12:51,49.00,32.00,4.00,M,30.27,0.00,10.00,FEW
NYC,2023-04-20 13:51,50.00,32.00,5.00,50.00,30.27,0.00,10.00,BKN
NYC,2023-04-20 14:51,53.00,32.00,0.00,0.00,30.28,0.00,10.00,CLR
NYC,2023-04-20 15:51,58.00,30.90,4.00,40.00,30.26,0.00,10.00,CLR
NYC,2023-04-20 16:51,60.00,28.90,3.00,280.00,30.22,0.00,10.00,BKN
NYC,2023-04-20 17:51,63.00,30.90,3.00,M,30.19,0.00,10.00,CLR
NYC,2023-04-20 18:51,65.00,35.00,0.00,0.00,30.18,0.00,10.00,CLR
NYC,2023-04-20 19:51,64.00,35.00,0.00,0.00,30.16,0.00,10.00,CLR
NYC,2023-04-20 20:51,62.00,35.00,M,M,30.16,0.00,10.00,CLR
NYC,2023-04-20 21:51,61.00,35.00,0.00,0.00,30.16,0.00,10.00,CLR
NYC,2023-04-20 22:51,57.00,36.00,0.00,0.00,30.15,0.00,10.00,CLR
NYC,2023-04-20 23:51,55.00,37.00,4.00,M,30.16,0.00,10.00,CLR
NYC,2023-04-21 00:51,54.00,38.00,0.00,0.00,30.16,0.00,10.00,CLR
NYC,2023-04-21 01:51,53.00,37.00,0.00,0.00,30.17,0.00,10.00,CLR
NYC,2023-04-21 02:51,53.00,37.00,0.00,0.00,30.16,0.00,10.00,CLR
NYC,2023-04-21 03:51,55.00,37.00,0.00,0.00,30.17,0.00,10.00,CLR
NYC,2023-04-21 04:51,55.00,35.00,0.00,0.00,30.16,T,10.00,CLR
NYC,2023-04-21 05:51,54.00,33.00,0.00,0.00,30.15,0.00,10.00,CLR
NYC,2023-04-21 06:51,54.00,36.00,0.00,0.00,30.14,0.00,10.00,CLR
NYC,2023-04-21 07:51,53.00,35.00,0.00,0.00,30.14,0.00,10.00,CLR
NYC,2023-04-21 08:51,52.00,40.00,0.00,0.00,30.13,0.00,10.00,CLR
NYC,2023-04-21 09:51,53.00,45.00,4.00,M,30.12,0.00,9.00,CLR
NYC,2023-04-21 10:51,51.00,45.00,0.00,0.00,30.13,0.00,9.00,CLR
NYC,2023-04-21 11:51,54.00,46.00,5.00,60.00,30.14,0.00,9.00,CLR
NYC,2023-04-21 12:51,56.00,47.00,3.00,90.00,30.13,0.00,10.00,CLR
NYC,2023-04-21 13:51,60.00,47.00,3.00,M,30.12,0.00,10.00,CLR
NYC,2023-04-21 14:51,64.00,47.00,6.00,50.00,30.12,0.00,10.00,CLR
NYC,2023-04-21 15:51,66.00,47.00,8.00,60.00,30.11,0.00,10.00,CLR
NYC,2023-04-21 16:51,67.00,45.00,9.00,70.00,30.10,0.00,10.00,CLR
NYC,2023-04-21 17:51,70.00,46.00,5.00,M,30.07,0.00,10.00,CLR
NYC,2023-04-21 18:51,69.00,46.00,8.00,70.00,30.06,0.00,10.00,CLR
NYC,2023-04-21 19:51,69.00,46.00,M,M,30.04,0.00,10.00,CLR
NYC,2023-04-21 20:51,68.00,47.00,M,M,30.03,0.00,10.00,CLR
NYC,2023-04-21 21:51,65.00,49.00,5.00,M,30.04,0.00,10.00,BKN
NYC,2023-04-21 22:51,61.00,50.00,6.00,130.00,30.04,0.00,10.00,FEW
NYC,2023-04-21 23:51,60.00,49.00,M,M,30.05,0.00,10.00,OVC
NYC,2023-04-22 00:51,58.00,50.00,8.00,100.00,30.06,0.00,10.00,OVC
NYC,2023-04-22 01:51,57.00,49.00,7.00,100.00,30.05,0.00,10.00,OVC
NYC,2023-04-22 02:51,56.00,49.00,7.00,100.00,30.05,0.00,10.00,OVC
NYC,2023-04-22 03:51,55.00,49.00,4.00,M,30.03,0.00,10.00,OVC
NYC,2023-04-22 04:51,53.00,47.00,6.00,90.00,30.03,0.00,10.00,OVC
NYC,2023-04-22 05:51,52.00,47.00,7.00,90.00,30.01,0.00,10.00,OVC
NYC,2023-04-22 06:51,52.00,47.00,6.00,70.00,30.00,0.00,8.00,OVC
NYC,2023-04-22 07:51,51.00,48.00,7.00,40.00,30.00,0.00,6.00,OVC
NYC,2023-04-22 08:51,51.00,48.00,6.00,50.00,30.01,0.00,5.00,OVC
NYC,2023-04-22 09:51,51.00,49.00,5.00,M,30.00,0.00,5.00,OVC
NYC,2023-04-22 10:51,52.00,49.00,7.00,90.00,30.01,0.00,5.00,OVC
NYC,2023-04-22 11:51,52.00,49.00,M,M,30.01,0.00,5.00,OVC
NYC,2023-04-22 12:51,53.00,49.00,7.00,60.00,30.01,0.00,5.00,OVC
NYC,2023-04-22 13:51,55.00,50.00,5.00,M,30.01,0.00,6.00,OVC
NYC,2023-04-22 14:51,58.00,50.00,6.00,M,30.01,0.00,7.00,OVC
NYC,2023-04-22 15:51,60.00,50.00,11.00,60.00,29.98,0.00,7.00,CLR
NYC,2023-04-22 16:51,63.00,50.00,9.00,50.00,29.96,0.00,9.00,CLR
NYC,2023-04-22 17:51,64.00,51.00,7.00,80.00,29.94,0.00,9.00,CLR
NYC,2023-04-22 18:51,65.00,53.00,8.00,70.00,29.93,0.00,9.00,OVC
NYC,2023-04-22 19:51,65.00,53.00,10.00,80.00,29.92,0.00,10.00,OVC
NYC,2023-04-22 20:51,61.00,52.00,9.00,70.00,29.91,0.00,9.00,BKN
NYC,2023-04-22 21:51,58.00,54.00,0.00,0.00,29.91,0.04,3.00,OVC
NYC,2023-04-22 22:51,59.00,56.00,5.00,70.00,29.91,T,5.00,OVC
NYC,2023-04-22 23:51,61.00,57.00,6.00,M,29.90,0.00,9.00,BKN
NYC,2023-04-23 00:51,58.00,54.00,7.00,60.00,29.89,0.00,8.00,OVC
NYC,2023-04-23 01:51,59.00,56.00,0.00,0.00,29.95,0.06,0.75,BKN
NYC,2023-04-23 02:51,57.00,56.00,4.00,70.00,29.91,0.40,2.00,FEW
NYC,2023-04-23 03:51,56.00,54.00,7.00,60.00,29.88,0.09,5.00,BKN
NYC,2023-04-23 04:51,54.00,53.00,5.00,M,29.88,0.06,4.00,OVC
NYC,2023-04-23 05:51,55.00,54.00,5.00,60.00,29.85,0.31,1.25,OVC
NYC,2023-04-23 06:51,54.00,53.00,5.00,M,29.83,0.22,2.00,OVC
NYC,2023-04-23 07:51,54.00,53.00,4.00,90.00,29.82,0.19,4.00,OVC
NYC,2023-04-23 08:51,55.00,54.00,4.00,70.00,29.81,0.07,4.00,OVC
NYC,2023-04-23 09:51,55.00,54.00,7.00,240.00,29.82,0.09,1.50,BKN
NYC,2023-04-23 10:51,55.00,54.00,3.00,300.00,29.84,0.34,2.50,FEW
NYC,2023-04-23 11:51,55.00,53.00,4.00,60.00,29.83,0.19,9.00,FEW
NYC,2023-04-23 12:51,56.00,54.00,3.00,20.00,29.85,0.08,2.50,BKN
NYC,2023-04-23 13:51,55.00,53.00,6.00,360.00,29.83,0.05,4.00,FEW
NYC,2023-04-23 14:51,58.00,55.00,0.00,0.00,29.86,T,10.00,SCT
NYC,2023-04-23 15:51,59.00,54.00,0.00,0.00,29.88,0.00,10.00,BKN
NYC,2023-04-23 16:51,62.00,52.00,3.00,M,29.87,0.00,10.00,SCT
NYC,2023-04-23 17:51,65.00,45.00,9.00,300.00,29.86,0.00,10.00,CLR
NYC,2023-04-23 18:51,68.00,44.00,6.00,M,29.86,0.00,10.00,BKN
NYC,2023-04-23 19:51,67.00,42.00,3.00,M,29.86,0.00,10.00,SCT
NYC,2023-04-23 20:51,64.00,49.00,5.00,M,29.88,0.00,10.00,BKN
NYC,2023-04-23 21:51,62.00,47.00,6.00,M,29.89,0.00,10.00,BKN
NYC,2023-04-23 22:51,61.00,46.00,4.00,10.00,29.91,0.00,10.00,BKN
NYC,2023-04-23 23:51,60.00,42.00,5.00,M,29.93,0.00,10.00,SCT
NYC,2023-04-24 00:51,59.00,35.00,6.00,280.00,29.96,0.00,10.00,CLR
NYC,2023-04-24 01:51,57.00,34.00,9.00,280.00,29.99,0.00,10.00,OVC
NYC,2023-04-24 02:51,55.00,34.00,5.00,M,30.00,0.00,10.00,BKN
NYC,2023-04-24 03:51,52.00,35.00,8.00,300.00,30.03,0.00,10.00,CLR
NYC,2023-04-24 04:51,50.00,37.00,4.00,M,30.03,0.00,10.00,FEW
NYC,2023-04-24 05:51,49.00,38.00,5.00,M,30.03,0.00,10.00,CLR
NYC,2023-04-24 06:51,47.00,37.00,M,M,30.03,0.00,10.00,CLR
NYC,2023-04-24 07:51,46.00,36.00,5.00,270.00,30.03,0.00,10.00,CLR
NYC,2023-04-24 08:51,45.00,35.00,5.00,M,30.04,0.00,10.00,CLR
NYC,2023-04-24 09:51,45.00,35.00,0.00,0.00,30.05,0.00,10.00,CLR
NYC,2023-04-24 10:51,45.00,34.00,6.00,M,30.06,0.00,10.00,CLR
NYC,2023-04-24 11:51,46.00,34.00,0.00,0.00,30.08,0.00,10.00,CLR
NYC,2023-04-24 12:51,48.00,34.00,0.00,0.00,30.08,0.00,10.00,CLR
NYC,2023-04-24 13:51,51.00,34.00,5.00,M,30.08,0.00,10.00,CLR
NYC,2023-04-24 14:51,54.00,33.00,4.00,310.00,30.08,0.00,10.00,CLR
NYC,2023-04-24 15:51,58.00,32.00,4.00,M,30.07,0.00,10.00,CLR
NYC,2023-04-24 16:51,57.00,28.00,7.00,300.00,30.05,0.00,10.00,FEW
NYC,2023-04-24 17:51,59.00,27.00,0.00,0.00,30.03,0.00,10.00,SCT
NYC,2023-04-24 18:51,59.00,26.10,5.00,250.00,30.03,0.00,10.00,SCT
NYC,2023-04-24 19:51,60.00,25.00,4.00,M,30.02,0.00,10.00,BKN
NYC,2023-04-24 20:51,59.00,25.00,6.00,M,30.03,0.00,10.00,BKN
NYC,2023-04-24 21:51,59.00,26.10,5.00,M,30.04,0.00,10.00,BKN
NYC,2023-04-24 22:51,58.00,27.00,4.00,M,30.04,0.00,10.00,BKN
NYC,2023-04-24 23:51,56.00,32.00,0.00,0.00,30.05,0.00,10.00,OVC
NYC,2023-04-25 00:51,56.00,24.10,3.00,M,30.08,0.00,10.00,FEW
NYC,2023-04-25 01:51,53.00,25.00,0.00,0.00,30.10,0.00,10.00,BKN
NYC,2023-04-25 02:51,53.00,27.00,4.00,300.00,30.10,0.00,10.00,BKN
NYC,2023-04-25 03:51,53.00,28.00,5.00,M,30.12,0.00,10.00,OVC
NYC,2023-04-25 04:51,51.00,30.90,4.00,M,30.13,0.00,10.00,OVC
NYC,2023-04-25 05:51,50.00,32.00,0.00,0.00,30.13,0.00,10.00,FEW
NYC,2023-04-25 06:51,48.00,32.00,3.00,M,30.12,0.00,10.00,CLR
NYC,2023-04-25 07:51,48.00,33.00,3.00,M,30.13,0.00,10.00,CLR
NYC,2023-04-25 08:51,47.00,34.00,3.00,M,30.14,0.00,10.00,SCT
NYC,2023-04-25 09:51,46.00,34.00,0.00,0.00,30.15,0.00,10.00,CLR
NYC,2023-04-25 10:51,47.00,34.00,3.00,M,30.16,0.00,10.00,CLR
NYC,2023-04-25 11:51,47.00,35.00,3.00,M,30.17,0.00,10.00,CLR
NYC,2023-04-25 12:51,49.00,34.00,3.00,350.00,30.18,0.00,10.00,CLR
NYC,2023-04-25 13:51,52.00,33.00,M,M,30.19,0.00,10.00,CLR
NYC,2023-04-25 14:51,55.00,33.00,0.00,0.00,30.19,0.00,10.00,CLR
NYC,2023-04-25 15:51,57.00,30.90,4.00,M,30.18,0.00,10.00,BKN
NYC,2023-04-25 16:51,57.00,30.90,M,M,30.18,0.00,10.00,OVC
NYC,2023-04-25 17:51,56.00,30.00,3.00,M,30.17,0.00,10.00,OVC
NYC,2023-04-25 18:51,56.00,32.00,0.00,0.00,30.17,0.00,10.00,BKN
NYC,2023-04-25 19:51,59.00,30.90,5.00,M,30.17,0.00,10.00,SCT
NYC,2023-04-25 20:51,59.00,30.00,3.00,M,30.17,0.00,10.00,BKN
NYC,2023-04-25 21:51,57.00,27.00,0.00,0.00,30.17,0.00,10.00,OVC
NYC,2023-04-25 22:51,58.00,27.00,0.00,0.00,30.18,0.00,10.00,OVC
NYC,2023-04-25 23:51,56.00,24.10,4.00,M,30.19,0.00,10.00,OVC
NYC,2023-04-26 00:51,55.00,24.10,0.00,0.00,30.20,0.00,10.00,BKN
NYC,2023-04-26 01:51,53.00,27.00,0.00,0.00,30.21,0.00,10.00,CLR
NYC,2023-04-26 02:51,53.00,25.00,3.00,M,30.22,0.00,10.00,CLR
NYC,2023-04-26 03:51,52.00,23.00,4.00,M,30.23,0.00,10.00,CLR
NYC,2023-04-26 04:51,49.00,26.10,3.00,60.00,30.24,0.00,10.00,CLR
NYC,2023-04-26 05:51,48.00,26.10,0.00,0.00,30.23,0.00,10.00,CLR
NYC,2023-04-26 06:51,49.00,26.10,3.00,10.00,30.23,0.00,10.00,CLR
NYC,2023-04-26 07:51,48.00,33.00,3.00,40.00,30.23,0.00,10.00,CLR
NYC,2023-04-26 08:51,46.00,33.00,0.00,0.00,30.24,0.00,10.00,CLR
NYC,2023-04-26 09:51,47.00,34.00,0.00,0.00,30.25,0.00,10.00,BKN
NYC,2023-04-26 10:51,48.00,35.00,5.00,50.00,30.26,0.00,10.00,OVC
NYC,2023-04-26 11:51,51.00,35.00,5.00,M,30.27,0.00,10.00,BKN
NYC,2023-04-26 12:51,53.00,35.00,3.00,M,30.27,0.00,10.00,BKN
NYC,2023-04-26 13:51,55.00,37.00,3.00,M,30.25,0.00,10.00,OVC
NYC,2023-04-26 14:51,57.00,39.00,3.00,M,30.25,0.00,10.00,SCT
NYC,2023-04-26 15:51,56.00,38.00,4.00,M,30.25,0.00,10.00,FEW
NYC,2023-04-26 16:51,55.00,40.00,M,M,30.25,0.00,10.00,FEW
NYC,2023-04-26 17:51,58.00,40.00,4.00,M,30.23,0.00,10.00,FEW
NYC,2023-04-26 18:51,57.00,40.00,M,M,30.22,0.00,10.00,SCT
NYC,2023-04-26 19:51,57.00,36.00,0.00,0.00,30.21,0.00,10.00,BKN
NYC,2023-04-26 20:51,56.00,40.00,3.00,M,30.20,0.00,10.00,FEW
NYC,2023-04-26 21:51,55.00,42.00,0.00,0.00,30.20,0.00,10.00,CLR
NYC,2023-04-26 22:51,53.00,43.00,6.00,130.00,30.20,0.00,10.00,FEW
NYC,2023-04-26 23:51,52.00,44.00,0.00,0.00,30.21,0.00,10.00,BKN
NYC,2023-04-27 00:51,52.00,45.00,0.00,0.00,30.23,0.00,10.00,SCT
NYC,2023-04-27 01:51,52.00,45.00,0.00,0.00,30.23,0.00,10.00,BKN
NYC,2023-04-27 02:51,51.00,45.00,0.00,0.00,30.23,0.00,10.00,BKN
NYC,2023-04-27 03:51,52.00,46.00,3.00,M,30.22,0.00,10.00,CLR
NYC,2023-04-27 04:51,51.00,46.00,0.00,0.00,30.22,0.00,9.00,SCT
NYC,2023-04-27 05:51,51.00,46.00,0.00,0.00,30.20,0.00,9.00,FEW
NYC,2023-04-27 06:51,51.00,46.00,4.00,130.00,30.20,0.00,9.00,FEW
NYC,2023-04-27 07:51,52.00,46.00,0.00,0.00,30.20,0.00,10.00,FEW
NYC,2023-04-27 08:51,52.00,46.00,3.00,M,30.20,0.00,9.00,BKN
NYC,2023-04-27 09:51,52.00,43.00,3.00,M,30.21,0.00,10.00,FEW
NYC,2023-04-27 10:51,52.00,39.00,0.00,0.00,30.22,0.00,10.00,BKN
NYC,2023-04-27 11:51,52.00,43.00,0.00,0.00,30.24,0.00,10.00,BKN
NYC,2023-04-27 12:51,53.00,43.00,0.00,0.00,30.24,0.00,10.00,OVC
NYC,2023-04-27 13:51,53.00,43.00,0.00,0.00,30.24,0.00,10.00,OVC
NYC,2023-04-27 14:51,54.00,44.00,0.00,0.00,30.25,0.00,10.00,SCT
NYC,2023-04-27 15:51,54.00,45.00,4.00,120.00,30.24,0.00,10.00,OVC
NYC,2023-04-27 16:51,54.00,43.00,5.00,100.00,30.24,0.00,10.00,OVC
NYC,2023-04-27 17:51,54.00,44.00,8.00,70.00,30.24,0.00,9.00,OVC
NYC,2023-04-27 18:51,56.00,45.00,7.00,60.00,30.23,0.00,10.00,BKN
NYC,2023-04-27 19:51,56.00,45.00,4.00,M,30.22,0.00,10.00,OVC
NYC,2023-04-27 20:51,55.00,45.00,6.00,80.00,30.21,0.00,10.00,BKN
NYC,2023-04-27 21:51,56.00,45.00,5.00,120.00,30.21,0.00,10.00,SCT
NYC,2023-04-27 22:51,54.00,45.00,M,M,30.21,0.00,10.00,FEW
NYC,2023-04-27 23:51,53.00,43.00,7.00,120.00,30.21,0.00,10.00,CLR
NYC,2023-04-28 00:51,52.00,44.00,4.00,110.00,30.22,0.00,10.00,CLR
NYC,2023-04-28 01:51,51.00,45.00,0.00,0.00,30.23,0.00,10.00,FEW
NYC,2023-04-28 02:51,51.00,45.00,0.00,0.00,30.23,0.00,10.00,OVC
NYC,2023-04-28 03:51,50.00,45.00,0.00,0.00,30.23,0.00,8.00,FEW
NYC,2023-04-28 04:51,49.00,45.00,3.00,M,30.23,0.00,8.00,FEW
NYC,2023-04-28 05:51,50.00,46.00,4.00,80.00,30.21,0.00,7.00,SCT
NYC,2023-04-28 06:51,49.00,45.00,4.00,110.00,30.20,0.00,9.00,SCT
NYC,2023-04-28 07:51,50.00,45.00,3.00,M,30.21,0.00,9.00,SCT
NYC,2023-04-28 08:51,50.00,45.00,7.00,100.00,30.20,0.00,9.00,OVC
NYC,2023-04-28 09:51,50.00,45.00,5.00,M,30.20,0.00,9.00,BKN
NYC,2023-04-28 10:51,50.00,45.00,4.00,M,30.20,0.00,8.00,BKN
NYC,2023-04-28 11:51,51.00,43.00,8.00,80.00,30.20,0.00,10.00,CLR
NYC,2023-04-28 12:51,52.00,41.00,7.00,70.00,30.19,0.00,10.00,CLR
NYC,2023-04-28 13:51,52.00,39.00,4.00,M,30.19,0.00,10.00,CLR
NYC,2023-04-28 14:51,53.00,41.00,8.00,80.00,30.19,0.00,10.00,CLR
NYC,2023-04-28 15:51,55.00,43.00,5.00,90.00,30.20,0.00,10.00,CLR
NYC,2023-04-28 16:51,55.00,35.00,5.00,M,30.20,0.00,10.00,CLR
NYC,2023-04-28 17:51,55.00,35.00,6.00,90.00,30.19,0.00,10.00,FEW
NYC,2023-04-28 18:51,55.00,36.00,7.00,70.00,30.17,0.00,10.00,BKN
NYC,2023-04-28 19:51,54.00,35.00,5.00,M,30.14,0.00,10.00,OVC
NYC,2023-04-28 20:51,54.00,36.00,6.00,M,30.12,0.00,10.00,OVC
NYC,2023-04-28 21:51,54.00,37.00,8.00,90.00,30.12,0.00,10.00,FEW
NYC,2023-04-28 22:51,54.00,36.00,3.00,M,30.12,0.00,10.00,OVC
NYC,2023-04-28 23:51,50.00,42.00,7.00,60.00,30.11,T,9.00,OVC
NYC,2023-04-29 00:51,48.00,44.00,5.00,60.00,30.11,0.03,5.00,BKN
NYC,2023-04-29 01:51,47.00,45.00,5.00,M,30.11,0.06,4.00,BKN
NYC,2023-04-29 02:51,47.00,45.00,8.00,60.00,30.08,0.08,3.00,SCT
NYC,2023-04-29 03:51,48.00,46.00,8.00,90.00,30.06,0.06,6.00,FEW
NYC,2023-04-29 04:51,48.00,46.00,7.00,50.00,30.05,0.07,4.00,FEW
NYC,2023-04-29 05:51,48.00,46.00,7.00,60.00,30.04,0.11,2.50,OVC
NYC,2023-04-29 06:51,48.00,46.00,11.00,60.00,29.99,0.13,4.00,BKN
NYC,2023-04-29 07:51,48.00,46.00,6.00,60.00,29.96,0.07,4.00,OVC
NYC,2023-04-29 08:51,48.00,47.00,9.00,60.00,29.96,0.16,1.50,OVC
NYC,2023-04-29 09:51,49.00,47.00,8.00,60.00,29.95,0.23,2.00,BKN
NYC,2023-04-29 10:51,49.00,48.00,6.00,M,29.96,0.29,1.75,OVC
NYC,2023-04-29 11:51,50.00,48.00,6.00,M,29.94,0.18,5.00,OVC
NYC,2023-04-29 12:51,50.00,49.00,M,M,29.94,0.12,1.25,OVC
NYC,2023-04-29 13:51,51.00,49.00,M,M,29.93,0.25,1.00,OVC
NYC,2023-04-29 14:51,52.00,50.00,M,M,29.93,0.13,1.25,OVC
NYC,2023-04-29 15:51,52.00,51.00,M,M,29.93,0.11,1.25,OVC
NYC,2023-04-29 16:51,52.00,51.00,4.00,M,29.91,0.15,1.25,OVC
NYC,2023-04-29 17:51,53.00,51.00,6.00,M,29.90,0.07,1.50,OVC
NYC,2023-04-29 18:51,52.00,51.00,6.00,M,29.89,0.13,1.50,OVC
NYC,2023-04-29 19:51,52.00,50.00,7.00,60.00,29.87,0.09,1.25,OVC
NYC,2023-04-29 20:51,51.00,49.00,9.00,80.00,29.85,0.13,1.50,OVC
NYC,2023-04-29 21:51,51.00,49.00,7.00,70.00,29.86,0.04,3.00,OVC
NYC,2023-04-29 22:51,50.00,49.00,10.00,60.00,29.86,0.04,2.50,OVC
NYC,2023-04-29 23:51,50.00,49.00,9.00,70.00,29.86,0.03,3.00,OVC
NYC,2023-05-01 00:51,60.00,59.00,6.00,M,29.21,0.04,1.25,OVC
NYC,2023-05-01 01:51,59.00,58.00,0.00,0.00,29.14,0.16,1.00,OVC
NYC,2023-05-01 02:51,60.00,58.00,4.00,90.00,29.08,0.19,2.00,OVC
NYC,2023-05-01 03:51,60.00,58.00,3.00,M,29.05,0.01,1.25,OVC
NYC,2023-05-01 04:51,59.00,58.00,0.00,0.00,29.03,0.00,3.00,OVC
NYC,2023-05-01 05:51,56.00,54.00,M,M,29.04,0.08,5.00,FEW
NYC,2023-05-01 06:51,52.00,49.00,8.00,260.00,29.10,0.01,10.00,OVC
NYC,2023-05-01 07:51,50.00,44.00,9.00,270.00,29.16,T,10.00,OVC
NYC,2023-05-01 08:51,50.00,42.00,3.00,M,29.18,0.00,10.00,FEW
NYC,2023-05-01 09:51,49.00,41.00,4.00,M,29.24,0.00,10.00,SCT
NYC,2023-05-01 10:51,50.00,41.00,7.00,240.00,29.29,T,10.00,OVC
NYC,2023-05-01 11:51,50.00,38.00,9.00,250.00,29.32,0.00,10.00,CLR
NYC,2023-05-01 12:51,52.00,38.00,5.00,M,29.35,0.00,10.00,CLR
NYC,2023-05-01 13:51,56.00,40.00,M,M,29.35,0.00,10.00,FEW
NYC,2023-05-01 14:51,58.00,40.00,9.00,230.00,29.36,0.00,10.00,FEW
NYC,2023-05-01 15:51,60.00,36.00,10.00,250.00,29.36,0.00,10.00,SCT
NYC,2023-05-01 16:51,58.00,35.00,9.00,230.00,29.37,0.00,10.00,BKN
NYC,2023-05-01 17:51,59.00,33.00,5.00,M,29.38,0.00,10.00,FEW
NYC,2023-05-01 18:51,59.00,34.00,M,M,29.37,0.00,10.00,BKN
NYC,2023-05-01 19:51,60.00,35.00,6.00,M,29.37,0.00,10.00,BKN
NYC,2023-05-01 20:51,61.00,34.00,4.00,M,29.38,0.00,10.00,BKN
NYC,2023-05-01 21:51,60.00,35.00,7.00,230.00,29.40,0.00,10.00,SCT
NYC,2023-05-01 22:51,59.00,36.00,M,M,29.42,0.00,10.00,OVC
NYC,2023-05-01 23:51,58.00,33.00,M,M,29.43,0.00,10.00,FEW
NYC,2023-05-02 00:51,58.00,34.00,3.00,250.00,29.46,0.00,10.00,BKN
NYC,2023-05-02 01:51,55.00,37.00,5.00,M,29.46,0.00,10.00,CLR
NYC,2023-05-02 02:51,55.00,37.00,4.00,M,29.45,0.00,10.00,CLR
NYC,2023-05-02 03:51,54.00,38.00,3.00,M,29.44,0.00,10.00,CLR
NYC,2023-05-02 04:51,54.00,41.00,M,M,29.44,0.00,10.00,FEW
NYC,2023-05-02 05:51,51.00,40.00,3.00,280.00,29.42,0.00,10.00,FEW
NYC,2023-05-02 06:51,52.00,39.00,5.00,M,29.41,0.00,10.00,BKN
NYC,2023-05-02 07:51,48.00,42.00,0.00,0.00,29.40,T,10.00,FEW
NYC,2023-05-02 08:51,49.00,41.00,0.00,0.00,29.40,0.00,10.00,CLR
NYC,2023-05-02 09:51,50.00,41.00,0.00,0.00,29.39,0.00,10.00,BKN
NYC,2023-05-02 10:51,51.00,40.00,7.00,210.00,29.41,T,10.00,BKN
NYC,2023-05-02 11:51,47.00,44.00,3.00,M,29.42,0.06,9.00,BKN
NYC,2023-05-02 12:51,48.00,44.00,4.00,M,29.41,T,10.00,FEW
NYC,2023-05-02 13:51,49.00,43.00,8.00,230.00,29.40,0.00,10.00,FEW
NYC,2023-05-02 14:51,46.00,43.00,3.00,M,29.41,0.14,10.00,SCT
NYC,2023-05-02 15:51,46.00,42.00,3.00,M,29.42,0.01,4.00,SCT
NYC,2023-05-02 16:51,47.00,44.00,0.00,0.00,29.42,0.04,10.00,SCT
NYC,2023-05-02 17:51,50.00,40.00,M,M,29.41,0.00,10.00,SCT
NYC,2023-05-02 18:51,51.00,37.00,5.00,240.00,29.41,0.00,10.00,OVC
NYC,2023-05-02 19:51,54.00,37.00,6.00,240.00,29.42,0.00,10.00,FEW
NYC,2023-05-02 20:51,56.00,36.00,4.00,M,29.42,0.00,10.00,SCT
NYC,2023-05-02 21:51,55.00,34.00,7.00,240.00,29.43,0.00,10.00,SCT
NYC,2023-05-02 22:51,53.00,35.00,8.00,230.00,29.44,0.00,10.00,SCT
NYC,2023-05-02 23:51,52.00,39.00,3.00,M,29.46,0.00,10.00,FEW
NYC,2023-05-03 00:51,53.00,36.00,4.00,250.00,29.49,0.00,10.00,OVC
NYC,2023-05-03 01:51,52.00,37.00,6.00,240.00,29.49,0.00,10.00,OVC
NYC,2023-05-03 02:51,51.00,37.00,0.00,0.00,29.50,0.00,10.00,CLR
NYC,2023-05-03 03:51,50.00,36.00,5.00,M,29.50,0.00,10.00,SCT
NYC,2023-05-03 04:51,50.00,36.00,5.00,M,29.50,0.00,10.00,FEW
NYC,2023-05-03 05:51,49.00,36.00,4.00,250.00,29.49,0.00,10.00,SCT
NYC,2023-05-03 06:51,48.00,37.00,4.00,M,29.48,0.00,10.00,BKN
NYC,2023-05-03 07:51,48.00,37.00,6.00,280.00,29.47,0.00,10.00,BKN
NYC,2023-05-03 08:51,47.00,38.00,7.00,280.00,29.47,0.00,10.00,OVC
NYC,2023-05-03 09:51,47.00,38.00,M,M,29.49,0.00,10.00,OVC
NYC,2023-05-03 10:51,47.00,40.00,3.00,M,29.49,T,10.00,FEW
NYC,2023-05-03 11:51,48.00,40.00,3.00,M,29.50,0.00,10.00,CLR
NYC,2023-05-03 12:51,50.00,39.00,0.00,0.00,29.51,0.00,10.00,CLR
NYC,2023-05-03 13:51,51.00,37.00,4.00,220.00,29.53,0.00,10.00,SCT
NYC,2023-05-03 14:51,52.00,37.00,5.00,260.00,29.53,0.00,10.00,FEW
NYC,2023-05-03 15:51,53.00,35.00,3.00,M,29.53,0.00,10.00,BKN
NYC,2023-05-03 16:51,52.00,36.00,M,M,29.52,0.00,10.00,OVC
NYC,2023-05-03 17:51,54.00,35.00,M,M,29.52,0.00,10.00,FEW
NYC,2023-05-03 18:51,55.00,35.00,3.00,M,29.51,0.00,10.00,BKN
NYC,2023-05-03 19:51,56.00,36.00,3.00,M,29.50,0.00,10.00,OVC
NYC,2023-05-03 20:51,56.00,37.00,3.00,210.00,29.52,0.00,10.00,FEW
NYC,2023-05-03 21:51,54.00,37.00,0.00,0.00,29.54,0.00,10.00,FEW
NYC,2023-05-03 22:51,51.00,40.00,4.00,M,29.55,0.00,10.00,FEW
NYC,2023-05-03 23:51,50.00,39.00,3.00,M,29.58,T,10.00,BKN
NYC,2023-05-04 00:51,50.00,39.00,0.00,0.00,29.61,T,10.00,OVC
NYC,2023-05-04 01:51,50.00,41.00,0.00,0.00,29.62,T,10.00,OVC
NYC,2023-05-04 02:51,49.00,41.00,3.00,M,29.63,0.00,10.00,SCT
NYC,2023-05-04 03:51,49.00,41.00,0.00,0.00,29.64,0.00,10.00,FEW
NYC,2023-05-04 04:51,48.00,41.00,0.00,0.00,29.64,0.00,10.00,FEW
NYC,2023-05-04 05:51,48.00,41.00,5.00,350.00,29.65,0.00,10.00,SCT
NYC,2023-05-04 06:51,48.00,42.00,0.00,0.00,29.66,0.00,10.00,BKN
NYC,2023-05-04 07:51,48.00,42.00,7.00,350.00,29.68,0.00,10.00,BKN
NYC,2023-05-04 08:51,48.00,43.00,3.00,M,29.70,0.00,10.00,OVC
NYC,2023-05-04 09:51,48.00,44.00,5.00,50.00,29.73,T,10.00,OVC
NYC,2023-05-04 10:51,49.00,44.00,5.00,20.00,29.77,T,10.00,OVC
NYC,2023-05-04 11:51,49.00,45.00,6.00,M,29.80,0.01,10.00,BKN
NYC,2023-05-04 12:51,50.00,44.00,6.00,M,29.83,T,10.00,BKN
NYC,2023-05-04 13:51,52.00,44.00,4.00,70.00,29.85,0.00,10.00,BKN
NYC,2023-05-04 14:51,50.00,44.00,3.00,M,29.89,0.00,9.00,BKN
NYC,2023-05-04 15:51,49.00,46.00,5.00,50.00,29.91,0.01,10.00,OVC
NYC,2023-05-04 16:51,52.00,46.00,4.00,90.00,29.91,T,10.00,SCT
NYC,2023-05-04 17:51,53.00,44.00,0.00,0.00,29.93,0.00,10.00,FEW
NYC,2023-05-04 18:51,53.00,44.00,0.00,0.00,29.94,0.00,10.00,OVC
NYC,2023-05-04 19:51,51.00,46.00,0.00,0.00,29.95,0.01,9.00,FEW
NYC,2023-05-04 20:51,54.00,45.00,0.00,0.00,29.96,0.01,10.00,OVC
NYC,2023-05-04 21:51,54.00,46.00,0.00,0.00,29.98,0.00,10.00,OVC
NYC,2023-05-04 22:51,53.00,45.00,0.00,0.00,29.99,0.00,10.00,FEW
NYC,2023-05-04 23:51,51.00,46.00,7.00,230.00,30.02,T,10.00,FEW
NYC,2023-05-05 00:51,53.00,44.00,3.00,210.00,30.04,0.00,10.00,OVC
NYC,2023-05-05 01:51,53.00,44.00,3.00,M,30.06,0.00,10.00,BKN
NYC,2023-05-05 02:51,51.00,47.00,5.00,M,30.07,T,6.00,OVC
NYC,2023-05-05 03:51,51.00,47.00,5.00,290.00,30.08,0.01,10.00,SCT
NYC,2023-05-05 04:51,51.00,47.00,4.00,290.00,30.09,0.00,10.00,OVC
NYC,2023-05-05 05:51,50.00,47.00,0.00,0.00,30.10,0.00,8.00,OVC
NYC,2023-05-05 06:51,50.00,46.00,0.00,0.00,30.11,0.00,9.00,CLR
NYC,2023-05-05 07:51,49.00,46.00,0.00,0.00,30.12,0.00,9.00,CLR
NYC,2023-05-05 08:51,48.00,45.00,0.00,0.00,30.12,0.00,9.00,CLR
NYC,2023-05-05 09:51,48.00,45.00,0.00,0.00,30.14,0.00,4.00,FEW
NYC,2023-05-05 10:51,49.00,45.00,5.00,60.00,30.17,0.00,10.00,CLR
NYC,2023-05-05 11:51,51.00,44.00,5.00,50.00,30.19,0.00,10.00,CLR
NYC,2023-05-05 12:51,54.00,42.00,3.00,M,30.21,0.00,10.00,FEW
NYC,2023-05-05 13:51,57.00,42.00,4.00,60.00,30.23,0.00,10.00,FEW
NYC,2023-05-05 14:51,58.00,41.00,5.00,M,30.23,0.00,10.00,FEW
NYC,2023-05-05 15:51,60.00,41.00,0.00,0.00,30.23,0.00,10.00,FEW
NYC,2023-05-05 16:51,64.00,38.00,4.00,M,30.22,0.00,10.00,FEW
NYC,2023-05-05 17:51,62.00,38.00,4.00,M,30.22,0.00,10.00,OVC
NYC,2023-05-05 18:51,60.00,40.00,0.00,0.00,30.21,0.00,10.00,BKN
NYC,2023-05-05 19:51,61.00,43.00,0.00,0.00,30.20,0.00,10.00,OVC
NYC,2023-05-05 20:51,60.00,44.00,M,M,30.20,0.00,10.00,SCT
NYC,2023-05-05 21:51,59.00,42.00,M,M,30.22,0.00,10.00,SCT
NYC,2023-05-05 22:51,56.00,42.00,0.00,0.00,30.22,0.00,10.00,BKN
NYC,2023-05-05 23:51,55.00,42.00,0.00,0.00,30.25,0.00,10.00,SCT
NYC,2023-05-06 00:51,55.00,42.00,3.00,110.00,30.25,0.00,10.00,FEW
NYC,2023-05-06 01:51,53.00,43.00,0.00,0.00,30.25,0.00,10.00,CLR
NYC,2023-05-06 02:51,54.00,44.00,0.00,0.00,30.26,0.00,10.00,CLR
NYC,2023-05-06 03:51,54.00,45.00,0.00,0.00,30.26,0.00,10.00,CLR
NYC,2023-05-06 04:51,53.00,45.00,3.00,M,30.27,0.00,10.00,CLR
NYC,2023-05-06 05:51,52.00,46.00,0.00,0.00,30.26,0.00,10.00,CLR
NYC,2023-05-06 06:51,51.00,46.00,0.00,0.00,30.26,0.00,10.00,CLR
NYC,2023-05-06 07:51,51.00,45.00,0.00,0.00,30.26,0.00,10.00,CLR
NYC,2023-05-06 08:51,49.00,43.00,3.00,290.00,30.27,0.00,10.00,CLR
NYC,2023-05-06 09:51,48.00,42.00,3.00,300.00,30.27,0.00,10.00,CLR
NYC,2023-05-06 10:51,51.00,43.00,3.00,M,30.28,0.00,10.00,CLR
NYC,2023-05-06 11:51,52.00,43.00,3.00,M,30.29,0.00,10.00,CLR
NYC,2023-05-06 12:51,56.00,43.00,4.00,290.00,30.29,0.00,10.00,CLR
NYC,2023-05-06 13:51,60.00,43.00,3.00,M,30.29,0.00,10.00,CLR
NYC,2023-05-06 14:51,64.00,43.00,3.00,80.00,30.27,0.00,10.00,CLR
NYC,2023-05-06 15:51,67.00,40.00,4.00,M,30.26,0.00,10.00,FEW
NYC,2023-05-06 16:51,69.00,39.00,3.00,M,30.23,0.00,10.00,BKN
NYC,2023-05-06 17:51,71.00,37.00,4.00,350.00,30.21,0.00,10.00,CLR
NYC,2023-05-06 18:51,72.00,39.00,5.00,20.00,30.19,0.00,10.00,FEW
NYC,2023-05-06 19:51,73.00,38.00,4.00,M,30.17,0.00,10.00,FEW
NYC,2023-05-06 20:51,73.00,38.00,M,M,30.15,0.00,10.00,BKN
NYC,2023-05-06 21:51,73.00,37.00,5.00,M,30.14,0.00,10.00,BKN
NYC,2023-05-06 22:51,71.00,36.00,3.00,M,30.14,0.00,10.00,SCT
NYC,2023-05-06 23:51,67.00,40.00,0.00,0.00,30.14,0.00,10.00,FEW
NYC,2023-05-07 00:51,64.00,43.00,0.00,0.00,30.15,0.00,10.00,CLR
NYC,2023-05-07 01:51,64.00,43.00,0.00,0.00,30.16,0.00,10.00,OVC
NYC,2023-05-07 02:51,64.00,38.00,3.00,280.00,30.16,0.00,10.00,SCT
NYC,2023-05-07 03:51,62.00,37.00,0.00,0.00,30.15,0.00,10.00,CLR
NYC,2023-05-07 04:51,60.00,38.00,4.00,350.00,30.15,0.00,10.00,CLR
NYC,2023-05-07 05:51,60.00,37.00,4.00,300.00,30.14,0.00,10.00,CLR
NYC,2023-05-07 06:51,59.00,37.00,3.00,290.00,30.12,0.00,10.00,CLR
NYC,2023-05-07 07:51,58.00,37.00,3.00,290.00,30.13,0.00,10.00,CLR
NYC,2023-05-07 08:51,57.00,38.00,4.00,M,30.13,0.00,10.00,CLR
NYC,2023-05-07 09:51,56.00,37.00,4.00,290.00,30.12,0.00,10.00,CLR
NYC,2023-05-07 10:51,56.00,38.00,3.00,M,30.12,0.00,10.00,CLR
NYC,2023-05-07 11:51,58.00,38.00,3.00,M,30.11,0.00,10.00,CLR
NYC,2023-05-07 12:51,61.00,38.00,0.00,0.00,30.10,0.00,10.00,CLR
NYC,2023-05-07 13:51,65.00,38.00,0.00,0.00,30.08,0.00,10.00,CLR
NYC,2023-05-07 14:51,68.00,37.00,4.00,270.00,30.06,0.00,10.00,CLR
NYC,2023-05-07 15:51,72.00,36.00,5.00,260.00,30.04,0.00,10.00,CLR
NYC,2023-05-07 16:51,75.00,38.00,M,M,30.00,0.00,10.00,CLR
NYC,2023-05-07 17:51,76.00,37.00,0.00,0.00,29.97,0.00,10.00,CLR
NYC,2023-05-07 18:51,77.00,40.00,5.00,M,29.94,0.00,10.00,CLR
NYC,2023-05-07 19:51,74.00,41.00,3.00,M,29.91,0.00,10.00,CLR
NYC,2023-05-07 20:51,73.00,45.00,0.00,0.00,29.88,0.00,10.00,CLR
NYC,2023-05-07 21:51,71.00,49.00,0.00,0.00,29.86,0.00,10.00,CLR
NYC,2023-05-07 22:51,71.00,50.00,3.00,M,29.84,0.00,10.00,CLR
NYC,2023-05-07 23:51,72.00,49.00,3.00,M,29.83,0.00,10.00,FEW
NYC,2023-05-08 00:51,71.00,51.00,M,M,29.82,0.00,10.00,SCT
NYC,2023-05-08 01:51,64.00,56.00,4.00,260.00,29.83,0.01,7.00,OVC
NYC,2023-05-08 02:51,63.00,57.00,0.00,0.00,29.82,0.01,10.00,FEW
NYC,2023-05-08 03:51,64.00,54.00,0.00,0.00,29.81,T,10.00,SCT
NYC,2023-05-08 04:51,63.00,54.00,M,M,29.80,T,10.00,OVC
NYC,2023-05-08 05:51,62.00,53.00,3.00,M,29.78,0.00,10.00,BKN
NYC,2023-05-08 06:51,61.00,53.00,3.00,20.00,29.77,0.00,10.00,BKN
NYC,2023-05-08 07:51,60.00,53.00,3.00,M,29.80,0.00,10.00,OVC
NYC,2023-05-08 08:51,59.00,51.00,3.00,M,29.79,T,10.00,BKN
NYC,2023-05-08 09:51,58.00,50.00,0.00,0.00,29.79,0.00,10.00,CLR
NYC,2023-05-08 10:51,59.00,51.00,5.00,300.00,29.80,0.00,10.00,OVC
NYC,2023-05-08 11:51,61.00,52.00,4.00,M,29.81,0.00,10.00,CLR
NYC,2023-05-08 12:51,63.00,52.00,0.00,0.00,29.82,0.00,10.00,CLR
NYC,2023-05-08 13:51,66.00,49.00,M,M,29.81,0.00,10.00,CLR
NYC,2023-05-08 14:51,69.00,47.00,4.00,M,29.81,0.00,10.00,CLR
NYC,2023-05-08 15:51,72.00,44.00,6.00,290.00,29.82,0.00,10.00,CLR
NYC,2023-05-08 16:51,74.00,43.00,5.00,M,29.81,0.00,10.00,CLR
NYC,2023-05-08 17:51,75.00,43.00,6.00,M,29.79,0.00,10.00,SCT
NYC,2023-05-08 18:51,76.00,44.00,5.00,M,29.78,0.00,10.00,SCT
NYC,2023-05-08 19:51,76.00,42.00,7.00,280.00,29.78,0.00,10.00,CLR
NYC,2023-05-08 20:51,76.00,38.00,9.00,300.00,29.78,0.00,10.00,CLR
NYC,2023-05-08 21:51,76.00,39.00,3.00,M,29.78,0.00,10.00,CLR
NYC,2023-05-08 22:51,75.00,39.00,M,M,29.79,0.00,10.00,CLR
NYC,2023-05-08 23:51,73.00,37.00,6.00,M,29.81,0.00,10.00,CLR
NYC,2023-05-09 00:51,71.00,35.00,3.00,M,29.83,0.00,10.00,CLR
NYC,2023-05-09 01:51,70.00,35.00,3.00,M,29.88,0.00,10.00,CLR
NYC,2023-05-09 02:51,67.00,36.00,4.00,300.00,29.89,0.00,10.00,CLR
NYC,2023-05-09 03:51,65.00,34.00,4.00,M,29.91,0.00,10.00,CLR
NYC,2023-05-09 04:51,64.00,28.00,4.00,M,29.92,0.00,10.00,CLR
NYC,2023-05-09 05:51,61.00,30.00,0.00,0.00,29.90,0.00,10.00,CLR
NYC,2023-05-09 06:51,59.00,30.90,5.00,40.00,29.91,0.00,10.00,CLR
NYC,2023-05-09 07:51,59.00,30.90,4.00,M,29.92,0.00,10.00,CLR
NYC,2023-05-09 08:51,58.00,30.90,4.00,M,29.93,0.00,10.00,CLR
NYC,2023-05-09 09:51,56.00,33.00,3.00,M,29.94,0.00,10.00,CLR
NYC,2023-05-09 10:51,58.00,34.00,5.00,M,29.96,0.00,10.00,FEW
NYC,2023-05-09 11:51,59.00,34.00,9.00,50.00,29.97,0.00,10.00,CLR
NYC,2023-05-09 12:51,59.00,28.90,6.00,M,29.99,0.00,10.00,CLR
NYC,2023-05-09 13:51,61.00,34.00,4.00,70.00,30.00,0.00,10.00,CLR
NYC,2023-05-09 14:51,62.00,30.00,0.00,0.00,30.00,0.00,10.00,CLR
NYC,2023-05-09 15:51,66.00,28.90,3.00,M,29.99,0.00,10.00,CLR
NYC,2023-05-09 16:51,67.00,28.90,0.00,0.00,29.99,0.00,10.00,CLR
NYC,2023-05-09 17:51,70.00,28.90,4.00,M,29.98,0.00,10.00,CLR
NYC,2023-05-09 18:51,68.00,33.00,0.00,0.00,29.98,0.00,10.00,FEW
NYC,2023-05-09 19:51,64.00,32.00,3.00,160.00,29.97,0.00,10.00,CLR
NYC,2023-05-09 20:51,64.00,34.00,0.00,0.00,29.97,0.00,10.00,CLR
NYC,2023-05-09 21:51,62.00,33.00,3.00,M,29.98,0.00,10.00,CLR
NYC,2023-05-09 22:51,60.00,32.00,M,M,30.00,0.00,10.00,CLR
NYC,2023-05-09 23:51,59.00,32.00,3.00,M,30.02,0.00,10.00,CLR
NYC,2023-05-10 00:51,57.00,34.00,0.00,0.00,30.06,0.00,10.00,CLR
NYC,2023-05-10 01:51,56.00,37.00,0.00,0.00,30.08,0.00,10.00,CLR
NYC,2023-05-10 02:51,55.00,40.00,0.00,0.00,30.10,0.00,10.00,CLR
NYC,2023-05-10 03:51,55.00,39.00,0.00,0.00,30.13,0.00,10.00,CLR
NYC,2023-05-10 04:51,54.00,41.00,0.00,0.00,30.14,0.00,10.00,CLR
NYC,2023-05-10 05:51,53.00,39.00,0.00,0.00,30.13,0.00,10.00,CLR
NYC,2023-05-10 06:51,53.00,40.00,4.00,290.00,30.15,0.00,10.00,CLR
NYC,2023-05-10 07:51,52.00,42.00,0.00,0.00,30.15,0.00,10.00,CLR
NYC,2023-05-10 08:51,52.00,44.00,0.00,0.00,30.16,0.00,10.00,CLR
NYC,2023-05-10 09:51,51.00,43.00,0.00,0.00,30.17,0.00,10.00,CLR
NYC,2023-05-10 10:51,52.00,42.00,3.00,310.00,30.19,0.00,10.00,CLR
NYC,2023-05-10 11:51,55.00,42.00,0.00,0.00,30.21,0.00,10.00,CLR
NYC,2023-05-10 12:51,58.00,44.00,0.00,0.00,30.21,0.00,10.00,CLR
NYC,2023-05-10 13:51,60.00,42.00,0.00,0.00,30.22,0.00,10.00,CLR
NYC,2023-05-10 14:51,63.00,38.00,0.00,0.00,30.21,0.00,10.00,CLR
NYC,2023-05-10 15:51,66.00,34.00,0.00,0.00,30.19,0.00,10.00,CLR
NYC,2023-05-10 16:51,69.00,30.00,3.00,M,30.17,0.00,10.00,CLR
NYC,2023-05-10 17:51,70.00,28.90,M,M,30.15,0.00,10.00,CLR
NYC,2023-05-10 18:51,72.00,28.90,3.00,M,30.13,0.00,10.00,CLR
NYC,2023-05-10 19:51,72.00,30.00,0.00,0.00,30.11,0.00,10.00,CLR
NYC,2023-05-10 20:51,72.00,30.00,6.00,280.00,30.10,0.00,10.00,CLR
NYC,2023-05-10 21:51,67.00,39.00,3.00,M,30.09,0.00,10.00,CLR
NYC,2023-05-10 22:51,66.00,39.00,0.00,0.00,30.09,0.00,10.00,CLR
NYC,2023-05-10 23:51,64.00,43.00,0.00,0.00,30.09,0.00,10.00,CLR
NYC,2023-05-11 00:51,63.00,44.00,0.00,0.00,30.11,0.00,10.00,CLR
NYC,2023-05-11 01:51,63.00,42.00,4.00,210.00,30.12,0.00,10.00,CLR
NYC,2023-05-11 02:51,66.00,36.00,7.00,230.00,30.12,0.00,10.00,CLR
NYC,2023-05-11 03:51,63.00,36.00,3.00,M,30.12,0.00,10.00,CLR
NYC,2023-05-11 04:51,63.00,35.00,4.00,260.00,30.12,0.00,10.00,CLR
NYC,2023-05-11 05:51,62.00,35.00,0.00,0.00,30.13,0.00,10.00,CLR
NYC,2023-05-11 06:51,61.00,36.00,0.00,0.00,30.13,0.00,10.00,CLR
NYC,2023-05-11 07:51,60.00,35.00,3.00,290.00,30.12,0.00,10.00,CLR
NYC,2023-05-11 08:51,60.00,36.00,3.00,300.00,30.12,0.00,10.00,CLR
NYC,2023-05-11 09:51,57.00,37.00,3.00,290.00,30.14,0.00,10.00,CLR
NYC,2023-05-11 10:51,58.00,39.00,0.00,0.00,30.16,0.00,10.00,CLR
NYC,2023-05-11 11:51,60.00,39.00,5.00,280.00,30.17,0.00,10.00,CLR
NYC,2023-05-11 12:51,63.00,38.00,6.00,280.00,30.17,0.00,10.00,CLR
NYC,2023-05-11 13:51,66.00,42.00,4.00,M,30.18,0.00,10.00,CLR
NYC,2023-05-11 14:51,71.00,40.00,3.00,M,30.17,0.00,10.00,CLR
NYC,2023-05-11 15:51,74.00,38.00,6.00,M,30.14,0.00,10.00,CLR
NYC,2023-05-11 16:51,76.00,41.00,M,M,30.12,0.00,10.00,CLR
NYC,2023-05-11 17:51,78.00,38.00,M,M,30.10,0.00,10.00,CLR
NYC,2023-05-11 18:51,79.00,36.00,4.00,M,30.09,0.00,9.00,CLR
NYC,2023-05-11 19:51,80.00,38.00,5.00,M,30.06,0.00,8.00,CLR
NYC,2023-05-11 20:51,80.00,39.00,3.00,M,30.05,0.00,9.00,CLR
NYC,2023-05-11 21:51,79.00,40.00,M,M,30.04,0.00,10.00,CLR
NYC,2023-05-11 22:51,78.00,40.00,4.00,M,30.05,0.00,9.00,CLR
NYC,2023-05-11 23:51,76.00,39.00,4.00,250.00,30.05,0.00,9.00,FEW
NYC,2023-05-12 00:51,76.00,40.00,4.00,M,30.07,0.00,10.00,CLR
NYC,2023-05-12 01:51,73.00,41.00,4.00,250.00,30.07,0.00,9.00,CLR
NYC,2023-05-12 02:51,72.00,42.00,6.00,240.00,30.08,0.00,9.00,CLR
NYC,2023-05-12 03:51,71.00,42.00,0.00,0.00,30.08,0.00,9.00,CLR
NYC,2023-05-12 04:51,70.00,42.00,3.00,M,30.09,0.00,9.00,CLR
NYC,2023-05-12 05:51,68.00,42.00,5.00,250.00,30.08,0.00,9.00,CLR
NYC,2023-05-12 06:51,68.00,42.00,3.00,260.00,30.08,0.00,9.00,CLR
NYC,2023-05-12 07:51,66.00,43.00,3.00,M,30.08,0.00,9.00,CLR
NYC,2023-05-12 08:51,66.00,43.00,4.00,240.00,30.08,0.00,9.00,CLR
NYC,2023-05-12 09:51,66.00,44.00,0.00,0.00,30.09,0.00,9.00,OVC
NYC,2023-05-12 10:51,66.00,45.00,3.00,M,30.11,0.00,8.00,SCT
NYC,2023-05-12 11:51,69.00,45.00,3.00,M,30.11,0.00,9.00,CLR
NYC,2023-05-12 12:51,71.00,46.00,0.00,0.00,30.11,0.00,9.00,CLR
NYC,2023-05-12 13:51,75.00,46.00,0.00,0.00,30.11,0.00,9.00,CLR
NYC,2023-05-12 14:51,78.00,48.00,3.00,M,30.11,0.00,10.00,CLR
NYC,2023-05-12 15:51,82.00,46.00,5.00,M,30.10,0.00,10.00,CLR
NYC,2023-05-12 16:51,84.00,47.00,0.00,0.00,30.08,0.00,10.00,FEW
NYC,2023-05-12 17:51,84.00,44.00,0.00,0.00,30.06,0.00,10.00,SCT
NYC,2023-05-12 18:51,87.00,46.00,M,M,30.04,0.00,10.00,CLR
NYC,2023-05-12 19:51,84.00,44.00,0.00,0.00,30.02,0.00,10.00,BKN
NYC,2023-05-12 20:51,84.00,45.00,6.00,290.00,30.01,0.00,10.00,FEW
NYC,2023-05-12 21:51,82.00,45.00,0.00,0.00,30.01,0.00,10.00,FEW
NYC,2023-05-12 22:51,82.00,45.00,3.00,260.00,30.01,0.00,10.00,CLR
NYC,2023-05-12 23:51,82.00,44.00,3.00,250.00,30.01,0.00,10.00,CLR
NYC,2023-05-13 00:51,79.00,45.00,0.00,0.00,30.03,0.00,10.00,CLR
NYC,2023-05-13 01:51,78.00,46.00,3.00,210.00,30.04,0.00,10.00,CLR
NYC,2023-05-13 02:51,77.00,46.00,5.00,M,30.03,0.00,10.00,FEW
NYC,2023-05-13 03:51,76.00,46.00,M,M,30.03,0.00,10.00,CLR
NYC,2023-05-13 04:51,75.00,48.00,7.00,230.00,30.03,0.00,10.00,CLR
NYC,2023-05-13 05:51,75.00,49.00,4.00,M,30.02,0.00,10.00,CLR
NYC,2023-05-13 06:51,73.00,49.00,4.00,M,30.01,0.00,10.00,CLR
NYC,2023-05-13 07:51,73.00,49.00,4.00,M,30.01,0.00,10.00,CLR
NYC,2023-05-13 08:51,73.00,50.00,3.00,230.00,30.00,0.00,10.00,CLR
NYC,2023-05-13 09:51,73.00,52.00,3.00,270.00,30.01,0.00,10.00,CLR
NYC,2023-05-13 10:51,71.00,54.00,0.00,0.00,30.03,0.00,10.00,CLR
NYC,2023-05-13 11:51,72.00,53.00,0.00,0.00,30.04,0.00,10.00,FEW
NYC,2023-05-13 12:51,73.00,52.00,3.00,M,30.04,0.00,10.00,SCT
NYC,2023-05-13 13:51,74.00,53.00,0.00,0.00,30.05,0.00,10.00,CLR
NYC,2023-05-13 14:51,75.00,52.00,3.00,60.00,30.05,0.00,10.00,CLR
NYC,2023-05-13 15:51,77.00,52.00,0.00,0.00,30.04,0.00,10.00,CLR
NYC,2023-05-13 16:51,78.00,52.00,0.00,0.00,30.03,0.00,10.00,CLR
NYC,2023-05-13 17:51,79.00,55.00,0.00,0.00,30.01,0.00,10.00,CLR
NYC,2023-05-13 18:51,81.00,54.00,5.00,M,30.00,0.00,10.00,CLR
NYC,2023-05-13 19:51,80.00,54.00,0.00,0.00,29.98,0.00,10.00,SCT
NYC,2023-05-13 20:51,80.00,42.00,4.00,M,29.98,0.00,10.00,CLR
NYC,2023-05-13 21:51,79.00,41.00,4.00,M,29.99,0.00,10.00,CLR
NYC,2023-05-13 22:51,79.00,36.00,0.00,0.00,30.00,0.00,10.00,CLR
NYC,2023-05-13 23:51,78.00,35.00,4.00,M,30.01,0.00,10.00,CLR
NYC,2023-05-14 00:51,76.00,34.00,5.00,M,30.04,0.00,10.00,CLR
NYC,2023-05-14 01:51,74.00,34.00,3.00,M,30.07,0.00,10.00,CLR
NYC,2023-05-14 02:51,73.00,30.90,4.00,M,30.09,0.00,10.00,CLR
NYC,2023-05-14 03:51,69.00,33.00,3.00,M,30.11,0.00,10.00,CLR
NYC,2023-05-14 04:51,68.00,34.00,4.00,M,30.12,0.00,10.00,CLR
NYC,2023-05-14 05:51,66.00,30.00,7.00,10.00,30.13,0.00,10.00,CLR
NYC,2023-05-14 06:51,64.00,30.00,7.00,10.00,30.14,0.00,10.00,CLR
NYC,2023-05-14 07:51,63.00,32.00,6.00,M,30.16,0.00,10.00,CLR
NYC,2023-05-14 08:51,62.00,34.00,5.00,M,30.17,0.00,10.00,CLR
NYC,2023-05-14 09:51,60.00,34.00,6.00,M,30.19,0.00,10.00,CLR
NYC,2023-05-14 10:51,60.00,34.00,5.00,M,30.22,0.00,10.00,CLR
NYC,2023-05-14 11:51,61.00,35.00,8.00,60.00,30.22,0.00,10.00,CLR
NYC,2023-05-14 12:51,62.00,37.00,3.00,M,30.23,0.00,10.00,CLR
NYC,2023-05-14 13:51,64.00,33.00,5.00,M,30.23,0.00,10.00,CLR
NYC,2023-05-14 14:51,65.00,36.00,M,M,30.22,0.00,10.00,CLR
NYC,2023-05-14 15:51,69.00,35.00,8.00,50.00,30.20,0.00,10.00,CLR
NYC,2023-05-14 16:51,72.00,34.00,3.00,M,30.19,0.00,10.00,CLR
NYC,2023-05-14 17:51,71.00,32.00,0.00,0.00,30.17,0.00,10.00,CLR
NYC,2023-05-14 18:51,74.00,33.00,4.00,M,30.15,0.00,10.00,CLR
NYC,2023-05-14 19:51,74.00,30.90,0.00,0.00,30.14,0.00,10.00,CLR
NYC,2023-05-14 20:51,72.00,33.00,5.00,60.00,30.15,0.00,10.00,CLR
NYC,2023-05-14 21:51,72.00,36.00,7.00,40.00,30.16,0.00,10.00,CLR
NYC,2023-05-14 22:51,69.00,37.00,8.00,40.00,30.17,0.00,10.00,CLR
NYC,2023-05-14 23:51,67.00,36.00,6.00,M,30.20,0.00,10.00,CLR
NYC,2023-05-15 00:51,66.00,35.00,8.00,20.00,30.23,0.00,10.00,CLR
NYC,2023-05-15 01:51,65.00,33.00,7.00,20.00,30.26,0.00,10.00,CLR
NYC,2023-05-15 02:51,63.00,34.00,5.00,M,30.27,0.00,10.00,CLR
NYC,2023-05-15 03:51,61.00,32.00,7.00,340.00,30.27,0.00,10.00,CLR
NYC,2023-05-15 04:51,59.00,33.00,4.00,M,30.29,0.00,10.00,CLR
NYC,2023-05-15 05:51,58.00,34.00,5.00,M,30.29,0.00,10.00,CLR
NYC,2023-05-15 06:51,57.00,33.00,4.00,M,30.29,0.00,10.00,CLR
NYC,2023-05-15 07:51,55.00,33.00,3.00,M,30.30,0.00,10.00,CLR
NYC,2023-05-15 08:51,54.00,34.00,0.00,0.00,30.31,0.00,10.00,CLR
NYC,2023-05-15 09:51,52.00,36.00,0.00,0.00,30.31,0.00,10.00,CLR
NYC,2023-05-15 10:51,54.00,33.00,0.00,0.00,30.31,0.00,10.00,CLR
NYC,2023-05-15 11:51,56.00,36.00,0.00,0.00,30.32,0.00,10.00,CLR
NYC,2023-05-15 12:51,59.00,35.00,0.00,0.00,30.31,0.00,10.00,CLR
NYC,2023-05-15 13:51,61.00,30.90,0.00,0.00,30.30,0.00,10.00,CLR
NYC,2023-05-15 14:51,64.00,28.90,4.00,M,30.28,0.00,10.00,CLR
NYC,2023-05-15 15:51,68.00,30.00,7.00,280.00,30.25,0.00,10.00,CLR
NYC,2023-05-15 16:51,71.00,30.90,7.00,290.00,30.21,0.00,10.00,CLR
NYC,2023-05-15 17:51,72.00,28.00,0.00,0.00,30.16,0.00,10.00,CLR
NYC,2023-05-15 18:51,73.00,33.00,5.00,M,30.13,0.00,10.00,CLR
NYC,2023-05-15 19:51,73.00,33.00,M,M,30.09,0.00,10.00,CLR
NYC,2023-05-15 20:51,73.00,34.00,5.00,M,30.07,0.00,10.00,CLR
NYC,2023-05-15 21:51,73.00,32.00,5.00,M,30.05,0.00,10.00,CLR
NYC,2023-05-15 22:51,72.00,34.00,4.00,M,30.03,0.00,10.00,CLR
NYC,2023-05-15 23:51,70.00,33.00,4.00,M,30.02,0.00,10.00,CLR
NYC,2023-05-16 00:51,69.00,34.00,M,M,30.02,0.00,10.00,CLR
NYC,2023-05-16 01:51,69.00,35.00,4.00,M,30.02,0.00,10.00,CLR
NYC,2023-05-16 02:51,68.00,34.00,5.00,M,30.01,0.00,10.00,CLR
NYC,2023-05-16 03:51,66.00,34.00,4.00,M,29.99,0.00,10.00,CLR
NYC,2023-05-16 04:51,65.00,37.00,5.00,M,29.97,0.00,10.00,CLR
NYC,2023-05-16 05:51,64.00,39.00,3.00,250.00,29.95,0.00,10.00,CLR
NYC,2023-05-16 06:51,62.00,42.00,5.00,M,29.93,0.00,10.00,CLR
NYC,2023-05-16 07:51,61.00,42.00,5.00,240.00,29.92,0.00,10.00,CLR
NYC,2023-05-16 08:51,60.00,42.00,4.00,M,29.90,0.00,10.00,CLR
NYC,2023-05-16 09:51,59.00,43.00,3.00,M,29.89,0.00,10.00,CLR
NYC,2023-05-16 10:51,59.00,43.00,0.00,0.00,29.89,0.00,10.00,CLR
NYC,2023-05-16 11:51,61.00,42.00,4.00,M,29.88,0.00,10.00,CLR
NYC,2023-05-16 12:51,64.00,43.00,4.00,M,29.87,0.00,10.00,CLR
NYC,2023-05-16 13:51,67.00,38.00,6.00,270.00,29.84,0.00,10.00,CLR
NYC,2023-05-16 14:51,71.00,35.00,6.00,230.00,29.81,0.00,10.00,CLR
NYC,2023-05-16 15:51,75.00,35.00,6.00,260.00,29.77,0.00,10.00,CLR
NYC,2023-05-16 16:51,77.00,34.00,0.00,0.00,29.73,0.00,10.00,CLR
NYC,2023-05-16 17:51,76.00,28.90,6.00,M,29.69,0.00,10.00,CLR
NYC,2023-05-16 18:51,78.00,33.00,4.00,M,29.65,0.00,10.00,CLR
NYC,2023-05-16 19:51,77.00,36.00,7.00,210.00,29.62,0.00,10.00,CLR
NYC,2023-05-16 20:51,77.00,38.00,9.00,250.00,29.59,0.00,10.00,CLR
NYC,2023-05-16 21:51,78.00,38.00,4.00,M,29.57,0.00,10.00,CLR
NYC,2023-05-16 22:51,77.00,39.00,5.00,M,29.56,0.00,10.00,CLR
NYC,2023-05-16 23:51,76.00,41.00,M,M,29.55,0.00,10.00,CLR
NYC,2023-05-17 00:51,75.00,42.00,5.00,M,29.56,0.00,10.00,CLR
NYC,2023-05-17 01:51,73.00,49.00,5.00,M,29.57,0.00,10.00,CLR
NYC,2023-05-17 02:51,73.00,50.00,M,M,29.56,0.00,10.00,CLR
NYC,2023-05-17 03:51,71.00,51.00,4.00,M,29.55,0.00,10.00,CLR
NYC,2023-05-17 04:51,70.00,49.00,4.00,240.00,29.56,0.00,10.00,CLR
NYC,2023-05-17 05:51,69.00,43.00,3.00,M,29.56,0.00,10.00,CLR
NYC,2023-05-17 06:51,67.00,37.00,5.00,M,29.57,0.00,10.00,CLR
NYC,2023-05-17 07:51,66.00,37.00,M,M,29.59,0.00,10.00,OVC
NYC,2023-05-17 08:51,63.00,39.00,6.00,40.00,29.61,0.00,10.00,CLR
NYC,2023-05-17 09:51,60.00,39.00,4.00,M,29.65,0.00,10.00,CLR
NYC,2023-05-17 10:51,57.00,38.00,0.00,0.00,29.68,0.00,10.00,CLR
NYC,2023-05-17 11:51,56.00,41.00,9.00,30.00,29.72,0.00,10.00,FEW
NYC,2023-05-17 12:51,56.00,39.00,8.00,30.00,29.74,0.00,10.00,FEW
NYC,2023-05-17 13:51,57.00,37.00,3.00,M,29.77,0.00,10.00,CLR
NYC,2023-05-17 14:51,60.00,34.00,7.00,360.00,29.80,0.00,10.00,CLR
NYC,2023-05-17 15:51,62.00,35.00,4.00,M,29.81,0.00,10.00,CLR
NYC,2023-05-17 16:51,64.00,32.00,5.00,M,29.82,0.00,10.00,CLR
NYC,2023-05-17 17:51,65.00,21.90,4.00,M,29.82,0.00,10.00,CLR
NYC,2023-05-17 18:51,63.00,21.00,5.00,M,29.83,0.00,10.00,CLR
NYC,2023-05-17 19:51,63.00,19.00,6.00,M,29.86,0.00,10.00,FEW
NYC,2023-05-17 20:51,63.00,21.00,M,M,29.89,0.00,10.00,CLR
NYC,2023-05-17 21:51,61.00,19.90,6.00,M,29.92,0.00,10.00,CLR
NYC,2023-05-17 22:51,59.00,19.00,9.00,300.00,29.94,0.00,10.00,CLR
NYC,2023-05-17 23:51,58.00,19.00,8.00,10.00,29.98,0.00,10.00,CLR
NYC,2023-05-18 00:51,56.00,19.00,3.00,M,30.03,0.00,10.00,CLR
NYC,2023-05-18 01:51,55.00,19.00,3.00,M,30.07,0.00,10.00,CLR
NYC,2023-05-18 02:51,53.00,21.90,6.00,20.00,30.10,0.00,10.00,CLR
NYC,2023-05-18 03:51,52.00,23.00,5.00,350.00,30.13,0.00,10.00,CLR
NYC,2023-05-18 04:51,51.00,23.00,3.00,M,30.15,0.00,10.00,CLR
NYC,2023-05-18 05:51,50.00,19.00,8.00,20.00,30.18,0.00,10.00,CLR
NYC,2023-05-18 06:51,49.00,21.00,4.00,M,30.20,0.00,10.00,CLR
NYC,2023-05-18 07:51,48.00,23.00,5.00,M,30.22,0.00,10.00,CLR
NYC,2023-05-18 08:51,46.00,25.00,5.00,70.00,30.23,0.00,10.00,CLR
NYC,2023-05-18 09:51,44.00,27.00,0.00,0.00,30.25,0.00,10.00,CLR
NYC,2023-05-18 10:51,48.00,28.90,6.00,60.00,30.28,0.00,10.00,CLR
NYC,2023-05-18 11:51,49.00,27.00,5.00,M,30.31,0.00,10.00,CLR
NYC,2023-05-18 12:51,51.00,28.00,6.00,M,30.33,0.00,10.00,CLR
NYC,2023-05-18 13:51,53.00,25.00,7.00,30.00,30.35,0.00,10.00,CLR
NYC,2023-05-18 14:51,55.00,24.10,6.00,50.00,30.35,0.00,10.00,CLR
NYC,2023-05-18 15:51,60.00,25.00,0.00,0.00,30.36,0.00,10.00,CLR
NYC,2023-05-18 16:51,60.00,25.00,4.00,M,30.36,0.00,10.00,CLR
NYC,2023-05-18 17:51,59.00,30.90,4.00,M,30.36,0.00,10.00,CLR
NYC,2023-05-18 18:51,60.00,34.00,4.00,M,30.35,0.00,10.00,CLR
NYC,2023-05-18 19:51,60.00,36.00,M,M,30.34,0.00,10.00,CLR
NYC,2023-05-18 20:51,57.00,38.00,M,M,30.34,0.00,10.00,CLR
NYC,2023-05-18 21:51,56.00,39.00,4.00,M,30.34,0.00,10.00,CLR
NYC,2023-05-18 22:51,56.00,40.00,M,M,30.34,0.00,10.00,CLR
NYC,2023-05-18 23:51,54.00,41.00,3.00,M,30.34,0.00,10.00,CLR
NYC,2023-05-19 00:51,53.00,42.00,4.00,M,30.36,0.00,10.00,CLR
NYC,2023-05-19 01:51,53.00,43.00,0.00,0.00,30.38,0.00,10.00,CLR
NYC,2023-05-19 02:51,54.00,44.00,0.00,0.00,30.38,0.00,10.00,CLR
NYC,2023-05-19 03:51,54.00,44.00,3.00,M,30.38,0.00,10.00,CLR
NYC,2023-05-19 04:51,54.00,45.00,0.00,0.00,30.38,0.00,10.00,CLR
NYC,2023-05-19 05:51,54.00,45.00,M,M,30.37,0.00,10.00,CLR
NYC,2023-05-19 06:51,54.00,44.00,0.00,0.00,30.36,0.00,10.00,CLR
NYC,2023-05-19 07:51,53.00,45.00,0.00,0.00,30.36,0.00,10.00,CLR
NYC,2023-05-19 08:51,53.00,44.00,3.00,M,30.35,0.00,10.00,CLR
NYC,2023-05-19 09:51,54.00,44.00,0.00,0.00,30.36,0.00,10.00,FEW
NYC,2023-05-19 10:51,54.00,45.00,0.00,0.00,30.37,0.00,10.00,CLR
NYC,2023-05-19 11:51,57.00,47.00,5.00,M,30.38,0.00,10.00,CLR
NYC,2023-05-19 12:51,59.00,49.00,M,M,30.38,0.00,10.00,CLR
NYC,2023-05-19 13:51,62.00,50.00,0.00,0.00,30.38,0.00,10.00,CLR
NYC,2023-05-19 14:51,64.00,50.00,M,M,30.38,0.00,10.00,CLR
NYC,2023-05-19 15:51,66.00,48.00,M,M,30.37,0.00,10.00,FEW
NYC,2023-05-19 16:51,69.00,46.00,M,M,30.35,0.00,10.00,CLR
NYC,2023-05-19 17:51,68.00,45.00,M,M,30.34,0.00,10.00,CLR
NYC,2023-05-19 18:51,68.00,46.00,M,M,30.32,0.00,10.00,CLR
NYC,2023-05-19 19:51,68.00,47.00,0.00,0.00,30.30,0.00,10.00,CLR
NYC,2023-05-19 20:51,66.00,45.00,M,M,30.29,0.00,10.00,CLR
NYC,2023-05-19 21:51,64.00,45.00,4.00,M,30.29,0.00,10.00,CLR
NYC,2023-05-19 22:51,62.00,47.00,M,M,30.29,0.00,10.00,CLR
NYC,2023-05-19 23:51,60.00,49.00,4.00,M,30.28,0.00,10.00,CLR
NYC,2023-05-20 00:51,59.00,49.00,3.00,M,30.29,0.00,10.00,CLR
NYC,2023-05-20 01:51,59.00,49.00,4.00,M,30.29,0.00,10.00,CLR
NYC,2023-05-20 02:51,59.00,48.00,4.00,M,30.28,0.00,10.00,CLR
NYC,2023-05-20 03:51,58.00,49.00,3.00,M,30.26,0.00,10.00,CLR
NYC,2023-05-20 04:51,57.00,50.00,0.00,0.00,30.25,0.00,10.00,SCT
NYC,2023-05-20 05:51,58.00,51.00,0.00,0.00,30.22,0.00,10.00,BKN
NYC,2023-05-20 06:51,59.00,53.00,3.00,130.00,30.20,0.00,10.00,OVC
NYC,2023-05-20 07:51,59.00,55.00,0.00,0.00,30.18,0.00,3.00,BKN
NYC,2023-05-20 08:51,59.00,56.00,0.00,0.00,30.17,0.00,3.00,OVC
NYC,2023-05-20 09:51,58.00,56.00,3.00,80.00,30.16,0.00,5.00,OVC
NYC,2023-05-20 10:51,58.00,56.00,0.00,0.00,30.16,0.00,4.00,BKN
NYC,2023-05-20 11:51,59.00,57.00,4.00,100.00,30.15,T,4.00,BKN
NYC,2023-05-20 12:51,60.00,57.00,3.00,M,30.15,0.00,2.50,OVC
NYC,2023-05-20 13:51,60.00,57.00,6.00,M,30.13,T,2.00,OVC
NYC,2023-05-20 14:51,60.00,58.00,5.00,60.00,30.11,0.02,4.00,OVC
NYC,2023-05-20 15:51,60.00,58.00,6.00,70.00,30.09,0.01,4.00,OVC
NYC,2023-05-20 16:51,60.00,58.00,4.00,90.00,30.06,0.05,2.50,OVC
NYC,2023-05-20 17:51,61.00,59.00,4.00,90.00,30.02,0.11,1.75,OVC
NYC,2023-05-20 18:51,63.00,61.00,4.00,M,30.00,0.16,0.50,FEW
NYC,2023-05-20 19:51,64.00,62.00,3.00,M,29.96,0.33,1.50,OVC
NYC,2023-05-20 20:51,65.00,63.00,0.00,0.00,29.95,0.04,7.00,OVC
NYC,2023-05-20 21:51,65.00,63.00,3.00,M,29.93,0.04,2.50,OVC
NYC,2023-05-20 22:51,65.00,64.00,0.00,0.00,29.91,0.01,4.00,OVC
NYC,2023-05-20 23:51,65.00,63.00,3.00,130.00,29.91,T,3.00,OVC
NYC,2023-05-21 00:51,64.00,63.00,0.00,0.00,29.90,0.00,1.50,OVC
NYC,2023-05-21 01:51,64.00,63.00,0.00,0.00,29.89,0.00,2.00,BKN
NYC,2023-05-21 02:51,65.00,63.00,0.00,0.00,29.89,0.00,4.00,FEW
NYC,2023-05-21 03:51,65.00,64.00,3.00,M,29.89,0.00,6.00,OVC
NYC,2023-05-21 04:51,65.00,63.00,4.00,M,29.89,0.00,5.00,SCT
NYC,2023-05-21 05:51,64.00,62.00,5.00,280.00,29.88,0.01,9.00,OVC
NYC,2023-05-21 06:51,57.00,52.00,9.00,300.00,29.90,0.01,9.00,FEW
NYC,2023-05-21 07:51,57.00,48.00,M,M,29.91,0.00,10.00,BKN
NYC,2023-05-21 08:51,57.00,45.00,5.00,M,29.91,0.00,10.00,FEW
NYC,2023-05-21 09:51,56.00,45.00,4.00,M,29.93,0.00,10.00,CLR
NYC,2023-05-21 10:51,56.00,46.00,7.00,290.00,29.96,0.00,10.00,CLR
NYC,2023-05-21 11:51,56.00,46.00,7.00,280.00,29.97,0.00,10.00,CLR
NYC,2023-05-21 12:51,59.00,45.00,5.00,M,29.98,0.00,10.00,CLR
NYC,2023-05-21 13:51,61.00,45.00,9.00,310.00,29.97,0.00,10.00,BKN
NYC,2023-05-21 14:51,63.00,46.00,5.00,M,29.97,0.00,10.00,SCT
NYC,2023-05-21 15:51,67.00,48.00,M,M,29.96,0.00,10.00,SCT
NYC,2023-05-21 16:51,67.00,48.00,0.00,0.00,29.97,0.00,10.00,OVC
NYC,2023-05-21 17:51,68.00,47.00,7.00,300.00,29.97,0.00,10.00,OVC
NYC,2023-05-21 18:51,67.00,49.00,M,M,29.96,0.00,10.00,BKN
NYC,2023-05-21 19:51,69.00,48.00,7.00,350.00,29.97,0.00,10.00,OVC
NYC,2023-05-21 20:51,69.00,49.00,3.00,M,29.97,0.00,10.00,BKN
NYC,2023-05-21 21:51,69.00,50.00,0.00,0.00,29.99,0.00,10.00,BKN
NYC,2023-05-21 22:51,69.00,50.00,4.00,M,30.00,0.00,10.00,CLR
NYC,2023-05-21 23:51,67.00,49.00,3.00,M,30.01,0.00,10.00,CLR
NYC,2023-05-22 00:51,65.00,50.00,0.00,0.00,30.03,0.00,10.00,CLR
NYC,2023-05-22 01:51,65.00,49.00,3.00,290.00,30.05,0.00,10.00,CLR
NYC,2023-05-22 02:51,64.00,49.00,0.00,0.00,30.06,0.00,10.00,CLR
NYC,2023-05-22 03:51,65.00,48.00,3.00,M,30.07,0.00,9.00,CLR
NYC,2023-05-22 04:51,61.00,49.00,0.00,0.00,30.09,0.00,9.00,CLR
NYC,2023-05-22 05:51,60.00,50.00,0.00,0.00,30.09,0.00,9.00,CLR
NYC,2023-05-22 06:51,59.00,51.00,0.00,0.00,30.09,0.00,9.00,CLR
NYC,2023-05-22 07:51,59.00,50.00,0.00,0.00,30.09,0.00,9.00,CLR
NYC,2023-05-22 08:51,57.00,51.00,0.00,0.00,30.10,0.00,9.00,CLR
NYC,2023-05-22 09:51,57.00,52.00,0.00,0.00,30.12,0.00,8.00,CLR
NYC,2023-05-22 10:51,58.00,53.00,0.00,0.00,30.15,0.00,8.00,CLR
NYC,2023-05-22 11:51,62.00,51.00,0.00,0.00,30.16,0.00,10.00,CLR
NYC,2023-05-22 12:51,65.00,51.00,4.00,M,30.18,0.00,10.00,CLR
NYC,2023-05-22 13:51,67.00,51.00,0.00,0.00,30.18,0.00,10.00,CLR
NYC,2023-05-22 14:51,68.00,50.00,6.00,M,30.20,0.00,10.00,CLR
NYC,2023-05-22 15:51,71.00,51.00,8.00,70.00,30.21,0.00,10.00,CLR
NYC,2023-05-22 16:51,73.00,50.00,0.00,0.00,30.21,0.00,10.00,CLR
NYC,2023-05-22 17:51,74.00,48.00,5.00,M,30.21,0.00,10.00,CLR
NYC,2023-05-22 18:51,73.00,48.00,0.00,0.00,30.20,0.00,10.00,CLR
NYC,2023-05-22 19:51,71.00,52.00,0.00,0.00,30.20,0.00,9.00,CLR
NYC,2023-05-22 20:51,69.00,50.00,M,M,30.21,0.00,9.00,CLR
NYC,2023-05-22 21:51,67.00,50.00,M,M,30.22,0.00,9.00,CLR
NYC,2023-05-22 22:51,64.00,50.00,3.00,M,30.24,0.00,9.00,OVC
NYC,2023-05-22 23:51,62.00,50.00,4.00,M,30.27,0.00,9.00,CLR
NYC,2023-05-23 00:51,61.00,48.00,3.00,M,30.28,0.00,10.00,CLR
NYC,2023-05-23 01:51,60.00,47.00,4.00,120.00,30.30,0.00,10.00,CLR
NYC,2023-05-23 02:51,59.00,48.00,4.00,120.00,30.31,0.00,10.00,CLR
NYC,2023-05-23 03:51,58.00,50.00,4.00,M,30.31,0.00,10.00,CLR
NYC,2023-05-23 04:51,58.00,50.00,4.00,M,30.32,0.00,10.00,CLR
NYC,2023-05-23 05:51,57.00,50.00,4.00,120.00,30.33,0.00,10.00,CLR
NYC,2023-05-23 06:51,56.00,50.00,0.00,0.00,30.33,0.00,9.00,SCT
NYC,2023-05-23 07:51,57.00,52.00,4.00,60.00,30.33,0.00,9.00,FEW
NYC,2023-05-23 08:51,57.00,51.00,4.00,M,30.34,0.00,10.00,BKN
NYC,2023-05-23 09:51,57.00,51.00,3.00,M,30.35,0.00,10.00,OVC
NYC,2023-05-23 10:51,57.00,51.00,4.00,M,30.37,0.00,9.00,BKN
NYC,2023-05-23 11:51,58.00,51.00,6.00,50.00,30.38,0.00,10.00,FEW
NYC,2023-05-23 12:51,61.00,51.00,4.00,M,30.37,0.00,10.00,FEW
NYC,2023-05-23 13:51,62.00,50.00,4.00,M,30.37,0.00,10.00,OVC
NYC,2023-05-23 14:51,64.00,51.00,3.00,M,30.37,0.00,10.00,BKN
NYC,2023-05-23 15:51,68.00,50.00,6.00,M,30.36,0.00,10.00,CLR
NYC,2023-05-23 16:51,70.00,50.00,0.00,0.00,30.35,0.00,10.00,FEW
NYC,2023-05-23 17:51,67.00,47.00,3.00,M,30.34,0.00,10.00,CLR
NYC,2023-05-23 18:51,66.00,47.00,M,M,30.34,0.00,10.00,CLR
NYC,2023-05-23 19:51,65.00,47.00,M,M,30.33,0.00,10.00,CLR
NYC,2023-05-23 20:51,64.00,47.00,0.00,0.00,30.32,0.00,10.00,CLR
NYC,2023-05-23 21:51,63.00,45.00,M,M,30.30,0.00,10.00,CLR
NYC,2023-05-23 22:51,61.00,41.00,0.00,0.00,30.29,0.00,10.00,CLR
NYC,2023-05-23 23:51,60.00,36.00,0.00,0.00,30.28,0.00,10.00,CLR
NYC,2023-05-24 00:51,58.00,36.00,3.00,M,30.28,0.00,10.00,CLR
NYC,2023-05-24 01:51,56.00,39.00,3.00,M,30.29,0.00,10.00,CLR
NYC,2023-05-24 02:51,55.00,34.00,0.00,0.00,30.27,0.00,10.00,CLR
NYC,2023-05-24 03:51,55.00,38.00,0.00,0.00,30.24,0.00,10.00,CLR
NYC,2023-05-24 04:51,54.00,40.00,3.00,80.00,30.23,0.00,10.00,CLR
NYC,2023-05-24 05:51,55.00,38.00,0.00,0.00,30.21,0.00,10.00,CLR
NYC,2023-05-24 06:51,54.00,39.00,0.00,0.00,30.20,0.00,10.00,CLR
NYC,2023-05-24 07:51,54.00,36.00,0.00,0.00,30.18,0.00,10.00,CLR
NYC,2023-05-24 08:51,53.00,36.00,0.00,0.00,30.18,0.00,10.00,CLR
NYC,2023-05-24 09:51,53.00,39.00,0.00,0.00,30.17,0.00,10.00,CLR
NYC,2023-05-24 10:51,55.00,41.00,0.00,0.00,30.17,0.00,10.00,CLR
NYC,2023-05-24 11:51,58.00,41.00,0.00,0.00,30.15,0.00,10.00,CLR
NYC,2023-05-24 12:51,60.00,42.00,0.00,0.00,30.13,0.00,10.00,CLR
NYC,2023-05-24 13:51,62.00,43.00,4.00,280.00,30.11,0.00,10.00,CLR
NYC,2023-05-24 14:51,67.00,39.00,3.00,M,30.09,0.00,10.00,CLR
NYC,2023-05-24 15:51,70.00,41.00,0.00,0.00,30.06,0.00,10.00,CLR
NYC,2023-05-24 16:51,73.00,44.00,3.00,M,30.03,0.00,10.00,CLR
NYC,2023-05-24 17:51,74.00,45.00,3.00,220.00,30.01,0.00,10.00,CLR
NYC,2023-05-24 18:51,76.00,49.00,0.00,0.00,29.98,0.00,10.00,CLR
NYC,2023-05-24 19:51,76.00,47.00,4.00,M,29.96,0.00,10.00,CLR
NYC,2023-05-24 20:51,71.00,45.00,0.00,0.00,29.96,0.00,10.00,CLR
NYC,2023-05-24 21:51,68.00,41.00,4.00,M,29.94,0.00,10.00,FEW
NYC,2023-05-24 22:51,66.00,42.00,0.00,0.00,29.93,0.00,10.00,SCT
NYC,2023-05-24 23:51,62.00,59.00,7.00,20.00,30.01,0.05,4.00,SCT
NYC,2023-05-25 00:51,59.00,55.00,6.00,M,30.03,0.03,10.00,BKN
NYC,2023-05-25 01:51,58.00,50.00,M,M,30.05,T,10.00,OVC
NYC,2023-05-25 02:51,58.00,49.00,5.00,M,30.06,T,10.00,OVC
NYC,2023-05-25 03:51,58.00,48.00,6.00,M,30.06,T,10.00,BKN
NYC,2023-05-25 04:51,58.00,47.00,6.00,M,30.08,0.00,10.00,FEW
NYC,2023-05-25 05:51,55.00,44.00,9.00,20.00,30.09,0.00,10.00,FEW
NYC,2023-05-25 06:51,53.00,37.00,7.00,360.00,30.10,0.00,10.00,CLR
NYC,2023-05-25 07:51,52.00,37.00,5.00,30.00,30.11,0.00,10.00,CLR
NYC,2023-05-25 08:51,51.00,38.00,M,M,30.12,0.00,10.00,CLR
NYC,2023-05-25 09:51,51.00,38.00,8.00,20.00,30.13,0.00,10.00,CLR
NYC,2023-05-25 10:51,51.00,39.00,9.00,50.00,30.16,0.00,10.00,CLR
NYC,2023-05-25 11:51,52.00,39.00,5.00,M,30.16,0.00,10.00,CLR
NYC,2023-05-25 12:51,54.00,39.00,8.00,50.00,30.17,0.00,10.00,CLR
NYC,2023-05-25 13:51,56.00,38.00,9.00,30.00,30.18,0.00,10.00,CLR
NYC,2023-05-25 14:51,58.00,37.00,9.00,40.00,30.17,0.00,10.00,CLR
NYC,2023-05-25 15:51,61.00,36.00,5.00,M,30.17,0.00,10.00,CLR
NYC,2023-05-25 16:51,63.00,34.00,8.00,50.00,30.17,0.00,10.00,CLR
NYC,2023-05-25 17:51,66.00,35.00,7.00,350.00,30.16,0.00,10.00,CLR
NYC,2023-05-25 18:51,67.00,36.00,6.00,360.00,30.16,0.00,10.00,CLR
NYC,2023-05-25 19:51,67.00,35.00,5.00,M,30.14,0.00,10.00,CLR
NYC,2023-05-25 20:51,67.00,33.00,8.00,40.00,30.14,0.00,10.00,CLR
NYC,2023-05-25 21:51,67.00,35.00,9.00,30.00,30.14,0.00,10.00,CLR
NYC,2023-05-25 22:51,65.00,34.00,7.00,40.00,30.15,0.00,10.00,CLR
NYC,2023-05-25 23:51,64.00,36.00,4.00,30.00,30.17,0.00,10.00,CLR
NYC,2023-05-26 00:51,63.00,36.00,5.00,M,30.18,0.00,10.00,CLR
NYC,2023-05-26 01:51,61.00,35.00,4.00,M,30.20,0.00,10.00,FEW
NYC,2023-05-26 02:51,59.00,36.00,3.00,M,30.21,0.00,10.00,CLR
NYC,2023-05-26 03:51,59.00,35.00,3.00,M,30.22,0.00,10.00,CLR
NYC,2023-05-26 04:51,57.00,35.00,3.00,20.00,30.23,0.00,10.00,CLR
NYC,2023-05-26 05:51,58.00,35.00,3.00,30.00,30.24,0.00,10.00,CLR
NYC,2023-05-26 06:51,57.00,42.00,4.00,10.00,30.24,0.00,10.00,CLR
NYC,2023-05-26 07:51,55.00,37.00,4.00,40.00,30.24,0.00,10.00,CLR
NYC,2023-05-26 08:51,53.00,37.00,0.00,0.00,30.26,0.00,10.00,CLR
NYC,2023-05-26 09:51,53.00,38.00,3.00,20.00,30.27,0.00,10.00,CLR
NYC,2023-05-26 10:51,55.00,41.00,0.00,0.00,30.29,0.00,10.00,CLR
NYC,2023-05-26 11:51,57.00,41.00,0.00,0.00,30.31,0.00,10.00,CLR
NYC,2023-05-26 12:51,60.00,41.00,3.00,M,30.32,0.00,10.00,CLR
NYC,2023-05-26 13:51,62.00,30.90,5.00,M,30.32,0.00,10.00,CLR
NYC,2023-05-26 14:51,65.00,28.90,5.00,M,30.32,0.00,10.00,CLR
NYC,2023-05-26 15:51,69.00,35.00,M,M,30.31,0.00,10.00,CLR
NYC,2023-05-26 16:51,70.00,30.90,0.00,0.00,30.30,0.00,10.00,CLR
NYC,2023-05-26 17:51,72.00,30.00,8.00,50.00,30.28,0.00,10.00,CLR
NYC,2023-05-26 18:51,71.00,30.00,9.00,50.00,30.27,0.00,10.00,CLR
NYC,2023-05-26 19:51,71.00,33.00,7.00,50.00,30.26,0.00,10.00,CLR
NYC,2023-05-26 20:51,71.00,36.00,0.00,0.00,30.25,0.00,10.00,CLR
NYC,2023-05-26 21:51,72.00,35.00,5.00,60.00,30.25,0.00,10.00,CLR
NYC,2023-05-26 22:51,70.00,35.00,4.00,50.00,30.25,0.00,10.00,CLR
NYC,2023-05-26 23:51,69.00,35.00,3.00,30.00,30.26,0.00,10.00,CLR
NYC,2023-05-27 00:51,65.00,37.00,0.00,0.00,30.27,0.00,10.00,CLR
NYC,2023-05-27 01:51,63.00,38.00,0.00,0.00,30.29,0.00,10.00,CLR
NYC,2023-05-27 02:51,61.00,42.00,0.00,0.00,30.30,0.00,10.00,CLR
NYC,2023-05-27 03:51,62.00,36.00,0.00,0.00,30.31,0.00,10.00,CLR
NYC,2023-05-27 04:51,61.00,36.00,3.00,M,30.31,0.00,10.00,CLR
NYC,2023-05-27 05:51,60.00,37.00,3.00,M,30.31,0.00,10.00,CLR
NYC,2023-05-27 06:51,59.00,39.00,3.00,280.00,30.31,0.00,10.00,CLR
NYC,2023-05-27 07:51,58.00,39.00,3.00,280.00,30.31,0.00,10.00,CLR
NYC,2023-05-27 08:51,58.00,40.00,5.00,290.00,30.31,0.00,10.00,CLR
NYC,2023-05-27 09:51,56.00,40.00,0.00,0.00,30.33,0.00,10.00,CLR
NYC,2023-05-27 10:51,58.00,45.00,0.00,0.00,30.34,0.00,10.00,CLR
NYC,2023-05-27 11:51,62.00,44.00,3.00,M,30.35,0.00,10.00,CLR
NYC,2023-05-27 12:51,66.00,42.00,3.00,60.00,30.36,0.00,10.00,CLR
NYC,2023-05-27 13:51,69.00,42.00,4.00,70.00,30.35,0.00,10.00,CLR
NYC,2023-05-27 14:51,71.00,38.00,3.00,M,30.35,0.00,10.00,CLR
NYC,2023-05-27 15:51,74.00,36.00,5.00,M,30.34,0.00,10.00,CLR
NYC,2023-05-27 16:51,75.00,37.00,6.00,90.00,30.33,0.00,10.00,CLR
NYC,2023-05-27 17:51,78.00,37.00,4.00,70.00,30.31,0.00,10.00,CLR
NYC,2023-05-27 18:51,77.00,36.00,4.00,M,30.30,0.00,10.00,CLR
NYC,2023-05-27 19:51,77.00,38.00,6.00,80.00,30.28,0.00,10.00,CLR
NYC,2023-05-27 20:51,74.00,39.00,3.00,M,30.29,0.00,10.00,CLR
NYC,2023-05-27 21:51,72.00,39.00,3.00,M,30.28,0.00,10.00,CLR
NYC,2023-05-27 22:51,69.00,40.00,0.00,0.00,30.27,0.00,10.00,CLR
NYC,2023-05-27 23:51,66.00,43.00,4.00,120.00,30.28,0.00,10.00,CLR
NYC,2023-05-28 00:51,65.00,42.00,0.00,0.00,30.29,0.00,10.00,CLR
NYC,2023-05-28 01:51,63.00,40.00,0.00,0.00,30.29,0.00,10.00,CLR
NYC,2023-05-28 02:51,63.00,36.00,4.00,M,30.29,0.00,10.00,CLR
NYC,2023-05-28 03:51,62.00,35.00,3.00,M,30.29,0.00,10.00,CLR
NYC,2023-05-28 04:51,62.00,35.00,0.00,0.00,30.27,0.00,10.00,CLR
NYC,2023-05-28 05:51,62.00,36.00,0.00,0.00,30.26,0.00,10.00,CLR
NYC,2023-05-28 06:51,61.00,35.00,0.00,0.00,30.25,0.00,10.00,CLR
NYC,2023-05-28 07:51,61.00,34.00,3.00,M,30.24,0.00,10.00,CLR
NYC,2023-05-28 08:51,60.00,35.00,3.00,260.00,30.23,0.00,10.00,CLR
NYC,2023-05-28 09:51,60.00,34.00,3.00,250.00,30.23,0.00,10.00,CLR
NYC,2023-05-28 10:51,61.00,37.00,0.00,0.00,30.22,0.00,10.00,CLR
NYC,2023-05-28 11:51,63.00,36.00,3.00,M,30.23,0.00,10.00,CLR
NYC,2023-05-28 12:51,66.00,38.00,3.00,M,30.22,0.00,10.00,CLR
NYC,2023-05-28 13:51,68.00,38.00,3.00,M,30.20,0.00,10.00,CLR
NYC,2023-05-28 14:51,71.00,40.00,0.00,0.00,30.19,0.00,10.00,CLR
NYC,2023-05-28 15:51,75.00,37.00,4.00,M,30.17,0.00,10.00,CLR
NYC,2023-05-28 16:51,78.00,40.00,3.00,M,30.15,0.00,10.00,CLR
NYC,2023-05-28 17:51,78.00,38.00,0.00,0.00,30.12,0.00,10.00,CLR
NYC,2023-05-28 18:51,77.00,43.00,M,M,30.10,0.00,10.00,CLR
NYC,2023-05-28 19:51,76.00,40.00,3.00,M,30.08,0.00,10.00,CLR
NYC,2023-05-28 20:51,74.00,40.00,3.00,M,30.06,0.00,10.00,CLR
NYC,2023-05-28 21:51,72.00,43.00,5.00,M,30.04,0.00,10.00,CLR
NYC,2023-05-28 22:51,70.00,43.00,3.00,M,30.03,0.00,10.00,CLR
NYC,2023-05-28 23:51,69.00,42.00,0.00,0.00,30.02,0.00,10.00,CLR
NYC,2023-05-29 00:51,67.00,45.00,0.00,0.00,30.03,0.00,10.00,CLR
NYC,2023-05-29 01:51,66.00,49.00,0.00,0.00,30.04,0.00,10.00,CLR
NYC,2023-05-29 02:51,65.00,50.00,0.00,0.00,30.04,0.00,10.00,CLR
NYC,2023-05-29 03:51,66.00,48.00,4.00,M,30.02,0.00,10.00,CLR
NYC,2023-05-29 04:51,65.00,48.00,3.00,M,30.02,0.00,10.00,CLR
NYC,2023-05-29 05:51,65.00,49.00,0.00,0.00,29.99,0.00,10.00,CLR
NYC,2023-05-29 06:51,64.00,48.00,0.00,0.00,29.97,0.00,10.00,CLR
NYC,2023-05-29 07:51,65.00,47.00,0.00,0.00,29.97,0.00,10.00,CLR
NYC,2023-05-29 08:51,63.00,48.00,0.00,0.00,29.97,0.00,10.00,CLR
NYC,2023-05-29 09:51,63.00,50.00,0.00,0.00,29.99,0.00,10.00,CLR
NYC,2023-05-29 10:51,64.00,50.00,0.00,0.00,30.00,0.00,10.00,CLR
NYC,2023-05-29 11:51,66.00,51.00,0.00,0.00,30.01,0.00,10.00,CLR
NYC,2023-05-29 12:51,71.00,50.00,9.00,50.00,30.04,0.00,10.00,CLR
NYC,2023-05-29 13:51,69.00,47.00,15.00,70.00,30.06,0.00,10.00,CLR
NYC,2023-05-29 14:51,70.00,48.00,8.00,70.00,30.07,0.00,10.00,CLR
NYC,2023-05-29 15:51,75.00,47.00,11.00,50.00,30.07,0.00,10.00,CLR
NYC,2023-05-29 16:51,77.00,43.00,10.00,50.00,30.07,0.00,10.00,CLR
NYC,2023-05-29 17:51,78.00,42.00,8.00,60.00,30.07,0.00,10.00,CLR
NYC,2023-05-29 18:51,79.00,42.00,6.00,M,30.07,0.00,10.00,CLR
NYC,2023-05-29 19:51,78.00,45.00,7.00,80.00,30.07,0.00,10.00,CLR
NYC,2023-05-29 20:51,77.00,47.00,M,M,30.07,0.00,10.00,CLR
NYC,2023-05-29 21:51,74.00,45.00,3.00,M,30.08,0.00,10.00,CLR
NYC,2023-05-29 22:51,71.00,44.00,M,M,30.10,0.00,10.00,CLR
NYC,2023-05-29 23:51,68.00,44.00,5.00,M,30.12,0.00,10.00,CLR
NYC,2023-05-30 00:51,66.00,45.00,5.00,M,30.15,0.00,10.00,CLR
NYC,2023-05-30 01:51,64.00,44.00,5.00,M,30.19,0.00,10.00,CLR
NYC,2023-05-30 02:51,62.00,43.00,4.00,M,30.20,0.00,10.00,CLR
NYC,2023-05-30 03:51,61.00,43.00,4.00,70.00,30.21,0.00,10.00,CLR
NYC,2023-05-30 04:51,59.00,44.00,3.00,70.00,30.21,0.00,10.00,CLR
NYC,2023-05-30 05:51,59.00,44.00,M,M,30.21,0.00,10.00,CLR
NYC,2023-05-30 06:51,57.00,44.00,4.00,M,30.22,0.00,10.00,CLR
NYC,2023-05-30 07:51,57.00,44.00,6.00,M,30.22,0.00,10.00,CLR
NYC,2023-05-30 08:51,56.00,43.00,5.00,M,30.22,0.00,10.00,CLR
NYC,2023-05-30 09:51,56.00,44.00,9.00,70.00,30.21,0.00,10.00,CLR
NYC,2023-05-30 10:51,57.00,45.00,5.00,M,30.21,0.00,10.00,CLR
NYC,2023-05-30 11:51,58.00,48.00,6.00,M,30.23,0.00,10.00,CLR
NYC,2023-05-30 12:51,59.00,46.00,9.00,70.00,30.24,0.00,10.00,CLR
NYC,2023-05-30 13:51,60.00,45.00,8.00,70.00,30.25,0.00,10.00,CLR
NYC,2023-05-30 14:51,63.00,46.00,4.00,60.00,30.26,0.00,10.00,CLR
NYC,2023-05-30 15:51,65.00,45.00,5.00,M,30.26,0.00,10.00,CLR
NYC,2023-05-30 16:51,69.00,45.00,5.00,M,30.25,0.00,10.00,CLR
NYC,2023-05-30 17:51,70.00,45.00,6.00,M,30.24,0.00,10.00,CLR
NYC,2023-05-30 18:51,71.00,47.00,5.00,M,30.23,0.00,10.00,CLR
NYC,2023-05-30 19:51,70.00,47.00,4.00,M,30.21,0.00,10.00,CLR
NYC,2023-05-30 20:51,70.00,45.00,6.00,60.00,30.21,0.00,10.00,CLR
NYC,2023-05-30 21:51,69.00,47.00,4.00,M,30.20,0.00,10.00,CLR
NYC,2023-05-30 22:51,67.00,48.00,3.00,M,30.21,0.00,10.00,CLR
NYC,2023-05-30 23:51,63.00,49.00,3.00,M,30.21,0.00,10.00,CLR
NYC,2023-06-01 00:51,65.00,54.00,0.00,0.00,30.17,0.00,10.00,CLR
NYC,2023-06-01 01:51,63.00,54.00,0.00,0.00,30.18,0.00,10.00,CLR
NYC,2023-06-01 02:51,63.00,54.00,0.00,0.00,30.17,0.00,10.00,CLR
NYC,2023-06-01 03:51,62.00,55.00,0.00,0.00,30.18,0.00,8.00,CLR
NYC,2023-06-01 04:51,61.00,56.00,0.00,0.00,30.17,0.00,8.00,CLR
NYC,2023-06-01 05:51,61.00,55.00,0.00,0.00,30.17,0.00,8.00,CLR
NYC,2023-06-01 06:51,61.00,55.00,0.00,0.00,30.16,0.00,8.00,CLR
NYC,2023-06-01 07:51,61.00,56.00,3.00,20.00,30.15,0.00,7.00,CLR
NYC,2023-06-01 08:51,60.00,55.00,0.00,0.00,30.15,0.00,8.00,CLR
NYC,2023-06-01 09:51,59.00,54.00,0.00,0.00,30.15,0.00,5.00,CLR
NYC,2023-06-01 10:51,61.00,55.00,0.00,0.00,30.15,0.00,8.00,CLR
NYC,2023-06-01 11:51,65.00,55.00,0.00,0.00,30.15,0.00,8.00,CLR
NYC,2023-06-01 12:51,69.00,55.00,4.00,290.00,30.16,0.00,10.00,CLR
NYC,2023-06-01 13:51,72.00,54.00,0.00,0.00,30.14,0.00,9.00,CLR
NYC,2023-06-01 14:51,77.00,53.00,3.00,320.00,30.13,0.00,8.00,CLR
NYC,2023-06-01 15:51,81.00,54.00,4.00,260.00,30.12,0.00,9.00,CLR
NYC,2023-06-01 16:51,83.00,49.00,3.00,60.00,30.11,0.00,9.00,CLR
NYC,2023-06-01 17:51,86.00,47.00,4.00,M,30.09,0.00,10.00,CLR
NYC,2023-06-01 18:51,85.00,50.00,3.00,M,30.07,0.00,10.00,CLR
NYC,2023-06-01 19:51,84.00,56.00,0.00,0.00,30.05,0.00,10.00,CLR
NYC,2023-06-01 20:51,81.00,57.00,5.00,130.00,30.05,0.00,10.00,CLR
NYC,2023-06-01 21:51,78.00,56.00,3.00,M,30.03,0.00,10.00,CLR
NYC,2023-06-01 22:51,76.00,55.00,3.00,M,30.03,0.00,10.00,CLR
NYC,2023-06-01 23:51,73.00,55.00,3.00,M,30.04,0.00,10.00,CLR
NYC,2023-06-02 00:51,72.00,56.00,0.00,0.00,30.05,0.00,10.00,CLR
NYC,2023-06-02 01:51,70.00,53.00,0.00,0.00,30.06,0.00,10.00,CLR
NYC,2023-06-02 02:51,69.00,52.00,0.00,0.00,30.05,0.00,10.00,CLR
NYC,2023-06-02 03:51,68.00,53.00,0.00,0.00,30.04,0.00,10.00,CLR
NYC,2023-06-02 04:51,70.00,51.00,0.00,0.00,30.03,0.00,10.00,CLR
NYC,2023-06-02 05:51,68.00,51.00,3.00,280.00,30.01,0.00,10.00,CLR
NYC,2023-06-02 06:51,67.00,55.00,0.00,0.00,29.99,0.00,10.00,CLR
NYC,2023-06-02 07:51,68.00,55.00,0.00,0.00,29.98,0.00,10.00,CLR
NYC,2023-06-02 08:51,66.00,55.00,0.00,0.00,29.97,0.00,9.00,CLR
NYC,2023-06-02 09:51,67.00,56.00,0.00,0.00,29.96,0.00,8.00,CLR
NYC,2023-06-02 10:51,70.00,55.00,0.00,0.00,29.96,0.00,7.00,CLR
NYC,2023-06-02 11:51,73.00,55.00,0.00,0.00,29.96,0.00,8.00,CLR
NYC,2023-06-02 12:51,76.00,55.00,0.00,0.00,29.96,0.00,9.00,CLR
NYC,2023-06-02 13:51,80.00,56.00,5.00,50.00,29.95,0.00,10.00,CLR
NYC,2023-06-02 14:51,83.00,56.00,3.00,M,29.94,0.00,10.00,CLR
NYC,2023-06-02 15:51,87.00,56.00,6.00,90.00,29.94,0.00,10.00,CLR
NYC,2023-06-02 16:51,87.00,56.00,3.00,110.00,29.93,0.00,10.00,SCT
NYC,2023-06-02 17:51,87.00,58.00,5.00,60.00,29.91,0.00,10.00,BKN
NYC,2023-06-02 18:51,88.00,59.00,3.00,M,29.88,0.00,9.00,CLR
NYC,2023-06-02 19:51,85.00,58.00,0.00,0.00,29.86,0.00,8.00,CLR
NYC,2023-06-02 20:51,81.00,54.00,3.00,M,29.86,0.00,9.00,CLR
NYC,2023-06-02 21:51,79.00,53.00,0.00,0.00,29.86,0.00,10.00,SCT
NYC,2023-06-02 22:51,68.00,65.00,0.00,0.00,29.88,0.24,2.00,SCT
NYC,2023-06-02 23:51,68.00,66.00,0.00,0.00,29.88,T,3.00,CLR
NYC,2023-06-03 00:51,68.00,65.00,0.00,0.00,29.88,0.00,6.00,CLR
NYC,2023-06-03 01:51,69.00,66.00,3.00,120.00,29.90,0.00,6.00,FEW
NYC,2023-06-03 02:51,67.00,63.00,0.00,0.00,29.91,0.00,9.00,FEW
NYC,2023-06-03 03:51,68.00,58.00,3.00,40.00,29.90,0.00,10.00,FEW
NYC,2023-06-03 04:51,67.00,56.00,4.00,M,29.91,0.00,10.00,SCT
NYC,2023-06-03 05:51,69.00,56.00,7.00,50.00,29.92,0.00,10.00,CLR
NYC,2023-06-03 06:51,67.00,58.00,4.00,60.00,29.90,0.00,10.00,CLR
NYC,2023-06-03 07:51,66.00,56.00,5.00,50.00,29.90,0.00,10.00,FEW
NYC,2023-06-03 08:51,67.00,59.00,4.00,M,29.91,0.00,10.00,BKN
NYC,2023-06-03 09:51,67.00,60.00,10.00,60.00,29.93,0.00,10.00,FEW
NYC,2023-06-03 10:51,67.00,60.00,4.00,70.00,29.95,0.00,10.00,BKN
NYC,2023-06-03 11:51,66.00,59.00,9.00,60.00,29.97,0.00,9.00,OVC
NYC,2023-06-03 12:51,66.00,60.00,6.00,50.00,29.99,0.00,9.00,OVC
NYC,2023-06-03 13:51,65.00,57.00,5.00,M,30.00,0.00,8.00,BKN
NYC,2023-06-03 14:51,66.00,57.00,7.00,60.00,30.01,0.00,9.00,OVC
NYC,2023-06-03 15:51,64.00,55.00,6.00,70.00,30.03,0.00,7.00,OVC
NYC,2023-06-03 16:51,63.00,54.00,6.00,M,30.04,0.00,6.00,OVC
NYC,2023-06-03 17:51,64.00,54.00,7.00,80.00,30.04,0.00,7.00,BKN
NYC,2023-06-03 18:51,66.00,54.00,5.00,M,30.04,0.00,7.00,OVC
NYC,2023-06-03 19:51,64.00,53.00,6.00,M,30.04,0.00,10.00,OVC
NYC,2023-06-03 20:51,64.00,52.00,8.00,60.00,30.05,0.00,10.00,FEW
NYC,2023-06-03 21:51,64.00,52.00,6.00,M,30.05,0.00,10.00,SCT
NYC,2023-06-03 22:51,63.00,51.00,10.00,70.00,30.07,0.00,10.00,SCT
NYC,2023-06-03 23:51,61.00,51.00,10.00,60.00,30.09,0.00,10.00,SCT
NYC,2023-06-04 00:51,60.00,50.00,6.00,M,30.10,0.00,10.00,FEW
NYC,2023-06-04 01:51,59.00,48.00,5.00,M,30.12,0.00,10.00,OVC
NYC,2023-06-04 02:51,58.00,46.00,8.00,70.00,30.13,0.00,10.00,OVC
NYC,2023-06-04 03:51,56.00,45.00,6.00,M,30.13,0.00,10.00,BKN
NYC,2023-06-04 04:51,55.00,44.00,8.00,40.00,30.12,0.00,10.00,BKN
NYC,2023-06-04 05:51,53.00,43.00,8.00,50.00,30.12,0.00,10.00,BKN
NYC,2023-06-04 06:51,52.00,41.00,8.00,50.00,30.12,0.00,10.00,FEW
NYC,2023-06-04 07:51,51.00,43.00,4.00,30.00,30.10,0.00,10.00,CLR
NYC,2023-06-04 08:51,50.00,41.00,3.00,M,30.08,0.00,10.00,CLR
NYC,2023-06-04 09:51,49.00,42.00,0.00,0.00,30.08,0.00,10.00,CLR
NYC,2023-06-04 10:51,51.00,43.00,0.00,0.00,30.08,0.00,10.00,CLR
NYC,2023-06-04 11:51,53.00,44.00,0.00,0.00,30.09,0.00,10.00,OVC
NYC,2023-06-04 12:51,54.00,45.00,0.00,0.00,30.08,0.00,10.00,FEW
NYC,2023-06-04 13:51,58.00,44.00,4.00,M,30.06,0.00,10.00,CLR
NYC,2023-06-04 14:51,60.00,43.00,3.00,M,30.04,0.00,10.00,SCT
NYC,2023-06-04 15:51,63.00,45.00,6.00,40.00,30.03,0.00,10.00,FEW
NYC,2023-06-04 16:51,66.00,42.00,9.00,40.00,30.01,0.00,10.00,BKN
NYC,2023-06-04 17:51,66.00,42.00,7.00,40.00,29.99,0.00,10.00,OVC
NYC,2023-06-04 18:51,68.00,43.00,7.00,40.00,29.98,0.00,10.00,SCT
NYC,2023-06-04 19:51,69.00,42.00,12.00,50.00,29.97,0.00,10.00,FEW
NYC,2023-06-04 20:51,66.00,42.00,9.00,50.00,29.98,0.00,10.00,OVC
NYC,2023-06-04 21:51,65.00,41.00,9.00,20.00,29.98,0.00,10.00,OVC
NYC,2023-06-04 22:51,65.00,41.00,M,M,29.99,0.00,10.00,OVC
NYC,2023-06-04 23:51,63.00,46.00,10.00,80.00,30.00,0.00,10.00,BKN
NYC,2023-06-05 00:51,61.00,45.00,6.00,70.00,30.01,0.00,10.00,FEW
NYC,2023-06-05 01:51,61.00,45.00,4.00,M,30.03,0.00,10.00,OVC
NYC,2023-06-05 02:51,61.00,44.00,0.00,0.00,30.02,0.00,10.00,OVC
NYC,2023-06-05 03:51,60.00,43.00,3.00,M,30.02,0.00,10.00,OVC
NYC,2023-06-05 04:51,59.00,43.00,3.00,M,30.00,0.00,10.00,BKN
NYC,2023-06-05 05:51,57.00,44.00,0.00,0.00,29.98,0.00,10.00,FEW
NYC,2023-06-05 06:51,56.00,44.00,0.00,0.00,29.97,0.00,10.00,CLR
NYC,2023-06-05 07:51,56.00,43.00,3.00,M,29.97,0.00,10.00,CLR
NYC,2023-06-05 08:51,56.00,44.00,0.00,0.00,29.96,0.00,10.00,FEW
NYC,2023-06-05 09:51,56.00,44.00,3.00,M,29.96,0.00,10.00,SCT
NYC,2023-06-05 10:51,56.00,45.00,3.00,290.00,29.96,0.00,10.00,CLR
NYC,2023-06-05 11:51,58.00,45.00,6.00,280.00,29.95,0.00,10.00,CLR
NYC,2023-06-05 12:51,61.00,45.00,3.00,M,29.95,T,10.00,CLR
NYC,2023-06-05 13:51,63.00,45.00,0.00,0.00,29.93,0.00,10.00,FEW
NYC,2023-06-05 14:51,67.00,46.00,5.00,M,29.91,0.00,10.00,CLR
NYC,2023-06-05 15:51,71.00,46.00,3.00,M,29.89,0.00,10.00,SCT
NYC,2023-06-05 16:51,73.00,46.00,4.00,M,29.88,0.00,10.00,FEW
NYC,2023-06-05 17:51,75.00,45.00,8.00,50.00,29.85,0.00,10.00,BKN
NYC,2023-06-05 18:51,75.00,46.00,6.00,M,29.83,0.00,10.00,SCT
NYC,2023-06-05 19:51,74.00,46.00,M,M,29.83,0.00,10.00,BKN
NYC,2023-06-05 20:51,74.00,47.00,3.00,M,29.82,0.00,10.00,FEW
NYC,2023-06-05 21:51,73.00,47.00,0.00,0.00,29.82,0.00,10.00,OVC
NYC,2023-06-05 22:51,72.00,47.00,0.00,0.00,29.81,0.00,10.00,BKN
NYC,2023-06-05 23:51,71.00,45.00,0.00,0.00,29.81,0.00,10.00,FEW
NYC,2023-06-06 00:51,72.00,40.00,5.00,M,29.81,0.00,8.00,BKN
NYC,2023-06-06 01:51,70.00,40.00,4.00,M,29.82,0.00,7.00,CLR
NYC,2023-06-06 02:51,69.00,38.00,3.00,M,29.82,0.00,6.00,FEW
NYC,2023-06-06 03:51,67.00,39.00,0.00,0.00,29.81,0.00,6.00,CLR
NYC,2023-06-06 04:51,66.00,39.00,0.00,0.00,29.80,0.00,5.00,CLR
NYC,2023-06-06 05:51,64.00,39.00,0.00,0.00,29.80,0.00,5.00,CLR
NYC,2023-06-06 06:51,64.00,39.00,0.00,0.00,29.79,0.00,5.00,CLR
NYC,2023-06-06 07:51,63.00,40.00,0.00,0.00,29.78,0.00,5.00,CLR
NYC,2023-06-06 08:51,61.00,40.00,4.00,280.00,29.78,0.00,5.00,CLR
NYC,2023-06-06 09:51,61.00,39.00,5.00,280.00,29.78,0.00,4.00,CLR
NYC,2023-06-06 10:51,60.00,42.00,3.00,M,29.76,0.00,4.00,CLR
NYC,2023-06-06 11:51,63.00,42.00,5.00,260.00,29.75,0.00,4.00,CLR
NYC,2023-06-06 12:51,64.00,43.00,6.00,270.00,29.75,T,5.00,SCT
NYC,2023-06-06 13:51,63.00,47.00,4.00,M,29.74,T,5.00,FEW
NYC,2023-06-06 14:51,68.00,47.00,3.00,230.00,29.71,0.00,5.00,CLR
NYC,2023-06-06 15:51,73.00,49.00,0.00,0.00,29.68,0.00,4.00,CLR
NYC,2023-06-06 16:51,77.00,46.00,4.00,M,29.65,0.00,4.00,CLR
NYC,2023-06-06 17:51,76.00,45.00,5.00,310.00,29.62,0.00,4.00,FEW
NYC,2023-06-06 18:51,76.00,42.00,5.00,M,29.61,T,4.00,BKN
NYC,2023-06-06 19:51,78.00,43.00,4.00,M,29.59,T,4.00,CLR
NYC,2023-06-06 20:51,71.00,47.00,7.00,70.00,29.61,0.00,4.00,BKN
NYC,2023-06-06 21:51,71.00,48.00,0.00,0.00,29.62,0.00,4.00,OVC
NYC,2023-06-06 22:51,72.00,45.00,3.00,M,29.62,0.00,2.50,OVC
NYC,2023-06-06 23:51,70.00,41.00,7.00,300.00,29.63,0.00,2.50,OVC
NYC,2023-06-07 00:51,68.00,44.00,3.00,M,29.66,0.00,3.00,OVC
NYC,2023-06-07 01:51,67.00,45.00,5.00,M,29.68,0.00,3.00,OVC
NYC,2023-06-07 02:51,65.00,46.00,0.00,0.00,29.68,0.00,3.00,OVC
NYC,2023-06-07 03:51,64.00,45.00,3.00,M,29.68,0.00,3.00,OVC
NYC,2023-06-07 04:51,63.00,44.00,6.00,300.00,29.67,0.00,3.00,OVC
NYC,2023-06-07 05:51,61.00,45.00,4.00,M,29.66,0.00,3.00,OVC
NYC,2023-06-07 06:51,61.00,42.00,7.00,280.00,29.66,0.00,4.00,OVC
NYC,2023-06-07 07:51,60.00,42.00,3.00,M,29.66,0.00,4.00,CLR
NYC,2023-06-07 08:51,58.00,42.00,0.00,0.00,29.66,0.00,4.00,CLR
NYC,2023-06-07 09:51,58.00,42.00,4.00,M,29.66,0.00,3.00,CLR
NYC,2023-06-07 10:51,58.00,42.00,5.00,M,29.67,0.00,3.00,FEW
NYC,2023-06-07 11:51,59.00,44.00,4.00,M,29.67,0.00,3.00,CLR
NYC,2023-06-07 12:51,62.00,44.00,4.00,M,29.67,0.00,3.00,CLR
NYC,2023-06-07 13:51,64.00,44.00,8.00,310.00,29.67,0.00,3.00,CLR
NYC,2023-06-07 14:51,66.00,45.00,3.00,M,29.66,0.00,3.00,BKN
NYC,2023-06-07 15:51,68.00,43.00,8.00,280.00,29.65,0.00,2.00,FEW
NYC,2023-06-07 16:51,69.00,41.00,6.00,M,29.64,0.00,1.00,BKN
NYC,2023-06-07 17:51,66.00,37.00,5.00,M,29.65,0.00,0.75,BKN
NYC,2023-06-07 18:51,66.00,37.00,6.00,M,29.64,0.00,0.75,BKN
NYC,2023-06-07 19:51,66.00,38.00,6.00,M,29.65,0.00,1.25,BKN
NYC,2023-06-07 20:51,67.00,39.00,4.00,M,29.65,0.00,1.50,OVC
NYC,2023-06-07 21:51,67.00,40.00,4.00,M,29.66,0.00,1.25,BKN
NYC,2023-06-07 22:51,67.00,40.00,M,M,29.66,0.00,1.25,OVC
NYC,2023-06-07 23:51,66.00,40.00,5.00,280.00,29.68,0.00,1.25,OVC
NYC,2023-06-08 00:51,64.00,40.00,3.00,M,29.69,0.00,2.00,OVC
NYC,2023-06-08 01:51,63.00,37.00,3.00,270.00,29.69,0.00,2.00,OVC
NYC,2023-06-08 02:51,62.00,37.00,3.00,M,29.70,0.00,2.00,OVC
NYC,2023-06-08 03:51,61.00,36.00,4.00,330.00,29.72,0.00,2.50,OVC
NYC,2023-06-08 04:51,58.00,41.00,0.00,0.00,29.70,0.00,2.50,OVC
NYC,2023-06-08 05:51,57.00,44.00,0.00,0.00,29.70,0.00,3.00,OVC
NYC,2023-06-08 06:51,57.00,45.00,0.00,0.00,29.70,0.00,3.00,OVC
NYC,2023-06-08 07:51,56.00,45.00,0.00,0.00,29.69,0.00,3.00,OVC
NYC,2023-06-08 08:51,57.00,45.00,3.00,300.00,29.69,0.00,2.50,OVC
NYC,2023-06-08 09:51,55.00,44.00,3.00,300.00,29.72,0.00,1.50,OVC
NYC,2023-06-08 10:51,57.00,43.00,3.00,M,29.74,0.00,1.75,OVC
NYC,2023-06-08 11:51,58.00,44.00,0.00,0.00,29.75,0.00,1.75,OVC
NYC,2023-06-08 12:51,60.00,44.00,3.00,M,29.75,0.00,2.00,OVC
NYC,2023-06-08 13:51,62.00,45.00,0.00,0.00,29.75,0.00,2.50,SCT
NYC,2023-06-08 14:51,65.00,44.00,6.00,10.00,29.74,0.00,3.00,BKN
NYC,2023-06-08 15:51,69.00,44.00,3.00,M,29.73,0.00,4.00,FEW
NYC,2023-06-08 16:51,71.00,44.00,4.00,M,29.72,0.00,4.00,FEW
NYC,2023-06-08 17:51,70.00,43.00,5.00,M,29.70,0.00,6.00,BKN
NYC,2023-06-08 18:51,70.00,42.00,3.00,M,29.71,0.00,5.00,FEW
NYC,2023-06-08 19:51,68.00,46.00,5.00,M,29.72,0.00,4.00,FEW
NYC,2023-06-08 20:51,67.00,44.00,3.00,M,29.72,0.00,4.00,OVC
NYC,2023-06-08 21:51,67.00,46.00,4.00,M,29.72,0.00,4.00,OVC
NYC,2023-06-08 22:51,66.00,46.00,0.00,0.00,29.73,0.00,4.00,FEW
NYC,2023-06-08 23:51,66.00,46.00,0.00,0.00,29.74,0.00,5.00,OVC
NYC,2023-06-09 00:51,65.00,45.00,3.00,20.00,29.75,0.00,6.00,OVC
NYC,2023-06-09 01:51,64.00,45.00,4.00,350.00,29.77,0.00,8.00,OVC
NYC,2023-06-09 02:51,63.00,45.00,0.00,0.00,29.77,0.00,8.00,OVC
NYC,2023-06-09 03:51,63.00,46.00,0.00,0.00,29.77,0.00,9.00,OVC
NYC,2023-06-09 04:51,61.00,46.00,3.00,M,29.76,0.00,10.00,BKN
NYC,2023-06-09 05:51,61.00,46.00,7.00,290.00,29.76,0.00,10.00,OVC
NYC,2023-06-09 06:51,60.00,46.00,5.00,300.00,29.75,0.00,10.00,CLR
NYC,2023-06-09 07:51,60.00,47.00,4.00,M,29.75,0.00,10.00,BKN
NYC,2023-06-09 08:51,59.00,47.00,6.00,M,29.75,0.00,10.00,CLR
NYC,2023-06-09 09:51,58.00,48.00,4.00,300.00,29.77,0.00,10.00,CLR
NYC,2023-06-09 10:51,58.00,49.00,0.00,0.00,29.77,0.00,10.00,CLR
NYC,2023-06-09 11:51,59.00,48.00,0.00,0.00,29.79,0.00,10.00,CLR
NYC,2023-06-09 12:51,62.00,48.00,4.00,320.00,29.79,0.00,10.00,FEW
NYC,2023-06-09 13:51,63.00,48.00,5.00,M,29.79,0.00,10.00,CLR
NYC,2023-06-09 14:51,66.00,47.00,4.00,10.00,29.79,0.00,10.00,CLR
NYC,2023-06-09 15:51,70.00,47.00,3.00,M,29.78,0.00,10.00,FEW
NYC,2023-06-09 16:51,67.00,47.00,3.00,M,29.77,0.00,10.00,FEW
NYC,2023-06-09 17:51,69.00,46.00,0.00,0.00,29.75,T,10.00,FEW
NYC,2023-06-09 18:51,72.00,43.00,0.00,0.00,29.73,T,10.00,BKN
NYC,2023-06-09 19:51,70.00,46.00,M,M,29.72,0.00,10.00,BKN
NYC,2023-06-09 20:51,70.00,45.00,6.00,50.00,29.72,0.00,10.00,BKN
NYC,2023-06-09 21:51,69.00,47.00,6.00,M,29.73,0.00,10.00,OVC
NYC,2023-06-09 22:51,69.00,45.00,0.00,0.00,29.73,0.00,10.00,OVC
NYC,2023-06-09 23:51,67.00,48.00,9.00,240.00,29.75,0.00,10.00,BKN
NYC,2023-06-10 00:51,65.00,47.00,0.00,0.00,29.76,0.00,10.00,BKN
NYC,2023-06-10 01:51,65.00,46.00,0.00,0.00,29.78,0.00,10.00,FEW
NYC,2023-06-10 02:51,64.00,47.00,3.00,340.00,29.78,0.00,10.00,FEW
NYC,2023-06-10 03:51,63.00,47.00,4.00,M,29.78,0.00,10.00,BKN
NYC,2023-06-10 04:51,62.00,48.00,4.00,280.00,29.77,0.00,10.00,FEW
NYC,2023-06-10 05:51,61.00,48.00,5.00,300.00,29.77,0.00,10.00,BKN
NYC,2023-06-10 06:51,60.00,48.00,3.00,300.00,29.76,0.00,10.00,CLR
NYC,2023-06-10 07:51,59.00,48.00,5.00,290.00,29.76,0.00,10.00,BKN
NYC,2023-06-10 08:51,58.00,49.00,3.00,300.00,29.77,0.00,10.00,CLR
NYC,2023-06-10 09:51,58.00,49.00,3.00,M,29.79,0.00,10.00,CLR
NYC,2023-06-10 10:51,59.00,50.00,0.00,0.00,29.80,0.00,10.00,CLR
NYC,2023-06-10 11:51,60.00,50.00,4.00,M,29.81,0.00,10.00,CLR
NYC,2023-06-10 12:51,63.00,49.00,5.00,M,29.83,0.00,10.00,CLR
NYC,2023-06-10 13:51,66.00,49.00,0.00,0.00,29.82,0.00,10.00,CLR
NYC,2023-06-10 14:51,69.00,48.00,6.00,M,29.82,0.00,10.00,FEW
NYC,2023-06-10 15:51,73.00,47.00,5.00,M,29.82,0.00,10.00,FEW
NYC,2023-06-10 16:51,75.00,48.00,6.00,M,29.80,0.00,10.00,SCT
NYC,2023-06-10 17:51,75.00,46.00,5.00,M,29.80,0.00,10.00,FEW
NYC,2023-06-10 18:51,75.00,47.00,6.00,M,29.80,0.00,10.00,CLR
NYC,2023-06-10 19:51,75.00,46.00,7.00,300.00,29.80,0.00,10.00,FEW
NYC,2023-06-10 20:51,77.00,48.00,4.00,M,29.80,0.00,9.00,SCT
NYC,2023-06-10 21:51,77.00,46.00,4.00,300.00,29.80,0.00,10.00,CLR
NYC,2023-06-10 22:51,75.00,47.00,3.00,M,29.82,0.00,9.00,SCT
NYC,2023-06-10 23:51,72.00,50.00,4.00,M,29.83,0.00,9.00,FEW
NYC,2023-06-11 00:51,71.00,51.00,0.00,0.00,29.85,0.00,10.00,CLR
NYC,2023-06-11 01:51,70.00,52.00,M,M,29.86,0.00,10.00,CLR
NYC,2023-06-11 02:51,70.00,54.00,0.00,0.00,29.87,0.00,9.00,FEW
NYC,2023-06-11 03:51,67.00,56.00,0.00,0.00,29.88,T,10.00,BKN
NYC,2023-06-11 04:51,68.00,56.00,0.00,0.00,29.89,0.00,9.00,BKN
NYC,2023-06-11 05:51,66.00,59.00,0.00,0.00,29.88,0.01,9.00,BKN
NYC,2023-06-11 06:51,65.00,61.00,0.00,0.00,29.89,T,8.00,FEW
NYC,2023-06-11 07:51,65.00,57.00,3.00,M,29.88,0.00,8.00,CLR
NYC,2023-06-11 08:51,66.00,57.00,0.00,0.00,29.89,0.00,8.00,CLR
NYC,2023-06-11 09:51,65.00,59.00,0.00,0.00,29.89,0.00,6.00,CLR
NYC,2023-06-11 10:51,67.00,59.00,0.00,0.00,29.90,0.00,6.00,CLR
NYC,2023-06-11 11:51,69.00,59.00,0.00,0.00,29.90,0.00,6.00,CLR
NYC,2023-06-11 12:51,71.00,57.00,0.00,0.00,29.91,0.00,6.00,CLR
NYC,2023-06-11 13:51,74.00,60.00,0.00,0.00,29.91,0.00,5.00,CLR
NYC,2023-06-11 14:51,77.00,56.00,0.00,0.00,29.91,0.00,6.00,CLR
NYC,2023-06-11 15:51,81.00,57.00,0.00,0.00,29.90,0.00,7.00,CLR
NYC,2023-06-11 16:51,81.00,57.00,5.00,M,29.89,0.00,6.00,FEW
NYC,2023-06-11 17:51,81.00,57.00,M,M,29.88,0.00,7.00,SCT
NYC,2023-06-11 18:51,79.00,58.00,0.00,0.00,29.87,0.00,7.00,CLR
NYC,2023-06-11 19:51,76.00,59.00,0.00,0.00,29.87,0.00,7.00,BKN
NYC,2023-06-11 20:51,76.00,57.00,6.00,M,29.85,0.00,6.00,FEW
NYC,2023-06-11 21:51,76.00,55.00,0.00,0.00,29.84,0.00,7.00,SCT
NYC,2023-06-11 22:51,73.00,57.00,3.00,M,29.85,0.00,6.00,CLR
NYC,2023-06-11 23:51,72.00,58.00,0.00,0.00,29.84,0.00,6.00,CLR
NYC,2023-06-12 00:51,71.00,59.00,M,M,29.85,0.00,7.00,CLR
NYC,2023-06-12 01:51,71.00,59.00,0.00,0.00,29.86,0.00,7.00,CLR
NYC,2023-06-12 02:51,70.00,60.00,0.00,0.00,29.86,0.00,7.00,CLR
NYC,2023-06-12 03:51,72.00,58.00,0.00,0.00,29.86,0.00,8.00,CLR
NYC,2023-06-12 04:51,72.00,58.00,0.00,0.00,29.85,0.00,8.00,CLR
NYC,2023-06-12 05:51,71.00,59.00,0.00,0.00,29.85,0.00,8.00,CLR
NYC,2023-06-12 06:51,71.00,60.00,0.00,0.00,29.84,0.00,8.00,FEW
NYC,2023-06-12 07:51,70.00,61.00,0.00,0.00,29.83,0.00,7.00,FEW
NYC,2023-06-12 08:51,69.00,62.00,0.00,0.00,29.82,0.00,7.00,SCT
NYC,2023-06-12 09:51,68.00,62.00,0.00,0.00,29.83,0.00,6.00,CLR
NYC,2023-06-12 10:51,68.00,62.00,3.00,M,29.83,0.00,5.00,CLR
NYC,2023-06-12 11:51,69.00,62.00,0.00,0.00,29.83,0.00,5.00,CLR
NYC,2023-06-12 12:51,70.00,62.00,0.00,0.00,29.83,0.00,5.00,FEW
NYC,2023-06-12 13:51,72.00,63.00,6.00,120.00,29.83,0.00,5.00,FEW
NYC,2023-06-12 14:51,73.00,64.00,0.00,0.00,29.81,0.00,6.00,M
NYC,2023-06-12 15:51,74.00,64.00,M,M,29.80,0.00,6.00,FEW
NYC,2023-06-12 16:51,75.00,64.00,M,M,29.78,0.00,6.00,FEW
NYC,2023-06-12 17:51,76.00,66.00,5.00,M,29.75,0.00,6.00,BKN
NYC,2023-06-12 18:51,76.00,65.00,6.00,M,29.72,0.00,6.00,SCT
NYC,2023-06-12 19:51,76.00,64.00,M,M,29.70,0.00,8.00,SCT
NYC,2023-06-12 20:51,73.00,65.00,6.00,M,29.69,0.00,7.00,SCT
NYC,2023-06-12 21:51,72.00,65.00,M,M,29.68,0.00,6.00,BKN
NYC,2023-06-12 22:51,71.00,65.00,3.00,M,29.68,0.00,6.00,OVC
NYC,2023-06-12 23:51,70.00,63.00,0.00,0.00,29.66,0.01,2.50,SCT
NYC,2023-06-13 00:51,67.00,65.00,3.00,M,29.65,0.20,2.00,OVC
NYC,2023-06-13 01:51,67.00,65.00,3.00,M,29.64,0.08,2.50,OVC
NYC,2023-06-13 02:51,68.00,66.00,4.00,M,29.63,0.01,1.75,BKN
NYC,2023-06-13 03:51,68.00,66.00,3.00,230.00,29.63,T,2.50,BKN
NYC,2023-06-13 04:51,67.00,64.00,4.00,M,29.61,0.00,8.00,FEW
NYC,2023-06-13 05:51,66.00,64.00,3.00,240.00,29.63,0.00,7.00,BKN
NYC,2023-06-13 06:51,65.00,62.00,8.00,290.00,29.65,0.00,10.00,OVC
NYC,2023-06-13 07:51,66.00,61.00,4.00,280.00,29.65,0.00,10.00,OVC
NYC,2023-06-13 08:51,64.00,58.00,6.00,M,29.67,0.00,10.00,OVC
NYC,2023-06-13 09:51,64.00,57.00,5.00,280.00,29.69,0.00,10.00,OVC
NYC,2023-06-13 10:51,64.00,57.00,M,M,29.70,0.00,10.00,OVC
NYC,2023-06-13 11:51,65.00,56.00,4.00,M,29.71,0.00,10.00,OVC
NYC,2023-06-13 12:51,66.00,55.00,9.00,280.00,29.71,0.00,10.00,SCT
NYC,2023-06-13 13:51,68.00,55.00,5.00,300.00,29.72,0.00,10.00,SCT
NYC,2023-06-13 14:51,70.00,56.00,4.00,M,29.72,0.00,10.00,BKN
NYC,2023-06-13 15:51,72.00,55.00,5.00,M,29.73,0.00,10.00,OVC
NYC,2023-06-13 16:51,72.00,53.00,6.00,M,29.72,0.00,10.00,BKN
NYC,2023-06-13 17:51,76.00,51.00,8.00,290.00,29.70,0.00,10.00,BKN
NYC,2023-06-13 18:51,77.00,49.00,4.00,M,29.68,0.00,10.00,FEW
NYC,2023-06-13 19:51,77.00,50.00,M,M,29.68,0.00,10.00,CLR
NYC,2023-06-13 20:51,78.00,50.00,M,M,29.68,0.00,10.00,CLR
NYC,2023-06-13 21:51,76.00,46.00,4.00,M,29.68,0.00,10.00,CLR
NYC,2023-06-13 22:51,75.00,47.00,3.00,M,29.70,0.00,10.00,CLR
NYC,2023-06-13 23:51,73.00,48.00,4.00,M,29.71,0.00,10.00,FEW
NYC,2023-06-14 00:51,73.00,47.00,0.00,0.00,29.71,0.00,10.00,CLR
NYC,2023-06-14 01:51,71.00,48.00,4.00,M,29.73,0.00,10.00,CLR
NYC,2023-06-14 02:51,70.00,47.00,3.00,M,29.72,0.00,10.00,CLR
NYC,2023-06-14 03:51,69.00,46.00,0.00,0.00,29.71,0.00,10.00,CLR
NYC,2023-06-14 04:51,67.00,45.00,0.00,0.00,29.70,0.00,10.00,CLR
NYC,2023-06-14 05:51,67.00,46.00,0.00,0.00,29.69,0.00,10.00,CLR
NYC,2023-06-14 06:51,66.00,48.00,0.00,0.00,29.68,0.00,10.00,CLR
NYC,2023-06-14 07:51,65.00,51.00,0.00,0.00,29.66,0.00,10.00,CLR
NYC,2023-06-14 08:51,65.00,56.00,0.00,0.00,29.65,0.00,10.00,CLR
NYC,2023-06-14 09:51,65.00,57.00,0.00,0.00,29.64,0.00,10.00,CLR
NYC,2023-06-14 10:51,67.00,58.00,0.00,0.00,29.63,0.00,10.00,CLR
NYC,2023-06-14 11:51,68.00,57.00,0.00,0.00,29.63,0.00,10.00,CLR
NYC,2023-06-14 12:51,70.00,58.00,0.00,0.00,29.62,0.00,10.00,CLR
NYC,2023-06-14 13:51,72.00,58.00,3.00,M,29.60,0.00,10.00,BKN
NYC,2023-06-14 14:51,73.00,58.00,0.00,0.00,29.58,0.00,10.00,SCT
NYC,2023-06-14 15:51,75.00,60.00,M,M,29.57,0.00,10.00,SCT
NYC,2023-06-14 16:51,72.00,61.00,M,M,29.54,0.00,10.00,FEW
NYC,2023-06-14 17:51,64.00,60.00,3.00,M,29.55,0.07,8.00,SCT
NYC,2023-06-14 18:51,64.00,59.00,9.00,270.00,29.55,T,7.00,FEW
NYC,2023-06-14 19:51,69.00,60.00,4.00,M,29.53,T,10.00,FEW
NYC,2023-06-14 20:51,70.00,57.00,4.00,M,29.51,0.00,10.00,FEW
NYC,2023-06-14 21:51,65.00,57.00,4.00,260.00,29.51,0.07,10.00,CLR
NYC,2023-06-14 22:51,68.00,54.00,8.00,280.00,29.52,0.00,10.00,BKN
NYC,2023-06-14 23:51,68.00,52.00,7.00,280.00,29.53,0.00,10.00,FEW
NYC,2023-06-15 00:51,67.00,50.00,10.00,280.00,29.54,0.00,10.00,CLR
NYC,2023-06-15 01:51,66.00,52.00,5.00,M,29.56,0.00,10.00,CLR
NYC,2023-06-15 02:51,65.00,52.00,5.00,M,29.57,0.00,10.00,CLR
NYC,2023-06-15 03:51,64.00,52.00,4.00,M,29.58,0.00,10.00,CLR
NYC,2023-06-15 04:51,63.00,53.00,6.00,M,29.59,0.00,10.00,CLR
NYC,2023-06-15 05:51,63.00,53.00,4.00,M,29.58,0.00,10.00,CLR
NYC,2023-06-15 06:51,62.00,52.00,M,M,29.58,0.00,10.00,CLR
NYC,2023-06-15 07:51,61.00,53.00,3.00,M,29.58,0.00,10.00,CLR
NYC,2023-06-15 08:51,61.00,52.00,3.00,M,29.59,0.00,10.00,CLR
NYC,2023-06-15 09:51,61.00,52.00,4.00,M,29.60,0.00,10.00,SCT
NYC,2023-06-15 10:51,62.00,53.00,5.00,260.00,29.61,0.00,10.00,BKN
NYC,2023-06-15 11:51,64.00,53.00,5.00,M,29.63,0.00,10.00,BKN
NYC,2023-06-15 12:51,66.00,53.00,9.00,280.00,29.64,0.00,10.00,FEW
NYC,2023-06-15 13:51,68.00,53.00,6.00,M,29.65,0.00,10.00,CLR
NYC,2023-06-15 14:51,70.00,52.00,3.00,M,29.66,0.00,10.00,SCT
NYC,2023-06-15 15:51,71.00,54.00,6.00,280.00,29.67,0.00,10.00,BKN
NYC,2023-06-15 16:51,71.00,54.00,4.00,M,29.67,0.00,10.00,BKN
NYC,2023-06-15 17:51,73.00,54.00,3.00,M,29.68,0.00,10.00,SCT
NYC,2023-06-15 18:51,75.00,54.00,M,M,29.67,0.00,10.00,FEW
NYC,2023-06-15 19:51,76.00,54.00,5.00,M,29.67,0.00,10.00,FEW
NYC,2023-06-15 20:51,76.00,54.00,8.00,260.00,29.67,0.00,10.00,SCT
NYC,2023-06-15 21:51,76.00,54.00,7.00,270.00,29.67,0.00,10.00,FEW
NYC,2023-06-15 22:51,77.00,53.00,8.00,280.00,29.68,0.00,10.00,FEW
NYC,2023-06-15 23:51,76.00,53.00,5.00,M,29.69,0.00,10.00,CLR
NYC,2023-06-16 00:51,74.00,53.00,3.00,280.00,29.72,0.00,10.00,CLR
NYC,2023-06-16 01:51,73.00,52.00,5.00,M,29.74,0.00,10.00,BKN
NYC,2023-06-16 02:51,72.00,53.00,0.00,0.00,29.75,0.00,10.00,CLR
NYC,2023-06-16 03:51,70.00,53.00,3.00,280.00,29.77,0.00,10.00,CLR
NYC,2023-06-16 04:51,69.00,54.00,0.00,0.00,29.76,0.00,10.00,CLR
NYC,2023-06-16 05:51,69.00,54.00,3.00,M,29.76,0.00,10.00,CLR
NYC,2023-06-16 06:51,68.00,54.00,0.00,0.00,29.75,0.00,10.00,CLR
NYC,2023-06-16 07:51,69.00,54.00,0.00,0.00,29.75,0.00,10.00,CLR
NYC,2023-06-16 08:51,66.00,55.00,0.00,0.00,29.75,0.00,10.00,FEW
NYC,2023-06-16 09:51,66.00,55.00,0.00,0.00,29.76,0.00,10.00,CLR
NYC,2023-06-16 10:51,68.00,54.00,0.00,0.00,29.76,0.00,10.00,CLR
NYC,2023-06-16 11:51,69.00,55.00,0.00,0.00,29.77,0.00,10.00,CLR
NYC,2023-06-16 12:51,72.00,55.00,0.00,0.00,29.77,0.00,10.00,CLR
NYC,2023-06-16 13:51,75.00,52.00,3.00,240.00,29.77,0.00,10.00,CLR
NYC,2023-06-16 14:51,77.00,51.00,0.00,0.00,29.76,0.00,10.00,CLR
NYC,2023-06-16 15:51,78.00,51.00,5.00,M,29.73,0.00,10.00,CLR
NYC,2023-06-16 16:51,76.00,52.00,3.00,200.00,29.71,0.00,10.00,FEW
NYC,2023-06-16 17:51,65.00,61.00,7.00,200.00,29.77,0.05,2.50,SCT
NYC,2023-06-16 18:51,64.00,62.00,5.00,110.00,29.73,0.15,1.00,BKN
NYC,2023-06-16 19:51,64.00,62.00,3.00,M,29.70,0.03,4.00,SCT
NYC,2023-06-16 20:51,66.00,60.00,4.00,M,29.69,0.00,10.00,CLR
NYC,2023-06-16 21:51,68.00,57.00,5.00,100.00,29.70,0.00,10.00,CLR
NYC,2023-06-16 22:51,67.00,56.00,0.00,0.00,29.71,0.00,10.00,SCT
NYC,2023-06-16 23:51,67.00,56.00,0.00,0.00,29.70,0.00,10.00,FEW
NYC,2023-06-17 00:51,66.00,57.00,6.00,50.00,29.70,0.00,10.00,OVC
NYC,2023-06-17 01:51,65.00,58.00,5.00,50.00,29.72,0.00,10.00,OVC
NYC,2023-06-17 02:51,66.00,57.00,3.00,70.00,29.71,0.00,10.00,OVC
NYC,2023-06-17 03:51,64.00,56.00,3.00,50.00,29.70,0.00,10.00,CLR
NYC,2023-06-17 04:51,64.00,57.00,0.00,0.00,29.69,0.00,10.00,SCT
NYC,2023-06-17 05:51,64.00,58.00,0.00,0.00,29.69,0.00,9.00,BKN
NYC,2023-06-17 06:51,63.00,58.00,3.00,300.00,29.68,0.00,9.00,FEW
NYC,2023-06-17 07:51,62.00,57.00,0.00,0.00,29.68,0.00,10.00,CLR
NYC,2023-06-17 08:51,62.00,57.00,4.00,300.00,29.68,0.00,9.00,SCT
NYC,2023-06-17 09:51,63.00,57.00,0.00,0.00,29.69,0.00,10.00,OVC
NYC,2023-06-17 10:51,63.00,57.00,0.00,0.00,29.70,0.00,10.00,BKN
NYC,2023-06-17 11:51,64.00,56.00,4.00,300.00,29.70,0.00,10.00,FEW
NYC,2023-06-17 12:51,65.00,55.00,4.00,M,29.70,0.00,10.00,FEW
NYC,2023-06-17 13:51,68.00,56.00,M,M,29.69,0.00,10.00,FEW
NYC,2023-06-17 14:51,70.00,55.00,3.00,M,29.69,0.00,10.00,SCT
NYC,2023-06-17 15:51,72.00,53.00,M,M,29.70,0.00,8.00,FEW
NYC,2023-06-17 16:51,75.00,51.00,6.00,M,29.69,0.00,7.00,FEW
NYC,2023-06-17 17:51,76.00,45.00,8.00,310.00,29.67,0.00,7.00,FEW
NYC,2023-06-17 18:51,77.00,46.00,6.00,M,29.66,0.00,8.00,CLR
NYC,2023-06-17 19:51,75.00,48.00,7.00,310.00,29.67,0.00,7.00,SCT
NYC,2023-06-17 20:51,75.00,48.00,7.00,250.00,29.67,0.00,7.00,CLR
NYC,2023-06-17 21:51,72.00,46.00,7.00,20.00,29.70,0.00,7.00,SCT
NYC,2023-06-17 22:51,67.00,50.00,6.00,M,29.74,T,4.00,BKN
NYC,2023-06-17 23:51,67.00,51.00,0.00,0.00,29.75,T,5.00,CLR
NYC,2023-06-18 00:51,67.00,53.00,4.00,290.00,29.78,0.00,6.00,CLR
NYC,2023-06-18 01:51,67.00,52.00,4.00,M,29.79,0.00,5.00,FEW
NYC,2023-06-18 02:51,67.00,52.00,4.00,M,29.79,0.00,5.00,OVC
NYC,2023-06-18 03:51,67.00,50.00,6.00,M,29.80,0.00,6.00,SCT
NYC,2023-06-18 04:51,67.00,50.00,3.00,290.00,29.79,0.00,5.00,OVC
NYC,2023-06-18 05:51,66.00,50.00,4.00,M,29.79,0.00,6.00,CLR
NYC,2023-06-18 06:51,65.00,49.00,5.00,M,29.79,0.00,6.00,CLR
NYC,2023-06-18 07:51,64.00,50.00,4.00,270.00,29.80,0.00,8.00,CLR
NYC,2023-06-18 08:51,63.00,50.00,4.00,M,29.81,0.00,9.00,CLR
NYC,2023-06-18 09:51,63.00,49.00,4.00,M,29.83,0.00,7.00,CLR
NYC,2023-06-18 10:51,64.00,49.00,6.00,M,29.84,0.00,8.00,CLR
NYC,2023-06-18 11:51,66.00,52.00,5.00,M,29.85,0.00,10.00,CLR
NYC,2023-06-18 12:51,69.00,52.00,4.00,M,29.86,0.00,10.00,CLR
NYC,2023-06-18 13:51,71.00,52.00,6.00,M,29.85,0.00,10.00,CLR
NYC,2023-06-18 14:51,73.00,54.00,9.00,300.00,29.86,0.00,10.00,FEW
NYC,2023-06-18 15:51,75.00,54.00,5.00,M,29.86,0.00,10.00,BKN
NYC,2023-06-18 16:51,77.00,54.00,4.00,M,29.86,0.00,10.00,FEW
NYC,2023-06-18 17:51,75.00,54.00,4.00,270.00,29.87,0.00,10.00,FEW
NYC,2023-06-18 18:51,78.00,53.00,M,M,29.87,0.00,10.00,FEW
NYC,2023-06-18 19:51,79.00,53.00,7.00,300.00,29.88,0.00,10.00,OVC
NYC,2023-06-18 20:51,80.00,52.00,3.00,M,29.89,0.00,10.00,OVC
NYC,2023-06-18 21:51,79.00,52.00,4.00,M,29.88,0.00,10.00,FEW
NYC,2023-06-18 22:51,77.00,53.00,3.00,M,29.90,0.00,10.00,CLR
NYC,2023-06-18 23:51,77.00,51.00,3.00,M,29.91,0.00,10.00,OVC
NYC,2023-06-19 00:51,75.00,53.00,0.00,0.00,29.92,0.00,10.00,CLR
NYC,2023-06-19 01:51,72.00,54.00,0.00,0.00,29.94,0.00,10.00,CLR
NYC,2023-06-19 02:51,73.00,55.00,0.00,0.00,29.95,0.00,10.00,CLR
NYC,2023-06-19 03:51,72.00,55.00,0.00,0.00,29.97,0.00,10.00,CLR
NYC,2023-06-19 04:51,70.00,55.00,3.00,300.00,29.98,0.00,10.00,CLR
NYC,2023-06-19 05:51,68.00,57.00,3.00,20.00,29.99,0.00,10.00,CLR
NYC,2023-06-19 06:51,69.00,57.00,4.00,M,29.99,0.00,10.00,CLR
NYC,2023-06-19 07:51,67.00,57.00,3.00,M,30.00,0.00,10.00,CLR
NYC,2023-06-19 08:51,67.00,56.00,5.00,M,30.01,0.00,10.00,CLR
NYC,2023-06-19 09:51,66.00,56.00,3.00,60.00,30.03,0.00,10.00,SCT
NYC,2023-06-19 10:51,66.00,56.00,4.00,M,30.04,0.00,10.00,CLR
NYC,2023-06-19 11:51,68.00,55.00,4.00,M,30.05,0.00,10.00,CLR
NYC,2023-06-19 12:51,70.00,55.00,5.00,70.00,30.07,0.00,10.00,CLR
NYC,2023-06-19 13:51,71.00,56.00,7.00,50.00,30.09,0.00,10.00,CLR
NYC,2023-06-19 14:51,73.00,57.00,5.00,M,30.09,0.00,10.00,SCT
NYC,2023-06-19 15:51,76.00,58.00,6.00,50.00,30.10,0.00,10.00,FEW
NYC,2023-06-19 16:51,78.00,56.00,5.00,100.00,30.09,0.00,10.00,CLR
NYC,2023-06-19 17:51,79.00,56.00,6.00,90.00,30.07,0.00,10.00,CLR
NYC,2023-06-19 18:51,81.00,58.00,3.00,M,30.07,0.00,10.00,CLR
NYC,2023-06-19 19:51,77.00,61.00,M,M,30.07,0.00,10.00,CLR
NYC,2023-06-19 20:51,76.00,60.00,3.00,M,30.06,0.00,10.00,CLR
NYC,2023-06-19 21:51,76.00,60.00,0.00,0.00,30.06,0.00,10.00,CLR
NYC,2023-06-19 22:51,73.00,60.00,0.00,0.00,30.08,0.00,10.00,CLR
NYC,2023-06-19 23:51,73.00,57.00,4.00,M,30.10,0.00,10.00,CLR
NYC,2023-06-20 00:51,70.00,58.00,0.00,0.00,30.13,0.00,10.00,CLR
NYC,2023-06-20 01:51,68.00,58.00,3.00,M,30.15,0.00,10.00,CLR
NYC,2023-06-20 02:51,68.00,58.00,0.00,0.00,30.16,0.00,10.00,OVC
NYC,2023-06-20 03:51,67.00,59.00,0.00,0.00,30.18,0.00,9.00,FEW
NYC,2023-06-20 04:51,67.00,60.00,3.00,M,30.17,0.00,9.00,FEW
NYC,2023-06-20 05:51,66.00,59.00,5.00,M,30.17,0.00,9.00,SCT
NYC,2023-06-20 06:51,65.00,59.00,5.00,70.00,30.17,0.00,9.00,SCT
NYC,2023-06-20 07:51,65.00,59.00,5.00,70.00,30.17,0.00,10.00,OVC
NYC,2023-06-20 08:51,64.00,58.00,5.00,50.00,30.18,0.00,10.00,BKN
NYC,2023-06-20 09:51,64.00,58.00,4.00,M,30.20,0.00,10.00,OVC
NYC,2023-06-20 10:51,64.00,58.00,0.00,0.00,30.21,0.00,10.00,OVC
NYC,2023-06-20 11:51,65.00,58.00,6.00,50.00,30.23,0.00,10.00,OVC
NYC,2023-06-20 12:51,67.00,58.00,4.00,M,30.23,0.00,10.00,OVC
NYC,2023-06-20 13:51,67.00,58.00,6.00,90.00,30.24,0.00,10.00,OVC
NYC,2023-06-20 14:51,70.00,59.00,6.00,M,30.23,0.00,10.00,OVC
NYC,2023-06-20 15:51,73.00,59.00,5.00,M,30.23,0.00,10.00,SCT
NYC,2023-06-20 16:51,75.00,60.00,6.00,40.00,30.23,0.00,10.00,BKN
NYC,2023-06-20 17:51,77.00,59.00,6.00,M,30.22,0.00,10.00,CLR
NYC,2023-06-20 18:51,77.00,58.00,0.00,0.00,30.21,0.00,10.00,CLR
NYC,2023-06-20 19:51,76.00,59.00,0.00,0.00,30.21,0.00,10.00,CLR
NYC,2023-06-20 20:51,74.00,56.00,4.00,M,30.21,0.00,10.00,CLR
NYC,2023-06-20 21:51,74.00,53.00,4.00,M,30.21,0.00,10.00,CLR
NYC,2023-06-20 22:51,73.00,52.00,3.00,M,30.22,0.00,10.00,CLR
NYC,2023-06-20 23:51,71.00,51.00,8.00,100.00,30.23,0.00,10.00,CLR
NYC,2023-06-21 00:51,70.00,49.00,3.00,M,30.24,0.00,10.00,CLR
NYC,2023-06-21 01:51,69.00,49.00,6.00,60.00,30.25,0.00,10.00,FEW
NYC,2023-06-21 02:51,67.00,50.00,6.00,60.00,30.26,0.00,10.00,FEW
NYC,2023-06-21 03:51,65.00,53.00,9.00,70.00,30.27,0.00,10.00,CLR
NYC,2023-06-21 04:51,64.00,55.00,7.00,70.00,30.26,0.00,10.00,CLR
NYC,2023-06-21 05:51,63.00,55.00,6.00,60.00,30.27,0.00,10.00,FEW
NYC,2023-06-21 06:51,63.00,55.00,11.00,70.00,30.26,0.00,10.00,SCT
NYC,2023-06-21 07:51,62.00,54.00,9.00,60.00,30.26,0.00,10.00,BKN
NYC,2023-06-21 08:51,62.00,54.00,9.00,60.00,30.26,0.00,10.00,BKN
NYC,2023-06-21 09:51,62.00,55.00,8.00,70.00,30.28,0.00,10.00,BKN
NYC,2023-06-21 10:51,62.00,54.00,13.00,60.00,30.28,0.00,10.00,BKN
NYC,2023-06-21 11:51,62.00,54.00,13.00,70.00,30.30,0.00,10.00,BKN
NYC,2023-06-21 12:51,63.00,54.00,10.00,50.00,30.31,0.00,10.00,BKN
NYC,2023-06-21 13:51,65.00,54.00,14.00,60.00,30.31,0.00,10.00,FEW
NYC,2023-06-21 14:51,67.00,55.00,13.00,50.00,30.31,0.00,10.00,FEW
NYC,2023-06-21 15:51,68.00,54.00,11.00,60.00,30.32,0.00,10.00,CLR
NYC,2023-06-21 16:51,69.00,55.00,9.00,50.00,30.31,0.00,10.00,CLR
NYC,2023-06-21 17:51,69.00,54.00,11.00,60.00,30.30,0.00,10.00,CLR
NYC,2023-06-21 18:51,70.00,54.00,9.00,70.00,30.29,0.00,10.00,BKN
NYC,2023-06-21 19:51,72.00,54.00,10.00,60.00,30.28,0.00,10.00,FEW
NYC,2023-06-21 20:51,71.00,54.00,5.00,M,30.27,0.00,10.00,BKN
NYC,2023-06-21 21:51,71.00,54.00,9.00,60.00,30.26,0.00,10.00,BKN
NYC,2023-06-21 22:51,70.00,53.00,10.00,50.00,30.26,0.00,10.00,BKN
NYC,2023-06-21 23:51,69.00,54.00,7.00,60.00,30.25,0.00,10.00,BKN
NYC,2023-06-22 00:51,67.00,55.00,4.00,M,30.25,0.00,10.00,FEW
NYC,2023-06-22 01:51,67.00,54.00,7.00,60.00,30.25,0.00,10.00,FEW
NYC,2023-06-22 02:51,66.00,49.00,3.00,M,30.26,0.00,10.00,BKN
NYC,2023-06-22 03:51,65.00,49.00,4.00,M,30.25,0.00,10.00,BKN
NYC,2023-06-22 04:51,64.00,50.00,6.00,M,30.23,0.00,10.00,CLR
NYC,2023-06-22 05:51,64.00,49.00,11.00,60.00,30.22,0.00,10.00,FEW
NYC,2023-06-22 06:51,63.00,50.00,7.00,70.00,30.21,0.00,10.00,SCT
NYC,2023-06-22 07:51,63.00,52.00,8.00,60.00,30.19,T,10.00,SCT
NYC,2023-06-22 08:51,60.00,54.00,9.00,60.00,30.20,T,6.00,SCT
NYC,2023-06-22 09:51,61.00,55.00,8.00,70.00,30.20,T,10.00,SCT
NYC,2023-06-22 10:51,61.00,56.00,14.00,60.00,30.21,T,5.00,BKN
NYC,2023-06-22 11:51,60.00,56.00,10.00,40.00,30.22,T,4.00,BKN
NYC,2023-06-22 12:51,62.00,55.00,11.00,50.00,30.22,T,10.00,OVC
NYC,2023-06-22 13:51,61.00,55.00,9.00,60.00,30.22,0.00,6.00,OVC
NYC,2023-06-22 14:58,63.00,55.00,7.00,70.00,30.22,0.00,10.00,OVC
NYC,2023-06-22 15:51,63.00,55.00,6.00,M,30.22,0.00,10.00,BKN
NYC,2023-06-22 16:51,64.00,55.00,12.00,60.00,30.21,0.00,10.00,OVC
NYC,2023-06-22 17:51,66.00,55.00,14.00,70.00,30.19,0.00,10.00,BKN
NYC,2023-06-22 18:51,67.00,55.00,12.00,60.00,30.17,0.00,10.00,OVC
NYC,2023-06-22 19:51,69.00,56.00,10.00,70.00,30.15,0.00,10.00,OVC
NYC,2023-06-22 20:51,70.00,56.00,11.00,70.00,30.14,0.00,10.00,OVC
NYC,2023-06-22 21:51,71.00,57.00,6.00,M,30.12,0.00,10.00,OVC
NYC,2023-06-22 22:51,71.00,57.00,4.00,40.00,30.12,0.00,10.00,OVC
NYC,2023-06-22 23:51,70.00,58.00,5.00,M,30.12,0.00,10.00,OVC
NYC,2023-06-23 00:51,69.00,59.00,5.00,50.00,30.12,0.00,10.00,OVC
NYC,2023-06-23 01:51,68.00,59.00,0.00,0.00,30.12,0.00,10.00,OVC
NYC,2023-06-23 02:51,67.00,59.00,0.00,0.00,30.12,0.00,10.00,OVC
NYC,2023-06-23 03:51,67.00,59.00,4.00,60.00,30.12,0.00,10.00,OVC
NYC,2023-06-23 04:51,67.00,60.00,3.00,110.00,30.12,0.00,10.00,OVC
NYC,2023-06-23 05:51,67.00,60.00,0.00,0.00,30.10,0.00,10.00,SCT
NYC,2023-06-23 06:51,66.00,61.00,0.00,0.00,30.10,0.00,10.00,BKN
NYC,2023-06-23 07:51,66.00,61.00,0.00,0.00,30.09,0.00,10.00,FEW
NYC,2023-06-23 08:51,65.00,61.00,0.00,0.00,30.09,0.00,10.00,BKN
NYC,2023-06-23 09:51,66.00,60.00,0.00,0.00,30.09,0.00,10.00,OVC
NYC,2023-06-23 10:51,66.00,61.00,3.00,90.00,30.09,0.00,10.00,OVC
NYC,2023-06-23 11:51,67.00,61.00,0.00,0.00,30.11,0.00,10.00,OVC
NYC,2023-06-23 12:51,67.00,61.00,M,M,30.11,0.00,10.00,OVC
NYC,2023-06-23 13:51,68.00,61.00,3.00,M,30.10,0.00,10.00,OVC
NYC,2023-06-23 14:51,67.00,63.00,3.00,M,30.10,0.03,3.00,SCT
NYC,2023-06-23 15:51,67.00,64.00,4.00,M,30.07,0.01,4.00,OVC
NYC,2023-06-23 16:51,67.00,64.00,6.00,M,30.05,T,8.00,OVC
NYC,2023-06-23 17:51,68.00,65.00,4.00,M,30.04,0.00,7.00,OVC
NYC,2023-06-23 18:51,69.00,65.00,4.00,60.00,30.03,0.00,6.00,OVC
NYC,2023-06-23 19:51,68.00,65.00,6.00,M,30.02,T,3.00,OVC
NYC,2023-06-23 20:51,69.00,66.00,3.00,M,30.01,0.00,5.00,OVC
NYC,2023-06-23 21:51,70.00,66.00,4.00,M,30.00,0.00,6.00,OVC
NYC,2023-06-23 22:51,71.00,67.00,3.00,M,29.99,0.00,7.00,OVC
NYC,2023-06-23 23:51,71.00,66.00,M,M,29.97,0.00,7.00,OVC
NYC,2023-06-24 00:51,70.00,66.00,M,M,29.97,0.00,8.00,BKN
NYC,2023-06-24 01:51,70.00,66.00,4.00,M,29.97,0.00,8.00,OVC
NYC,2023-06-24 02:51,70.00,66.00,3.00,M,29.97,0.00,8.00,OVC
NYC,2023-06-24 03:51,70.00,66.00,5.00,M,29.96,0.00,9.00,OVC
NYC,2023-06-24 04:51,69.00,66.00,M,M,29.95,0.00,9.00,OVC
NYC,2023-06-24 05:51,69.00,66.00,0.00,0.00,29.93,0.00,8.00,OVC
NYC,2023-06-24 06:51,69.00,66.00,0.00,0.00,29.91,0.00,7.00,OVC
NYC,2023-06-24 07:51,69.00,66.00,0.00,0.00,29.90,0.00,5.00,OVC
NYC,2023-06-24 08:51,69.00,66.00,0.00,0.00,29.90,0.01,4.00,OVC
NYC,2023-06-24 09:51,69.00,66.00,0.00,0.00,29.90,0.02,3.00,OVC
NYC,2023-06-24 10:51,69.00,67.00,0.00,0.00,29.90,0.01,3.00,OVC
NYC,2023-06-24 11:51,70.00,68.00,0.00,0.00,29.90,T,3.00,OVC
NYC,2023-06-24 12:51,71.00,69.00,0.00,0.00,29.90,0.03,4.00,BKN
NYC,2023-06-24 13:51,72.00,69.00,0.00,0.00,29.90,T,5.00,OVC
NYC,2023-06-24 14:51,73.00,70.00,0.00,0.00,29.89,T,7.00,OVC
NYC,2023-06-24 15:51,74.00,70.00,0.00,0.00,29.88,0.00,9.00,BKN
NYC,2023-06-24 16:51,78.00,70.00,3.00,200.00,29.87,0.00,10.00,BKN
NYC,2023-06-24 17:51,75.00,69.00,0.00,0.00,29.86,0.00,10.00,BKN
NYC,2023-06-24 18:51,75.00,69.00,0.00,0.00,29.85,0.00,10.00,SCT
NYC,2023-06-24 19:51,77.00,69.00,4.00,M,29.83,0.00,10.00,CLR
NYC,2023-06-24 20:51,78.00,68.00,M,M,29.84,0.00,10.00,FEW
NYC,2023-06-24 21:51,77.00,68.00,0.00,0.00,29.82,0.00,10.00,CLR
NYC,2023-06-24 22:51,77.00,67.00,0.00,0.00,29.82,0.00,10.00,CLR
NYC,2023-06-24 23:51,75.00,68.00,0.00,0.00,29.84,0.00,10.00,CLR
NYC,2023-06-25 00:51,74.00,68.00,0.00,0.00,29.85,0.00,10.00,CLR
NYC,2023-06-25 01:51,74.00,69.00,0.00,0.00,29.85,0.00,10.00,CLR
NYC,2023-06-25 02:51,74.00,70.00,0.00,0.00,29.85,0.00,9.00,CLR
NYC,2023-06-25 03:51,73.00,69.00,3.00,60.00,29.84,0.00,8.00,FEW
NYC,2023-06-25 04:51,74.00,69.00,3.00,240.00,29.85,0.00,10.00,BKN
NYC,2023-06-25 05:51,74.00,69.00,3.00,M,29.84,0.00,10.00,SCT
NYC,2023-06-25 06:51,73.00,68.00,4.00,240.00,29.84,0.00,10.00,CLR
NYC,2023-06-25 07:51,72.00,67.00,0.00,0.00,29.83,0.00,10.00,CLR
NYC,2023-06-25 08:51,71.00,66.00,0.00,0.00,29.83,0.00,10.00,CLR
NYC,2023-06-25 09:51,71.00,66.00,0.00,0.00,29.84,0.00,10.00,CLR
NYC,2023-06-25 10:51,73.00,66.00,0.00,0.00,29.85,0.00,10.00,CLR
NYC,2023-06-25 11:51,75.00,66.00,3.00,60.00,29.86,0.00,10.00,CLR
NYC,2023-06-25 12:51,76.00,67.00,3.00,50.00,29.86,0.00,5.00,CLR
NYC,2023-06-25 13:51,78.00,67.00,3.00,50.00,29.86,0.00,7.00,CLR
NYC,2023-06-25 14:51,81.00,67.00,3.00,40.00,29.86,0.00,10.00,CLR
NYC,2023-06-25 15:51,80.00,67.00,5.00,60.00,29.85,0.00,10.00,FEW
NYC,2023-06-25 16:51,84.00,68.00,3.00,M,29.84,0.00,10.00,CLR
NYC,2023-06-25 17:51,78.00,68.00,0.00,0.00,29.86,0.00,10.00,FEW
NYC,2023-06-25 18:51,77.00,68.00,0.00,0.00,29.85,0.00,10.00,FEW
NYC,2023-06-25 19:51,81.00,69.00,M,M,29.84,0.00,10.00,CLR
NYC,2023-06-25 20:51,80.00,69.00,M,M,29.83,0.00,10.00,FEW
NYC,2023-06-25 21:51,78.00,68.00,0.00,0.00,29.82,0.00,10.00,CLR
NYC,2023-06-25 22:51,78.00,68.00,0.00,0.00,29.83,T,10.00,CLR
NYC,2023-06-25 23:51,76.00,68.00,M,M,29.83,0.00,10.00,CLR
NYC,2023-06-26 00:51,75.00,67.00,0.00,0.00,29.81,0.00,10.00,CLR
NYC,2023-06-26 01:51,73.00,67.00,0.00,0.00,29.82,0.00,10.00,CLR
NYC,2023-06-26 02:51,72.00,67.00,0.00,0.00,29.82,0.00,9.00,CLR
NYC,2023-06-26 03:51,72.00,68.00,0.00,0.00,29.83,0.00,7.00,CLR
NYC,2023-06-26 04:51,71.00,68.00,0.00,0.00,29.82,0.00,6.00,CLR
NYC,2023-06-26 05:51,70.00,67.00,0.00,0.00,29.81,0.00,5.00,CLR
NYC,2023-06-26 06:51,70.00,67.00,0.00,0.00,29.80,0.00,5.00,CLR
NYC,2023-06-26 07:51,70.00,67.00,0.00,0.00,29.80,0.00,6.00,CLR
NYC,2023-06-26 08:51,70.00,67.00,0.00,0.00,29.80,0.00,4.00,CLR
NYC,2023-06-26 09:51,71.00,68.00,4.00,50.00,29.80,0.00,5.00,CLR
NYC,2023-06-26 10:51,71.00,67.00,4.00,50.00,29.81,0.00,5.00,SCT
NYC,2023-06-26 11:51,72.00,67.00,5.00,M,29.82,0.00,5.00,BKN
NYC,2023-06-26 12:51,74.00,67.00,4.00,M,29.82,0.00,6.00,CLR
NYC,2023-06-26 13:51,77.00,68.00,M,M,29.82,0.00,10.00,BKN
NYC,2023-06-26 14:51,72.00,69.00,5.00,220.00,29.84,0.03,1.25,FEW
NYC,2023-06-26 15:51,74.00,71.00,M,M,29.81,0.19,3.00,FEW
NYC,2023-06-26 16:51,76.00,70.00,6.00,M,29.79,0.00,9.00,CLR
NYC,2023-06-26 17:51,74.00,72.00,3.00,M,29.78,0.07,2.50,SCT
NYC,2023-06-26 18:51,78.00,71.00,8.00,120.00,29.75,0.01,9.00,CLR
NYC,2023-06-26 19:51,76.00,70.00,6.00,M,29.75,0.00,8.00,CLR
NYC,2023-06-26 20:51,76.00,68.00,0.00,0.00,29.73,0.00,8.00,FEW
NYC,2023-06-26 21:51,74.00,68.00,0.00,0.00,29.75,0.00,6.00,BKN
NYC,2023-06-26 22:51,71.00,65.00,0.00,0.00,29.76,T,10.00,FEW
NYC,2023-06-26 23:51,71.00,64.00,5.00,M,29.76,0.00,10.00,FEW
NYC,2023-06-27 00:51,71.00,63.00,6.00,70.00,29.76,0.00,10.00,SCT
NYC,2023-06-27 01:51,72.00,63.00,5.00,60.00,29.76,0.00,10.00,BKN
NYC,2023-06-27 02:51,72.00,66.00,3.00,M,29.72,0.00,7.00,OVC
NYC,2023-06-27 03:51,69.00,66.00,4.00,70.00,29.73,0.06,6.00,FEW
NYC,2023-06-27 04:51,69.00,67.00,8.00,230.00,29.76,0.05,0.75,BKN
NYC,2023-06-27 05:51,68.00,66.00,0.00,0.00,29.70,0.11,2.00,FEW
NYC,2023-06-27 06:51,68.00,66.00,3.00,60.00,29.69,0.00,2.50,CLR
NYC,2023-06-27 07:51,67.00,65.00,0.00,0.00,29.70,0.00,5.00,CLR
NYC,2023-06-27 08:51,67.00,65.00,4.00,280.00,29.68,0.00,8.00,CLR
NYC,2023-06-27 09:51,67.00,64.00,0.00,0.00,29.69,0.00,4.00,CLR
NYC,2023-06-27 10:51,68.00,66.00,3.00,M,29.71,0.00,4.00,CLR
NYC,2023-06-27 11:51,69.00,66.00,0.00,0.00,29.70,0.00,4.00,BKN
NYC,2023-06-27 12:51,70.00,67.00,0.00,0.00,29.72,T,4.00,BKN
NYC,2023-06-27 13:51,71.00,68.00,6.00,M,29.73,T,4.00,FEW
NYC,2023-06-27 14:51,71.00,68.00,0.00,0.00,29.74,0.00,3.00,OVC
NYC,2023-06-27 15:51,71.00,67.00,0.00,0.00,29.74,0.01,3.00,FEW
NYC,2023-06-27 16:51,71.00,68.00,0.00,0.00,29.73,0.05,4.00,OVC
NYC,2023-06-27 17:51,73.00,69.00,3.00,100.00,29.71,0.00,6.00,BKN
NYC,2023-06-27 18:51,75.00,69.00,0.00,0.00,29.71,0.00,8.00,BKN
NYC,2023-06-27 19:51,75.00,69.00,0.00,0.00,29.71,0.00,10.00,OVC
NYC,2023-06-27 20:51,76.00,68.00,3.00,M,29.71,0.00,10.00,BKN
NYC,2023-06-27 21:51,76.00,67.00,4.00,M,29.73,0.00,10.00,CLR
NYC,2023-06-27 22:51,74.00,64.00,4.00,M,29.75,0.00,10.00,CLR
NYC,2023-06-27 23:51,72.00,65.00,3.00,M,29.78,0.00,10.00,FEW
NYC,2023-06-28 00:51,72.00,65.00,0.00,0.00,29.78,0.00,10.00,FEW
NYC,2023-06-28 01:51,70.00,65.00,0.00,0.00,29.78,T,10.00,BKN
NYC,2023-06-28 02:51,69.00,65.00,0.00,0.00,29.78,0.01,10.00,FEW
NYC,2023-06-28 03:51,68.00,64.00,0.00,0.00,29.78,0.00,10.00,CLR
NYC,2023-06-28 04:51,69.00,64.00,0.00,0.00,29.79,0.00,10.00,FEW
NYC,2023-06-28 05:51,68.00,64.00,0.00,0.00,29.78,0.00,10.00,CLR
NYC,2023-06-28 06:51,67.00,63.00,4.00,300.00,29.77,0.00,10.00,FEW
NYC,2023-06-28 07:51,67.00,64.00,3.00,310.00,29.78,0.00,4.00,SCT
NYC,2023-06-28 08:51,67.00,63.00,0.00,0.00,29.78,0.00,6.00,CLR
NYC,2023-06-28 09:51,67.00,64.00,4.00,300.00,29.79,0.00,2.50,CLR
NYC,2023-06-28 10:51,67.00,64.00,0.00,0.00,29.81,0.00,3.00,CLR
NYC,2023-06-28 11:51,69.00,63.00,0.00,0.00,29.82,0.00,8.00,CLR
NYC,2023-06-28 12:51,71.00,64.00,3.00,M,29.83,0.00,7.00,CLR
NYC,2023-06-28 13:51,72.00,64.00,0.00,0.00,29.83,0.00,9.00,CLR
NYC,2023-06-28 14:51,75.00,65.00,0.00,0.00,29.83,0.00,10.00,FEW
NYC,2023-06-28 15:51,78.00,67.00,0.00,0.00,29.83,0.00,10.00,FEW
NYC,2023-06-28 16:51,81.00,63.00,3.00,M,29.82,0.00,10.00,FEW
NYC,2023-06-28 17:51,79.00,65.00,M,M,29.81,0.00,10.00,BKN
NYC,2023-06-28 18:51,81.00,62.00,4.00,M,29.82,0.00,10.00,FEW
NYC,2023-06-28 19:51,79.00,61.00,7.00,270.00,29.83,T,10.00,FEW
NYC,2023-06-28 20:51,80.00,64.00,6.00,300.00,29.83,0.00,9.00,FEW
NYC,2023-06-28 21:51,79.00,62.00,8.00,280.00,29.84,0.00,10.00,FEW
NYC,2023-06-28 22:51,79.00,62.00,6.00,280.00,29.85,0.00,9.00,FEW
NYC,2023-06-28 23:51,77.00,60.00,6.00,290.00,29.87,0.00,10.00,BKN
NYC,2023-06-29 00:51,77.00,61.00,6.00,300.00,29.90,0.00,10.00,BKN
NYC,2023-06-29 01:51,75.00,60.00,M,M,29.93,0.00,10.00,FEW
NYC,2023-06-29 02:51,73.00,60.00,M,M,29.95,0.00,9.00,FEW
NYC,2023-06-29 03:51,72.00,57.00,3.00,M,29.96,0.00,9.00,SCT
NYC,2023-06-29 04:51,70.00,56.00,7.00,300.00,29.97,0.00,9.00,CLR
NYC,2023-06-29 05:51,69.00,56.00,7.00,290.00,29.97,0.00,10.00,BKN
NYC,2023-06-29 06:51,67.00,57.00,4.00,M,29.97,0.00,10.00,CLR
NYC,2023-06-29 07:51,66.00,57.00,3.00,270.00,29.97,0.00,9.00,CLR
NYC,2023-06-29 08:51,65.00,58.00,3.00,290.00,29.98,0.00,8.00,CLR
NYC,2023-06-29 09:51,66.00,58.00,3.00,M,30.00,0.00,6.00,FEW
NYC,2023-06-29 10:51,67.00,59.00,4.00,300.00,30.02,0.00,6.00,OVC
NYC,2023-06-29 11:51,69.00,59.00,0.00,0.00,30.04,0.00,6.00,CLR
NYC,2023-06-29 12:51,71.00,59.00,0.00,0.00,30.05,0.00,6.00,FEW
NYC,2023-06-29 13:51,73.00,59.00,3.00,60.00,30.05,0.00,7.00,OVC
NYC,2023-06-29 14:51,76.00,58.00,0.00,0.00,30.05,0.00,8.00,FEW
NYC,2023-06-29 15:51,79.00,57.00,4.00,320.00,30.04,0.00,8.00,FEW
NYC,2023-06-29 16:51,79.00,60.00,0.00,0.00,30.03,0.00,7.00,SCT
NYC,2023-06-29 17:51,80.00,60.00,0.00,0.00,30.02,0.00,6.00,BKN
NYC,2023-06-29 18:51,81.00,57.00,6.00,M,30.02,0.00,4.00,BKN
NYC,2023-06-29 19:51,81.00,58.00,0.00,0.00,30.02,0.00,4.00,SCT
NYC,2023-06-29 20:51,80.00,59.00,3.00,M,30.01,0.00,4.00,FEW
NYC,2023-06-29 21:51,81.00,56.00,0.00,0.00,30.02,0.00,4.00,OVC
NYC,2023-06-29 22:51,77.00,63.00,4.00,M,30.02,0.00,4.00,FEW
NYC,2023-06-29 23:51,76.00,63.00,0.00,0.00,30.04,0.00,4.00,CLR
NYC,2023-07-01 00:51,75.00,56.00,M,M,30.06,0.00,6.00,CLR
NYC,2023-07-01 01:51,74.00,56.00,0.00,0.00,30.08,0.00,6.00,CLR
NYC,2023-07-01 02:51,74.00,55.00,0.00,0.00,30.09,0.00,6.00,CLR
NYC,2023-07-01 03:51,73.00,55.00,6.00,230.00,30.08,0.00,6.00,CLR
NYC,2023-07-01 04:51,73.00,53.00,3.00,210.00,30.08,0.00,6.00,CLR
NYC,2023-07-01 05:51,72.00,54.00,0.00,0.00,30.08,0.00,6.00,CLR
NYC,2023-07-01 06:51,71.00,55.00,5.00,M,30.07,0.00,6.00,CLR
NYC,2023-07-01 07:51,70.00,56.00,3.00,220.00,30.07,0.00,6.00,CLR
NYC,2023-07-01 08:51,70.00,58.00,3.00,210.00,30.07,0.00,7.00,CLR
NYC,2023-07-01 09:51,69.00,59.00,0.00,0.00,30.08,0.00,6.00,CLR
NYC,2023-07-01 10:51,70.00,61.00,0.00,0.00,30.09,0.00,6.00,CLR
NYC,2023-07-01 11:51,74.00,60.00,0.00,0.00,30.09,0.00,7.00,CLR
NYC,2023-07-01 12:51,75.00,59.00,0.00,0.00,30.10,0.00,8.00,BKN
NYC,2023-07-01 13:51,75.00,59.00,0.00,0.00,30.09,0.00,8.00,BKN
NYC,2023-07-01 14:51,77.00,60.00,0.00,0.00,30.09,0.00,9.00,OVC
NYC,2023-07-01 15:51,80.00,60.00,4.00,M,30.09,0.00,7.00,SCT
NYC,2023-07-01 16:51,81.00,60.00,0.00,0.00,30.07,0.00,6.00,CLR
NYC,2023-07-01 17:51,82.00,59.00,3.00,M,30.07,0.00,5.00,FEW
NYC,2023-07-01 18:51,81.00,60.00,5.00,M,30.05,0.00,4.00,CLR
NYC,2023-07-01 19:51,79.00,60.00,M,M,30.04,0.00,4.00,CLR
NYC,2023-07-01 20:51,78.00,61.00,4.00,M,30.02,0.00,4.00,CLR
NYC,2023-07-01 21:51,77.00,60.00,5.00,140.00,30.01,0.00,4.00,CLR
NYC,2023-07-01 22:51,75.00,60.00,M,M,30.00,0.00,5.00,CLR
NYC,2023-07-01 23:51,74.00,61.00,3.00,M,30.01,0.00,5.00,CLR
NYC,2023-07-02 00:51,72.00,60.00,4.00,M,30.01,0.00,9.00,FEW
NYC,2023-07-02 01:51,72.00,63.00,3.00,M,30.00,0.00,9.00,OVC
NYC,2023-07-02 02:51,72.00,65.00,3.00,M,30.00,0.00,7.00,OVC
NYC,2023-07-02 03:51,73.00,65.00,3.00,M,29.99,0.00,8.00,BKN
NYC,2023-07-02 04:51,72.00,66.00,0.00,0.00,29.98,0.00,8.00,OVC
NYC,2023-07-02 05:51,72.00,67.00,0.00,0.00,29.97,0.00,8.00,BKN
NYC,2023-07-02 06:51,73.00,67.00,5.00,M,29.95,T,4.00,OVC
NYC,2023-07-02 07:51,71.00,69.00,3.00,M,29.93,0.02,4.00,SCT
NYC,2023-07-02 08:51,70.00,67.00,0.00,0.00,29.92,0.00,6.00,SCT
NYC,2023-07-02 09:51,71.00,67.00,0.00,0.00,29.92,0.00,6.00,FEW
NYC,2023-07-02 10:51,72.00,68.00,3.00,M,29.92,0.00,6.00,BKN
NYC,2023-07-02 11:51,73.00,67.00,0.00,0.00,29.92,0.00,6.00,BKN
NYC,2023-07-02 12:51,75.00,68.00,0.00,0.00,29.91,0.00,6.00,FEW
NYC,2023-07-02 13:51,78.00,68.00,5.00,M,29.90,0.00,5.00,OVC
NYC,2023-07-02 14:51,78.00,69.00,0.00,0.00,29.90,0.00,5.00,OVC
NYC,2023-07-02 15:51,80.00,70.00,3.00,250.00,29.90,0.00,6.00,BKN
NYC,2023-07-02 16:51,84.00,70.00,3.00,M,29.89,0.00,6.00,FEW
NYC,2023-07-02 17:51,85.00,70.00,M,M,29.87,0.00,7.00,FEW
NYC,2023-07-02 18:51,84.00,69.00,0.00,0.00,29.86,0.00,8.00,SCT
NYC,2023-07-02 19:51,83.00,72.00,4.00,M,29.85,0.00,5.00,SCT
NYC,2023-07-02 20:51,84.00,71.00,5.00,M,29.83,0.00,5.00,FEW
NYC,2023-07-02 21:51,79.00,69.00,3.00,M,29.83,0.00,9.00,FEW
NYC,2023-07-02 22:51,76.00,72.00,4.00,M,29.83,0.07,0.50,SCT
NYC,2023-07-02 23:51,75.00,73.00,0.00,0.00,29.82,0.09,3.00,CLR
NYC,2023-07-03 00:51,75.00,72.00,0.00,0.00,29.81,0.00,5.00,CLR
NYC,2023-07-03 01:51,75.00,72.00,0.00,0.00,29.82,T,3.00,CLR
NYC,2023-07-03 02:51,75.00,73.00,5.00,M,29.84,0.13,1.50,FEW
NYC,2023-07-03 03:51,76.00,74.00,3.00,M,29.82,0.03,4.00,FEW
NYC,2023-07-03 04:51,73.00,70.00,0.00,0.00,29.84,0.24,7.00,FEW
NYC,2023-07-03 05:51,73.00,70.00,5.00,M,29.83,T,9.00,CLR
NYC,2023-07-03 06:51,73.00,70.00,5.00,M,29.83,0.00,9.00,CLR
NYC,2023-07-03 07:51,73.00,71.00,3.00,M,29.84,0.00,9.00,CLR
NYC,2023-07-03 08:51,74.00,69.00,4.00,280.00,29.84,0.00,10.00,CLR
NYC,2023-07-03 09:51,73.00,69.00,4.00,M,29.84,0.00,10.00,CLR
NYC,2023-07-03 10:51,74.00,69.00,3.00,M,29.85,0.00,10.00,CLR
NYC,2023-07-03 11:51,75.00,69.00,0.00,0.00,29.86,0.00,10.00,FEW
NYC,2023-07-03 12:51,75.00,69.00,3.00,M,29.88,0.01,10.00,SCT
NYC,2023-07-03 13:51,78.00,68.00,3.00,M,29.88,0.00,10.00,CLR
NYC,2023-07-03 14:51,81.00,69.00,3.00,M,29.88,0.00,10.00,FEW
NYC,2023-07-03 15:51,82.00,69.00,3.00,260.00,29.88,0.00,10.00,CLR
NYC,2023-07-03 16:51,86.00,70.00,0.00,0.00,29.87,0.00,10.00,CLR
NYC,2023-07-03 17:51,87.00,69.00,3.00,M,29.86,0.00,10.00,CLR
NYC,2023-07-03 18:51,87.00,68.00,0.00,0.00,29.85,0.00,10.00,CLR
NYC,2023-07-03 19:51,86.00,70.00,0.00,0.00,29.84,0.00,10.00,FEW
NYC,2023-07-03 20:51,85.00,71.00,3.00,M,29.83,0.00,10.00,SCT
NYC,2023-07-03 21:51,85.00,72.00,0.00,0.00,29.82,0.00,9.00,CLR
NYC,2023-07-03 22:51,84.00,72.00,0.00,0.00,29.82,0.00,8.00,SCT
NYC,2023-07-03 23:51,83.00,70.00,0.00,0.00,29.83,0.00,9.00,BKN
NYC,2023-07-04 00:51,75.00,73.00,4.00,190.00,29.83,0.24,4.00,FEW
NYC,2023-07-04 01:51,77.00,71.00,7.00,350.00,29.89,T,10.00,BKN
NYC,2023-07-04 02:51,75.00,71.00,4.00,320.00,29.88,0.00,10.00,FEW
NYC,2023-07-04 03:51,75.00,71.00,0.00,0.00,29.88,T,10.00,BKN
NYC,2023-07-04 04:51,74.00,72.00,0.00,0.00,29.91,T,0.75,SCT
NYC,2023-07-04 05:51,74.00,72.00,0.00,0.00,29.88,0.20,2.50,CLR
NYC,2023-07-04 06:51,74.00,72.00,0.00,0.00,29.89,0.00,2.50,CLR
NYC,2023-07-04 07:51,74.00,72.00,0.00,0.00,29.88,0.00,5.00,CLR
NYC,2023-07-04 08:51,74.00,71.00,3.00,M,29.88,0.00,6.00,FEW
NYC,2023-07-04 09:51,73.00,70.00,0.00,0.00,29.90,0.00,10.00,FEW
NYC,2023-07-04 10:51,74.00,70.00,0.00,0.00,29.90,0.00,10.00,BKN
NYC,2023-07-04 11:51,76.00,70.00,0.00,0.00,29.92,0.00,10.00,FEW
NYC,2023-07-04 12:51,78.00,69.00,0.00,0.00,29.92,0.00,10.00,FEW
NYC,2023-07-04 13:51,77.00,71.00,0.00,0.00,29.94,0.00,10.00,BKN
NYC,2023-07-04 14:51,79.00,70.00,0.00,0.00,29.93,0.00,10.00,BKN
NYC,2023-07-04 15:51,75.00,72.00,0.00,0.00,29.93,0.63,0.50,BKN
NYC,2023-07-04 16:51,78.00,75.00,0.00,0.00,29.93,T,5.00,FEW
NYC,2023-07-04 17:51,82.00,71.00,0.00,0.00,29.93,0.00,10.00,CLR
NYC,2023-07-04 18:51,75.00,70.00,6.00,240.00,29.91,T,6.00,BKN
NYC,2023-07-04 19:51,76.00,72.00,0.00,0.00,29.90,T,10.00,CLR
NYC,2023-07-04 20:51,78.00,71.00,0.00,0.00,29.92,0.00,10.00,CLR
NYC,2023-07-04 21:51,78.00,68.00,0.00,0.00,29.90,0.00,10.00,CLR
NYC,2023-07-04 22:51,78.00,69.00,0.00,0.00,29.93,0.00,10.00,CLR
NYC,2023-07-04 23:51,79.00,71.00,0.00,0.00,29.93,0.00,10.00,CLR
NYC,2023-07-05 00:51,78.00,70.00,3.00,30.00,29.94,0.00,10.00,CLR
NYC,2023-07-05 01:51,77.00,71.00,0.00,0.00,29.96,0.00,8.00,CLR
NYC,2023-07-05 02:51,76.00,71.00,0.00,0.00,29.98,0.00,3.00,CLR
NYC,2023-07-05 03:51,75.00,71.00,0.00,0.00,29.97,0.00,2.00,CLR
NYC,2023-07-05 04:51,75.00,71.00,0.00,0.00,29.98,0.00,2.00,CLR
NYC,2023-07-05 05:51,76.00,71.00,3.00,300.00,29.99,0.00,2.50,CLR
NYC,2023-07-05 06:51,74.00,70.00,0.00,0.00,29.98,0.00,1.75,CLR
NYC,2023-07-05 07:51,73.00,70.00,0.00,0.00,29.98,0.00,1.50,CLR
NYC,2023-07-05 08:51,73.00,70.00,0.00,0.00,29.98,0.00,2.00,CLR
NYC,2023-07-05 09:51,72.00,69.00,0.00,0.00,29.99,0.00,2.00,CLR
NYC,2023-07-05 10:51,74.00,70.00,0.00,0.00,30.00,0.00,4.00,CLR
NYC,2023-07-05 11:51,77.00,67.00,3.00,30.00,30.02,0.00,9.00,CLR
NYC,2023-07-05 12:51,80.00,66.00,5.00,70.00,30.03,0.00,9.00,CLR
NYC,2023-07-05 13:51,82.00,67.00,4.00,M,30.02,0.00,10.00,CLR
NYC,2023-07-05 14:51,84.00,64.00,0.00,0.00,30.02,0.00,10.00,CLR
NYC,2023-07-05 15:51,87.00,64.00,3.00,M,30.02,0.00,10.00,CLR
NYC,2023-07-05 16:51,89.00,64.00,0.00,0.00,30.01,0.00,10.00,CLR
NYC,2023-07-05 17:51,92.00,64.00,3.00,M,30.00,0.00,10.00,CLR
NYC,2023-07-05 18:51,92.00,63.00,4.00,M,29.99,0.00,10.00,CLR
NYC,2023-07-05 19:51,90.00,64.00,0.00,0.00,29.98,0.00,10.00,CLR
NYC,2023-07-05 20:51,92.00,61.00,0.00,0.00,29.97,0.00,10.00,CLR
NYC,2023-07-05 21:51,87.00,66.00,4.00,M,29.96,0.00,10.00,CLR
NYC,2023-07-05 22:51,85.00,66.00,0.00,0.00,29.96,0.00,10.00,CLR
NYC,2023-07-05 23:51,84.00,65.00,0.00,0.00,29.97,0.00,10.00,CLR
NYC,2023-07-06 00:51,82.00,64.00,0.00,0.00,29.97,0.00,10.00,CLR
NYC,2023-07-06 01:51,82.00,65.00,0.00,0.00,29.99,0.00,10.00,CLR
NYC,2023-07-06 02:51,82.00,69.00,0.00,0.00,30.00,0.00,10.00,CLR
NYC,2023-07-06 03:51,80.00,69.00,4.00,M,30.00,0.00,10.00,CLR
NYC,2023-07-06 04:51,80.00,68.00,3.00,M,30.00,0.00,10.00,CLR
NYC,2023-07-06 05:51,79.00,69.00,3.00,M,30.00,0.00,10.00,CLR
NYC,2023-07-06 06:51,79.00,70.00,3.00,250.00,30.00,0.00,10.00,CLR
NYC,2023-07-06 07:51,79.00,70.00,0.00,0.00,29.98,0.00,10.00,CLR
NYC,2023-07-06 08:51,78.00,69.00,0.00,0.00,29.98,0.00,10.00,CLR
NYC,2023-07-06 09:51,78.00,70.00,0.00,0.00,29.98,0.00,10.00,CLR
NYC,2023-07-06 10:51,79.00,71.00,3.00,310.00,29.97,0.00,10.00,CLR
NYC,2023-07-06 11:51,81.00,71.00,0.00,0.00,29.99,0.00,9.00,CLR
NYC,2023-07-06 12:51,84.00,72.00,0.00,0.00,29.98,0.00,9.00,CLR
NYC,2023-07-06 13:51,86.00,71.00,0.00,0.00,29.98,0.00,10.00,CLR
NYC,2023-07-06 14:51,85.00,72.00,3.00,M,29.98,0.00,9.00,CLR
NYC,2023-07-06 15:51,87.00,71.00,0.00,0.00,29.98,0.00,10.00,CLR
NYC,2023-07-06 16:51,89.00,68.00,0.00,0.00,29.96,0.00,10.00,CLR
NYC,2023-07-06 17:51,88.00,66.00,4.00,M,29.95,0.00,10.00,CLR
NYC,2023-07-06 18:51,88.00,65.00,3.00,M,29.94,0.00,10.00,CLR
NYC,2023-07-06 19:51,86.00,66.00,0.00,0.00,29.93,0.00,10.00,CLR
NYC,2023-07-06 20:51,86.00,64.00,0.00,0.00,29.92,0.00,10.00,CLR
NYC,2023-07-06 21:51,84.00,66.00,0.00,0.00,29.90,0.00,10.00,CLR
NYC,2023-07-06 22:51,82.00,68.00,0.00,0.00,29.91,0.00,10.00,CLR
NYC,2023-07-06 23:51,80.00,69.00,M,M,29.91,0.00,10.00,CLR
NYC,2023-07-07 00:51,77.00,70.00,0.00,0.00,29.92,0.00,10.00,CLR
NYC,2023-07-07 01:51,76.00,71.00,M,M,29.93,0.00,10.00,CLR
NYC,2023-07-07 02:51,76.00,70.00,0.00,0.00,29.93,0.00,10.00,CLR
NYC,2023-07-07 03:51,76.00,71.00,4.00,M,29.93,0.00,10.00,CLR
NYC,2023-07-07 04:51,75.00,70.00,3.00,M,29.92,0.00,10.00,CLR
NYC,2023-07-07 05:51,75.00,70.00,0.00,0.00,29.91,0.00,10.00,CLR
NYC,2023-07-07 06:51,75.00,70.00,0.00,0.00,29.90,0.00,10.00,BKN
NYC,2023-07-07 07:51,76.00,69.00,0.00,0.00,29.90,0.00,10.00,OVC
NYC,2023-07-07 08:51,75.00,69.00,0.00,0.00,29.90,0.00,10.00,SCT
NYC,2023-07-07 09:51,76.00,70.00,0.00,0.00,29.90,0.00,10.00,OVC
NYC,2023-07-07 10:51,76.00,70.00,0.00,0.00,29.91,0.00,9.00,BKN
NYC,2023-07-07 11:51,76.00,70.00,0.00,0.00,29.92,0.00,8.00,FEW
NYC,2023-07-07 12:51,79.00,69.00,0.00,0.00,29.92,0.00,9.00,BKN
NYC,2023-07-07 13:51,81.00,70.00,4.00,270.00,29.91,0.00,8.00,OVC
NYC,2023-07-07 14:51,82.00,71.00,3.00,M,29.91,0.00,9.00,OVC
NYC,2023-07-07 15:51,85.00,70.00,0.00,0.00,29.89,0.00,9.00,SCT
NYC,2023-07-07 16:51,85.00,69.00,0.00,0.00,29.88,0.00,10.00,SCT
NYC,2023-07-07 17:51,86.00,70.00,M,M,29.87,0.00,10.00,SCT
NYC,2023-07-07 18:51,86.00,70.00,0.00,0.00,29.87,0.00,10.00,FEW
NYC,2023-07-07 19:51,84.00,70.00,0.00,0.00,29.86,0.00,10.00,CLR
NYC,2023-07-07 20:51,81.00,70.00,0.00,0.00,29.86,0.00,10.00,CLR
NYC,2023-07-07 21:51,80.00,70.00,0.00,0.00,29.85,0.00,10.00,CLR
NYC,2023-07-07 22:51,79.00,70.00,0.00,0.00,29.86,0.00,10.00,CLR
NYC,2023-07-07 23:51,78.00,70.00,0.00,0.00,29.88,0.00,10.00,CLR
NYC,2023-07-08 00:51,78.00,70.00,0.00,0.00,29.87,0.00,10.00,CLR
NYC,2023-07-08 01:51,77.00,70.00,0.00,0.00,29.88,0.00,10.00,CLR
NYC,2023-07-08 02:51,76.00,70.00,0.00,0.00,29.87,0.00,10.00,CLR
NYC,2023-07-08 03:51,76.00,71.00,0.00,0.00,29.88,0.00,10.00,CLR
NYC,2023-07-08 04:51,76.00,70.00,6.00,140.00,29.88,0.00,10.00,CLR
NYC,2023-07-08 05:51,76.00,71.00,24.00,100.00,29.88,0.00,10.00,CLR
NYC,2023-07-08 06:51,76.00,71.00,0.00,0.00,29.88,0.00,9.00,BKN
NYC,2023-07-08 07:51,77.00,71.00,0.00,0.00,29.88,0.00,10.00,OVC
NYC,2023-07-08 08:51,77.00,71.00,0.00,0.00,29.88,0.00,10.00,OVC
NYC,2023-07-08 09:51,77.00,72.00,0.00,0.00,29.88,0.00,8.00,OVC
NYC,2023-07-08 10:51,78.00,72.00,0.00,0.00,29.89,0.00,7.00,FEW
NYC,2023-07-08 11:51,79.00,72.00,4.00,90.00,29.89,0.00,7.00,BKN
NYC,2023-07-08 12:51,81.00,72.00,4.00,50.00,29.90,0.00,7.00,CLR
NYC,2023-07-08 13:51,82.00,71.00,3.00,M,29.89,0.00,8.00,BKN
NYC,2023-07-08 14:51,83.00,70.00,5.00,M,29.89,0.00,9.00,CLR
NYC,2023-07-08 15:51,81.00,71.00,3.00,M,29.88,0.00,8.00,SCT
NYC,2023-07-08 16:51,84.00,71.00,M,M,29.87,0.00,9.00,SCT
NYC,2023-07-08 17:51,88.00,70.00,0.00,0.00,29.86,0.00,10.00,FEW
NYC,2023-07-08 18:51,83.00,70.00,4.00,M,29.86,0.00,10.00,FEW
NYC,2023-07-08 19:51,82.00,71.00,M,M,29.85,0.00,10.00,FEW
NYC,2023-07-08 20:51,80.00,70.00,0.00,0.00,29.86,0.00,10.00,CLR
NYC,2023-07-08 21:51,80.00,70.00,3.00,M,29.86,0.00,10.00,CLR
NYC,2023-07-08 22:51,79.00,69.00,0.00,0.00,29.85,0.00,10.00,CLR
NYC,2023-07-08 23:51,79.00,70.00,0.00,0.00,29.85,0.00,10.00,FEW
NYC,2023-07-09 00:51,79.00,70.00,3.00,M,29.86,0.00,10.00,SCT
NYC,2023-07-09 01:51,78.00,71.00,3.00,140.00,29.87,0.00,10.00,FEW
NYC,2023-07-09 02:51,77.00,71.00,M,M,29.86,0.00,10.00,FEW
NYC,2023-07-09 03:51,77.00,72.00,0.00,0.00,29.88,0.00,10.00,CLR
NYC,2023-07-09 04:51,76.00,72.00,0.00,0.00,29.87,0.00,10.00,CLR
NYC,2023-07-09 05:51,77.00,72.00,0.00,0.00,29.87,0.00,10.00,CLR
NYC,2023-07-09 06:51,77.00,72.00,0.00,0.00,29.87,0.00,10.00,OVC
NYC,2023-07-09 07:51,77.00,71.00,0.00,0.00,29.86,0.00,10.00,BKN
NYC,2023-07-09 08:51,77.00,71.00,0.00,0.00,29.86,0.00,10.00,SCT
NYC,2023-07-09 09:51,77.00,71.00,0.00,0.00,29.87,0.00,9.00,SCT
NYC,2023-07-09 10:51,77.00,72.00,0.00,0.00,29.87,0.00,9.00,BKN
NYC,2023-07-09 11:51,78.00,71.00,0.00,0.00,29.88,0.00,9.00,BKN
NYC,2023-07-09 12:51,78.00,71.00,0.00,0.00,29.88,0.00,10.00,BKN
NYC,2023-07-09 13:51,80.00,71.00,0.00,0.00,29.88,0.00,10.00,SCT
NYC,2023-07-09 14:51,79.00,72.00,4.00,M,29.87,0.00,10.00,FEW
NYC,2023-07-09 15:51,80.00,71.00,0.00,0.00,29.84,0.00,10.00,FEW
NYC,2023-07-09 16:51,79.00,71.00,M,M,29.84,0.00,10.00,FEW
NYC,2023-07-09 17:51,81.00,70.00,0.00,0.00,29.82,0.00,10.00,SCT
NYC,2023-07-09 18:51,79.00,70.00,M,M,29.82,0.00,10.00,SCT
NYC,2023-07-09 19:51,79.00,70.00,3.00,M,29.83,T,8.00,FEW
NYC,2023-07-09 20:51,75.00,72.00,3.00,M,29.83,0.05,10.00,FEW
NYC,2023-07-09 21:51,77.00,72.00,3.00,M,29.81,0.00,10.00,SCT
NYC,2023-07-09 22:51,75.00,72.00,3.00,M,29.82,0.03,2.50,BKN
NYC,2023-07-09 23:51,73.00,70.00,0.00,0.00,29.82,0.14,5.00,SCT
NYC,2023-07-10 00:51,73.00,71.00,0.00,0.00,29.80,0.03,1.75,BKN
NYC,2023-07-10 01:51,73.00,71.00,3.00,M,29.80,0.63,4.00,OVC
NYC,2023-07-10 02:51,75.00,73.00,9.00,120.00,29.78,0.09,5.00,BKN
NYC,2023-07-10 03:51,74.00,73.00,4.00,M,29.77,0.01,6.00,SCT
NYC,2023-07-10 04:51,74.00,72.00,0.00,0.00,29.77,T,6.00,BKN
NYC,2023-07-10 05:51,74.00,72.00,3.00,M,29.76,T,4.00,BKN
NYC,2023-07-10 06:51,73.00,71.00,0.00,0.00,29.75,0.00,9.00,FEW
NYC,2023-07-10 07:51,72.00,70.00,0.00,0.00,29.74,0.00,10.00,FEW
NYC,2023-07-10 08:51,72.00,69.00,3.00,290.00,29.74,0.00,10.00,CLR
NYC,2023-07-10 09:51,72.00,69.00,5.00,M,29.75,0.00,10.00,BKN
NYC,2023-07-10 10:51,72.00,69.00,4.00,290.00,29.77,0.00,10.00,FEW
NYC,2023-07-10 11:51,72.00,68.00,4.00,M,29.78,0.00,10.00,BKN
NYC,2023-07-10 12:51,73.00,68.00,M,M,29.79,0.00,10.00,BKN
NYC,2023-07-10 13:51,76.00,68.00,0.00,0.00,29.79,0.00,10.00,SCT
NYC,2023-07-10 14:51,76.00,68.00,4.00,M,29.80,0.00,10.00,BKN
NYC,2023-07-10 15:51,78.00,66.00,9.00,300.00,29.81,0.00,10.00,FEW
NYC,2023-07-10 16:51,80.00,66.00,0.00,0.00,29.80,0.00,10.00,SCT
NYC,2023-07-10 17:51,78.00,65.00,4.00,M,29.80,0.00,10.00,SCT
NYC,2023-07-10 18:51,80.00,64.00,5.00,M,29.81,0.00,10.00,BKN
NYC,2023-07-10 19:51,81.00,64.00,0.00,0.00,29.79,0.00,10.00,SCT
NYC,2023-07-10 20:51,83.00,63.00,0.00,0.00,29.79,0.00,10.00,SCT
NYC,2023-07-10 21:51,83.00,62.00,9.00,300.00,29.79,0.00,10.00,FEW
NYC,2023-07-10 22:51,83.00,62.00,6.00,M,29.81,0.00,10.00,FEW
NYC,2023-07-10 23:51,83.00,59.00,3.00,M,29.83,0.00,10.00,BKN
NYC,2023-07-11 00:51,80.00,59.00,3.00,M,29.85,0.00,10.00,CLR
NYC,2023-07-11 01:51,78.00,55.00,3.00,M,29.86,0.00,10.00,CLR
NYC,2023-07-11 02:51,75.00,55.00,3.00,290.00,29.88,0.00,10.00,CLR
NYC,2023-07-11 03:51,75.00,55.00,3.00,M,29.89,0.00,10.00,CLR
NYC,2023-07-11 04:51,73.00,55.00,3.00,M,29.88,0.00,10.00,CLR
NYC,2023-07-11 05:51,72.00,56.00,4.00,M,29.87,0.00,10.00,CLR
NYC,2023-07-11 06:51,72.00,55.00,4.00,M,29.88,0.00,10.00,CLR
NYC,2023-07-11 07:51,70.00,55.00,4.00,270.00,29.88,0.00,10.00,CLR
NYC,2023-07-11 08:51,70.00,55.00,0.00,0.00,29.89,0.00,10.00,CLR
NYC,2023-07-11 09:51,69.00,55.00,3.00,290.00,29.90,0.00,10.00,CLR
NYC,2023-07-11 10:51,70.00,56.00,0.00,0.00,29.92,0.00,10.00,CLR
NYC,2023-07-11 11:51,72.00,56.00,0.00,0.00,29.93,0.00,10.00,CLR
NYC,2023-07-11 12:51,74.00,58.00,5.00,290.00,29.94,0.00,10.00,CLR
NYC,2023-07-11 13:51,76.00,57.00,4.00,M,29.92,0.00,10.00,CLR
NYC,2023-07-11 14:51,80.00,59.00,4.00,290.00,29.92,0.00,10.00,CLR
NYC,2023-07-11 15:51,83.00,59.00,4.00,280.00,29.91,0.00,10.00,CLR
NYC,2023-07-11 16:51,86.00,59.00,0.00,0.00,29.91,0.00,10.00,CLR
NYC,2023-07-11 17:51,88.00,58.00,3.00,M,29.90,0.00,10.00,SCT
NYC,2023-07-11 18:51,87.00,58.00,M,M,29.89,0.00,10.00,FEW
NYC,2023-07-11 19:51,87.00,58.00,0.00,0.00,29.89,0.00,10.00,FEW
NYC,2023-07-11 20:51,85.00,62.00,M,M,29.89,0.00,10.00,CLR
NYC,2023-07-11 21:51,85.00,61.00,3.00,M,29.89,0.00,10.00,FEW
NYC,2023-07-11 22:51,85.00,62.00,6.00,M,29.90,0.00,10.00,CLR
NYC,2023-07-11 23:51,84.00,60.00,4.00,M,29.90,0.00,10.00,CLR
NYC,2023-07-12 00:51,82.00,60.00,0.00,0.00,29.91,0.00,10.00,CLR
NYC,2023-07-12 01:51,81.00,59.00,3.00,M,29.93,0.00,10.00,CLR
NYC,2023-07-12 02:51,81.00,60.00,0.00,0.00,29.93,0.00,10.00,CLR
NYC,2023-07-12 03:51,80.00,59.00,4.00,230.00,29.93,0.00,10.00,CLR
NYC,2023-07-12 04:51,79.00,59.00,0.00,0.00,29.93,0.00,10.00,CLR
NYC,2023-07-12 05:51,78.00,60.00,3.00,250.00,29.92,0.00,10.00,CLR
NYC,2023-07-12 06:51,78.00,59.00,3.00,240.00,29.93,0.00,10.00,CLR
NYC,2023-07-12 07:51,77.00,59.00,3.00,M,29.93,0.00,10.00,CLR
NYC,2023-07-12 08:51,77.00,59.00,0.00,0.00,29.94,0.00,10.00,CLR
NYC,2023-07-12 09:51,76.00,59.00,4.00,270.00,29.94,0.00,10.00,CLR
NYC,2023-07-12 10:51,76.00,61.00,0.00,0.00,29.95,0.00,10.00,CLR
NYC,2023-07-12 11:51,77.00,61.00,3.00,290.00,29.97,0.00,10.00,CLR
NYC,2023-07-12 12:51,79.00,61.00,5.00,M,29.98,0.00,10.00,CLR
NYC,2023-07-12 13:51,82.00,61.00,3.00,300.00,29.97,0.00,10.00,CLR
NYC,2023-07-12 14:51,85.00,61.00,0.00,0.00,29.96,0.00,10.00,CLR
NYC,2023-07-12 15:51,87.00,60.00,0.00,0.00,29.96,0.00,10.00,CLR
NYC,2023-07-12 16:51,89.00,58.00,5.00,240.00,29.95,0.00,10.00,FEW
NYC,2023-07-12 17:51,89.00,60.00,5.00,M,29.93,0.00,10.00,FEW
NYC,2023-07-12 18:51,89.00,57.00,6.00,M,29.93,0.00,10.00,FEW
NYC,2023-07-12 19:51,89.00,58.00,0.00,0.00,29.92,0.00,10.00,CLR
NYC,2023-07-12 20:51,88.00,59.00,4.00,M,29.92,0.00,10.00,CLR
NYC,2023-07-12 21:51,88.00,60.00,3.00,M,29.92,0.00,10.00,BKN
NYC,2023-07-12 22:51,85.00,62.00,M,M,29.93,0.00,10.00,BKN
NYC,2023-07-12 23:51,86.00,58.00,6.00,270.00,29.94,0.00,10.00,CLR
NYC,2023-07-13 00:51,85.00,59.00,3.00,M,29.94,0.00,10.00,CLR
NYC,2023-07-13 01:51,84.00,59.00,0.00,0.00,29.94,0.00,10.00,CLR
NYC,2023-07-13 02:51,83.00,61.00,3.00,240.00,29.94,0.00,10.00,CLR
NYC,2023-07-13 03:51,83.00,63.00,0.00,0.00,29.93,0.00,10.00,CLR
NYC,2023-07-13 04:51,80.00,63.00,5.00,250.00,29.93,0.00,10.00,CLR
NYC,2023-07-13 05:51,80.00,62.00,3.00,220.00,29.92,0.00,10.00,CLR
NYC,2023-07-13 06:51,79.00,63.00,5.00,240.00,29.91,0.00,10.00,CLR
NYC,2023-07-13 07:51,79.00,63.00,3.00,M,29.91,0.00,10.00,CLR
NYC,2023-07-13 08:51,77.00,64.00,6.00,M,29.92,0.00,10.00,CLR
NYC,2023-07-13 09:51,77.00,65.00,4.00,230.00,29.93,0.00,10.00,CLR
NYC,2023-07-13 10:51,78.00,66.00,4.00,230.00,29.93,0.00,10.00,FEW
NYC,2023-07-13 11:51,80.00,67.00,3.00,210.00,29.93,0.00,10.00,CLR
NYC,2023-07-13 12:51,81.00,66.00,4.00,M,29.93,0.00,10.00,CLR
NYC,2023-07-13 13:51,82.00,68.00,5.00,M,29.92,0.00,10.00,CLR
NYC,2023-07-13 14:51,83.00,65.00,0.00,0.00,29.90,0.00,10.00,CLR
NYC,2023-07-13 15:51,87.00,65.00,0.00,0.00,29.89,0.00,10.00,CLR
NYC,2023-07-13 16:51,84.00,67.00,M,M,29.88,0.00,9.00,FEW
NYC,2023-07-13 17:51,88.00,70.00,M,M,29.86,0.00,10.00,CLR
NYC,2023-07-13 18:51,86.00,70.00,3.00,M,29.85,0.00,10.00,CLR
NYC,2023-07-13 19:51,85.00,72.00,0.00,0.00,29.83,0.00,10.00,CLR
NYC,2023-07-13 20:51,85.00,74.00,0.00,0.00,29.82,0.00,9.00,CLR
NYC,2023-07-13 21:51,84.00,74.00,3.00,M,29.80,0.00,9.00,CLR
NYC,2023-07-13 22:51,84.00,73.00,0.00,0.00,29.80,0.00,9.00,CLR
NYC,2023-07-13 23:51,85.00,72.00,M,M,29.81,0.00,10.00,CLR
NYC,2023-07-14 00:51,83.00,72.00,0.00,0.00,29.82,0.00,10.00,CLR
NYC,2023-07-14 01:51,83.00,71.00,0.00,0.00,29.84,0.00,10.00,CLR
NYC,2023-07-14 02:51,83.00,70.00,0.00,0.00,29.84,0.00,10.00,CLR
NYC,2023-07-14 03:51,81.00,71.00,0.00,0.00,29.85,0.00,10.00,CLR
NYC,2023-07-14 04:51,81.00,71.00,0.00,0.00,29.84,0.00,10.00,CLR
NYC,2023-07-14 05:51,81.00,72.00,4.00,M,29.87,0.00,10.00,SCT
NYC,2023-07-14 06:51,77.00,63.00,7.00,50.00,29.89,0.00,10.00,FEW
NYC,2023-07-14 07:51,76.00,61.00,9.00,50.00,29.89,0.00,10.00,SCT
NYC,2023-07-14 08:51,75.00,63.00,5.00,M,29.89,0.00,10.00,FEW
NYC,2023-07-14 09:51,74.00,65.00,0.00,0.00,29.88,0.00,10.00,FEW
NYC,2023-07-14 10:51,76.00,65.00,7.00,90.00,29.89,0.00,10.00,BKN
NYC,2023-07-14 11:51,73.00,67.00,5.00,280.00,29.92,0.02,1.75,FEW
NYC,2023-07-14 12:51,72.00,69.00,3.00,M,29.93,0.22,10.00,CLR
NYC,2023-07-14 13:51,74.00,70.00,4.00,80.00,29.93,0.00,10.00,FEW
NYC,2023-07-14 14:51,74.00,69.00,7.00,70.00,29.93,0.00,10.00,OVC
NYC,2023-07-14 15:51,78.00,70.00,5.00,90.00,29.94,0.00,10.00,FEW
NYC,2023-07-14 16:51,83.00,71.00,5.00,M,29.93,0.00,10.00,CLR
NYC,2023-07-14 17:51,82.00,71.00,5.00,M,29.93,0.00,10.00,BKN
NYC,2023-07-14 18:51,82.00,71.00,7.00,80.00,29.93,0.00,10.00,BKN
NYC,2023-07-14 19:51,83.00,71.00,5.00,M,29.91,0.00,10.00,FEW
NYC,2023-07-14 20:51,82.00,72.00,5.00,70.00,29.92,0.00,10.00,FEW
NYC,2023-07-14 21:51,81.00,72.00,0.00,0.00,29.91,0.00,10.00,FEW
NYC,2023-07-14 22:51,79.00,72.00,4.00,150.00,29.91,T,10.00,FEW
NYC,2023-07-14 23:51,78.00,72.00,0.00,0.00,29.91,T,10.00,SCT
NYC,2023-07-15 00:51,78.00,72.00,0.00,0.00,29.92,0.00,10.00,SCT
NYC,2023-07-15 01:51,76.00,67.00,3.00,M,29.95,T,10.00,SCT
NYC,2023-07-15 02:51,75.00,68.00,4.00,270.00,29.96,0.00,10.00,CLR
NYC,2023-07-15 03:51,72.00,70.00,0.00,0.00,29.96,0.24,6.00,FEW
NYC,2023-07-15 04:51,72.00,69.00,0.00,0.00,29.96,0.00,8.00,CLR
NYC,2023-07-15 05:51,72.00,69.00,0.00,0.00,29.96,0.00,7.00,FEW
NYC,2023-07-15 06:51,72.00,70.00,0.00,0.00,29.95,0.00,5.00,CLR
NYC,2023-07-15 07:51,72.00,70.00,3.00,20.00,29.94,0.00,6.00,CLR
NYC,2023-07-15 08:51,73.00,70.00,0.00,0.00,29.94,0.00,5.00,FEW
NYC,2023-07-15 09:51,72.00,70.00,3.00,80.00,29.95,0.00,3.00,CLR
NYC,2023-07-15 10:51,72.00,70.00,5.00,70.00,29.97,0.00,4.00,CLR
NYC,2023-07-15 11:51,74.00,71.00,3.00,50.00,29.98,0.00,6.00,CLR
NYC,2023-07-15 12:51,78.00,73.00,0.00,0.00,29.99,0.00,9.00,CLR
NYC,2023-07-15 13:51,79.00,73.00,4.00,M,29.99,0.00,8.00,CLR
NYC,2023-07-15 14:51,82.00,72.00,0.00,0.00,29.99,0.00,8.00,BKN
NYC,2023-07-15 15:51,83.00,73.00,0.00,0.00,29.98,0.00,9.00,SCT
NYC,2023-07-15 16:51,85.00,73.00,0.00,0.00,29.98,0.00,10.00,SCT
NYC,2023-07-15 17:51,87.00,72.00,0.00,0.00,29.95,0.00,10.00,FEW
NYC,2023-07-15 18:51,84.00,74.00,0.00,0.00,29.96,0.00,10.00,BKN
NYC,2023-07-15 19:51,84.00,72.00,7.00,130.00,29.94,0.00,10.00,CLR
NYC,2023-07-15 20:51,83.00,72.00,M,M,29.92,0.00,10.00,CLR
NYC,2023-07-15 21:51,80.00,74.00,M,M,29.94,0.00,10.00,FEW
NYC,2023-07-15 22:51,80.00,74.00,M,M,29.94,0.00,10.00,BKN
NYC,2023-07-15 23:51,78.00,75.00,0.00,0.00,29.94,0.02,3.00,FEW
NYC,2023-07-16 00:51,76.00,74.00,0.00,0.00,29.93,0.02,6.00,FEW
NYC,2023-07-16 01:51,77.00,75.00,0.00,0.00,29.94,0.00,5.00,BKN
NYC,2023-07-16 02:51,78.00,75.00,0.00,0.00,29.93,0.00,5.00,OVC
NYC,2023-07-16 03:51,78.00,75.00,3.00,M,29.93,0.00,7.00,OVC
NYC,2023-07-16 04:51,78.00,75.00,0.00,0.00,29.92,0.00,7.00,OVC
NYC,2023-07-16 05:51,78.00,75.00,0.00,0.00,29.90,0.00,9.00,BKN
NYC,2023-07-16 06:51,78.00,75.00,0.00,0.00,29.89,0.00,8.00,OVC
NYC,2023-07-16 07:51,78.00,75.00,0.00,0.00,29.86,0.00,9.00,OVC
NYC,2023-07-16 08:51,78.00,75.00,M,M,29.85,0.00,9.00,OVC
NYC,2023-07-16 09:51,78.00,74.00,M,M,29.84,T,8.00,OVC
NYC,2023-07-16 10:51,77.00,74.00,3.00,M,29.83,0.08,3.00,BKN
NYC,2023-07-16 11:51,76.00,74.00,3.00,M,29.84,T,9.00,BKN
NYC,2023-07-16 12:51,76.00,74.00,3.00,200.00,29.85,0.05,3.00,BKN
NYC,2023-07-16 13:51,76.00,74.00,3.00,M,29.85,0.13,4.00,SCT
NYC,2023-07-16 14:51,75.00,74.00,0.00,0.00,29.86,0.05,8.00,FEW
NYC,2023-07-16 15:51,77.00,75.00,4.00,230.00,29.86,0.40,5.00,FEW
NYC,2023-07-16 16:51,74.00,73.00,0.00,0.00,29.86,0.51,0.75,BKN
NYC,2023-07-16 17:51,77.00,74.00,0.00,0.00,29.84,0.10,7.00,BKN
NYC,2023-07-16 18:51,78.00,75.00,0.00,0.00,29.83,T,10.00,SCT
NYC,2023-07-16 19:51,78.00,74.00,0.00,0.00,29.82,T,10.00,SCT
NYC,2023-07-16 20:51,77.00,74.00,0.00,0.00,29.81,T,8.00,SCT
NYC,2023-07-16 21:51,77.00,74.00,0.00,0.00,29.81,T,10.00,FEW
NYC,2023-07-16 22:51,77.00,74.00,0.00,0.00,29.81,0.00,10.00,CLR
NYC,2023-07-16 23:51,77.00,73.00,4.00,240.00,29.82,0.00,10.00,FEW
NYC,2023-07-17 00:51,77.00,73.00,4.00,230.00,29.83,0.00,10.00,FEW
NYC,2023-07-17 01:51,77.00,73.00,3.00,210.00,29.85,0.00,10.00,SCT
NYC,2023-07-17 02:51,77.00,72.00,3.00,M,29.84,0.00,10.00,CLR
NYC,2023-07-17 03:51,76.00,73.00,0.00,0.00,29.86,0.00,10.00,CLR
NYC,2023-07-17 04:51,76.00,73.00,0.00,0.00,29.86,0.00,10.00,FEW
NYC,2023-07-17 05:51,76.00,73.00,0.00,0.00,29.86,0.00,10.00,CLR
NYC,2023-07-17 06:51,75.00,73.00,4.00,M,29.87,0.00,10.00,CLR
NYC,2023-07-17 07:51,75.00,73.00,3.00,M,29.87,0.00,10.00,SCT
NYC,2023-07-17 08:51,75.00,72.00,3.00,M,29.88,0.00,7.00,CLR
NYC,2023-07-17 09:51,74.00,72.00,0.00,0.00,29.90,0.00,8.00,FEW
NYC,2023-07-17 10:51,75.00,72.00,0.00,0.00,29.93,0.00,9.00,OVC
NYC,2023-07-17 11:51,76.00,72.00,0.00,0.00,29.95,0.00,10.00,OVC
NYC,2023-07-17 12:51,78.00,71.00,5.00,M,29.95,0.00,10.00,FEW
NYC,2023-07-17 13:51,80.00,70.00,0.00,0.00,29.96,0.00,10.00,CLR
NYC,2023-07-17 14:51,82.00,67.00,5.00,60.00,29.97,0.00,6.00,CLR
NYC,2023-07-17 15:51,85.00,67.00,3.00,250.00,29.98,0.00,8.00,CLR
NYC,2023-07-17 16:51,87.00,67.00,0.00,0.00,29.98,0.00,9.00,FEW
NYC,2023-07-17 17:51,88.00,66.00,0.00,0.00,29.97,0.00,8.00,CLR
NYC,2023-07-17 18:51,87.00,63.00,0.00,0.00,29.96,0.00,5.00,CLR
NYC,2023-07-17 19:51,87.00,67.00,5.00,M,29.94,0.00,5.00,CLR
NYC,2023-07-17 20:51,85.00,65.00,6.00,230.00,29.93,0.00,5.00,CLR
NYC,2023-07-17 21:51,85.00,65.00,5.00,M,29.93,0.00,5.00,CLR
NYC,2023-07-17 22:51,83.00,72.00,M,M,29.94,0.00,8.00,CLR
NYC,2023-07-17 23:51,80.00,71.00,3.00,M,29.95,0.00,8.00,CLR
NYC,2023-07-18 00:51,80.00,70.00,0.00,0.00,29.96,0.00,8.00,CLR
NYC,2023-07-18 01:51,80.00,69.00,0.00,0.00,29.98,0.00,8.00,SCT
NYC,2023-07-18 02:51,80.00,69.00,M,M,29.98,0.00,8.00,CLR
NYC,2023-07-18 03:51,80.00,69.00,4.00,M,29.99,0.00,8.00,CLR
NYC,2023-07-18 04:51,80.00,68.00,3.00,230.00,30.00,0.00,9.00,CLR
NYC,2023-07-18 05:51,79.00,67.00,0.00,0.00,29.99,0.00,10.00,CLR
NYC,2023-07-18 06:51,77.00,68.00,4.00,M,29.98,0.00,10.00,CLR
NYC,2023-07-18 07:51,77.00,68.00,0.00,0.00,29.96,0.00,9.00,CLR
NYC,2023-07-18 08:51,77.00,69.00,0.00,0.00,29.96,0.00,8.00,CLR
NYC,2023-07-18 09:51,76.00,69.00,0.00,0.00,29.97,0.00,8.00,CLR
NYC,2023-07-18 10:51,78.00,71.00,0.00,0.00,29.98,0.00,6.00,CLR
NYC,2023-07-18 11:51,79.00,71.00,0.00,0.00,29.98,0.00,7.00,CLR
NYC,2023-07-18 12:51,80.00,71.00,0.00,0.00,29.99,0.00,6.00,CLR
NYC,2023-07-18 13:51,82.00,72.00,4.00,130.00,29.99,0.00,6.00,SCT
NYC,2023-07-18 14:51,83.00,73.00,3.00,M,29.99,0.00,7.00,SCT
NYC,2023-07-18 15:51,82.00,74.00,M,M,29.99,0.00,7.00,FEW
NYC,2023-07-18 16:51,74.00,72.00,0.00,0.00,29.98,0.20,2.50,FEW
NYC,2023-07-18 17:51,73.00,71.00,M,M,29.97,0.01,2.00,FEW
NYC,2023-07-18 18:51,75.00,71.00,0.00,0.00,29.97,0.00,4.00,FEW
NYC,2023-07-18 19:51,76.00,72.00,0.00,0.00,29.95,0.01,9.00,FEW
NYC,2023-07-18 20:51,76.00,70.00,3.00,M,29.95,0.00,7.00,FEW
NYC,2023-07-18 21:51,79.00,70.00,M,M,29.93,0.00,9.00,CLR
NYC,2023-07-18 22:51,79.00,71.00,0.00,0.00,29.94,0.00,10.00,CLR
NYC,2023-07-18 23:51,78.00,68.00,0.00,0.00,29.94,0.00,9.00,CLR
NYC,2023-07-19 00:51,78.00,68.00,0.00,0.00,29.94,0.00,8.00,CLR
NYC,2023-07-19 01:51,77.00,69.00,0.00,0.00,29.96,0.00,8.00,CLR
NYC,2023-07-19 02:51,77.00,70.00,3.00,M,29.98,0.00,8.00,CLR
NYC,2023-07-19 03:51,76.00,69.00,4.00,M,30.00,0.00,7.00,CLR
NYC,2023-07-19 04:51,77.00,65.00,4.00,M,30.00,0.00,6.00,CLR
NYC,2023-07-19 05:51,76.00,65.00,4.00,280.00,29.99,0.00,6.00,CLR
NYC,2023-07-19 06:51,75.00,65.00,M,M,29.99,0.00,6.00,CLR
NYC,2023-07-19 07:51,73.00,65.00,0.00,0.00,30.00,0.00,6.00,CLR
NYC,2023-07-19 08:51,73.00,65.00,3.00,280.00,30.01,0.00,5.00,CLR
NYC,2023-07-19 09:51,73.00,65.00,0.00,0.00,30.02,0.00,5.00,CLR
NYC,2023-07-19 10:51,74.00,64.00,0.00,0.00,30.03,0.00,5.00,BKN
NYC,2023-07-19 11:51,73.00,65.00,0.00,0.00,30.05,0.00,4.00,BKN
NYC,2023-07-19 12:51,75.00,65.00,0.00,0.00,30.06,0.00,4.00,BKN
NYC,2023-07-19 13:51,76.00,64.00,3.00,120.00,30.06,0.00,5.00,CLR
NYC,2023-07-19 14:51,75.00,64.00,0.00,0.00,30.07,0.00,5.00,SCT
NYC,2023-07-19 15:51,76.00,63.00,5.00,60.00,30.07,0.00,6.00,BKN
NYC,2023-07-19 16:51,73.00,67.00,0.00,0.00,30.07,T,4.00,SCT
NYC,2023-07-19 17:51,76.00,68.00,0.00,0.00,30.06,0.00,5.00,SCT
NYC,2023-07-19 18:51,75.00,68.00,0.00,0.00,30.04,0.00,6.00,OVC
NYC,2023-07-19 19:51,78.00,68.00,6.00,250.00,30.04,0.00,6.00,SCT
NYC,2023-07-19 20:51,79.00,68.00,4.00,250.00,30.02,0.00,6.00,FEW
NYC,2023-07-19 21:51,79.00,68.00,0.00,0.00,30.01,0.00,6.00,FEW
NYC,2023-07-19 22:51,79.00,68.00,0.00,0.00,30.01,0.00,6.00,FEW
NYC,2023-07-19 23:51,77.00,69.00,0.00,0.00,30.02,0.00,5.00,FEW
NYC,2023-07-20 00:51,76.00,69.00,0.00,0.00,30.04,0.00,6.00,CLR
NYC,2023-07-20 01:51,75.00,69.00,0.00,0.00,30.05,0.00,6.00,CLR
NYC,2023-07-20 02:51,74.00,69.00,0.00,0.00,30.05,0.00,5.00,CLR
NYC,2023-07-20 03:51,74.00,69.00,0.00,0.00,30.04,0.00,5.00,CLR
NYC,2023-07-20 04:51,74.00,69.00,0.00,0.00,30.04,0.00,5.00,CLR
NYC,2023-07-20 05:51,73.00,69.00,3.00,270.00,30.03,0.00,4.00,CLR
NYC,2023-07-20 06:51,73.00,70.00,4.00,M,30.03,0.00,4.00,CLR
NYC,2023-07-20 07:51,73.00,70.00,0.00,0.00,30.02,0.00,3.00,CLR
NYC,2023-07-20 08:51,73.00,69.00,0.00,0.00,30.02,0.00,2.50,CLR
NYC,2023-07-20 09:51,73.00,69.00,3.00,30.00,30.02,0.00,3.00,CLR
NYC,2023-07-20 10:51,73.00,70.00,3.00,M,30.03,0.00,2.50,CLR
NYC,2023-07-20 11:51,75.00,69.00,3.00,M,30.03,0.00,3.00,BKN
NYC,2023-07-20 12:51,77.00,66.00,5.00,M,30.04,0.00,6.00,BKN
NYC,2023-07-20 13:51,79.00,61.00,5.00,60.00,30.03,0.00,10.00,BKN
NYC,2023-07-20 14:51,80.00,60.00,3.00,M,30.03,0.00,10.00,SCT
NYC,2023-07-20 15:51,84.00,59.00,5.00,M,30.03,0.00,10.00,CLR
NYC,2023-07-20 16:51,85.00,57.00,4.00,50.00,30.01,0.00,10.00,CLR
NYC,2023-07-20 17:51,86.00,59.00,5.00,50.00,29.99,0.00,10.00,FEW
NYC,2023-07-20 18:51,82.00,62.00,0.00,0.00,29.99,0.00,10.00,BKN
NYC,2023-07-20 19:51,81.00,63.00,M,M,29.98,0.00,10.00,SCT
NYC,2023-07-20 20:51,81.00,62.00,3.00,M,29.97,0.00,10.00,CLR
NYC,2023-07-20 21:51,80.00,60.00,3.00,M,29.94,0.00,10.00,CLR
NYC,2023-07-20 22:51,80.00,58.00,0.00,0.00,29.94,0.00,10.00,CLR
NYC,2023-07-20 23:51,78.00,59.00,0.00,0.00,29.93,0.00,10.00,CLR
NYC,2023-07-21 00:51,77.00,59.00,0.00,0.00,29.93,0.00,10.00,CLR
NYC,2023-07-21 01:51,77.00,61.00,3.00,M,29.92,0.00,10.00,CLR
NYC,2023-07-21 02:51,76.00,62.00,0.00,0.00,29.92,0.00,10.00,CLR
NYC,2023-07-21 03:51,76.00,63.00,0.00,0.00,29.90,0.00,9.00,CLR
NYC,2023-07-21 04:51,74.00,66.00,0.00,0.00,29.88,0.00,7.00,CLR
NYC,2023-07-21 05:51,74.00,68.00,0.00,0.00,29.88,0.00,7.00,CLR
NYC,2023-07-21 06:51,74.00,69.00,3.00,M,29.86,0.00,7.00,BKN
NYC,2023-07-21 07:51,75.00,69.00,0.00,0.00,29.84,0.00,8.00,BKN
NYC,2023-07-21 08:51,75.00,69.00,0.00,0.00,29.83,0.00,8.00,FEW
NYC,2023-07-21 09:51,75.00,70.00,0.00,0.00,29.84,T,7.00,BKN
NYC,2023-07-21 10:51,73.00,71.00,0.00,0.00,29.80,0.14,1.50,BKN
NYC,2023-07-21 11:51,73.00,71.00,M,M,29.80,T,2.00,FEW
NYC,2023-07-21 12:51,71.00,68.00,4.00,230.00,29.81,0.01,7.00,SCT
NYC,2023-07-21 13:51,74.00,70.00,0.00,0.00,29.78,T,10.00,BKN
NYC,2023-07-21 14:51,77.00,68.00,5.00,270.00,29.78,0.00,10.00,FEW
NYC,2023-07-21 15:51,80.00,67.00,5.00,280.00,29.79,0.00,10.00,BKN
NYC,2023-07-21 16:51,79.00,68.00,0.00,0.00,29.78,0.00,10.00,FEW
NYC,2023-07-21 17:51,82.00,64.00,0.00,0.00,29.76,0.00,10.00,FEW
NYC,2023-07-21 18:51,84.00,65.00,4.00,250.00,29.74,0.00,10.00,FEW
NYC,2023-07-21 19:51,83.00,64.00,7.00,290.00,29.74,0.00,10.00,BKN
NYC,2023-07-21 20:51,83.00,63.00,6.00,M,29.74,0.00,10.00,FEW
NYC,2023-07-21 21:51,82.00,64.00,M,M,29.73,0.00,10.00,CLR
NYC,2023-07-21 22:51,82.00,62.00,4.00,M,29.73,0.00,10.00,CLR
NYC,2023-07-21 23:51,79.00,62.00,4.00,M,29.75,0.00,10.00,CLR
NYC,2023-07-22 00:51,79.00,63.00,M,M,29.76,0.00,10.00,CLR
NYC,2023-07-22 01:51,79.00,62.00,3.00,M,29.77,0.00,10.00,CLR
NYC,2023-07-22 02:51,78.00,61.00,3.00,M,29.78,0.00,10.00,CLR
NYC,2023-07-22 03:51,77.00,59.00,3.00,M,29.78,0.00,10.00,CLR
NYC,2023-07-22 04:51,76.00,60.00,5.00,300.00,29.79,0.00,10.00,CLR
NYC,2023-07-22 05:51,74.00,60.00,3.00,M,29.79,0.00,10.00,CLR
NYC,2023-07-22 06:51,73.00,60.00,4.00,M,29.78,0.00,10.00,CLR
NYC,2023-07-22 07:51,72.00,61.00,3.00,M,29.78,0.00,10.00,CLR
NYC,2023-07-22 08:51,71.00,60.00,5.00,290.00,29.79,0.00,10.00,CLR
NYC,2023-07-22 09:51,70.00,59.00,0.00,0.00,29.80,0.00,10.00,CLR
NYC,2023-07-22 10:51,70.00,59.00,4.00,M,29.81,0.00,10.00,CLR
NYC,2023-07-22 11:51,71.00,58.00,5.00,M,29.83,0.00,10.00,CLR
NYC,2023-07-22 12:51,73.00,58.00,4.00,M,29.83,0.00,10.00,CLR
NYC,2023-07-22 13:51,74.00,57.00,M,M,29.84,0.00,10.00,CLR
NYC,2023-07-22 14:51,75.00,59.00,4.00,M,29.84,0.00,10.00,CLR
NYC,2023-07-22 15:51,80.00,60.00,0.00,0.00,29.84,0.00,10.00,CLR
NYC,2023-07-22 16:51,82.00,57.00,4.00,M,29.83,0.00,10.00,CLR
NYC,2023-07-22 17:51,83.00,57.00,M,M,29.82,0.00,10.00,BKN
NYC,2023-07-22 18:51,82.00,55.00,M,M,29.83,0.00,10.00,SCT
NYC,2023-07-22 19:51,82.00,54.00,5.00,M,29.82,0.00,10.00,SCT
NYC,2023-07-22 20:51,82.00,53.00,7.00,300.00,29.84,0.00,10.00,FEW
NYC,2023-07-22 21:51,82.00,52.00,M,M,29.83,0.00,10.00,FEW
NYC,2023-07-22 22:51,82.00,51.00,3.00,M,29.83,0.00,10.00,CLR
NYC,2023-07-22 23:51,82.00,50.00,0.00,0.00,29.84,0.00,10.00,CLR
NYC,2023-07-23 00:51,77.00,52.00,0.00,0.00,29.85,0.00,10.00,CLR
NYC,2023-07-23 01:51,77.00,53.00,0.00,0.00,29.87,0.00,10.00,CLR
NYC,2023-07-23 02:51,77.00,55.00,0.00,0.00,29.87,0.00,10.00,CLR
NYC,2023-07-23 03:51,75.00,57.00,0.00,0.00,29.88,0.00,10.00,CLR
NYC,2023-07-23 04:51,75.00,56.00,3.00,300.00,29.89,0.00,10.00,CLR
NYC,2023-07-23 05:51,72.00,58.00,0.00,0.00,29.90,0.00,10.00,CLR
NYC,2023-07-23 06:51,72.00,60.00,4.00,300.00,29.90,0.00,10.00,CLR
NYC,2023-07-23 07:51,70.00,60.00,0.00,0.00,29.91,0.00,10.00,CLR
NYC,2023-07-23 08:51,69.00,61.00,0.00,0.00,29.92,0.00,10.00,CLR
NYC,2023-07-23 09:51,70.00,62.00,0.00,0.00,29.94,0.00,10.00,CLR
NYC,2023-07-23 10:51,71.00,62.00,0.00,0.00,29.96,0.00,10.00,CLR
NYC,2023-07-23 11:51,73.00,60.00,0.00,0.00,29.98,0.00,10.00,CLR
NYC,2023-07-23 12:51,76.00,59.00,0.00,0.00,30.00,0.00,10.00,CLR
NYC,2023-07-23 13:51,77.00,58.00,3.00,M,30.00,0.00,10.00,CLR
NYC,2023-07-23 14:51,80.00,55.00,0.00,0.00,30.01,0.00,10.00,CLR
NYC,2023-07-23 15:51,83.00,56.00,0.00,0.00,30.01,0.00,10.00,CLR
NYC,2023-07-23 16:51,86.00,56.00,5.00,M,30.00,0.00,10.00,CLR
NYC,2023-07-23 17:51,85.00,57.00,0.00,0.00,29.98,0.00,10.00,CLR
NYC,2023-07-23 18:51,84.00,60.00,0.00,0.00,29.98,0.00,10.00,CLR
NYC,2023-07-23 19:51,83.00,62.00,3.00,M,29.97,0.00,10.00,FEW
NYC,2023-07-23 20:51,83.00,60.00,0.00,0.00,29.97,0.00,10.00,FEW
NYC,2023-07-23 21:51,81.00,61.00,0.00,0.00,29.98,0.00,10.00,SCT
NYC,2023-07-23 22:51,80.00,60.00,M,M,29.99,0.00,10.00,BKN
NYC,2023-07-23 23:51,80.00,59.00,3.00,M,30.01,0.00,10.00,BKN
NYC,2023-07-24 00:51,78.00,62.00,3.00,M,30.03,0.00,10.00,CLR
NYC,2023-07-24 01:51,78.00,63.00,4.00,M,30.06,0.00,10.00,CLR
NYC,2023-07-24 02:51,78.00,59.00,M,M,30.07,0.00,10.00,CLR
NYC,2023-07-24 03:51,77.00,58.00,3.00,M,30.07,0.00,10.00,CLR
NYC,2023-07-24 04:51,77.00,59.00,0.00,0.00,30.08,0.00,10.00,CLR
NYC,2023-07-24 05:51,76.00,58.00,7.00,230.00,30.08,0.00,10.00,CLR
NYC,2023-07-24 06:51,76.00,60.00,4.00,M,30.08,0.00,10.00,CLR
NYC,2023-07-24 07:51,75.00,61.00,5.00,M,30.09,0.00,10.00,CLR
NYC,2023-07-24 08:51,75.00,61.00,6.00,M,30.11,0.00,10.00,CLR
NYC,2023-07-24 09:51,75.00,60.00,0.00,0.00,30.11,0.00,10.00,CLR
NYC,2023-07-24 10:51,75.00,62.00,0.00,0.00,30.11,0.00,10.00,CLR
NYC,2023-07-24 11:51,76.00,61.00,4.00,220.00,30.12,0.00,10.00,CLR
NYC,2023-07-24 12:51,77.00,63.00,0.00,0.00,30.13,0.00,10.00,CLR
NYC,2023-07-24 13:51,78.00,64.00,0.00,0.00,30.14,0.00,10.00,CLR
NYC,2023-07-24 14:51,78.00,63.00,5.00,M,30.15,0.00,10.00,CLR
NYC,2023-07-24 15:51,81.00,63.00,5.00,M,30.14,0.00,10.00,CLR
NYC,2023-07-24 16:51,84.00,63.00,5.00,230.00,30.14,0.00,10.00,SCT
NYC,2023-07-24 17:51,85.00,57.00,7.00,240.00,30.13,0.00,10.00,FEW
NYC,2023-07-24 18:51,85.00,64.00,0.00,0.00,30.11,0.00,10.00,CLR
NYC,2023-07-24 19:51,83.00,65.00,0.00,0.00,30.10,0.00,10.00,CLR
NYC,2023-07-24 20:51,82.00,63.00,0.00,0.00,30.09,0.00,10.00,CLR
NYC,2023-07-24 21:51,81.00,66.00,3.00,M,30.09,0.00,10.00,CLR
NYC,2023-07-24 22:51,79.00,64.00,M,M,30.09,0.00,10.00,CLR
NYC,2023-07-24 23:51,78.00,66.00,3.00,M,30.10,0.00,10.00,CLR
NYC,2023-07-25 00:51,77.00,68.00,0.00,0.00,30.10,0.00,10.00,CLR
NYC,2023-07-25 01:51,77.00,69.00,M,M,30.10,0.00,10.00,CLR
NYC,2023-07-25 02:51,77.00,69.00,0.00,0.00,30.11,0.00,10.00,CLR
NYC,2023-07-25 03:51,76.00,67.00,0.00,0.00,30.10,0.00,10.00,CLR
NYC,2023-07-25 04:51,76.00,63.00,7.00,220.00,30.11,0.00,10.00,CLR
NYC,2023-07-25 05:51,76.00,62.00,6.00,M,30.10,0.00,10.00,CLR
NYC,2023-07-25 06:51,75.00,62.00,4.00,M,30.11,0.00,10.00,CLR
NYC,2023-07-25 07:51,75.00,64.00,3.00,210.00,30.09,0.00,10.00,CLR
NYC,2023-07-25 08:51,75.00,65.00,3.00,M,30.08,0.00,10.00,CLR
NYC,2023-07-25 09:51,74.00,65.00,M,M,30.09,0.00,10.00,CLR
NYC,2023-07-25 10:51,75.00,66.00,3.00,M,30.10,0.00,10.00,OVC
NYC,2023-07-25 11:51,75.00,65.00,3.00,280.00,30.11,0.00,10.00,CLR
NYC,2023-07-25 12:51,79.00,64.00,0.00,0.00,30.11,0.00,10.00,CLR
NYC,2023-07-25 13:51,80.00,66.00,3.00,M,30.11,0.00,10.00,CLR
NYC,2023-07-25 14:51,82.00,66.00,0.00,0.00,30.11,0.00,10.00,SCT
NYC,2023-07-25 15:51,83.00,67.00,M,M,30.10,0.00,10.00,FEW
NYC,2023-07-25 16:51,84.00,66.00,0.00,0.00,30.08,0.00,10.00,FEW
NYC,2023-07-25 17:51,85.00,69.00,6.00,M,30.04,0.00,10.00,FEW
NYC,2023-07-25 18:51,80.00,68.00,5.00,200.00,30.04,0.00,10.00,CLR
NYC,2023-07-25 19:51,71.00,67.00,10.00,270.00,30.11,0.05,1.25,SCT
NYC,2023-07-25 20:51,69.00,67.00,5.00,90.00,30.09,0.21,4.00,FEW
NYC,2023-07-25 21:51,70.00,68.00,3.00,100.00,30.09,0.02,3.00,FEW
NYC,2023-07-25 22:51,71.00,69.00,0.00,0.00,30.09,0.00,3.00,FEW
NYC,2023-07-25 23:51,71.00,68.00,0.00,0.00,30.09,0.00,7.00,FEW
NYC,2023-07-26 00:51,70.00,67.00,4.00,M,30.09,0.00,8.00,CLR
NYC,2023-07-26 01:51,69.00,66.00,0.00,0.00,30.10,0.00,8.00,FEW
NYC,2023-07-26 02:51,69.00,66.00,0.00,0.00,30.11,0.00,8.00,CLR
NYC,2023-07-26 03:51,69.00,66.00,0.00,0.00,30.10,0.00,8.00,CLR
NYC,2023-07-26 04:51,69.00,65.00,0.00,0.00,30.11,0.00,8.00,CLR
NYC,2023-07-26 05:51,69.00,66.00,0.00,0.00,30.10,0.00,7.00,CLR
NYC,2023-07-26 06:51,68.00,65.00,0.00,0.00,30.09,0.00,8.00,CLR
NYC,2023-07-26 07:51,69.00,65.00,0.00,0.00,30.09,0.00,7.00,CLR
NYC,2023-07-26 08:51,68.00,65.00,3.00,M,30.11,0.00,7.00,CLR
NYC,2023-07-26 09:51,68.00,65.00,0.00,0.00,30.12,0.00,8.00,CLR
NYC,2023-07-26 10:51,69.00,66.00,0.00,0.00,30.13,0.00,8.00,CLR
NYC,2023-07-26 11:51,72.00,65.00,3.00,300.00,30.14,0.00,9.00,CLR
NYC,2023-07-26 12:51,73.00,63.00,6.00,280.00,30.16,0.00,10.00,CLR
NYC,2023-07-26 13:51,76.00,64.00,4.00,270.00,30.15,0.00,10.00,CLR
NYC,2023-07-26 14:51,79.00,65.00,4.00,300.00,30.14,0.00,10.00,CLR
NYC,2023-07-26 15:51,84.00,63.00,0.00,0.00,30.14,0.00,10.00,CLR
NYC,2023-07-26 16:51,85.00,65.00,0.00,0.00,30.12,0.00,10.00,CLR
NYC,2023-07-26 17:51,86.00,67.00,5.00,210.00,30.10,0.00,9.00,CLR
NYC,2023-07-26 18:51,86.00,65.00,3.00,M,30.09,0.00,9.00,FEW
NYC,2023-07-26 19:51,86.00,65.00,M,M,30.09,0.00,9.00,CLR
NYC,2023-07-26 20:51,85.00,65.00,3.00,220.00,30.07,0.00,9.00,CLR
NYC,2023-07-26 21:51,83.00,67.00,0.00,0.00,30.06,0.00,9.00,CLR
NYC,2023-07-26 22:51,82.00,65.00,0.00,0.00,30.06,0.00,10.00,CLR
NYC,2023-07-26 23:51,80.00,66.00,0.00,0.00,30.07,0.00,10.00,CLR
NYC,2023-07-27 00:51,79.00,67.00,0.00,0.00,30.08,0.00,10.00,CLR
NYC,2023-07-27 01:51,79.00,65.00,3.00,M,30.07,0.00,10.00,CLR
NYC,2023-07-27 02:51,78.00,62.00,4.00,M,30.06,0.00,10.00,CLR
NYC,2023-07-27 03:51,77.00,62.00,0.00,0.00,30.06,0.00,10.00,CLR
NYC,2023-07-27 04:51,76.00,64.00,M,M,30.06,0.00,10.00,CLR
NYC,2023-07-27 05:51,76.00,64.00,3.00,M,30.05,0.00,10.00,FEW
NYC,2023-07-27 06:51,75.00,69.00,7.00,230.00,30.04,0.00,10.00,CLR
NYC,2023-07-27 07:51,75.00,70.00,5.00,210.00,30.02,0.00,10.00,CLR
NYC,2023-07-27 08:51,75.00,69.00,4.00,M,30.00,0.00,10.00,CLR
NYC,2023-07-27 09:51,77.00,71.00,3.00,M,30.01,0.00,10.00,BKN
NYC,2023-07-27 10:51,77.00,72.00,3.00,240.00,30.02,0.00,8.00,BKN
NYC,2023-07-27 11:51,78.00,73.00,3.00,M,30.01,0.00,7.00,SCT
NYC,2023-07-27 12:51,80.00,73.00,4.00,M,29.99,0.00,9.00,FEW
NYC,2023-07-27 13:51,82.00,73.00,5.00,M,29.98,0.00,9.00,CLR
NYC,2023-07-27 14:51,86.00,73.00,5.00,M,29.97,0.00,9.00,CLR
NYC,2023-07-27 15:51,90.00,74.00,0.00,0.00,29.96,0.00,9.00,FEW
NYC,2023-07-27 16:51,90.00,71.00,6.00,M,29.95,0.00,10.00,FEW
NYC,2023-07-27 17:51,89.00,72.00,0.00,0.00,29.93,0.00,10.00,BKN
NYC,2023-07-27 18:51,91.00,72.00,5.00,M,29.91,0.00,9.00,SCT
NYC,2023-07-27 19:51,89.00,72.00,7.00,240.00,29.90,0.00,10.00,BKN
NYC,2023-07-27 20:51,90.00,70.00,9.00,250.00,29.90,0.00,10.00,FEW
NYC,2023-07-27 21:51,90.00,70.00,11.00,230.00,29.90,0.00,10.00,FEW
NYC,2023-07-27 22:51,89.00,72.00,M,M,29.91,0.00,9.00,SCT
NYC,2023-07-27 23:51,89.00,71.00,10.00,250.00,29.92,0.00,10.00,SCT
NYC,2023-07-28 00:51,87.00,70.00,0.00,0.00,29.94,0.00,10.00,BKN
NYC,2023-07-28 01:51,78.00,72.00,8.00,10.00,29.98,0.05,1.50,FEW
NYC,2023-07-28 02:51,77.00,75.00,0.00,0.00,29.98,0.10,2.50,FEW
NYC,2023-07-28 03:51,77.00,74.00,0.00,0.00,29.98,T,4.00,BKN
NYC,2023-07-28 04:51,76.00,73.00,0.00,0.00,29.97,0.00,7.00,BKN
NYC,2023-07-28 05:51,76.00,74.00,0.00,0.00,29.98,0.00,6.00,FEW
NYC,2023-07-28 06:51,76.00,73.00,3.00,310.00,29.97,0.00,9.00,CLR
NYC,2023-07-28 07:51,76.00,73.00,3.00,290.00,29.98,0.00,9.00,CLR
NYC,2023-07-28 08:51,75.00,72.00,0.00,0.00,29.99,0.00,9.00,CLR
NYC,2023-07-28 09:51,76.00,72.00,0.00,0.00,30.01,0.00,10.00,FEW
NYC,2023-07-28 10:51,76.00,72.00,0.00,0.00,30.03,0.00,10.00,CLR
NYC,2023-07-28 11:51,77.00,71.00,4.00,300.00,30.05,0.00,10.00,BKN
NYC,2023-07-28 12:51,78.00,71.00,4.00,280.00,30.05,0.00,10.00,BKN
NYC,2023-07-28 13:51,80.00,71.00,0.00,0.00,30.04,0.00,10.00,CLR
NYC,2023-07-28 14:51,83.00,71.00,4.00,280.00,30.03,0.00,10.00,CLR
NYC,2023-07-28 15:51,87.00,70.00,0.00,0.00,30.03,0.00,10.00,FEW
NYC,2023-07-28 16:51,90.00,69.00,3.00,M,30.02,0.00,10.00,FEW
NYC,2023-07-28 17:51,90.00,68.00,4.00,M,30.00,0.00,10.00,FEW
NYC,2023-07-28 18:51,90.00,66.00,M,M,29.99,0.00,10.00,FEW
NYC,2023-07-28 19:51,91.00,67.00,5.00,M,29.98,0.00,10.00,CLR
NYC,2023-07-28 20:51,91.00,67.00,5.00,M,29.96,0.00,10.00,CLR
NYC,2023-07-28 21:51,90.00,65.00,0.00,0.00,29.95,0.00,10.00,CLR
NYC,2023-07-28 22:51,89.00,65.00,M,M,29.95,0.00,10.00,CLR
NYC,2023-07-28 23:51,86.00,67.00,0.00,0.00,29.95,0.00,10.00,CLR
NYC,2023-07-29 00:51,86.00,67.00,3.00,290.00,29.96,0.00,10.00,CLR
NYC,2023-07-29 01:51,86.00,67.00,0.00,0.00,29.97,0.00,10.00,CLR
NYC,2023-07-29 02:51,86.00,67.00,0.00,0.00,29.96,0.00,10.00,CLR
NYC,2023-07-29 03:51,84.00,68.00,5.00,210.00,29.96,0.00,10.00,FEW
NYC,2023-07-29 04:51,82.00,66.00,3.00,M,29.95,T,10.00,CLR
NYC,2023-07-29 05:51,81.00,66.00,6.00,240.00,29.92,0.00,10.00,CLR
NYC,2023-07-29 06:51,80.00,66.00,3.00,M,29.91,0.00,10.00,CLR
NYC,2023-07-29 07:51,79.00,66.00,3.00,M,29.90,0.00,10.00,CLR
NYC,2023-07-29 08:51,78.00,67.00,0.00,0.00,29.88,0.00,10.00,CLR
NYC,2023-07-29 09:51,77.00,69.00,M,M,29.89,0.00,10.00,CLR
NYC,2023-07-29 10:51,78.00,69.00,3.00,M,29.90,0.00,10.00,CLR
NYC,2023-07-29 11:51,78.00,69.00,4.00,M,29.89,0.00,10.00,CLR
NYC,2023-07-29 12:51,77.00,71.00,4.00,260.00,29.88,0.01,10.00,FEW
NYC,2023-07-29 13:51,79.00,71.00,0.00,0.00,29.86,0.00,10.00,FEW
NYC,2023-07-29 14:51,82.00,71.00,M,M,29.84,0.00,10.00,FEW
NYC,2023-07-29 15:51,86.00,71.00,0.00,0.00,29.81,0.00,10.00,CLR
NYC,2023-07-29 16:51,86.00,71.00,M,M,29.79,0.00,10.00,BKN
NYC,2023-07-29 17:51,87.00,70.00,6.00,240.00,29.76,0.00,10.00,FEW
NYC,2023-07-29 18:51,86.00,70.00,4.00,M,29.74,0.00,10.00,FEW
NYC,2023-07-29 19:51,87.00,71.00,5.00,M,29.72,0.00,10.00,FEW
NYC,2023-07-29 20:51,88.00,68.00,7.00,210.00,29.71,0.00,10.00,CLR
NYC,2023-07-29 21:51,88.00,69.00,4.00,M,29.67,0.00,10.00,SCT
NYC,2023-07-29 22:51,87.00,69.00,5.00,230.00,29.68,0.00,10.00,BKN
NYC,2023-07-29 23:51,77.00,72.00,8.00,300.00,29.70,0.05,10.00,FEW
NYC,2023-07-30 00:51,78.00,70.00,4.00,M,29.73,0.00,10.00,CLR
NYC,2023-07-30 01:51,78.00,69.00,10.00,350.00,29.79,0.00,10.00,SCT
NYC,2023-07-30 02:51,75.00,65.00,5.00,M,29.80,0.00,10.00,FEW
NYC,2023-07-30 03:51,73.00,62.00,6.00,M,29.83,0.00,10.00,FEW
NYC,2023-07-30 04:51,71.00,60.00,7.00,350.00,29.85,0.00,10.00,FEW
NYC,2023-07-30 05:51,70.00,59.00,3.00,M,29.87,0.00,10.00,SCT
NYC,2023-07-30 06:51,69.00,59.00,4.00,M,29.88,0.00,10.00,CLR
NYC,2023-07-30 07:51,69.00,59.00,6.00,M,29.88,0.00,10.00,CLR
NYC,2023-07-30 08:51,68.00,58.00,4.00,M,29.90,0.00,10.00,CLR
NYC,2023-07-30 09:51,67.00,56.00,5.00,M,29.91,0.00,10.00,CLR
NYC,2023-07-30 10:51,66.00,53.00,6.00,M,29.94,0.00,10.00,SCT
NYC,2023-07-30 11:51,66.00,54.00,3.00,M,29.96,0.00,10.00,CLR
NYC,2023-07-30 12:51,68.00,51.00,3.00,M,29.98,0.00,10.00,CLR
NYC,2023-07-30 13:51,69.00,50.00,4.00,M,29.99,0.00,10.00,CLR
NYC,2023-07-30 14:51,72.00,51.00,3.00,360.00,29.99,0.00,10.00,CLR
NYC,2023-07-30 15:51,75.00,51.00,6.00,M,29.99,0.00,10.00,FEW
NYC,2023-07-30 16:51,76.00,53.00,10.00,300.00,29.98,0.00,10.00,SCT
NYC,2023-07-30 17:51,76.00,53.00,6.00,290.00,29.97,0.00,10.00,FEW
NYC,2023-07-30 18:51,77.00,53.00,5.00,M,29.96,0.00,10.00,FEW
NYC,2023-07-30 19:51,77.00,52.00,3.00,M,29.94,0.00,10.00,BKN
NYC,2023-07-30 20:51,79.00,51.00,7.00,310.00,29.94,0.00,10.00,SCT
NYC,2023-07-30 21:51,79.00,48.00,5.00,M,29.94,0.00,10.00,FEW
NYC,2023-07-30 22:51,77.00,48.00,3.00,M,29.95,0.00,10.00,FEW
NYC,2023-07-30 23:51,76.00,47.00,4.00,300.00,29.97,0.00,10.00,CLR
NYC,2023-08-01 00:51,77.00,55.00,8.00,40.00,30.03,0.00,10.00,FEW
NYC,2023-08-01 01:51,76.00,54.00,4.00,M,30.06,0.00,10.00,CLR
NYC,2023-08-01 02:51,73.00,55.00,0.00,0.00,30.07,0.00,10.00,CLR
NYC,2023-08-01 03:51,74.00,52.00,3.00,M,30.08,0.00,10.00,FEW
NYC,2023-08-01 04:51,73.00,52.00,5.00,M,30.08,0.00,10.00,FEW
NYC,2023-08-01 05:51,66.00,57.00,0.00,0.00,30.08,T,10.00,OVC
NYC,2023-08-01 06:51,66.00,58.00,0.00,0.00,30.08,T,10.00,CLR
NYC,2023-08-01 07:51,69.00,56.00,M,M,30.08,0.00,10.00,CLR
NYC,2023-08-01 08:51,68.00,56.00,3.00,M,30.09,0.00,10.00,CLR
NYC,2023-08-01 09:51,69.00,55.00,6.00,M,30.11,T,10.00,OVC
NYC,2023-08-01 10:51,68.00,55.00,3.00,M,30.13,0.00,10.00,CLR
NYC,2023-08-01 11:51,69.00,55.00,4.00,M,30.15,0.00,10.00,CLR
NYC,2023-08-01 12:51,71.00,52.00,8.00,50.00,30.16,0.00,10.00,CLR
NYC,2023-08-01 13:51,73.00,49.00,5.00,M,30.16,0.00,10.00,CLR
NYC,2023-08-01 14:51,75.00,47.00,8.00,40.00,30.17,0.00,10.00,CLR
NYC,2023-08-01 15:51,77.00,47.00,3.00,M,30.16,0.00,10.00,CLR
NYC,2023-08-01 16:51,78.00,48.00,M,M,30.15,0.00,10.00,SCT
NYC,2023-08-01 17:51,80.00,46.00,6.00,M,30.14,0.00,10.00,SCT
NYC,2023-08-01 18:51,79.00,46.00,4.00,M,30.14,0.00,10.00,FEW
NYC,2023-08-01 19:51,79.00,49.00,5.00,M,30.14,0.00,10.00,BKN
NYC,2023-08-01 20:51,78.00,47.00,3.00,360.00,30.13,0.00,10.00,BKN
NYC,2023-08-01 21:51,78.00,48.00,7.00,40.00,30.12,0.00,10.00,SCT
NYC,2023-08-01 22:51,77.00,47.00,6.00,10.00,30.14,0.00,10.00,CLR
NYC,2023-08-01 23:51,75.00,48.00,4.00,M,30.16,0.00,10.00,FEW
NYC,2023-08-02 00:51,73.00,49.00,0.00,0.00,30.18,0.00,10.00,CLR
NYC,2023-08-02 01:51,73.00,46.00,4.00,M,30.20,0.00,10.00,CLR
NYC,2023-08-02 02:51,72.00,48.00,5.00,M,30.21,0.00,10.00,CLR
NYC,2023-08-02 03:51,71.00,47.00,3.00,30.00,30.21,0.00,10.00,CLR
NYC,2023-08-02 04:51,68.00,47.00,3.00,20.00,30.21,0.00,10.00,CLR
NYC,2023-08-02 05:51,67.00,47.00,0.00,0.00,30.21,0.00,10.00,CLR
NYC,2023-08-02 06:51,66.00,51.00,0.00,0.00,30.21,0.00,10.00,CLR
NYC,2023-08-02 07:51,65.00,50.00,4.00,40.00,30.21,0.00,10.00,CLR
NYC,2023-08-02 08:51,65.00,48.00,4.00,40.00,30.22,0.00,10.00,CLR
NYC,2023-08-02 09:51,64.00,49.00,3.00,20.00,30.23,0.00,10.00,CLR
NYC,2023-08-02 10:51,65.00,47.00,3.00,M,30.25,0.00,10.00,CLR
NYC,2023-08-02 11:51,68.00,48.00,3.00,360.00,30.26,0.00,10.00,CLR
NYC,2023-08-02 12:51,71.00,47.00,5.00,40.00,30.26,0.00,10.00,CLR
NYC,2023-08-02 13:51,73.00,48.00,0.00,0.00,30.25,0.00,10.00,CLR
NYC,2023-08-02 14:51,75.00,48.00,3.00,M,30.24,0.00,10.00,FEW
NYC,2023-08-02 15:51,77.00,45.00,0.00,0.00,30.25,0.00,10.00,FEW
NYC,2023-08-02 16:51,78.00,45.00,4.00,290.00,30.24,0.00,10.00,CLR
NYC,2023-08-02 17:51,78.00,46.00,0.00,0.00,30.24,0.00,10.00,FEW
NYC,2023-08-02 18:51,80.00,47.00,7.00,40.00,30.22,0.00,10.00,SCT
NYC,2023-08-02 19:51,80.00,46.00,0.00,0.00,30.21,0.00,10.00,FEW
NYC,2023-08-02 20:51,79.00,45.00,5.00,M,30.20,0.00,10.00,CLR
NYC,2023-08-02 21:51,78.00,47.00,5.00,M,30.19,0.00,10.00,CLR
NYC,2023-08-02 22:51,75.00,51.00,4.00,200.00,30.19,0.00,10.00,FEW
NYC,2023-08-02 23:51,73.00,52.00,4.00,M,30.20,0.00,10.00,CLR
NYC,2023-08-03 00:51,71.00,52.00,3.00,M,30.20,0.00,10.00,CLR
NYC,2023-08-03 01:51,70.00,52.00,0.00,0.00,30.21,0.00,10.00,CLR
NYC,2023-08-03 02:51,70.00,52.00,0.00,0.00,30.21,0.00,10.00,CLR
NYC,2023-08-03 03:51,70.00,52.00,0.00,0.00,30.22,0.00,10.00,CLR
NYC,2023-08-03 04:51,69.00,53.00,4.00,200.00,30.21,0.00,10.00,CLR
NYC,2023-08-03 05:51,68.00,52.00,3.00,M,30.20,0.00,10.00,CLR
NYC,2023-08-03 06:51,68.00,53.00,3.00,M,30.18,0.00,10.00,CLR
NYC,2023-08-03 07:51,68.00,51.00,0.00,0.00,30.17,0.00,10.00,CLR
NYC,2023-08-03 08:51,67.00,52.00,4.00,240.00,30.17,0.00,10.00,CLR
NYC,2023-08-03 09:51,67.00,52.00,3.00,240.00,30.17,0.00,10.00,CLR
NYC,2023-08-03 10:51,68.00,53.00,4.00,M,30.18,0.00,10.00,CLR
NYC,2023-08-03 11:51,70.00,54.00,5.00,M,30.18,0.00,10.00,CLR
NYC,2023-08-03 12:51,73.00,58.00,0.00,0.00,30.17,0.00,10.00,CLR
NYC,2023-08-03 13:51,74.00,58.00,3.00,M,30.16,0.00,10.00,CLR
NYC,2023-08-03 14:51,75.00,55.00,4.00,200.00,30.15,0.00,10.00,FEW
NYC,2023-08-03 15:51,77.00,55.00,3.00,M,30.13,0.00,10.00,FEW
NYC,2023-08-03 16:51,79.00,56.00,0.00,0.00,30.11,0.00,10.00,SCT
NYC,2023-08-03 17:51,79.00,57.00,M,M,30.10,0.00,10.00,SCT
NYC,2023-08-03 18:51,78.00,58.00,3.00,M,30.10,0.00,10.00,CLR
NYC,2023-08-03 19:51,76.00,56.00,M,M,30.09,0.00,10.00,FEW
NYC,2023-08-03 20:51,76.00,57.00,M,M,30.07,0.00,10.00,FEW
NYC,2023-08-03 21:51,75.00,56.00,3.00,M,30.06,0.00,10.00,FEW
NYC,2023-08-03 22:51,74.00,56.00,M,M,30.05,0.00,10.00,BKN
NYC,2023-08-03 23:51,73.00,57.00,3.00,M,30.05,0.00,10.00,CLR
NYC,2023-08-04 00:51,73.00,57.00,0.00,0.00,30.06,0.00,10.00,BKN
NYC,2023-08-04 01:51,73.00,57.00,3.00,190.00,30.06,T,10.00,FEW
NYC,2023-08-04 02:51,72.00,56.00,3.00,180.00,30.05,0.00,10.00,FEW
NYC,2023-08-04 03:51,72.00,57.00,5.00,M,30.04,0.00,10.00,BKN
NYC,2023-08-04 04:51,72.00,58.00,M,M,30.03,0.00,10.00,FEW
NYC,2023-08-04 05:51,71.00,59.00,4.00,M,30.01,0.00,10.00,CLR
NYC,2023-08-04 06:51,71.00,61.00,4.00,M,30.01,0.00,10.00,SCT
NYC,2023-08-04 07:51,72.00,61.00,4.00,M,30.01,0.00,10.00,OVC
NYC,2023-08-04 08:51,71.00,62.00,3.00,210.00,30.00,0.00,10.00,BKN
NYC,2023-08-04 09:51,71.00,62.00,4.00,M,30.00,0.00,10.00,SCT
NYC,2023-08-04 10:51,72.00,63.00,3.00,180.00,29.99,0.00,10.00,BKN
NYC,2023-08-04 11:51,72.00,63.00,3.00,M,30.00,0.00,10.00,FEW
NYC,2023-08-04 12:51,73.00,63.00,0.00,0.00,29.99,0.00,9.00,SCT
NYC,2023-08-04 13:51,74.00,63.00,M,M,29.99,0.00,9.00,SCT
NYC,2023-08-04 14:51,75.00,63.00,5.00,200.00,29.99,0.00,10.00,OVC
NYC,2023-08-04 15:51,75.00,63.00,0.00,0.00,29.99,0.00,10.00,BKN
NYC,2023-08-04 16:51,74.00,63.00,3.00,190.00,29.99,0.00,10.00,OVC
NYC,2023-08-04 17:51,74.00,65.00,0.00,0.00,29.98,T,9.00,FEW
NYC,2023-08-04 18:51,75.00,64.00,0.00,0.00,29.96,0.00,9.00,BKN
NYC,2023-08-04 19:51,75.00,64.00,4.00,210.00,29.95,T,9.00,SCT
NYC,2023-08-04 20:51,76.00,64.00,0.00,0.00,29.95,0.00,10.00,FEW
NYC,2023-08-04 21:51,76.00,65.00,0.00,0.00,29.94,0.00,10.00,SCT
NYC,2023-08-04 22:51,75.00,66.00,0.00,0.00,29.95,0.00,10.00,SCT
NYC,2023-08-04 23:51,74.00,66.00,0.00,0.00,29.95,0.00,10.00,BKN
NYC,2023-08-05 00:51,73.00,66.00,3.00,180.00,29.97,0.00,10.00,OVC
NYC,2023-08-05 01:51,73.00,66.00,7.00,200.00,29.98,0.00,10.00,FEW
NYC,2023-08-05 02:51,72.00,66.00,4.00,M,29.99,0.00,10.00,FEW
NYC,2023-08-05 03:51,72.00,66.00,0.00,0.00,29.98,0.00,10.00,SCT
NYC,2023-08-05 04:51,72.00,66.00,4.00,M,29.96,0.00,9.00,OVC
NYC,2023-08-05 05:51,72.00,66.00,M,M,29.96,0.00,10.00,OVC
NYC,2023-08-05 06:51,72.00,66.00,3.00,M,29.95,0.00,10.00,BKN
NYC,2023-08-05 07:51,72.00,66.00,0.00,0.00,29.97,0.00,10.00,SCT
NYC,2023-08-05 08:51,71.00,66.00,3.00,M,29.96,0.00,10.00,FEW
NYC,2023-08-05 09:51,72.00,66.00,0.00,0.00,29.97,0.00,10.00,OVC
NYC,2023-08-05 10:51,73.00,66.00,0.00,0.00,29.98,0.00,9.00,OVC
NYC,2023-08-05 11:51,74.00,66.00,0.00,0.00,29.98,0.00,10.00,SCT
NYC,2023-08-05 12:51,75.00,64.00,3.00,M,29.99,0.00,10.00,CLR
NYC,2023-08-05 13:51,77.00,64.00,5.00,M,29.99,0.00,10.00,CLR
NYC,2023-08-05 14:51,79.00,62.00,4.00,M,30.00,0.00,10.00,CLR
NYC,2023-08-05 15:51,82.00,59.00,5.00,M,30.00,0.00,10.00,CLR
NYC,2023-08-05 16:51,84.00,57.00,4.00,M,29.99,0.00,10.00,CLR
NYC,2023-08-05 17:51,85.00,57.00,0.00,0.00,29.99,0.00,10.00,CLR
NYC,2023-08-05 18:51,85.00,57.00,3.00,50.00,29.99,0.00,10.00,CLR
NYC,2023-08-05 19:51,84.00,58.00,5.00,M,29.98,0.00,10.00,CLR
NYC,2023-08-05 20:51,83.00,60.00,6.00,M,29.99,0.00,9.00,CLR
NYC,2023-08-05 21:51,82.00,55.00,0.00,0.00,29.99,0.00,8.00,CLR
NYC,2023-08-05 22:51,81.00,56.00,4.00,M,29.99,0.00,9.00,CLR
NYC,2023-08-05 23:51,81.00,54.00,3.00,M,30.00,0.00,8.00,CLR
NYC,2023-08-06 00:51,77.00,57.00,3.00,M,30.00,0.00,9.00,CLR
NYC,2023-08-06 01:51,77.00,57.00,3.00,40.00,30.01,0.00,8.00,CLR
NYC,2023-08-06 02:51,76.00,58.00,4.00,40.00,30.01,0.00,9.00,CLR
NYC,2023-08-06 03:51,75.00,58.00,3.00,M,30.01,0.00,9.00,CLR
NYC,2023-08-06 04:51,77.00,59.00,4.00,M,30.01,0.00,10.00,CLR
NYC,2023-08-06 05:51,75.00,57.00,4.00,M,30.02,0.00,10.00,CLR
NYC,2023-08-06 06:51,73.00,55.00,0.00,0.00,30.03,0.00,10.00,CLR
NYC,2023-08-06 07:51,74.00,55.00,5.00,M,30.04,0.00,10.00,CLR
NYC,2023-08-06 08:51,72.00,55.00,4.00,M,30.04,0.00,10.00,CLR
NYC,2023-08-06 09:51,69.00,55.00,0.00,0.00,30.05,0.00,10.00,CLR
NYC,2023-08-06 10:51,70.00,57.00,4.00,M,30.05,0.00,9.00,CLR
NYC,2023-08-06 11:51,72.00,58.00,4.00,M,30.06,0.00,9.00,CLR
NYC,2023-08-06 12:51,75.00,55.00,4.00,20.00,30.06,0.00,10.00,CLR
NYC,2023-08-06 13:51,77.00,55.00,0.00,0.00,30.06,0.00,10.00,CLR
NYC,2023-08-06 14:51,80.00,56.00,0.00,0.00,30.04,0.00,10.00,CLR
NYC,2023-08-06 15:51,83.00,55.00,0.00,0.00,30.05,0.00,10.00,CLR
NYC,2023-08-06 16:51,85.00,55.00,4.00,M,30.04,0.00,10.00,CLR
NYC,2023-08-06 17:51,86.00,55.00,4.00,210.00,30.03,0.00,10.00,CLR
NYC,2023-08-06 18:51,87.00,55.00,3.00,M,30.01,0.00,9.00,CLR
NYC,2023-08-06 19:51,85.00,57.00,3.00,M,30.00,0.00,9.00,CLR
NYC,2023-08-06 20:51,83.00,58.00,M,M,29.99,0.00,10.00,CLR
NYC,2023-08-06 21:51,81.00,58.00,0.00,0.00,29.99,0.00,10.00,CLR
NYC,2023-08-06 22:51,80.00,57.00,0.00,0.00,29.99,0.00,10.00,CLR
NYC,2023-08-06 23:51,78.00,60.00,0.00,0.00,30.00,0.00,10.00,CLR
NYC,2023-08-07 00:51,76.00,62.00,0.00,0.00,30.00,0.00,10.00,CLR
NYC,2023-08-07 01:51,76.00,64.00,M,M,30.01,0.00,9.00,CLR
NYC,2023-08-07 02:51,76.00,66.00,3.00,180.00,30.01,0.00,10.00,FEW
NYC,2023-08-07 03:51,75.00,67.00,0.00,0.00,30.00,0.00,10.00,SCT
NYC,2023-08-07 04:51,75.00,67.00,0.00,0.00,30.00,0.00,10.00,BKN
NYC,2023-08-07 05:51,75.00,66.00,4.00,M,29.98,0.00,9.00,FEW
NYC,2023-08-07 06:51,76.00,66.00,0.00,0.00,29.97,0.00,9.00,OVC
NYC,2023-08-07 07:51,73.00,68.00,3.00,M,29.97,0.01,6.00,BKN
NYC,2023-08-07 08:51,72.00,68.00,0.00,0.00,29.95,0.01,6.00,SCT
NYC,2023-08-07 09:51,69.00,67.00,M,M,29.96,0.17,1.00,FEW
NYC,2023-08-07 10:51,69.00,67.00,0.00,0.00,29.95,0.52,0.50,FEW
NYC,2023-08-07 11:51,69.00,68.00,3.00,M,29.95,0.22,1.75,FEW
NYC,2023-08-07 12:51,70.00,68.00,0.00,0.00,29.95,T,2.50,OVC
NYC,2023-08-07 13:51,71.00,69.00,3.00,M,29.95,T,3.00,SCT
NYC,2023-08-07 14:51,73.00,71.00,0.00,0.00,29.94,0.01,3.00,OVC
NYC,2023-08-07 15:51,77.00,73.00,0.00,0.00,29.92,T,8.00,SCT
NYC,2023-08-07 16:51,79.00,71.00,0.00,0.00,29.89,0.00,10.00,BKN
NYC,2023-08-07 17:51,79.00,67.00,0.00,0.00,29.88,0.00,10.00,OVC
NYC,2023-08-07 18:51,80.00,70.00,M,M,29.86,0.00,10.00,FEW
NYC,2023-08-07 19:51,79.00,71.00,4.00,M,29.84,0.00,10.00,SCT
NYC,2023-08-07 20:51,78.00,71.00,6.00,170.00,29.82,0.00,10.00,BKN
NYC,2023-08-07 21:51,78.00,71.00,0.00,0.00,29.81,0.00,10.00,SCT
NYC,2023-08-07 22:51,77.00,71.00,3.00,M,29.79,0.00,10.00,BKN
NYC,2023-08-07 23:51,77.00,72.00,M,M,29.80,0.00,10.00,BKN
NYC,2023-08-08 00:51,76.00,72.00,0.00,0.00,29.81,0.02,3.00,SCT
NYC,2023-08-08 01:51,71.00,69.00,6.00,M,29.78,0.16,10.00,SCT
NYC,2023-08-08 02:51,71.00,68.00,M,M,29.76,T,10.00,FEW
NYC,2023-08-08 03:51,71.00,69.00,0.00,0.00,29.75,0.00,10.00,CLR
NYC,2023-08-08 04:51,70.00,68.00,4.00,180.00,29.74,0.00,10.00,OVC
NYC,2023-08-08 05:51,70.00,68.00,0.00,0.00,29.74,0.00,10.00,FEW
NYC,2023-08-08 06:51,71.00,68.00,M,M,29.72,0.00,10.00,BKN
NYC,2023-08-08 07:51,71.00,68.00,0.00,0.00,29.70,0.00,10.00,SCT
NYC,2023-08-08 08:51,72.00,68.00,0.00,0.00,29.69,0.00,10.00,FEW
NYC,2023-08-08 09:51,72.00,68.00,0.00,0.00,29.69,0.00,10.00,FEW
NYC,2023-08-08 10:51,72.00,68.00,0.00,0.00,29.70,0.00,10.00,SCT
NYC,2023-08-08 11:51,73.00,68.00,0.00,0.00,29.70,0.00,10.00,OVC
NYC,2023-08-08 12:51,75.00,68.00,0.00,0.00,29.69,0.00,10.00,OVC
NYC,2023-08-08 13:51,73.00,69.00,M,M,29.68,T,10.00,BKN
NYC,2023-08-08 14:51,75.00,69.00,M,M,29.67,0.01,10.00,FEW
NYC,2023-08-08 15:51,78.00,68.00,0.00,0.00,29.65,0.00,10.00,SCT
NYC,2023-08-08 16:51,76.00,64.00,6.00,280.00,29.64,0.00,10.00,SCT
NYC,2023-08-08 17:51,79.00,61.00,5.00,M,29.64,0.00,10.00,SCT
NYC,2023-08-08 18:51,78.00,62.00,M,M,29.64,0.00,10.00,FEW
NYC,2023-08-08 19:51,77.00,62.00,3.00,M,29.65,0.00,10.00,FEW
NYC,2023-08-08 20:51,77.00,60.00,9.00,270.00,29.66,0.00,10.00,SCT
NYC,2023-08-08 21:51,76.00,59.00,10.00,280.00,29.67,0.00,10.00,BKN
NYC,2023-08-08 22:51,76.00,59.00,13.00,280.00,29.67,0.00,10.00,CLR
NYC,2023-08-08 23:51,74.00,59.00,9.00,280.00,29.70,0.00,10.00,SCT
NYC,2023-08-09 00:51,73.00,59.00,8.00,280.00,29.71,0.00,10.00,BKN
NYC,2023-08-09 01:51,73.00,59.00,10.00,270.00,29.71,0.00,10.00,FEW
NYC,2023-08-09 02:51,73.00,58.00,8.00,280.00,29.71,0.00,10.00,BKN
NYC,2023-08-09 03:51,73.00,58.00,8.00,270.00,29.72,0.00,10.00,OVC
NYC,2023-08-09 04:51,73.00,57.00,M,M,29.72,0.00,10.00,BKN
NYC,2023-08-09 05:51,72.00,57.00,7.00,270.00,29.72,0.00,10.00,SCT
NYC,2023-08-09 06:51,72.00,58.00,9.00,290.00,29.71,0.00,10.00,CLR
NYC,2023-08-09 07:51,71.00,58.00,6.00,M,29.71,0.00,10.00,FEW
NYC,2023-08-09 08:51,71.00,58.00,6.00,280.00,29.72,0.00,10.00,CLR
NYC,2023-08-09 09:51,70.00,58.00,9.00,280.00,29.73,0.00,10.00,CLR
NYC,2023-08-09 10:51,69.00,58.00,3.00,M,29.75,0.00,10.00,CLR
NYC,2023-08-09 11:51,71.00,58.00,6.00,270.00,29.76,0.00,10.00,CLR
NYC,2023-08-09 12:51,73.00,58.00,7.00,300.00,29.78,0.00,10.00,CLR
NYC,2023-08-09 13:51,75.00,57.00,10.00,280.00,29.78,0.00,10.00,CLR
NYC,2023-08-09 14:51,78.00,56.00,10.00,300.00,29.78,0.00,10.00,CLR
NYC,2023-08-09 15:51,82.00,55.00,6.00,M,29.77,0.00,10.00,CLR
NYC,2023-08-09 16:51,83.00,54.00,5.00,M,29.76,0.00,10.00,CLR
NYC,2023-08-09 17:51,85.00,54.00,7.00,310.00,29.76,0.00,10.00,FEW
NYC,2023-08-09 18:51,86.00,54.00,7.00,310.00,29.75,0.00,10.00,FEW
NYC,2023-08-09 19:51,85.00,53.00,7.00,290.00,29.77,0.00,10.00,CLR
NYC,2023-08-09 20:51,86.00,52.00,3.00,M,29.77,0.00,10.00,FEW
NYC,2023-08-09 21:51,84.00,53.00,6.00,M,29.76,0.00,10.00,FEW
NYC,2023-08-09 22:51,82.00,57.00,7.00,270.00,29.75,0.00,10.00,SCT
NYC,2023-08-09 23:51,80.00,55.00,5.00,M,29.78,0.00,10.00,OVC
NYC,2023-08-10 00:51,78.00,55.00,6.00,270.00,29.79,0.00,10.00,CLR
NYC,2023-08-10 01:51,76.00,53.00,3.00,M,29.82,0.00,10.00,CLR
NYC,2023-08-10 02:51,76.00,52.00,5.00,290.00,29.83,0.00,10.00,CLR
NYC,2023-08-10 03:51,74.00,53.00,3.00,M,29.83,0.00,10.00,CLR
NYC,2023-08-10 04:51,73.00,56.00,0.00,0.00,29.82,0.00,10.00,CLR
NYC,2023-08-10 05:51,73.00,56.00,0.00,0.00,29.81,0.00,10.00,CLR
NYC,2023-08-10 06:51,72.00,58.00,3.00,220.00,29.79,0.00,10.00,CLR
NYC,2023-08-10 07:51,74.00,59.00,4.00,240.00,29.78,0.00,10.00,BKN
NYC,2023-08-10 08:51,74.00,58.00,3.00,270.00,29.78,0.00,10.00,BKN
NYC,2023-08-10 09:51,73.00,60.00,0.00,0.00,29.78,0.00,10.00,CLR
NYC,2023-08-10 10:51,74.00,61.00,0.00,0.00,29.76,0.00,10.00,CLR
NYC,2023-08-10 11:51,75.00,62.00,0.00,0.00,29.77,0.00,10.00,CLR
NYC,2023-08-10 12:51,77.00,63.00,0.00,0.00,29.76,0.00,10.00,CLR
NYC,2023-08-10 13:51,79.00,65.00,3.00,M,29.76,0.00,10.00,FEW
NYC,2023-08-10 14:51,80.00,64.00,0.00,0.00,29.76,0.00,10.00,SCT
NYC,2023-08-10 15:51,80.00,67.00,0.00,0.00,29.74,0.00,10.00,FEW
NYC,2023-08-10 16:51,78.00,68.00,M,M,29.72,T,8.00,SCT
NYC,2023-08-10 17:51,76.00,71.00,3.00,M,29.71,0.02,6.00,SCT
NYC,2023-08-10 18:51,75.00,71.00,M,M,29.69,T,6.00,FEW
NYC,2023-08-10 19:51,72.00,69.00,0.00,0.00,29.67,0.12,1.75,FEW
NYC,2023-08-10 20:51,72.00,70.00,0.00,0.00,29.66,0.11,1.00,SCT
NYC,2023-08-10 21:51,72.00,69.00,3.00,110.00,29.63,0.17,3.00,FEW
NYC,2023-08-10 22:51,70.00,68.00,0.00,0.00,29.63,T,4.00,BKN
NYC,2023-08-10 23:51,71.00,68.00,0.00,0.00,29.63,0.06,4.00,BKN
NYC,2023-08-11 00:51,70.00,68.00,0.00,0.00,29.64,0.00,3.00,SCT
NYC,2023-08-11 01:51,70.00,68.00,3.00,M,29.65,0.00,3.00,FEW
NYC,2023-08-11 02:51,70.00,68.00,4.00,M,29.65,0.00,2.00,SCT
NYC,2023-08-11 03:01,70.00,68.00,3.00,M,29.65,0.00,2.00,FEW
NYC,2023-08-11 03:51,70.00,68.00,6.00,280.00,29.66,0.00,4.00,CLR
NYC,2023-08-11 04:51,70.00,67.00,4.00,M,29.66,0.00,7.00,CLR
NYC,2023-08-11 05:51,69.00,66.00,3.00,290.00,29.68,0.00,7.00,CLR
NYC,2023-08-11 06:51,68.00,65.00,0.00,0.00,29.69,0.00,6.00,CLR
NYC,2023-08-11 07:51,67.00,64.00,5.00,M,29.70,0.00,9.00,CLR
NYC,2023-08-11 08:51,67.00,64.00,3.00,M,29.73,0.00,7.00,CLR
NYC,2023-08-11 09:51,67.00,64.00,3.00,260.00,29.75,0.00,8.00,CLR
NYC,2023-08-11 10:51,67.00,64.00,3.00,M,29.77,0.00,8.00,CLR
NYC,2023-08-11 11:51,68.00,63.00,6.00,M,29.79,0.00,10.00,CLR
NYC,2023-08-11 12:51,71.00,63.00,3.00,M,29.79,0.00,10.00,CLR
NYC,2023-08-11 13:51,72.00,64.00,4.00,M,29.81,0.00,10.00,CLR
NYC,2023-08-11 14:51,75.00,62.00,4.00,M,29.82,0.00,10.00,CLR
NYC,2023-08-11 15:51,79.00,63.00,3.00,M,29.82,0.00,10.00,CLR
NYC,2023-08-11 16:51,82.00,62.00,M,M,29.81,0.00,10.00,BKN
NYC,2023-08-11 17:51,84.00,58.00,8.00,290.00,29.82,0.00,10.00,BKN
NYC,2023-08-11 18:51,84.00,59.00,3.00,M,29.82,0.00,10.00,FEW
NYC,2023-08-11 19:51,83.00,58.00,6.00,M,29.81,0.00,10.00,BKN
NYC,2023-08-11 20:51,83.00,57.00,4.00,M,29.81,0.00,10.00,FEW
NYC,2023-08-11 21:51,82.00,57.00,6.00,M,29.82,0.00,10.00,CLR
NYC,2023-08-11 22:51,82.00,57.00,M,M,29.83,0.00,10.00,FEW
NYC,2023-08-11 23:51,80.00,58.00,3.00,M,29.84,0.00,10.00,CLR
NYC,2023-08-12 00:51,78.00,59.00,0.00,0.00,29.86,0.00,10.00,CLR
NYC,2023-08-12 01:51,78.00,59.00,0.00,0.00,29.88,0.00,10.00,BKN
NYC,2023-08-12 02:51,77.00,59.00,3.00,290.00,29.90,0.00,10.00,OVC
NYC,2023-08-12 03:51,76.00,60.00,0.00,0.00,29.90,0.00,10.00,CLR
NYC,2023-08-12 04:51,75.00,59.00,0.00,0.00,29.91,0.00,10.00,CLR
NYC,2023-08-12 05:51,73.00,59.00,4.00,M,29.92,0.00,10.00,CLR
NYC,2023-08-12 06:51,73.00,57.00,0.00,0.00,29.93,0.00,10.00,CLR
NYC,2023-08-12 07:51,71.00,57.00,3.00,80.00,29.93,0.00,10.00,CLR
NYC,2023-08-12 08:51,70.00,60.00,0.00,0.00,29.93,0.00,10.00,CLR
NYC,2023-08-12 09:51,70.00,61.00,0.00,0.00,29.94,0.00,10.00,CLR
NYC,2023-08-12 10:51,71.00,61.00,0.00,0.00,29.94,0.00,10.00,CLR
NYC,2023-08-12 11:51,72.00,61.00,5.00,80.00,29.95,0.00,10.00,CLR
NYC,2023-08-12 12:51,75.00,62.00,4.00,50.00,29.94,0.00,10.00,FEW
NYC,2023-08-12 13:51,78.00,63.00,4.00,M,29.93,0.00,10.00,CLR
NYC,2023-08-12 14:51,81.00,64.00,3.00,M,29.93,0.00,10.00,BKN
NYC,2023-08-12 15:51,77.00,64.00,M,M,29.93,0.00,10.00,BKN
NYC,2023-08-12 16:51,83.00,68.00,3.00,M,29.91,0.00,10.00,FEW
NYC,2023-08-12 17:51,85.00,68.00,3.00,M,29.89,0.00,10.00,CLR
NYC,2023-08-12 18:51,82.00,69.00,4.00,M,29.89,0.00,9.00,BKN
NYC,2023-08-12 19:51,81.00,70.00,0.00,0.00,29.87,T,8.00,SCT
NYC,2023-08-12 20:51,81.00,67.00,6.00,190.00,29.86,T,10.00,CLR
NYC,2023-08-12 21:51,80.00,69.00,M,M,29.87,0.00,10.00,CLR
NYC,2023-08-12 22:51,80.00,68.00,0.00,0.00,29.87,0.00,10.00,CLR
NYC,2023-08-12 23:51,80.00,68.00,3.00,M,29.86,0.00,10.00,FEW
NYC,2023-08-13 00:51,79.00,68.00,4.00,M,29.88,0.00,10.00,CLR
NYC,2023-08-13 01:51,79.00,68.00,0.00,0.00,29.89,0.00,10.00,BKN
NYC,2023-08-13 02:51,78.00,68.00,3.00,190.00,29.88,0.00,10.00,CLR
NYC,2023-08-13 03:51,79.00,68.00,0.00,0.00,29.91,0.00,9.00,BKN
NYC,2023-08-13 04:51,76.00,68.00,6.00,60.00,29.90,0.00,10.00,FEW
NYC,2023-08-13 05:51,72.00,67.00,0.00,0.00,29.89,0.02,5.00,BKN
NYC,2023-08-13 06:51,70.00,68.00,3.00,M,29.88,0.60,2.00,FEW
NYC,2023-08-13 07:51,69.00,67.00,0.00,0.00,29.82,0.07,5.00,FEW
NYC,2023-08-13 08:51,69.00,67.00,0.00,0.00,29.84,T,10.00,CLR
NYC,2023-08-13 09:51,70.00,68.00,6.00,M,29.87,0.00,7.00,FEW
NYC,2023-08-13 10:51,70.00,68.00,M,M,29.88,0.00,9.00,FEW
NYC,2023-08-13 11:51,72.00,69.00,M,M,29.88,0.00,10.00,FEW
NYC,2023-08-13 12:51,73.00,70.00,0.00,0.00,29.89,0.00,10.00,CLR
NYC,2023-08-13 13:51,77.00,69.00,0.00,0.00,29.89,0.00,10.00,SCT
NYC,2023-08-13 14:51,78.00,70.00,6.00,270.00,29.89,0.00,10.00,SCT
NYC,2023-08-13 15:51,83.00,69.00,4.00,M,29.88,0.00,10.00,CLR
NYC,2023-08-13 16:51,85.00,69.00,M,M,29.88,0.00,10.00,BKN
NYC,2023-08-13 17:51,86.00,64.00,7.00,300.00,29.89,0.00,10.00,FEW
NYC,2023-08-13 18:51,86.00,61.00,5.00,M,29.90,0.00,10.00,CLR
NYC,2023-08-13 19:51,86.00,61.00,9.00,270.00,29.89,0.00,10.00,FEW
NYC,2023-08-13 20:51,85.00,62.00,6.00,M,29.90,0.00,10.00,CLR
NYC,2023-08-13 21:51,84.00,61.00,8.00,270.00,29.91,0.00,10.00,CLR
NYC,2023-08-13 22:51,83.00,62.00,6.00,M,29.92,0.00,10.00,CLR
NYC,2023-08-13 23:51,82.00,61.00,4.00,280.00,29.94,0.00,10.00,CLR
NYC,2023-08-14 00:51,82.00,61.00,4.00,M,29.96,0.00,10.00,OVC
NYC,2023-08-14 02:51,78.00,62.00,3.00,260.00,29.99,0.00,10.00,CLR
NYC,2023-08-14 03:51,78.00,62.00,4.00,M,30.00,0.00,10.00,CLR
NYC,2023-08-14 04:51,77.00,61.00,3.00,280.00,29.99,0.00,10.00,CLR
NYC,2023-08-14 05:51,76.00,61.00,3.00,280.00,29.99,0.00,10.00,CLR
NYC,2023-08-14 06:51,74.00,61.00,0.00,0.00,29.99,0.00,10.00,CLR
NYC,2023-08-14 07:51,74.00,61.00,0.00,0.00,29.99,0.00,10.00,CLR
NYC,2023-08-14 08:51,73.00,61.00,0.00,0.00,29.98,0.00,10.00,CLR
NYC,2023-08-14 09:51,73.00,60.00,0.00,0.00,29.99,0.00,10.00,CLR
NYC,2023-08-14 10:51,73.00,61.00,0.00,0.00,29.99,0.00,10.00,CLR
NYC,2023-08-14 11:51,74.00,62.00,0.00,0.00,30.00,0.00,10.00,CLR
NYC,2023-08-14 12:51,76.00,62.00,3.00,290.00,30.02,0.00,10.00,CLR
NYC,2023-08-14 13:51,78.00,64.00,3.00,250.00,30.03,0.00,10.00,CLR
NYC,2023-08-14 14:51,79.00,63.00,3.00,300.00,30.04,0.00,10.00,CLR
NYC,2023-08-14 15:51,80.00,64.00,0.00,0.00,30.02,0.00,10.00,CLR
NYC,2023-08-14 16:51,82.00,62.00,3.00,M,30.00,0.00,10.00,CLR
NYC,2023-08-14 17:51,85.00,62.00,0.00,0.00,29.98,0.00,10.00,CLR
NYC,2023-08-14 18:51,85.00,65.00,0.00,0.00,29.96,0.00,10.00,SCT
NYC,2023-08-14 19:51,85.00,66.00,0.00,0.00,29.95,0.00,10.00,FEW
NYC,2023-08-14 20:51,85.00,63.00,3.00,M,29.93,0.00,10.00,CLR
NYC,2023-08-14 21:51,83.00,64.00,4.00,M,29.92,0.00,10.00,BKN
NYC,2023-08-14 22:51,80.00,61.00,0.00,0.00,29.93,0.00,10.00,FEW
NYC,2023-08-14 23:51,80.00,63.00,0.00,0.00,29.92,0.00,10.00,CLR
NYC,2023-08-15 00:51,79.00,63.00,0.00,0.00,29.93,0.00,10.00,SCT
NYC,2023-08-15 01:51,78.00,65.00,0.00,0.00,29.92,0.00,10.00,BKN
NYC,2023-08-15 02:51,78.00,64.00,0.00,0.00,29.91,0.00,10.00,OVC
NYC,2023-08-15 03:51,78.00,66.00,0.00,0.00,29.89,0.00,10.00,OVC
NYC,2023-08-15 04:51,75.00,69.00,4.00,110.00,29.85,0.01,9.00,FEW
NYC,2023-08-15 05:57,73.00,71.00,10.00,60.00,29.81,0.16,0.50,BKN
NYC,2023-08-15 06:51,71.00,69.00,4.00,10.00,29.80,0.39,4.00,OVC
NYC,2023-08-15 07:58,71.60,69.80,5.00,80.00,29.77,0.00,5.00,BKN
NYC,2023-08-15 08:51,71.00,68.00,6.00,M,29.74,T,4.00,OVC
NYC,2023-08-15 09:51,70.00,68.00,7.00,70.00,29.75,T,5.00,OVC
NYC,2023-08-15 10:51,71.00,69.00,4.00,M,29.76,0.02,5.00,OVC
NYC,2023-08-15 11:51,71.00,69.00,0.00,0.00,29.77,0.00,5.00,OVC
NYC,2023-08-15 12:51,72.00,70.00,0.00,0.00,29.78,0.00,4.00,BKN
NYC,2023-08-15 13:51,72.00,70.00,3.00,M,29.79,0.00,4.00,BKN
NYC,2023-08-15 14:51,72.00,69.00,0.00,0.00,29.79,0.00,7.00,OVC
NYC,2023-08-15 15:51,73.00,69.00,4.00,M,29.81,0.00,10.00,OVC
NYC,2023-08-15 16:51,75.00,69.00,3.00,M,29.82,0.00,10.00,SCT
NYC,2023-08-15 17:51,76.00,68.00,3.00,30.00,29.82,0.00,10.00,OVC
NYC,2023-08-15 18:51,77.00,69.00,5.00,70.00,29.83,0.00,10.00,BKN
NYC,2023-08-15 19:51,79.00,69.00,6.00,40.00,29.82,0.00,10.00,FEW
NYC,2023-08-15 20:51,79.00,69.00,5.00,M,29.81,0.00,10.00,BKN
NYC,2023-08-15 21:51,77.00,69.00,5.00,50.00,29.82,0.00,10.00,SCT
NYC,2023-08-15 22:51,76.00,68.00,6.00,M,29.81,0.00,10.00,BKN
NYC,2023-08-15 23:51,74.00,67.00,7.00,60.00,29.83,0.00,10.00,BKN
NYC,2023-08-16 00:51,74.00,67.00,5.00,M,29.86,0.00,10.00,OVC
NYC,2023-08-16 01:51,74.00,67.00,3.00,M,29.88,0.00,10.00,BKN
NYC,2023-08-16 02:51,74.00,68.00,5.00,60.00,29.88,0.00,10.00,SCT
NYC,2023-08-16 03:51,74.00,68.00,4.00,70.00,29.87,0.00,10.00,BKN
NYC,2023-08-16 04:51,73.00,68.00,6.00,60.00,29.87,0.00,10.00,BKN
NYC,2023-08-16 05:51,73.00,67.00,0.00,0.00,29.87,0.00,10.00,OVC
NYC,2023-08-16 06:51,72.00,67.00,3.00,M,29.87,0.00,10.00,OVC
NYC,2023-08-16 07:51,71.00,68.00,6.00,60.00,29.88,0.51,0.25,VV 
NYC,2023-08-16 08:51,70.00,68.00,0.00,0.00,29.89,0.75,2.50,FEW
NYC,2023-08-16 09:51,70.00,68.00,4.00,M,29.89,0.07,4.00,SCT
NYC,2023-08-16 10:51,69.00,67.00,0.00,0.00,29.91,T,8.00,BKN
NYC,2023-08-16 11:51,70.00,68.00,3.00,M,29.93,0.00,10.00,BKN
NYC,2023-08-16 12:51,71.00,69.00,3.00,M,29.94,0.00,10.00,FEW
NYC,2023-08-16 13:51,73.00,69.00,5.00,50.00,29.95,0.00,10.00,BKN
NYC,2023-08-16 14:51,76.00,68.00,4.00,50.00,29.96,0.00,10.00,BKN
NYC,2023-08-16 15:51,76.00,68.00,0.00,0.00,29.97,0.00,10.00,OVC
NYC,2023-08-16 16:51,78.00,69.00,5.00,80.00,29.96,0.00,10.00,FEW
NYC,2023-08-16 17:51,80.00,67.00,6.00,M,29.95,0.00,10.00,FEW
NYC,2023-08-16 18:51,78.00,67.00,5.00,60.00,29.94,0.00,10.00,FEW
NYC,2023-08-16 19:51,80.00,70.00,0.00,0.00,29.94,0.00,10.00,BKN
NYC,2023-08-16 20:51,80.00,68.00,0.00,0.00,29.93,0.00,10.00,FEW
NYC,2023-08-16 21:51,78.00,69.00,M,M,29.94,0.00,10.00,FEW
NYC,2023-08-16 22:51,77.00,67.00,0.00,0.00,29.95,0.00,10.00,SCT
NYC,2023-08-16 23:51,75.00,68.00,M,M,29.97,0.00,10.00,OVC
NYC,2023-08-17 00:51,74.00,69.00,0.00,0.00,29.99,0.00,10.00,SCT
NYC,2023-08-17 01:51,73.00,68.00,3.00,M,30.01,0.00,10.00,SCT
NYC,2023-08-17 02:51,74.00,68.00,4.00,90.00,30.00,0.00,10.00,OVC
NYC,2023-08-17 03:51,74.00,68.00,3.00,M,30.00,0.00,10.00,OVC
NYC,2023-08-17 04:51,74.00,67.00,3.00,80.00,30.01,0.00,10.00,OVC
NYC,2023-08-17 05:51,73.00,67.00,3.00,M,30.00,0.00,10.00,OVC
NYC,2023-08-17 06:51,73.00,68.00,0.00,0.00,30.00,0.00,10.00,BKN
NYC,2023-08-17 07:51,73.00,67.00,5.00,100.00,29.99,0.00,10.00,BKN
NYC,2023-08-17 08:51,73.00,68.00,5.00,50.00,29.99,0.00,10.00,OVC
NYC,2023-08-17 09:51,73.00,68.00,4.00,M,30.00,0.00,10.00,OVC
NYC,2023-08-17 10:51,73.00,68.00,5.00,60.00,30.01,0.00,8.00,BKN
NYC,2023-08-17 11:51,73.00,68.00,9.00,70.00,30.01,T,8.00,OVC
NYC,2023-08-17 12:51,74.00,69.00,4.00,80.00,30.01,T,7.00,BKN
NYC,2023-08-17 13:51,76.00,69.00,5.00,80.00,30.01,0.00,9.00,SCT
NYC,2023-08-17 14:51,78.00,70.00,5.00,60.00,30.00,0.00,10.00,BKN
NYC,2023-08-17 15:51,78.00,70.00,0.00,0.00,29.99,0.00,10.00,FEW
NYC,2023-08-17 16:51,78.00,70.00,0.00,0.00,29.97,0.00,10.00,SCT
NYC,2023-08-17 17:51,77.00,70.00,0.00,0.00,29.96,0.00,10.00,SCT
NYC,2023-08-17 18:51,77.00,70.00,0.00,0.00,29.95,0.00,10.00,BKN
NYC,2023-08-17 19:51,77.00,69.00,0.00,0.00,29.92,0.00,10.00,OVC
NYC,2023-08-17 20:51,75.00,68.00,7.00,120.00,29.92,0.00,10.00,OVC
NYC,2023-08-17 21:51,75.00,68.00,7.00,100.00,29.91,0.00,10.00,OVC
NYC,2023-08-17 22:51,75.00,69.00,7.00,120.00,29.91,0.00,10.00,OVC
NYC,2023-08-17 23:51,74.00,69.00,3.00,M,29.90,0.00,10.00,OVC
NYC,2023-08-18 00:51,74.00,69.00,7.00,120.00,29.90,0.00,10.00,BKN
NYC,2023-08-18 01:51,74.00,69.00,M,M,29.89,0.00,10.00,BKN
NYC,2023-08-18 02:51,74.00,70.00,0.00,0.00,29.87,0.00,10.00,BKN
NYC,2023-08-18 03:51,75.00,71.00,0.00,0.00,29.85,0.00,10.00,BKN
NYC,2023-08-18 04:51,75.00,71.00,0.00,0.00,29.82,0.00,10.00,BKN
NYC,2023-08-18 05:51,76.00,71.00,3.00,M,29.80,0.00,10.00,SCT
NYC,2023-08-18 06:51,76.00,72.00,0.00,0.00,29.78,0.00,10.00,BKN
NYC,2023-08-18 07:51,76.00,73.00,0.00,0.00,29.74,0.00,10.00,OVC
NYC,2023-08-18 08:51,76.00,73.00,0.00,0.00,29.69,0.04,1.75,OVC
NYC,2023-08-18 09:51,72.00,70.00,3.00,200.00,29.70,0.62,5.00,FEW
NYC,2023-08-18 10:51,68.00,66.00,9.00,300.00,29.74,0.01,3.00,FEW
NYC,2023-08-18 11:51,67.00,65.00,0.00,0.00,29.74,0.10,9.00,FEW
NYC,2023-08-18 12:51,69.00,67.00,0.00,0.00,29.74,0.00,10.00,BKN
NYC,2023-08-18 13:51,70.00,66.00,0.00,0.00,29.75,0.00,10.00,FEW
NYC,2023-08-18 14:51,73.00,63.00,6.00,280.00,29.75,0.00,10.00,FEW
NYC,2023-08-18 15:51,76.00,62.00,8.00,270.00,29.76,0.00,10.00,FEW
NYC,2023-08-18 16:51,79.00,62.00,4.00,M,29.75,0.00,10.00,FEW
NYC,2023-08-18 17:51,77.00,59.00,4.00,290.00,29.75,0.00,10.00,FEW
NYC,2023-08-18 18:51,79.00,58.00,4.00,M,29.76,0.00,10.00,FEW
NYC,2023-08-18 19:51,79.00,58.00,5.00,M,29.76,0.00,10.00,FEW
NYC,2023-08-18 20:51,79.00,57.00,8.00,260.00,29.77,0.00,10.00,FEW
NYC,2023-08-18 21:51,77.00,55.00,7.00,280.00,29.79,0.00,10.00,SCT
NYC,2023-08-18 22:51,76.00,50.00,6.00,M,29.81,0.00,10.00,SCT
NYC,2023-08-18 23:51,75.00,50.00,9.00,290.00,29.83,0.00,10.00,CLR
NYC,2023-08-19 00:51,73.00,50.00,5.00,M,29.86,0.00,10.00,SCT
NYC,2023-08-19 01:51,73.00,49.00,5.00,M,29.89,0.00,10.00,BKN
NYC,2023-08-19 02:51,71.00,51.00,5.00,300.00,29.91,0.00,10.00,CLR
NYC,2023-08-19 03:51,71.00,48.00,0.00,0.00,29.93,0.00,10.00,CLR
NYC,2023-08-19 04:51,70.00,49.00,9.00,270.00,29.94,0.00,10.00,CLR
NYC,2023-08-19 05:51,68.00,49.00,4.00,M,29.94,0.00,10.00,CLR
NYC,2023-08-19 06:51,67.00,49.00,7.00,280.00,29.93,0.00,10.00,CLR
NYC,2023-08-19 07:51,65.00,50.00,7.00,270.00,29.94,0.00,10.00,CLR
NYC,2023-08-19 08:51,64.00,52.00,3.00,220.00,29.94,0.00,10.00,CLR
NYC,2023-08-19 09:51,63.00,53.00,6.00,230.00,29.96,0.00,10.00,CLR
NYC,2023-08-19 10:51,64.00,51.00,8.00,230.00,29.98,0.00,10.00,CLR
NYC,2023-08-19 11:51,64.00,53.00,4.00,250.00,30.00,0.00,10.00,CLR
NYC,2023-08-19 12:51,65.00,54.00,5.00,M,30.01,0.00,10.00,CLR
NYC,2023-08-19 13:51,67.00,53.00,0.00,0.00,30.02,0.00,10.00,CLR
NYC,2023-08-19 14:51,70.00,53.00,8.00,270.00,30.03,0.00,10.00,SCT
NYC,2023-08-19 15:51,73.00,52.00,6.00,300.00,30.03,0.00,10.00,BKN
NYC,2023-08-19 16:51,75.00,52.00,5.00,M,30.02,0.00,10.00,SCT
NYC,2023-08-19 17:51,76.00,52.00,6.00,M,30.01,0.00,10.00,SCT
NYC,2023-08-19 18:51,76.00,54.00,0.00,0.00,29.99,0.00,10.00,FEW
NYC,2023-08-19 19:51,78.00,52.00,6.00,M,29.99,0.00,10.00,CLR
NYC,2023-08-19 20:51,76.00,52.00,3.00,280.00,29.98,0.00,10.00,SCT
NYC,2023-08-19 21:51,77.00,53.00,6.00,280.00,29.99,0.00,10.00,FEW
NYC,2023-08-19 22:51,75.00,55.00,6.00,M,30.00,0.00,10.00,CLR
NYC,2023-08-19 23:51,75.00,53.00,3.00,M,30.01,0.00,10.00,CLR
NYC,2023-08-20 00:51,74.00,53.00,3.00,M,30.04,0.00,10.00,CLR
NYC,2023-08-20 01:51,73.00,52.00,4.00,M,30.05,0.00,10.00,CLR
NYC,2023-08-20 02:51,71.00,53.00,0.00,0.00,30.06,0.00,10.00,CLR
NYC,2023-08-20 03:51,71.00,53.00,0.00,0.00,30.07,0.00,10.00,CLR
NYC,2023-08-20 04:51,70.00,53.00,4.00,280.00,30.08,0.00,10.00,CLR
NYC,2023-08-20 05:51,70.00,53.00,3.00,240.00,30.08,0.00,10.00,CLR
NYC,2023-08-20 06:51,69.00,54.00,0.00,0.00,30.09,0.00,10.00,CLR
NYC,2023-08-20 07:51,68.00,54.00,4.00,250.00,30.09,0.00,10.00,CLR
NYC,2023-08-20 08:51,68.00,54.00,3.00,M,30.10,0.00,10.00,CLR
NYC,2023-08-20 09:51,67.00,55.00,0.00,0.00,30.12,0.00,10.00,CLR
NYC,2023-08-20 10:51,66.00,55.00,0.00,0.00,30.13,0.00,10.00,CLR
NYC,2023-08-20 11:51,68.00,56.00,3.00,280.00,30.14,0.00,10.00,CLR
NYC,2023-08-20 12:51,71.00,56.00,4.00,290.00,30.15,0.00,10.00,CLR
NYC,2023-08-20 13:51,74.00,57.00,4.00,310.00,30.15,0.00,10.00,CLR
NYC,2023-08-20 14:51,77.00,54.00,5.00,M,30.15,0.00,10.00,CLR
NYC,2023-08-20 15:51,80.00,56.00,M,M,30.14,0.00,10.00,CLR
NYC,2023-08-20 16:51,82.00,55.00,4.00,M,30.11,0.00,10.00,CLR
NYC,2023-08-20 17:51,84.00,53.00,5.00,M,30.11,0.00,10.00,CLR
NYC,2023-08-20 18:51,84.00,58.00,6.00,M,30.09,0.00,10.00,CLR
NYC,2023-08-20 19:51,83.00,56.00,3.00,M,30.09,0.00,10.00,CLR
NYC,2023-08-20 20:51,83.00,55.00,4.00,M,30.09,0.00,10.00,CLR
NYC,2023-08-20 21:51,82.00,54.00,M,M,30.09,0.00,10.00,CLR
NYC,2023-08-20 22:51,81.00,57.00,5.00,M,30.09,0.00,10.00,CLR
NYC,2023-08-20 23:51,80.00,57.00,4.00,M,30.09,0.00,10.00,CLR
NYC,2023-08-21 00:51,80.00,56.00,3.00,M,30.10,0.00,10.00,CLR
NYC,2023-08-21 01:51,79.00,57.00,0.00,0.00,30.11,0.00,10.00,CLR
NYC,2023-08-21 02:51,78.00,58.00,0.00,0.00,30.09,0.00,10.00,CLR
NYC,2023-08-21 03:51,78.00,58.00,3.00,M,30.11,0.00,10.00,CLR
NYC,2023-08-21 04:51,77.00,59.00,3.00,230.00,30.10,0.00,10.00,CLR
NYC,2023-08-21 05:51,76.00,60.00,3.00,240.00,30.09,0.00,10.00,CLR
NYC,2023-08-21 06:51,76.00,61.00,3.00,M,30.08,0.00,10.00,CLR
NYC,2023-08-21 07:51,74.00,62.00,4.00,M,30.08,0.00,10.00,FEW
NYC,2023-08-21 08:51,74.00,62.00,3.00,250.00,30.08,0.00,10.00,CLR
NYC,2023-08-21 09:51,73.00,62.00,3.00,M,30.08,0.00,10.00,CLR
NYC,2023-08-21 10:51,73.00,63.00,0.00,0.00,30.09,0.00,10.00,FEW
NYC,2023-08-21 11:51,75.00,64.00,4.00,M,30.09,0.00,9.00,SCT
NYC,2023-08-21 12:51,76.00,63.00,4.00,260.00,30.09,0.00,9.00,BKN
NYC,2023-08-21 13:51,78.00,63.00,M,M,30.10,0.00,10.00,BKN
NYC,2023-08-21 14:51,79.00,64.00,3.00,280.00,30.09,0.00,10.00,BKN
NYC,2023-08-21 15:51,83.00,66.00,5.00,260.00,30.08,0.00,9.00,CLR
NYC,2023-08-21 16:51,87.00,66.00,6.00,290.00,30.07,0.00,10.00,CLR
NYC,2023-08-21 17:51,85.00,67.00,0.00,0.00,30.05,0.00,10.00,CLR
NYC,2023-08-21 18:51,85.00,67.00,4.00,M,30.04,0.00,10.00,FEW
NYC,2023-08-21 19:51,85.00,67.00,7.00,300.00,30.03,0.00,10.00,SCT
NYC,2023-08-21 20:51,85.00,65.00,4.00,M,30.02,0.00,10.00,CLR
NYC,2023-08-21 21:51,86.00,63.00,8.00,290.00,30.02,0.00,9.00,CLR
NYC,2023-08-21 22:51,85.00,63.00,0.00,0.00,30.03,0.00,9.00,FEW
NYC,2023-08-21 23:51,83.00,65.00,4.00,280.00,30.03,0.00,10.00,CLR
NYC,2023-08-22 00:51,82.00,65.00,4.00,M,30.03,0.00,10.00,CLR
NYC,2023-08-22 01:51,82.00,64.00,6.00,M,30.04,0.00,10.00,CLR
NYC,2023-08-22 02:51,80.00,64.00,4.00,M,30.04,0.00,10.00,CLR
NYC,2023-08-22 03:51,79.00,64.00,4.00,M,30.05,0.00,10.00,CLR
NYC,2023-08-22 04:51,78.00,65.00,4.00,M,30.05,0.00,9.00,BKN
NYC,2023-08-22 05:51,75.00,63.00,7.00,10.00,30.06,0.00,10.00,SCT
NYC,2023-08-22 06:51,73.00,60.00,6.00,M,30.05,0.00,10.00,FEW
NYC,2023-08-22 07:51,73.00,58.00,0.00,0.00,30.06,0.00,10.00,CLR
NYC,2023-08-22 08:51,71.00,54.00,7.00,20.00,30.06,0.00,10.00,SCT
NYC,2023-08-22 09:51,70.00,52.00,5.00,M,30.07,0.00,10.00,BKN
NYC,2023-08-22 10:51,68.00,50.00,3.00,M,30.10,0.00,10.00,FEW
NYC,2023-08-22 11:51,67.00,51.00,4.00,M,30.11,0.00,10.00,SCT
NYC,2023-08-22 12:51,67.00,52.00,10.00,360.00,30.12,0.00,10.00,CLR
NYC,2023-08-22 13:51,69.00,53.00,11.00,50.00,30.12,0.00,10.00,CLR
NYC,2023-08-22 14:51,71.00,53.00,6.00,M,30.13,0.00,10.00,CLR
NYC,2023-08-22 15:51,74.00,53.00,7.00,10.00,30.13,0.00,10.00,FEW
NYC,2023-08-22 16:51,77.00,53.00,5.00,M,30.12,0.00,10.00,CLR
NYC,2023-08-22 17:51,77.00,54.00,4.00,M,30.11,0.00,10.00,CLR
NYC,2023-08-22 18:51,77.00,53.00,4.00,M,30.11,0.00,10.00,CLR
NYC,2023-08-22 19:51,77.00,55.00,4.00,M,30.09,0.00,10.00,CLR
NYC,2023-08-22 20:51,77.00,53.00,8.00,40.00,30.10,0.00,10.00,CLR
NYC,2023-08-22 21:51,77.00,53.00,4.00,M,30.10,0.00,10.00,CLR
NYC,2023-08-22 22:51,76.00,53.00,5.00,30.00,30.11,0.00,10.00,CLR
NYC,2023-08-22 23:51,75.00,52.00,3.00,M,30.11,0.00,10.00,CLR
NYC,2023-08-23 00:51,73.00,52.00,0.00,0.00,30.13,0.00,10.00,CLR
NYC,2023-08-23 01:51,72.00,52.00,0.00,0.00,30.13,0.00,10.00,FEW
NYC,2023-08-23 02:51,71.00,52.00,0.00,0.00,30.13,0.00,10.00,CLR
NYC,2023-08-23 03:51,69.00,53.00,0.00,0.00,30.14,0.00,10.00,CLR
NYC,2023-08-23 04:51,68.00,54.00,0.00,0.00,30.13,0.00,10.00,FEW
NYC,2023-08-23 05:51,69.00,56.00,0.00,0.00,30.14,0.00,10.00,BKN
NYC,2023-08-23 06:51,70.00,49.00,7.00,50.00,30.15,0.00,10.00,CLR
NYC,2023-08-23 07:51,68.00,47.00,5.00,60.00,30.15,0.00,10.00,BKN
NYC,2023-08-23 08:51,66.00,47.00,4.00,M,30.15,0.00,10.00,CLR
NYC,2023-08-23 09:51,67.00,46.00,7.00,50.00,30.17,0.00,10.00,CLR
NYC,2023-08-23 10:51,65.00,49.00,4.00,M,30.19,0.00,10.00,CLR
NYC,2023-08-23 11:51,67.00,49.00,5.00,M,30.19,0.00,10.00,CLR
NYC,2023-08-23 12:51,68.00,51.00,3.00,M,30.20,0.00,10.00,CLR
NYC,2023-08-23 13:51,69.00,52.00,0.00,0.00,30.19,0.00,10.00,CLR
NYC,2023-08-23 14:51,72.00,51.00,3.00,M,30.19,0.00,10.00,CLR
NYC,2023-08-23 15:51,74.00,50.00,3.00,M,30.17,0.00,10.00,CLR
NYC,2023-08-23 16:51,78.00,47.00,0.00,0.00,30.15,0.00,10.00,CLR
NYC,2023-08-23 17:51,80.00,45.00,5.00,M,30.15,0.00,10.00,CLR
NYC,2023-08-23 18:51,79.00,42.00,4.00,M,30.14,0.00,10.00,CLR
NYC,2023-08-23 19:51,77.00,45.00,3.00,70.00,30.13,0.00,10.00,CLR
NYC,2023-08-23 20:51,74.00,46.00,0.00,0.00,30.11,0.00,10.00,CLR
NYC,2023-08-23 21:51,74.00,56.00,0.00,0.00,30.11,0.00,10.00,CLR
NYC,2023-08-23 22:51,72.00,56.00,3.00,M,30.09,0.00,10.00,CLR
NYC,2023-08-23 23:51,71.00,58.00,4.00,M,30.09,0.00,10.00,FEW
NYC,2023-08-24 00:51,71.00,57.00,3.00,M,30.11,0.00,10.00,SCT
NYC,2023-08-24 01:51,71.00,57.00,4.00,M,30.12,0.00,10.00,FEW
NYC,2023-08-24 02:51,70.00,57.00,0.00,0.00,30.11,0.00,10.00,FEW
NYC,2023-08-24 03:51,70.00,57.00,0.00,0.00,30.11,0.00,10.00,FEW
NYC,2023-08-24 04:51,70.00,59.00,0.00,0.00,30.10,0.00,10.00,BKN
NYC,2023-08-24 05:51,71.00,56.00,0.00,0.00,30.08,0.00,10.00,OVC
NYC,2023-08-24 06:51,71.00,59.00,0.00,0.00,30.09,0.00,10.00,OVC
NYC,2023-08-24 07:51,70.00,60.00,0.00,0.00,30.09,0.00,10.00,OVC
NYC,2023-08-24 08:51,71.00,61.00,0.00,0.00,30.08,0.00,10.00,FEW
NYC,2023-08-24 09:51,71.00,61.00,3.00,M,30.08,0.00,10.00,SCT
NYC,2023-08-24 10:51,71.00,62.00,0.00,0.00,30.09,0.00,10.00,BKN
NYC,2023-08-24 11:51,71.00,63.00,0.00,0.00,30.09,0.00,10.00,OVC
NYC,2023-08-24 12:51,71.00,60.00,0.00,0.00,30.10,0.00,10.00,OVC
NYC,2023-08-24 13:51,71.00,63.00,0.00,0.00,30.10,0.00,10.00,FEW
NYC,2023-08-24 14:51,72.00,63.00,3.00,M,30.11,0.00,10.00,FEW
NYC,2023-08-24 15:51,73.00,64.00,0.00,0.00,30.10,0.00,10.00,SCT
NYC,2023-08-24 16:51,73.00,63.00,3.00,M,30.08,0.00,10.00,BKN
NYC,2023-08-24 17:51,71.00,63.00,7.00,190.00,30.08,0.00,10.00,FEW
NYC,2023-08-24 18:51,70.00,62.00,0.00,0.00,30.08,0.00,10.00,FEW
NYC,2023-08-24 19:51,67.00,63.00,0.00,0.00,30.08,0.02,1.25,FEW
NYC,2023-08-24 20:51,67.00,65.00,3.00,250.00,30.07,0.08,2.00,BKN
NYC,2023-08-24 21:51,67.00,65.00,0.00,0.00,30.06,0.02,4.00,FEW
NYC,2023-08-24 22:51,68.00,65.00,0.00,0.00,30.06,0.00,5.00,FEW
NYC,2023-08-24 23:51,68.00,65.00,0.00,0.00,30.06,0.01,6.00,SCT
NYC,2023-08-25 00:51,68.00,65.00,0.00,0.00,30.07,0.01,10.00,FEW
NYC,2023-08-25 01:51,68.00,65.00,0.00,0.00,30.04,0.00,10.00,BKN
NYC,2023-08-25 02:51,68.00,65.00,3.00,M,30.02,0.00,10.00,OVC
NYC,2023-08-25 03:51,70.00,67.00,3.00,M,30.00,0.00,10.00,BKN
NYC,2023-08-25 04:51,70.00,67.00,0.00,0.00,29.99,0.00,10.00,OVC
NYC,2023-08-25 05:51,71.00,68.00,4.00,M,30.00,0.01,1.25,SCT
NYC,2023-08-25 06:51,70.00,68.00,4.00,170.00,29.97,0.10,5.00,FEW
NYC,2023-08-25 07:51,70.00,68.00,3.00,M,29.96,T,9.00,OVC
NYC,2023-08-25 08:51,70.00,68.00,0.00,0.00,29.95,0.00,10.00,OVC
NYC,2023-08-25 09:51,71.00,69.00,0.00,0.00,29.94,0.00,10.00,FEW
NYC,2023-08-25 10:51,71.00,69.00,M,M,29.94,0.08,2.00,FEW
NYC,2023-08-25 11:51,71.00,69.00,3.00,M,29.91,0.21,2.50,BKN
NYC,2023-08-25 12:51,71.00,69.00,M,M,29.90,0.03,4.00,OVC
NYC,2023-08-25 13:51,72.00,70.00,5.00,M,29.91,T,6.00,OVC
NYC,2023-08-25 14:51,72.00,70.00,M,M,29.90,T,4.00,BKN
NYC,2023-08-25 15:51,72.00,70.00,3.00,M,29.91,0.01,8.00,SCT
NYC,2023-08-25 16:51,74.00,71.00,0.00,0.00,29.89,T,9.00,OVC
NYC,2023-08-25 17:51,76.00,71.00,0.00,0.00,29.88,0.00,10.00,BKN
NYC,2023-08-25 18:51,75.00,70.00,0.00,0.00,29.87,0.00,6.00,BKN
NYC,2023-08-25 19:51,75.00,71.00,0.00,0.00,29.86,T,8.00,BKN
NYC,2023-08-25 20:51,76.00,72.00,0.00,0.00,29.86,T,9.00,OVC
NYC,2023-08-25 21:51,78.00,71.00,0.00,0.00,29.86,0.00,10.00,FEW
NYC,2023-08-25 22:51,77.00,71.00,0.00,0.00,29.85,0.00,10.00,SCT
NYC,2023-08-25 23:51,76.00,71.00,0.00,0.00,29.85,0.00,9.00,CLR
NYC,2023-08-26 00:51,75.00,71.00,0.00,0.00,29.86,0.00,8.00,CLR
NYC,2023-08-26 01:51,74.00,71.00,0.00,0.00,29.86,0.00,8.00,CLR
NYC,2023-08-26 02:51,74.00,71.00,3.00,40.00,29.86,0.00,8.00,CLR
NYC,2023-08-26 03:51,75.00,71.00,0.00,0.00,29.86,0.00,8.00,FEW
NYC,2023-08-26 04:51,75.00,72.00,0.00,0.00,29.86,0.00,9.00,BKN
NYC,2023-08-26 05:51,76.00,72.00,0.00,0.00,29.84,0.00,10.00,OVC
NYC,2023-08-26 06:51,75.00,71.00,0.00,0.00,29.83,0.00,8.00,CLR
NYC,2023-08-26 07:51,75.00,72.00,0.00,0.00,29.83,0.00,7.00,BKN
NYC,2023-08-26 08:51,75.00,72.00,0.00,0.00,29.83,0.00,8.00,BKN
NYC,2023-08-26 09:51,75.00,72.00,0.00,0.00,29.83,0.00,7.00,FEW
NYC,2023-08-26 10:51,75.00,71.00,6.00,270.00,29.86,0.00,7.00,SCT
NYC,2023-08-26 11:51,73.00,72.00,0.00,0.00,29.88,0.51,2.00,FEW
NYC,2023-08-26 12:51,74.00,71.00,3.00,M,29.88,0.01,3.00,FEW
NYC,2023-08-26 13:51,75.00,72.00,4.00,40.00,29.89,T,4.00,BKN
NYC,2023-08-26 14:51,78.00,71.00,4.00,50.00,29.89,0.00,10.00,CLR
NYC,2023-08-26 15:51,81.00,69.00,5.00,M,29.88,0.00,10.00,CLR
NYC,2023-08-26 16:51,80.00,65.00,5.00,330.00,29.87,0.00,10.00,BKN
NYC,2023-08-26 17:51,84.00,66.00,0.00,0.00,29.86,0.00,10.00,BKN
NYC,2023-08-26 18:51,83.00,66.00,3.00,M,29.85,0.00,10.00,BKN
NYC,2023-08-26 19:51,82.00,65.00,4.00,M,29.83,0.00,10.00,BKN
NYC,2023-08-26 20:51,83.00,64.00,4.00,M,29.83,0.00,10.00,FEW
NYC,2023-08-26 21:51,83.00,61.00,4.00,M,29.84,0.00,10.00,CLR
NYC,2023-08-26 22:51,79.00,64.00,3.00,M,29.85,0.00,10.00,CLR
NYC,2023-08-26 23:51,79.00,62.00,0.00,0.00,29.86,0.00,10.00,CLR
NYC,2023-08-27 00:51,77.00,63.00,3.00,M,29.87,0.00,10.00,CLR
NYC,2023-08-27 01:51,75.00,65.00,0.00,0.00,29.88,0.00,10.00,CLR
NYC,2023-08-27 02:51,75.00,66.00,0.00,0.00,29.89,0.00,10.00,CLR
NYC,2023-08-27 03:51,74.00,66.00,4.00,M,29.90,0.00,10.00,FEW
NYC,2023-08-27 04:51,74.00,63.00,3.00,M,29.89,0.00,10.00,CLR
NYC,2023-08-27 05:51,73.00,61.00,5.00,50.00,29.90,0.00,10.00,CLR
NYC,2023-08-27 06:51,73.00,62.00,3.00,10.00,29.89,0.00,10.00,CLR
NYC,2023-08-27 07:51,73.00,62.00,5.00,30.00,29.89,0.00,10.00,CLR
NYC,2023-08-27 08:51,71.00,62.00,3.00,M,29.90,0.00,10.00,CLR
NYC,2023-08-27 09:51,70.00,61.00,3.00,M,29.92,0.00,10.00,CLR
NYC,2023-08-27 10:51,70.00,61.00,6.00,M,29.93,0.00,10.00,CLR
NYC,2023-08-27 11:51,71.00,63.00,3.00,M,29.96,0.00,10.00,CLR
NYC,2023-08-27 12:51,72.00,62.00,4.00,M,29.96,0.00,10.00,CLR
NYC,2023-08-27 13:51,74.00,62.00,4.00,M,29.97,0.00,10.00,CLR
NYC,2023-08-27 14:51,76.00,60.00,5.00,M,29.97,0.00,10.00,CLR
NYC,2023-08-27 15:51,79.00,62.00,6.00,60.00,29.97,0.00,10.00,CLR
NYC,2023-08-27 16:51,81.00,61.00,6.00,M,29.96,0.00,10.00,CLR
NYC,2023-08-27 17:51,83.00,61.00,7.00,20.00,29.95,0.00,10.00,FEW
NYC,2023-08-27 18:51,82.00,62.00,6.00,40.00,29.94,0.00,10.00,FEW
NYC,2023-08-27 19:51,82.00,61.00,6.00,M,29.93,0.00,10.00,CLR
NYC,2023-08-27 20:51,81.00,62.00,8.00,50.00,29.94,0.00,10.00,CLR
NYC,2023-08-27 21:51,80.00,61.00,4.00,M,29.95,0.00,10.00,CLR
NYC,2023-08-27 22:51,80.00,59.00,5.00,20.00,29.96,0.00,10.00,CLR
NYC,2023-08-27 23:51,78.00,61.00,4.00,30.00,29.97,0.00,10.00,CLR
NYC,2023-08-28 00:51,75.00,62.00,0.00,0.00,29.99,0.00,10.00,CLR
NYC,2023-08-28 01:51,73.00,61.00,M,M,30.00,0.00,10.00,CLR
NYC,2023-08-28 02:51,73.00,62.00,0.00,0.00,30.01,0.00,10.00,SCT
NYC,2023-08-28 03:51,73.00,65.00,0.00,0.00,30.02,0.00,10.00,CLR
NYC,2023-08-28 04:51,73.00,67.00,0.00,0.00,30.02,0.00,10.00,CLR
NYC,2023-08-28 05:51,72.00,68.00,3.00,80.00,30.02,0.00,9.00,CLR
NYC,2023-08-28 06:51,72.00,67.00,4.00,M,30.03,0.00,8.00,BKN
NYC,2023-08-28 07:51,71.00,65.00,4.00,110.00,30.03,0.00,10.00,SCT
NYC,2023-08-28 08:51,71.00,66.00,0.00,0.00,30.04,0.00,10.00,OVC
NYC,2023-08-28 09:51,71.00,66.00,0.00,0.00,30.05,0.00,10.00,OVC
NYC,2023-08-28 10:51,72.00,66.00,5.00,60.00,30.06,0.00,10.00,SCT
NYC,2023-08-28 11:51,72.00,65.00,7.00,100.00,30.07,0.00,10.00,OVC
NYC,2023-08-28 12:51,72.00,65.00,5.00,120.00,30.07,0.00,10.00,FEW
NYC,2023-08-28 13:51,73.00,64.00,5.00,M,30.08,0.00,10.00,BKN
NYC,2023-08-28 14:51,73.00,64.00,6.00,120.00,30.09,0.00,10.00,SCT
NYC,2023-08-28 15:51,74.00,63.00,7.00,90.00,30.08,0.00,10.00,BKN
NYC,2023-08-28 16:51,74.00,63.00,M,M,30.08,0.00,10.00,OVC
NYC,2023-08-28 17:51,74.00,63.00,3.00,M,30.08,0.00,10.00,OVC
NYC,2023-08-28 18:51,75.00,63.00,4.00,M,30.07,0.00,10.00,OVC
NYC,2023-08-28 19:51,75.00,65.00,4.00,M,30.05,0.00,10.00,SCT
NYC,2023-08-28 20:51,75.00,65.00,3.00,M,30.06,0.00,10.00,BKN
NYC,2023-08-28 21:51,74.00,64.00,M,M,30.06,0.00,10.00,SCT
NYC,2023-08-28 22:51,72.00,65.00,0.00,0.00,30.06,0.00,10.00,BKN
NYC,2023-08-28 23:51,72.00,64.00,0.00,0.00,30.06,0.00,10.00,BKN
NYC,2023-08-29 00:51,72.00,63.00,M,M,30.07,0.00,10.00,BKN
NYC,2023-08-29 01:51,71.00,63.00,0.00,0.00,30.07,0.00,10.00,FEW
NYC,2023-08-29 02:51,71.00,62.00,3.00,100.00,30.07,0.00,10.00,CLR
NYC,2023-08-29 03:51,70.00,63.00,4.00,110.00,30.06,0.00,10.00,CLR
NYC,2023-08-29 04:51,70.00,63.00,0.00,0.00,30.07,0.00,10.00,CLR
NYC,2023-08-29 05:51,70.00,63.00,4.00,80.00,30.05,0.00,10.00,FEW
NYC,2023-08-29 06:51,70.00,63.00,3.00,100.00,30.03,0.00,10.00,FEW
NYC,2023-08-29 07:51,68.00,63.00,7.00,50.00,30.02,0.00,10.00,CLR
NYC,2023-08-29 08:51,68.00,63.00,6.00,50.00,30.01,0.00,10.00,FEW
NYC,2023-08-29 09:51,69.00,64.00,5.00,60.00,30.01,0.00,10.00,OVC
NYC,2023-08-29 10:51,70.00,64.00,4.00,M,30.01,0.00,10.00,OVC
NYC,2023-08-29 11:51,70.00,65.00,6.00,50.00,30.01,0.00,10.00,OVC
NYC,2023-08-29 12:51,71.00,64.00,3.00,M,30.01,0.00,10.00,OVC
NYC,2023-08-29 13:51,72.00,64.00,6.00,50.00,30.02,0.00,10.00,OVC
NYC,2023-08-29 14:51,75.00,65.00,4.00,30.00,30.00,0.00,10.00,SCT
NYC,2023-08-29 15:51,76.00,66.00,6.00,60.00,29.99,0.00,10.00,BKN
NYC,2023-08-29 16:51,78.00,67.00,3.00,M,29.98,0.00,10.00,BKN
NYC,2023-08-29 17:51,79.00,68.00,3.00,M,29.96,0.00,10.00,BKN
NYC,2023-08-29 18:51,79.00,68.00,3.00,M,29.94,0.00,10.00,BKN
NYC,2023-08-29 19:51,79.00,68.00,5.00,80.00,29.91,0.00,10.00,OVC
NYC,2023-08-29 20:51,77.00,67.00,5.00,M,29.91,0.00,10.00,SCT
NYC,2023-08-29 21:51,77.00,68.00,4.00,M,29.89,0.00,10.00,BKN
NYC,2023-08-29 22:51,76.00,68.00,5.00,M,29.88,0.00,10.00,SCT
NYC,2023-08-29 23:51,75.00,68.00,4.00,90.00,29.87,0.00,10.00,BKN
NYC,2023-08-30 00:51,75.00,68.00,4.00,M,29.87,0.00,10.00,OVC
NYC,2023-08-30 01:51,75.00,68.00,0.00,0.00,29.88,0.00,10.00,BKN
NYC,2023-08-30 02:51,74.00,69.00,0.00,0.00,29.87,0.00,10.00,BKN
NYC,2023-08-30 03:51,75.00,69.00,0.00,0.00,29.85,0.00,10.00,OVC
NYC,2023-08-30 04:51,74.00,69.00,0.00,0.00,29.84,0.00,10.00,OVC
NYC,2023-08-30 05:51,74.00,69.00,0.00,0.00,29.82,T,10.00,OVC
NYC,2023-08-30 06:51,74.00,69.00,0.00,0.00,29.80,0.00,10.00,OVC
NYC,2023-08-30 07:51,74.00,70.00,0.00,0.00,29.77,T,10.00,BKN
NYC,2023-08-30 08:51,74.00,69.00,0.00,0.00,29.76,0.00,10.00,BKN
NYC,2023-08-30 09:51,74.00,69.00,0.00,0.00,29.75,0.00,10.00,BKN
NYC,2023-08-30 10:51,73.00,69.00,3.00,M,29.75,0.00,10.00,OVC
NYC,2023-08-30 11:51,74.00,69.00,3.00,M,29.75,0.00,10.00,OVC
NYC,2023-08-30 12:51,74.00,70.00,4.00,M,29.74,0.00,10.00,BKN
NYC,2023-08-30 13:51,71.00,68.00,3.00,M,29.76,0.24,1.75,SCT
NYC,2023-08-30 14:51,72.00,69.00,0.00,0.00,29.74,0.03,10.00,BKN
NYC,2023-08-30 15:51,75.00,70.00,6.00,M,29.74,0.00,10.00,BKN
NYC,2023-08-30 16:51,81.00,64.00,M,M,29.72,0.00,10.00,FEW
NYC,2023-08-30 17:51,83.00,62.00,4.00,M,29.72,0.00,10.00,FEW
NYC,2023-08-30 18:51,80.00,61.00,7.00,270.00,29.70,0.00,10.00,FEW
NYC,2023-08-30 19:51,81.00,58.00,4.00,M,29.70,0.00,10.00,FEW
NYC,2023-08-30 20:51,81.00,57.00,8.00,290.00,29.70,0.00,10.00,CLR
NYC,2023-08-30 21:51,81.00,57.00,6.00,M,29.71,0.00,10.00,CLR
NYC,2023-08-30 22:51,79.00,55.00,5.00,290.00,29.73,0.00,10.00,CLR
NYC,2023-08-30 23:51,78.00,54.00,7.00,300.00,29.75,0.00,10.00,CLR
NYC,2023-09-01 00:51,70.00,46.00,4.00,M,30.08,0.00,10.00,CLR
NYC,2023-09-01 01:51,70.00,48.00,5.00,M,30.10,0.00,10.00,CLR
NYC,2023-09-01 02:51,68.00,47.00,4.00,M,30.13,0.00,10.00,CLR
NYC,2023-09-01 03:51,69.00,47.00,8.00,50.00,30.15,0.00,10.00,CLR
NYC,2023-09-01 04:51,67.00,46.00,4.00,M,30.18,0.00,10.00,CLR
NYC,2023-09-01 05:51,66.00,45.00,6.00,M,30.20,0.00,10.00,CLR
NYC,2023-09-01 06:51,64.00,45.00,5.00,M,30.21,0.00,10.00,CLR
NYC,2023-09-01 07:51,63.00,44.00,4.00,M,30.22,0.00,10.00,CLR
NYC,2023-09-01 08:51,63.00,45.00,6.00,M,30.24,0.00,10.00,CLR
NYC,2023-09-01 09:51,62.00,45.00,6.00,20.00,30.25,0.00,10.00,CLR
NYC,2023-09-01 10:51,61.00,46.00,5.00,M,30.27,0.00,10.00,CLR
NYC,2023-09-01 11:51,62.00,46.00,7.00,50.00,30.28,0.00,10.00,CLR
NYC,2023-09-01 12:51,64.00,45.00,3.00,M,30.29,0.00,10.00,CLR
NYC,2023-09-01 13:51,67.00,46.00,6.00,M,30.31,0.00,10.00,CLR
NYC,2023-09-01 14:51,69.00,47.00,4.00,M,30.33,0.00,10.00,CLR
NYC,2023-09-01 15:51,72.00,46.00,5.00,M,30.33,0.00,10.00,CLR
NYC,2023-09-01 16:51,74.00,46.00,8.00,60.00,30.33,0.00,10.00,CLR
NYC,2023-09-01 17:51,75.00,46.00,5.00,120.00,30.32,0.00,10.00,CLR
NYC,2023-09-01 18:51,75.00,47.00,6.00,60.00,30.30,0.00,10.00,CLR
NYC,2023-09-01 19:51,75.00,47.00,3.00,M,30.29,0.00,10.00,CLR
NYC,2023-09-01 20:51,73.00,49.00,5.00,60.00,30.28,0.00,10.00,CLR
NYC,2023-09-01 21:51,72.00,49.00,0.00,0.00,30.27,0.00,10.00,CLR
NYC,2023-09-01 22:51,70.00,53.00,0.00,0.00,30.28,0.00,10.00,CLR
NYC,2023-09-01 23:51,67.00,54.00,0.00,0.00,30.29,0.00,10.00,CLR
NYC,2023-09-02 00:51,66.00,54.00,3.00,200.00,30.29,0.00,10.00,CLR
NYC,2023-09-02 01:51,66.00,54.00,0.00,0.00,30.29,0.00,10.00,CLR
NYC,2023-09-02 02:51,65.00,54.00,0.00,0.00,30.30,0.00,10.00,CLR
NYC,2023-09-02 03:51,65.00,54.00,0.00,0.00,30.30,0.00,10.00,CLR
NYC,2023-09-02 04:51,65.00,55.00,4.00,260.00,30.30,0.00,10.00,CLR
NYC,2023-09-02 05:51,64.00,54.00,0.00,0.00,30.29,0.00,10.00,CLR
NYC,2023-09-02 06:51,63.00,53.00,0.00,0.00,30.28,0.00,10.00,CLR
NYC,2023-09-02 07:51,63.00,53.00,3.00,M,30.27,0.00,10.00,CLR
NYC,2023-09-02 08:51,63.00,53.00,4.00,270.00,30.28,0.00,10.00,CLR
NYC,2023-09-02 09:51,63.00,53.00,3.00,270.00,30.27,0.00,10.00,CLR
NYC,2023-09-02 10:51,62.00,52.00,0.00,0.00,30.27,0.00,10.00,CLR
NYC,2023-09-02 11:51,63.00,53.00,4.00,M,30.28,0.00,10.00,CLR
NYC,2023-09-02 12:51,66.00,52.00,0.00,0.00,30.27,0.00,10.00,CLR
NYC,2023-09-02 13:51,69.00,52.00,0.00,0.00,30.25,0.00,10.00,CLR
NYC,2023-09-02 14:51,72.00,53.00,3.00,M,30.24,0.00,10.00,CLR
NYC,2023-09-02 15:51,74.00,55.00,3.00,200.00,30.22,0.00,10.00,CLR
NYC,2023-09-02 16:51,78.00,54.00,0.00,0.00,30.19,0.00,10.00,CLR
NYC,2023-09-02 17:51,78.00,56.00,M,M,30.17,0.00,10.00,CLR
NYC,2023-09-02 18:51,78.00,56.00,3.00,M,30.14,0.00,10.00,CLR
NYC,2023-09-02 19:51,77.00,56.00,0.00,0.00,30.12,0.00,10.00,CLR
NYC,2023-09-02 20:51,75.00,57.00,3.00,M,30.12,0.00,10.00,CLR
NYC,2023-09-02 21:51,74.00,58.00,3.00,M,30.11,0.00,10.00,CLR
NYC,2023-09-02 22:51,73.00,59.00,0.00,0.00,30.10,0.00,10.00,CLR
NYC,2023-09-02 23:51,71.00,59.00,0.00,0.00,30.10,0.00,10.00,CLR
NYC,2023-09-03 00:51,71.00,59.00,0.00,0.00,30.09,0.00,10.00,CLR
NYC,2023-09-03 01:51,70.00,59.00,3.00,210.00,30.09,0.00,10.00,CLR
NYC,2023-09-03 02:51,71.00,59.00,3.00,M,30.08,0.00,10.00,CLR
NYC,2023-09-03 03:51,71.00,59.00,3.00,210.00,30.05,0.00,10.00,CLR
NYC,2023-09-03 04:51,71.00,60.00,6.00,M,30.07,0.00,10.00,FEW
NYC,2023-09-03 05:51,70.00,60.00,5.00,M,30.06,0.00,10.00,CLR
NYC,2023-09-03 06:51,69.00,60.00,4.00,M,30.04,0.00,10.00,CLR
NYC,2023-09-03 07:51,69.00,61.00,5.00,M,30.02,0.00,10.00,CLR
NYC,2023-09-03 08:51,69.00,61.00,5.00,M,30.01,0.00,10.00,CLR
NYC,2023-09-03 09:51,69.00,61.00,4.00,M,30.01,0.00,10.00,CLR
NYC,2023-09-03 10:51,69.00,61.00,3.00,M,30.02,0.00,10.00,CLR
NYC,2023-09-03 11:51,70.00,61.00,3.00,M,30.02,0.00,10.00,CLR
NYC,2023-09-03 12:51,71.00,62.00,4.00,280.00,30.02,0.00,10.00,CLR
NYC,2023-09-03 13:51,75.00,63.00,4.00,240.00,30.01,0.00,10.00,CLR
NYC,2023-09-03 14:51,79.00,64.00,3.00,M,30.00,0.00,10.00,CLR
NYC,2023-09-03 15:51,84.00,63.00,3.00,M,29.98,0.00,10.00,CLR
NYC,2023-09-03 16:51,86.00,62.00,M,M,29.95,0.00,10.00,CLR
NYC,2023-09-03 17:51,87.00,59.00,4.00,M,29.93,0.00,10.00,CLR
NYC,2023-09-03 18:51,87.00,61.00,M,M,29.91,0.00,10.00,CLR
NYC,2023-09-03 19:51,88.00,63.00,M,M,29.89,0.00,10.00,CLR
NYC,2023-09-03 20:51,87.00,63.00,3.00,M,29.89,0.00,10.00,BKN
NYC,2023-09-03 21:51,86.00,64.00,5.00,300.00,29.89,0.00,10.00,FEW
NYC,2023-09-03 22:51,85.00,63.00,4.00,280.00,29.88,0.00,10.00,CLR
NYC,2023-09-03 23:51,84.00,63.00,3.00,M,29.89,0.00,10.00,CLR
NYC,2023-09-04 00:51,83.00,64.00,3.00,M,29.90,0.00,10.00,CLR
NYC,2023-09-04 01:51,82.00,64.00,4.00,M,29.91,0.00,10.00,CLR
NYC,2023-09-04 02:51,82.00,64.00,3.00,280.00,29.92,0.00,10.00,CLR
NYC,2023-09-04 03:51,79.00,65.00,0.00,0.00,29.92,0.00,10.00,CLR
NYC,2023-09-04 04:51,79.00,65.00,3.00,290.00,29.91,0.00,10.00,CLR
NYC,2023-09-04 05:51,78.00,66.00,3.00,300.00,29.91,0.00,10.00,CLR
NYC,2023-09-04 06:51,77.00,66.00,0.00,0.00,29.90,0.00,10.00,CLR
NYC,2023-09-04 07:51,78.00,66.00,3.00,300.00,29.90,0.00,10.00,CLR
NYC,2023-09-04 08:51,76.00,66.00,0.00,0.00,29.90,0.00,10.00,CLR
NYC,2023-09-04 09:51,74.00,66.00,3.00,290.00,29.90,0.00,10.00,CLR
NYC,2023-09-04 10:51,73.00,66.00,0.00,0.00,29.89,0.00,10.00,CLR
NYC,2023-09-04 11:51,75.00,66.00,0.00,0.00,29.92,T,7.00,FEW
NYC,2023-09-04 12:51,76.00,66.00,6.00,M,29.91,T,10.00,CLR
NYC,2023-09-04 13:51,77.00,68.00,0.00,0.00,29.91,T,10.00,CLR
NYC,2023-09-04 14:51,80.00,67.00,0.00,0.00,29.91,0.00,10.00,CLR
NYC,2023-09-04 15:51,83.00,68.00,0.00,0.00,29.91,0.00,10.00,CLR
NYC,2023-09-04 16:51,83.00,68.00,4.00,M,29.88,0.00,10.00,CLR
NYC,2023-09-04 17:51,87.00,67.00,3.00,M,29.87,0.00,10.00,CLR
NYC,2023-09-04 18:51,83.00,69.00,5.00,M,29.88,0.00,10.00,FEW
NYC,2023-09-04 19:51,85.00,69.00,0.00,0.00,29.87,0.00,10.00,CLR
NYC,2023-09-04 20:51,86.00,69.00,3.00,M,29.86,0.00,10.00,CLR
NYC,2023-09-04 21:51,86.00,69.00,0.00,0.00,29.86,0.00,10.00,CLR
NYC,2023-09-04 22:51,85.00,70.00,4.00,30.00,29.87,0.00,10.00,FEW
NYC,2023-09-04 23:51,86.00,69.00,3.00,30.00,29.89,0.00,10.00,OVC
NYC,2023-09-05 00:51,84.00,69.00,0.00,0.00,29.90,0.00,10.00,OVC
NYC,2023-09-05 01:51,82.00,68.00,0.00,0.00,29.91,0.00,10.00,CLR
NYC,2023-09-05 02:51,82.00,68.00,0.00,0.00,29.91,0.00,10.00,CLR
NYC,2023-09-05 03:51,81.00,69.00,0.00,0.00,29.91,0.00,10.00,CLR
NYC,2023-09-05 04:51,81.00,69.00,0.00,0.00,29.92,0.00,10.00,CLR
NYC,2023-09-05 05:51,80.00,70.00,0.00,0.00,29.92,0.00,10.00,BKN
NYC,2023-09-05 06:51,78.00,70.00,0.00,0.00,29.93,0.00,10.00,CLR
NYC,2023-09-05 07:51,77.00,70.00,0.00,0.00,29.93,0.00,10.00,CLR
NYC,2023-09-05 08:51,76.00,70.00,3.00,290.00,29.94,0.00,9.00,CLR
NYC,2023-09-05 09:51,75.00,70.00,0.00,0.00,29.95,0.00,9.00,CLR
NYC,2023-09-05 10:51,75.00,69.00,0.00,0.00,29.97,0.00,9.00,CLR
NYC,2023-09-05 11:51,77.00,69.00,0.00,0.00,29.98,0.00,10.00,CLR
NYC,2023-09-05 12:51,78.00,69.00,3.00,M,29.98,0.00,9.00,CLR
NYC,2023-09-05 13:51,82.00,69.00,5.00,M,29.98,0.00,10.00,CLR
NYC,2023-09-05 14:51,84.00,70.00,5.00,50.00,29.98,0.00,10.00,CLR
NYC,2023-09-05 15:51,88.00,69.00,4.00,M,29.96,0.00,10.00,CLR
NYC,2023-09-05 16:51,90.00,69.00,5.00,350.00,29.96,0.00,10.00,CLR
NYC,2023-09-05 17:51,88.00,68.00,5.00,50.00,29.95,0.00,10.00,CLR
NYC,2023-09-05 18:51,89.00,70.00,4.00,30.00,29.93,0.00,10.00,CLR
NYC,2023-09-05 19:51,89.00,71.00,4.00,M,29.93,0.00,10.00,CLR
NYC,2023-09-05 20:51,88.00,70.00,4.00,M,29.93,0.00,10.00,CLR
NYC,2023-09-05 21:51,88.00,69.00,3.00,M,29.92,0.00,10.00,CLR
NYC,2023-09-05 22:51,87.00,69.00,0.00,0.00,29.92,0.00,10.00,CLR
NYC,2023-09-05 23:51,86.00,69.00,4.00,20.00,29.93,0.00,10.00,CLR
NYC,2023-09-06 00:51,85.00,70.00,3.00,20.00,29.93,0.00,10.00,CLR
NYC,2023-09-06 01:51,84.00,70.00,3.00,20.00,29.93,0.00,10.00,CLR
NYC,2023-09-06 02:51,83.00,70.00,3.00,50.00,29.93,0.00,10.00,CLR
NYC,2023-09-06 03:51,83.00,69.00,0.00,0.00,29.93,0.00,10.00,SCT
NYC,2023-09-06 04:51,82.00,70.00,0.00,0.00,29.93,0.00,10.00,BKN
NYC,2023-09-06 05:51,80.00,71.00,0.00,0.00,29.92,0.00,10.00,CLR
NYC,2023-09-06 06:51,79.00,71.00,0.00,0.00,29.92,0.00,10.00,CLR
NYC,2023-09-06 07:51,77.00,71.00,0.00,0.00,29.91,0.00,9.00,CLR
NYC,2023-09-06 08:51,77.00,72.00,0.00,0.00,29.91,0.00,9.00,CLR
NYC,2023-09-06 09:51,77.00,72.00,3.00,290.00,29.90,0.00,9.00,CLR
NYC,2023-09-06 10:51,77.00,71.00,5.00,300.00,29.91,0.00,7.00,CLR
NYC,2023-09-06 11:51,78.00,71.00,4.00,310.00,29.91,0.00,8.00,CLR
NYC,2023-09-06 12:51,80.00,70.00,4.00,280.00,29.92,0.00,10.00,CLR
NYC,2023-09-06 13:51,83.00,68.00,3.00,M,29.92,0.00,10.00,CLR
NYC,2023-09-06 14:51,86.00,68.00,3.00,50.00,29.90,0.00,10.00,CLR
NYC,2023-09-06 15:51,89.00,67.00,4.00,M,29.88,0.00,10.00,CLR
NYC,2023-09-06 16:51,91.00,67.00,0.00,0.00,29.87,0.00,10.00,CLR
NYC,2023-09-06 17:51,93.00,67.00,3.00,M,29.84,0.00,10.00,CLR
NYC,2023-09-06 18:51,92.00,66.00,3.00,M,29.83,0.00,10.00,CLR
NYC,2023-09-06 19:51,93.00,66.00,0.00,0.00,29.82,0.00,10.00,CLR
NYC,2023-09-06 20:51,92.00,66.00,3.00,M,29.82,0.00,10.00,CLR
NYC,2023-09-06 21:51,90.00,68.00,4.00,M,29.81,0.00,10.00,FEW
NYC,2023-09-06 22:51,87.00,67.00,0.00,0.00,29.81,0.00,10.00,CLR
NYC,2023-09-06 23:51,86.00,66.00,3.00,M,29.81,0.00,10.00,CLR
NYC,2023-09-07 00:51,85.00,67.00,0.00,0.00,29.82,0.00,10.00,CLR
NYC,2023-09-07 01:51,85.00,67.00,3.00,270.00,29.82,0.00,10.00,CLR
NYC,2023-09-07 02:51,84.00,67.00,3.00,M,29.82,0.00,10.00,CLR
NYC,2023-09-07 03:51,83.00,68.00,3.00,280.00,29.81,0.00,10.00,CLR
NYC,2023-09-07 04:51,82.00,68.00,0.00,0.00,29.80,0.00,10.00,CLR
NYC,2023-09-07 05:51,82.00,68.00,0.00,0.00,29.80,0.00,10.00,CLR
NYC,2023-09-07 06:51,81.00,68.00,0.00,0.00,29.80,0.00,10.00,CLR
NYC,2023-09-07 07:51,80.00,68.00,3.00,270.00,29.81,0.00,10.00,CLR
NYC,2023-09-07 08:51,79.00,68.00,0.00,0.00,29.81,0.00,10.00,CLR
NYC,2023-09-07 09:51,80.00,68.00,0.00,0.00,29.82,0.00,10.00,CLR
NYC,2023-09-07 10:51,79.00,69.00,0.00,0.00,29.84,0.00,10.00,CLR
NYC,2023-09-07 11:51,81.00,69.00,0.00,0.00,29.84,0.00,10.00,CLR
NYC,2023-09-07 12:51,84.00,69.00,0.00,0.00,29.85,0.00,10.00,CLR
NYC,2023-09-07 13:51,86.00,69.00,3.00,300.00,29.85,0.00,10.00,CLR
NYC,2023-09-07 14:51,87.00,69.00,0.00,0.00,29.85,0.00,10.00,CLR
NYC,2023-09-07 15:51,91.00,67.00,3.00,M,29.85,0.00,7.00,CLR
NYC,2023-09-07 16:51,92.00,69.00,4.00,210.00,29.84,0.00,10.00,CLR
NYC,2023-09-07 17:51,93.00,68.00,3.00,M,29.82,0.00,10.00,CLR
NYC,2023-09-07 18:51,92.00,67.00,0.00,0.00,29.81,0.00,10.00,FEW
NYC,2023-09-07 19:51,91.00,68.00,3.00,M,29.81,0.00,10.00,CLR
NYC,2023-09-07 20:51,88.00,68.00,3.00,M,29.80,0.00,10.00,CLR
NYC,2023-09-07 21:51,87.00,66.00,4.00,M,29.82,0.00,10.00,CLR
NYC,2023-09-07 22:51,86.00,67.00,3.00,M,29.82,0.00,10.00,CLR
NYC,2023-09-07 23:51,85.00,68.00,0.00,0.00,29.84,0.00,10.00,CLR
NYC,2023-09-08 00:51,81.00,61.00,0.00,0.00,29.88,0.00,10.00,CLR
NYC,2023-09-08 01:51,79.00,60.00,0.00,0.00,29.89,0.00,10.00,CLR
NYC,2023-09-08 02:51,79.00,61.00,6.00,290.00,29.91,0.00,10.00,CLR
NYC,2023-09-08 03:51,76.00,63.00,0.00,0.00,29.91,0.00,10.00,CLR
NYC,2023-09-08 04:51,77.00,63.00,5.00,M,29.92,0.00,10.00,FEW
NYC,2023-09-08 05:51,72.00,67.00,4.00,60.00,29.92,0.01,10.00,OVC
NYC,2023-09-08 06:51,72.00,68.00,4.00,120.00,29.90,0.00,10.00,CLR
NYC,2023-09-08 07:51,73.00,66.00,0.00,0.00,29.90,0.00,10.00,CLR
NYC,2023-09-08 08:51,74.00,64.00,5.00,110.00,29.90,0.00,10.00,CLR
NYC,2023-09-08 09:51,74.00,66.00,0.00,0.00,29.92,0.00,10.00,FEW
NYC,2023-09-08 10:51,76.00,70.00,0.00,0.00,29.92,0.00,7.00,OVC
NYC,2023-09-08 11:51,78.00,72.00,0.00,0.00,29.94,0.00,5.00,OVC
NYC,2023-09-08 12:51,77.00,70.00,0.00,0.00,29.94,0.00,10.00,OVC
NYC,2023-09-08 13:51,80.00,71.00,0.00,0.00,29.96,0.00,8.00,FEW
NYC,2023-09-08 14:51,82.00,72.00,0.00,0.00,29.97,0.00,7.00,CLR
NYC,2023-09-08 15:51,86.00,73.00,0.00,0.00,29.97,0.00,6.00,CLR
NYC,2023-09-08 16:51,89.00,73.00,0.00,0.00,29.97,0.00,6.00,CLR
NYC,2023-09-08 17:51,87.00,74.00,4.00,M,29.95,0.00,7.00,BKN
NYC,2023-09-08 18:51,83.00,73.00,M,M,29.95,0.00,7.00,CLR
NYC,2023-09-08 19:51,77.00,70.00,5.00,300.00,29.98,0.01,7.00,BKN
NYC,2023-09-08 20:51,75.00,71.00,0.00,0.00,29.98,T,7.00,BKN
NYC,2023-09-08 21:51,74.00,72.00,0.00,0.00,29.99,0.06,3.00,FEW
NYC,2023-09-08 22:51,73.00,71.00,3.00,M,29.99,0.02,3.00,FEW
NYC,2023-09-08 23:51,73.00,70.00,0.00,0.00,30.02,0.00,6.00,CLR
NYC,2023-09-09 00:51,72.00,70.00,3.00,M,30.02,0.00,5.00,CLR
NYC,2023-09-09 01:51,73.00,70.00,4.00,70.00,30.04,0.00,5.00,CLR
NYC,2023-09-09 02:51,74.00,71.00,3.00,30.00,30.05,0.00,4.00,FEW
NYC,2023-09-09 03:51,74.00,72.00,0.00,0.00,30.05,0.00,3.00,FEW
NYC,2023-09-09 04:51,74.00,72.00,0.00,0.00,30.06,0.00,3.00,BKN
NYC,2023-09-09 05:51,73.00,71.00,3.00,20.00,30.04,0.00,4.00,CLR
NYC,2023-09-09 06:51,74.00,71.00,3.00,M,30.05,0.00,5.00,OVC
NYC,2023-09-09 07:51,73.00,70.00,0.00,0.00,30.04,0.00,6.00,BKN
NYC,2023-09-09 08:51,74.00,71.00,0.00,0.00,30.05,0.00,6.00,OVC
NYC,2023-09-09 09:51,75.00,72.00,0.00,0.00,30.07,0.00,6.00,OVC
NYC,2023-09-09 10:51,74.00,71.00,0.00,0.00,30.09,0.00,6.00,OVC
NYC,2023-09-09 11:51,75.00,72.00,0.00,0.00,30.09,0.00,5.00,FEW
NYC,2023-09-09 12:51,77.00,72.00,0.00,0.00,30.10,0.00,5.00,OVC
NYC,2023-09-09 13:51,78.00,72.00,0.00,0.00,30.11,0.00,5.00,OVC
NYC,2023-09-09 14:51,83.00,72.00,4.00,M,30.11,0.00,7.00,FEW
NYC,2023-09-09 15:51,83.00,73.00,0.00,0.00,30.12,0.00,8.00,OVC
NYC,2023-09-09 16:51,82.00,72.00,0.00,0.00,30.11,0.00,8.00,BKN
NYC,2023-09-09 17:51,82.00,73.00,0.00,0.00,30.10,0.00,7.00,FEW
NYC,2023-09-09 18:51,79.00,66.00,12.00,70.00,30.09,T,10.00,BKN
NYC,2023-09-09 19:51,76.00,65.00,0.00,0.00,30.09,0.00,10.00,FEW
NYC,2023-09-09 20:51,73.00,68.00,0.00,0.00,30.10,0.01,7.00,SCT
NYC,2023-09-09 21:51,70.00,67.00,0.00,0.00,30.10,0.01,9.00,BKN
NYC,2023-09-09 22:51,72.00,68.00,0.00,0.00,30.09,T,10.00,FEW
NYC,2023-09-09 23:51,76.00,73.00,0.00,0.00,30.11,0.00,5.00,SCT
NYC,2023-09-10 00:51,73.00,69.00,0.00,0.00,30.13,0.00,9.00,BKN
NYC,2023-09-10 01:51,73.00,70.00,0.00,0.00,30.14,0.00,7.00,FEW
NYC,2023-09-10 02:51,74.00,70.00,3.00,M,30.13,0.00,7.00,FEW
NYC,2023-09-10 03:51,74.00,70.00,4.00,290.00,30.13,0.00,6.00,CLR
NYC,2023-09-10 04:51,72.00,68.00,0.00,0.00,30.12,0.00,8.00,CLR
NYC,2023-09-10 05:51,72.00,68.00,0.00,0.00,30.11,0.00,7.00,CLR
NYC,2023-09-10 06:51,72.00,68.00,0.00,0.00,30.10,0.00,10.00,CLR
NYC,2023-09-10 07:51,73.00,68.00,4.00,120.00,30.10,0.00,10.00,CLR
NYC,2023-09-10 08:51,74.00,69.00,0.00,0.00,30.10,0.00,8.00,CLR
NYC,2023-09-10 09:51,73.00,69.00,0.00,0.00,30.10,0.00,8.00,CLR
NYC,2023-09-10 10:51,73.00,68.00,0.00,0.00,30.12,0.00,6.00,CLR
NYC,2023-09-10 11:51,74.00,68.00,0.00,0.00,30.13,0.00,7.00,SCT
NYC,2023-09-10 12:51,75.00,69.00,0.00,0.00,30.13,0.00,8.00,FEW
NYC,2023-09-10 13:51,76.00,69.00,3.00,280.00,30.15,0.00,9.00,FEW
NYC,2023-09-10 14:51,71.00,68.00,7.00,290.00,30.17,0.24,0.50,SCT
NYC,2023-09-10 15:51,69.00,67.00,5.00,290.00,30.16,0.41,5.00,FEW
NYC,2023-09-10 16:51,70.00,68.00,0.00,0.00,30.15,0.06,3.00,FEW
NYC,2023-09-10 17:51,72.00,69.00,3.00,50.00,30.13,0.01,10.00,FEW
NYC,2023-09-10 18:51,73.00,70.00,3.00,M,30.11,T,10.00,BKN
NYC,2023-09-10 19:51,75.00,70.00,4.00,110.00,30.10,T,10.00,FEW
NYC,2023-09-10 20:51,75.00,69.00,6.00,60.00,30.09,0.00,10.00,SCT
NYC,2023-09-10 21:51,75.00,69.00,4.00,110.00,30.09,0.00,10.00,OVC
NYC,2023-09-10 22:51,73.00,68.00,0.00,0.00,30.08,0.00,10.00,SCT
NYC,2023-09-10 23:51,74.00,70.00,4.00,70.00,30.09,0.00,10.00,SCT
NYC,2023-09-11 00:51,73.00,70.00,3.00,M,30.10,0.04,4.00,FEW
NYC,2023-09-11 01:51,73.00,70.00,3.00,100.00,30.09,0.06,2.50,SCT
NYC,2023-09-11 02:51,73.00,70.00,M,M,30.09,0.10,3.00,SCT
NYC,2023-09-11 03:51,72.00,70.00,0.00,0.00,30.08,0.23,1.00,SCT
NYC,2023-09-11 04:51,72.00,70.00,0.00,0.00,30.07,0.45,1.25,BKN
NYC,2023-09-11 05:51,72.00,70.00,0.00,0.00,30.06,0.26,1.50,BKN
NYC,2023-09-11 06:51,72.00,69.00,0.00,0.00,30.04,0.00,1.75,BKN
NYC,2023-09-11 07:51,72.00,70.00,4.00,50.00,30.03,0.00,3.00,OVC
NYC,2023-09-11 08:51,72.00,70.00,3.00,30.00,30.03,T,4.00,OVC
NYC,2023-09-11 09:51,73.00,70.00,3.00,20.00,30.02,0.07,2.00,BKN
NYC,2023-09-11 10:51,74.00,70.00,3.00,30.00,30.03,0.00,5.00,BKN
NYC,2023-09-11 11:51,74.00,70.00,3.00,M,30.04,0.00,4.00,BKN
NYC,2023-09-11 12:51,75.00,71.00,5.00,70.00,30.04,0.00,3.00,OVC
NYC,2023-09-11 13:51,76.00,72.00,3.00,M,30.04,0.00,9.00,BKN
NYC,2023-09-11 14:51,76.00,71.00,4.00,M,30.04,0.00,10.00,FEW
NYC,2023-09-11 15:51,78.00,70.00,4.00,60.00,30.03,0.00,10.00,SCT
NYC,2023-09-11 16:51,80.00,69.00,0.00,0.00,30.02,0.00,10.00,CLR
NYC,2023-09-11 17:51,81.00,68.00,3.00,M,30.01,0.00,10.00,CLR
NYC,2023-09-11 18:51,78.00,69.00,0.00,0.00,29.98,0.00,10.00,SCT
NYC,2023-09-11 19:51,75.00,71.00,5.00,60.00,29.97,0.16,0.75,FEW
NYC,2023-09-11 20:51,74.00,71.00,0.00,0.00,29.99,0.01,4.00,SCT
NYC,2023-09-11 21:51,71.00,69.00,4.00,M,30.00,0.38,6.00,FEW
NYC,2023-09-11 22:51,70.00,68.00,0.00,0.00,30.01,0.94,7.00,FEW
NYC,2023-09-11 23:51,70.00,68.00,0.00,0.00,30.02,0.04,10.00,CLR
NYC,2023-09-12 00:51,72.00,69.00,4.00,30.00,30.02,0.00,5.00,BKN
NYC,2023-09-12 01:51,70.00,68.00,0.00,0.00,30.02,0.00,7.00,CLR
NYC,2023-09-12 02:51,70.00,68.00,0.00,0.00,30.02,0.00,9.00,BKN
NYC,2023-09-12 03:51,70.00,68.00,4.00,30.00,30.02,0.00,9.00,CLR
NYC,2023-09-12 04:51,71.00,68.00,5.00,300.00,30.01,0.00,7.00,CLR
NYC,2023-09-12 05:51,70.00,68.00,0.00,0.00,30.02,0.00,8.00,SCT
NYC,2023-09-12 06:51,69.00,67.00,0.00,0.00,30.01,0.00,7.00,CLR
NYC,2023-09-12 07:51,68.00,66.00,0.00,0.00,30.01,0.00,5.00,FEW
NYC,2023-09-12 08:51,69.00,67.00,0.00,0.00,30.01,0.00,8.00,OVC
NYC,2023-09-12 09:51,68.00,66.00,3.00,320.00,30.02,0.00,9.00,OVC
NYC,2023-09-12 10:51,68.00,66.00,0.00,0.00,30.02,0.00,7.00,OVC
NYC,2023-09-12 11:51,68.00,66.00,3.00,M,30.04,0.00,10.00,OVC
NYC,2023-09-12 12:51,69.00,66.00,3.00,M,30.04,0.00,10.00,OVC
NYC,2023-09-12 13:51,69.00,65.00,0.00,0.00,30.06,0.00,10.00,OVC
NYC,2023-09-12 14:51,71.00,66.00,0.00,0.00,30.06,0.00,10.00,CLR
NYC,2023-09-12 15:51,75.00,65.00,0.00,0.00,30.05,0.00,10.00,CLR
NYC,2023-09-12 16:51,78.00,65.00,0.00,0.00,30.03,0.00,10.00,CLR
NYC,2023-09-12 17:51,81.00,65.00,0.00,0.00,30.01,0.00,10.00,FEW
NYC,2023-09-12 18:51,81.00,62.00,3.00,M,29.99,0.00,10.00,FEW
NYC,2023-09-12 19:51,82.00,62.00,0.00,0.00,29.98,0.00,10.00,CLR
NYC,2023-09-12 20:51,81.00,60.00,0.00,0.00,29.97,0.00,10.00,CLR
NYC,2023-09-12 21:51,80.00,60.00,0.00,0.00,29.97,0.00,10.00,CLR
NYC,2023-09-12 22:51,77.00,65.00,0.00,0.00,29.97,0.00,10.00,CLR
NYC,2023-09-12 23:51,75.00,67.00,0.00,0.00,29.98,0.00,10.00,CLR
NYC,2023-09-13 00:51,74.00,66.00,0.00,0.00,29.99,0.00,10.00,CLR
NYC,2023-09-13 01:51,73.00,66.00,M,M,29.99,0.00,10.00,CLR
NYC,2023-09-13 02:51,74.00,67.00,0.00,0.00,29.99,0.00,10.00,CLR
NYC,2023-09-13 03:51,74.00,67.00,4.00,M,29.99,0.00,10.00,CLR
NYC,2023-09-13 04:51,73.00,67.00,0.00,0.00,29.98,0.00,10.00,CLR
NYC,2023-09-13 05:51,74.00,67.00,3.00,M,29.97,0.00,10.00,CLR
NYC,2023-09-13 06:51,74.00,68.00,0.00,0.00,29.96,0.00,10.00,FEW
NYC,2023-09-13 07:51,74.00,70.00,0.00,0.00,29.94,0.00,10.00,CLR
NYC,2023-09-13 08:51,74.00,70.00,0.00,0.00,29.93,T,5.00,SCT
NYC,2023-09-13 09:51,73.00,71.00,3.00,M,29.91,0.15,2.50,BKN
NYC,2023-09-13 10:51,72.00,70.00,3.00,230.00,29.94,0.06,6.00,BKN
NYC,2023-09-13 11:51,72.00,70.00,3.00,M,29.95,0.00,5.00,BKN
NYC,2023-09-13 12:51,71.00,68.00,5.00,230.00,29.95,0.00,10.00,FEW
NYC,2023-09-13 13:51,72.00,68.00,6.00,230.00,29.96,0.00,10.00,BKN
NYC,2023-09-13 14:51,72.00,69.00,0.00,0.00,29.96,T,10.00,FEW
NYC,2023-09-13 15:51,76.00,69.00,0.00,0.00,29.95,0.00,10.00,SCT
NYC,2023-09-13 16:51,76.00,68.00,5.00,M,29.94,0.00,10.00,SCT
NYC,2023-09-13 17:51,76.00,68.00,4.00,230.00,29.93,0.00,10.00,SCT
NYC,2023-09-13 18:51,75.00,70.00,0.00,0.00,29.92,0.01,10.00,SCT
NYC,2023-09-13 19:51,76.00,66.00,6.00,280.00,29.92,0.00,10.00,OVC
NYC,2023-09-13 20:51,77.00,66.00,0.00,0.00,29.91,0.00,10.00,FEW
NYC,2023-09-13 21:51,78.00,63.00,4.00,M,29.91,0.00,10.00,SCT
NYC,2023-09-13 22:51,77.00,61.00,0.00,0.00,29.93,0.00,10.00,FEW
NYC,2023-09-13 23:51,75.00,64.00,0.00,0.00,29.94,0.00,10.00,SCT
NYC,2023-09-14 00:51,76.00,63.00,3.00,340.00,29.95,0.00,10.00,CLR
NYC,2023-09-14 01:51,73.00,62.00,0.00,0.00,29.96,0.00,10.00,CLR
NYC,2023-09-14 02:51,73.00,62.00,3.00,20.00,29.97,0.00,10.00,CLR
NYC,2023-09-14 03:51,72.00,63.00,3.00,40.00,29.97,0.00,10.00,CLR
NYC,2023-09-14 04:51,71.00,63.00,4.00,M,29.98,0.00,10.00,CLR
NYC,2023-09-14 05:51,70.00,64.00,0.00,0.00,29.98,0.00,10.00,BKN
NYC,2023-09-14 06:51,70.00,61.00,4.00,M,29.99,0.00,10.00,FEW
NYC,2023-09-14 07:51,68.00,60.00,7.00,40.00,30.00,0.00,10.00,BKN
NYC,2023-09-14 08:51,67.00,58.00,6.00,M,30.02,0.00,10.00,FEW
NYC,2023-09-14 09:51,66.00,56.00,3.00,M,30.04,0.00,10.00,SCT
NYC,2023-09-14 10:51,65.00,55.00,5.00,M,30.06,0.00,10.00,OVC
NYC,2023-09-14 11:51,65.00,54.00,6.00,M,30.07,0.00,10.00,FEW
NYC,2023-09-14 12:51,66.00,53.00,5.00,10.00,30.08,0.00,10.00,CLR
NYC,2023-09-14 13:51,68.00,54.00,3.00,M,30.09,0.00,10.00,CLR
NYC,2023-09-14 14:51,70.00,54.00,3.00,M,30.10,0.00,10.00,CLR
NYC,2023-09-14 15:51,73.00,55.00,3.00,M,30.09,0.00,10.00,CLR
NYC,2023-09-14 16:51,75.00,47.00,8.00,300.00,30.08,0.00,10.00,CLR
NYC,2023-09-14 17:51,76.00,48.00,5.00,310.00,30.06,0.00,10.00,CLR
NYC,2023-09-14 18:51,76.00,48.00,5.00,M,30.05,0.00,10.00,CLR
NYC,2023-09-14 19:51,76.00,45.00,6.00,290.00,30.05,0.00,10.00,CLR
NYC,2023-09-14 20:51,75.00,48.00,3.00,M,30.05,0.00,10.00,CLR
NYC,2023-09-14 21:51,74.00,48.00,6.00,M,30.05,0.00,10.00,CLR
NYC,2023-09-14 22:51,72.00,49.00,3.00,M,30.06,0.00,10.00,CLR
NYC,2023-09-14 23:51,71.00,48.00,4.00,M,30.08,0.00,10.00,CLR
NYC,2023-09-15 00:51,69.00,48.00,7.00,330.00,30.09,0.00,10.00,CLR
NYC,2023-09-15 01:51,67.00,48.00,4.00,M,30.12,0.00,10.00,CLR
NYC,2023-09-15 02:51,66.00,48.00,5.00,M,30.13,0.00,10.00,CLR
NYC,2023-09-15 03:51,65.00,49.00,5.00,M,30.13,0.00,10.00,CLR
NYC,2023-09-15 04:51,63.00,48.00,6.00,M,30.12,0.00,10.00,CLR
NYC,2023-09-15 05:51,62.00,47.00,8.00,10.00,30.11,0.00,10.00,CLR
NYC,2023-09-15 06:51,61.00,47.00,M,M,30.10,0.00,10.00,CLR
NYC,2023-09-15 07:51,60.00,48.00,3.00,M,30.12,0.00,10.00,CLR
NYC,2023-09-15 08:51,60.00,48.00,4.00,M,30.11,0.00,10.00,CLR
NYC,2023-09-15 09:51,59.00,48.00,4.00,M,30.10,0.00,10.00,CLR
NYC,2023-09-15 10:51,58.00,48.00,5.00,M,30.11,0.00,10.00,CLR
NYC,2023-09-15 11:51,58.00,48.00,6.00,M,30.12,0.00,10.00,CLR
NYC,2023-09-15 12:51,59.00,48.00,8.00,10.00,30.12,0.00,10.00,CLR
NYC,2023-09-15 13:51,61.00,48.00,3.00,M,30.11,0.00,10.00,CLR
NYC,2023-09-15 14:51,61.00,49.00,6.00,M,30.11,0.00,10.00,CLR
NYC,2023-09-15 15:51,64.00,50.00,6.00,M,30.09,0.00,10.00,CLR
NYC,2023-09-15 16:51,67.00,51.00,8.00,70.00,30.08,0.00,10.00,CLR
NYC,2023-09-15 17:51,66.00,50.00,5.00,M,30.06,0.00,10.00,CLR
NYC,2023-09-15 18:51,68.00,50.00,8.00,330.00,30.04,0.00,10.00,CLR
NYC,2023-09-15 19:51,68.00,49.00,6.00,M,30.03,0.00,10.00,CLR
NYC,2023-09-15 20:51,67.00,49.00,9.00,350.00,30.01,0.00,10.00,CLR
NYC,2023-09-15 21:51,67.00,51.00,7.00,340.00,30.01,0.00,10.00,CLR
NYC,2023-09-15 22:51,67.00,48.00,4.00,M,30.00,0.00,10.00,CLR
NYC,2023-09-15 23:51,66.00,47.00,M,M,30.00,0.00,10.00,CLR
NYC,2023-09-16 00:51,65.00,46.00,5.00,M,30.01,0.00,10.00,CLR
NYC,2023-09-16 01:51,64.00,47.00,3.00,M,30.00,0.00,10.00,CLR
NYC,2023-09-16 02:51,64.00,47.00,3.00,M,30.00,0.00,10.00,CLR
NYC,2023-09-16 03:51,62.00,47.00,4.00,M,29.99,0.00,10.00,CLR
NYC,2023-09-16 04:51,62.00,47.00,5.00,M,29.98,0.00,10.00,CLR
NYC,2023-09-16 05:51,63.00,46.00,5.00,M,29.97,0.00,10.00,CLR
NYC,2023-09-16 06:51,63.00,45.00,6.00,M,29.97,0.00,10.00,CLR
NYC,2023-09-16 07:51,62.00,46.00,5.00,330.00,29.97,0.00,10.00,CLR
NYC,2023-09-16 08:51,61.00,46.00,5.00,M,29.94,0.00,10.00,CLR
NYC,2023-09-16 09:51,60.00,46.00,5.00,M,29.93,0.00,10.00,CLR
NYC,2023-09-16 10:51,60.00,46.00,4.00,M,29.94,0.00,10.00,CLR
NYC,2023-09-16 11:51,60.00,47.00,5.00,M,29.94,0.00,10.00,CLR
NYC,2023-09-16 12:51,62.00,48.00,5.00,M,29.95,0.00,10.00,CLR
NYC,2023-09-16 13:51,63.00,49.00,5.00,310.00,29.95,0.00,10.00,CLR
NYC,2023-09-16 14:51,65.00,48.00,5.00,M,29.95,0.00,10.00,CLR
NYC,2023-09-16 15:51,71.00,48.00,9.00,310.00,29.94,0.00,10.00,CLR
NYC,2023-09-16 16:51,71.00,47.00,M,M,29.93,0.00,10.00,CLR
NYC,2023-09-16 17:51,73.00,45.00,9.00,290.00,29.91,0.00,10.00,CLR
NYC,2023-09-16 18:51,73.00,47.00,10.00,300.00,29.90,0.00,10.00,CLR
NYC,2023-09-16 19:51,74.00,48.00,5.00,M,29.89,0.00,10.00,CLR
NYC,2023-09-16 20:51,74.00,45.00,4.00,M,29.90,0.00,10.00,CLR
NYC,2023-09-16 21:51,74.00,45.00,8.00,290.00,29.89,0.00,10.00,CLR
NYC,2023-09-16 22:51,73.00,48.00,7.00,280.00,29.90,0.00,10.00,CLR
NYC,2023-09-16 23:51,71.00,48.00,3.00,M,29.91,0.00,10.00,CLR
NYC,2023-09-17 00:51,70.00,49.00,6.00,270.00,29.93,0.00,10.00,CLR
NYC,2023-09-17 01:51,68.00,50.00,4.00,M,29.94,0.00,10.00,CLR
NYC,2023-09-17 02:51,68.00,50.00,3.00,M,29.93,0.00,10.00,CLR
NYC,2023-09-17 03:51,66.00,50.00,4.00,M,29.94,0.00,10.00,CLR
NYC,2023-09-17 04:51,64.00,50.00,4.00,M,29.95,0.00,10.00,CLR
NYC,2023-09-17 05:51,64.00,48.00,3.00,M,29.95,0.00,10.00,CLR
NYC,2023-09-17 06:51,63.00,48.00,3.00,M,29.95,0.00,10.00,CLR
NYC,2023-09-17 07:51,62.00,48.00,4.00,M,29.96,0.00,10.00,CLR
NYC,2023-09-17 08:51,60.00,48.00,3.00,290.00,29.95,0.00,10.00,CLR
NYC,2023-09-17 09:51,59.00,48.00,3.00,270.00,29.97,0.00,10.00,CLR
NYC,2023-09-17 10:51,60.00,50.00,5.00,M,30.00,0.00,10.00,CLR
NYC,2023-09-17 11:51,61.00,50.00,0.00,0.00,30.00,0.00,10.00,CLR
NYC,2023-09-17 12:51,63.00,50.00,0.00,0.00,30.00,0.00,10.00,CLR
NYC,2023-09-17 13:51,66.00,50.00,3.00,M,30.01,0.00,10.00,CLR
NYC,2023-09-17 14:51,69.00,51.00,0.00,0.00,29.99,0.00,10.00,CLR
NYC,2023-09-17 15:51,73.00,49.00,3.00,250.00,29.99,0.00,10.00,CLR
NYC,2023-09-17 16:51,74.00,51.00,0.00,0.00,29.98,0.00,10.00,CLR
NYC,2023-09-17 17:51,76.00,52.00,3.00,M,29.96,0.00,10.00,CLR
NYC,2023-09-17 18:51,75.00,51.00,3.00,230.00,29.95,0.00,10.00,CLR
NYC,2023-09-17 19:51,73.00,54.00,0.00,0.00,29.94,0.00,10.00,CLR
NYC,2023-09-17 20:51,72.00,53.00,3.00,180.00,29.94,0.00,10.00,FEW
NYC,2023-09-17 21:51,72.00,54.00,4.00,M,29.94,0.00,10.00,FEW
NYC,2023-09-17 22:51,70.00,56.00,0.00,0.00,29.93,0.00,10.00,FEW
NYC,2023-09-17 23:51,70.00,59.00,3.00,M,29.94,0.00,10.00,OVC
NYC,2023-09-18 00:51,67.00,63.00,0.00,0.00,29.94,0.07,5.00,BKN
NYC,2023-09-18 01:51,67.00,64.00,0.00,0.00,29.93,0.03,3.00,FEW
NYC,2023-09-18 02:51,67.00,65.00,0.00,0.00,29.91,0.10,5.00,OVC
NYC,2023-09-18 03:51,67.00,65.00,3.00,M,29.91,0.01,9.00,SCT
NYC,2023-09-18 04:51,67.00,65.00,0.00,0.00,29.90,T,8.00,BKN
NYC,2023-09-18 05:51,67.00,65.00,3.00,M,29.88,T,6.00,SCT
NYC,2023-09-18 06:51,66.00,64.00,3.00,270.00,29.87,T,5.00,FEW
NYC,2023-09-18 07:51,65.00,63.00,0.00,0.00,29.86,0.02,6.00,FEW
NYC,2023-09-18 08:51,66.00,64.00,0.00,0.00,29.85,0.09,2.00,BKN
NYC,2023-09-18 09:51,66.00,64.00,0.00,0.00,29.84,0.12,2.00,BKN
NYC,2023-09-18 10:51,66.00,64.00,3.00,120.00,29.83,0.17,1.50,FEW
NYC,2023-09-18 11:51,66.00,64.00,3.00,110.00,29.83,0.11,2.00,FEW
NYC,2023-09-18 12:51,65.00,64.00,0.00,0.00,29.82,0.07,2.50,BKN
NYC,2023-09-18 13:51,65.00,63.00,0.00,0.00,29.82,0.07,1.75,SCT
NYC,2023-09-18 14:51,66.00,64.00,4.00,90.00,29.81,0.23,0.75,FEW
NYC,2023-09-18 15:51,66.00,64.00,0.00,0.00,29.80,0.09,5.00,SCT
NYC,2023-09-18 16:51,67.00,65.00,4.00,M,29.78,T,7.00,OVC
NYC,2023-09-18 17:51,67.00,65.00,3.00,10.00,29.76,T,5.00,OVC
NYC,2023-09-18 18:51,67.00,64.00,6.00,20.00,29.74,0.03,10.00,OVC
NYC,2023-09-18 19:51,68.00,65.00,3.00,M,29.73,0.00,10.00,BKN
NYC,2023-09-18 20:51,66.00,64.00,7.00,300.00,29.73,T,4.00,BKN
NYC,2023-09-18 21:48,65.00,63.00,8.00,280.00,29.74,0.06,3.00,BKN
NYC,2023-09-18 22:51,65.00,62.00,5.00,M,29.76,0.27,10.00,SCT
NYC,2023-09-18 23:51,65.00,61.00,3.00,M,29.78,0.01,10.00,BKN
NYC,2023-09-19 00:51,64.00,61.00,4.00,M,29.80,0.00,10.00,BKN
NYC,2023-09-19 01:51,63.00,60.00,3.00,280.00,29.81,0.00,10.00,CLR
NYC,2023-09-19 02:51,62.00,59.00,3.00,M,29.81,0.00,10.00,CLR
NYC,2023-09-19 03:51,62.00,59.00,0.00,0.00,29.82,0.00,10.00,CLR
NYC,2023-09-19 04:51,61.00,58.00,5.00,270.00,29.84,0.00,10.00,CLR
NYC,2023-09-19 05:51,60.00,57.00,4.00,270.00,29.85,0.00,10.00,CLR
NYC,2023-09-19 06:51,60.00,56.00,4.00,M,29.85,0.00,10.00,CLR
NYC,2023-09-19 07:51,60.00,55.00,5.00,M,29.86,0.00,10.00,CLR
NYC,2023-09-19 08:51,59.00,56.00,3.00,M,29.88,0.00,10.00,CLR
NYC,2023-09-19 09:51,58.00,55.00,3.00,M,29.90,0.00,10.00,CLR
NYC,2023-09-19 10:51,58.00,55.00,3.00,M,29.92,0.00,10.00,CLR
NYC,2023-09-19 11:51,59.00,55.00,5.00,260.00,29.94,0.00,10.00,CLR
NYC,2023-09-19 12:51,61.00,55.00,M,M,29.95,0.00,10.00,CLR
NYC,2023-09-19 13:51,64.00,54.00,M,M,29.96,0.00,10.00,CLR
NYC,2023-09-19 14:51,67.00,53.00,8.00,280.00,29.97,0.00,10.00,CLR
NYC,2023-09-19 15:51,69.00,53.00,6.00,M,29.97,0.00,10.00,CLR
NYC,2023-09-19 16:51,71.00,49.00,4.00,M,29.97,0.00,10.00,CLR
NYC,2023-09-19 17:51,71.00,50.00,6.00,M,29.97,0.00,10.00,FEW
NYC,2023-09-19 18:51,71.00,50.00,5.00,M,29.97,0.00,10.00,SCT
NYC,2023-09-19 19:51,71.00,49.00,4.00,M,29.98,0.00,10.00,SCT
NYC,2023-09-19 20:51,72.00,49.00,6.00,300.00,29.99,0.00,10.00,BKN
NYC,2023-09-19 21:51,71.00,48.00,6.00,M,30.00,0.00,10.00,SCT
NYC,2023-09-19 22:51,69.00,48.00,0.00,0.00,30.02,0.00,10.00,CLR
NYC,2023-09-19 23:51,67.00,48.00,0.00,0.00,30.04,0.00,10.00,CLR
NYC,2023-09-20 00:51,66.00,48.00,3.00,M,30.06,0.00,10.00,CLR
NYC,2023-09-20 01:51,65.00,49.00,3.00,M,30.07,0.00,10.00,CLR
NYC,2023-09-20 02:51,64.00,49.00,3.00,270.00,30.09,0.00,10.00,CLR
NYC,2023-09-20 03:51,63.00,49.00,3.00,270.00,30.12,0.00,10.00,CLR
NYC,2023-09-20 04:51,62.00,50.00,3.00,280.00,30.13,0.00,10.00,CLR
NYC,2023-09-20 05:51,60.00,50.00,0.00,0.00,30.12,0.00,10.00,CLR
NYC,2023-09-20 06:51,60.00,49.00,3.00,M,30.13,0.00,10.00,CLR
NYC,2023-09-20 07:51,60.00,48.00,3.00,290.00,30.14,0.00,10.00,CLR
NYC,2023-09-20 08:51,59.00,48.00,3.00,280.00,30.14,0.00,10.00,CLR
NYC,2023-09-20 09:51,58.00,48.00,3.00,290.00,30.16,0.00,10.00,CLR
NYC,2023-09-20 10:51,58.00,48.00,3.00,290.00,30.17,0.00,10.00,CLR
NYC,2023-09-20 11:51,59.00,50.00,0.00,0.00,30.19,0.00,10.00,CLR
NYC,2023-09-20 12:51,62.00,48.00,3.00,310.00,30.19,0.00,10.00,CLR
NYC,2023-09-20 13:51,64.00,47.00,0.00,0.00,30.20,0.00,10.00,CLR
NYC,2023-09-20 14:51,66.00,48.00,3.00,M,30.21,0.00,10.00,CLR
NYC,2023-09-20 15:51,70.00,48.00,5.00,M,30.19,0.00,10.00,CLR
NYC,2023-09-20 16:51,71.00,48.00,6.00,280.00,30.18,0.00,10.00,CLR
NYC,2023-09-20 17:51,72.00,48.00,6.00,M,30.16,0.00,10.00,FEW
NYC,2023-09-20 18:51,72.00,47.00,0.00,0.00,30.15,0.00,10.00,FEW
NYC,2023-09-20 19:51,72.00,49.00,4.00,M,30.14,0.00,10.00,FEW
NYC,2023-09-20 20:51,72.00,49.00,M,M,30.14,0.00,10.00,CLR
NYC,2023-09-20 21:51,72.00,49.00,3.00,M,30.13,0.00,10.00,CLR
NYC,2023-09-20 22:51,71.00,48.00,3.00,M,30.14,0.00,10.00,CLR
NYC,2023-09-20 23:51,70.00,49.00,0.00,0.00,30.16,0.00,10.00,CLR
NYC,2023-09-21 00:51,67.00,50.00,0.00,0.00,30.18,0.00,10.00,CLR
NYC,2023-09-21 01:51,67.00,50.00,0.00,0.00,30.19,0.00,10.00,CLR
NYC,2023-09-21 02:51,67.00,49.00,0.00,0.00,30.20,0.00,10.00,CLR
NYC,2023-09-21 03:51,63.00,52.00,4.00,290.00,30.21,0.00,10.00,CLR
NYC,2023-09-21 04:51,63.00,50.00,0.00,0.00,30.22,0.00,10.00,CLR
NYC,2023-09-21 05:51,62.00,51.00,4.00,290.00,30.23,0.00,10.00,CLR
NYC,2023-09-21 06:51,60.00,52.00,0.00,0.00,30.23,0.00,10.00,CLR
NYC,2023-09-21 07:51,59.00,52.00,0.00,0.00,30.23,0.00,10.00,CLR
NYC,2023-09-21 08:51,59.00,51.00,0.00,0.00,30.25,0.00,10.00,CLR
NYC,2023-09-21 09:51,58.00,51.00,3.00,M,30.26,0.00,10.00,CLR
NYC,2023-09-21 10:51,58.00,49.00,3.00,330.00,30.28,0.00,10.00,CLR
NYC,2023-09-21 11:51,58.00,48.00,4.00,M,30.30,0.00,10.00,CLR
NYC,2023-09-21 12:51,59.00,48.00,3.00,M,30.30,0.00,10.00,CLR
NYC,2023-09-21 13:51,62.00,50.00,4.00,M,30.30,0.00,10.00,CLR
NYC,2023-09-21 14:51,64.00,50.00,7.00,350.00,30.30,0.00,10.00,CLR
NYC,2023-09-21 15:51,67.00,50.00,5.00,M,30.31,0.00,10.00,M
NYC,2023-09-21 16:51,70.00,50.00,4.00,M,30.30,0.00,10.00,CLR
NYC,2023-09-21 17:51,70.00,49.00,0.00,0.00,30.28,0.00,10.00,CLR
NYC,2023-09-21 18:51,71.00,47.00,5.00,M,30.28,0.00,10.00,CLR
NYC,2023-09-21 19:51,70.00,49.00,3.00,M,30.28,0.00,10.00,CLR
NYC,2023-09-21 20:51,70.00,49.00,3.00,M,30.29,0.00,10.00,CLR
NYC,2023-09-21 21:51,70.00,50.00,4.00,10.00,30.28,0.00,10.00,CLR
NYC,2023-09-21 22:51,68.00,50.00,0.00,0.00,30.29,0.00,10.00,CLR
NYC,2023-09-21 23:51,66.00,52.00,3.00,M,30.30,0.00,10.00,CLR
NYC,2023-09-22 00:51,65.00,52.00,3.00,30.00,30.31,0.00,10.00,CLR
NYC,2023-09-22 01:51,64.00,51.00,0.00,0.00,30.31,0.00,10.00,CLR
NYC,2023-09-22 02:51,65.00,51.00,3.00,30.00,30.31,0.00,10.00,CLR
NYC,2023-09-22 03:51,65.00,52.00,4.00,20.00,30.31,0.00,10.00,CLR
NYC,2023-09-22 04:51,62.00,53.00,4.00,60.00,30.32,0.00,10.00,CLR
NYC,2023-09-22 05:51,62.00,53.00,5.00,M,30.34,0.00,10.00,FEW
NYC,2023-09-22 06:51,61.00,54.00,4.00,40.00,30.34,0.00,10.00,CLR
NYC,2023-09-22 07:51,61.00,55.00,3.00,20.00,30.34,0.00,10.00,CLR
NYC,2023-09-22 08:51,60.00,54.00,3.00,50.00,30.34,0.00,10.00,CLR
NYC,2023-09-22 09:51,59.00,55.00,4.00,40.00,30.35,0.00,10.00,CLR
NYC,2023-09-22 10:51,59.00,54.00,4.00,M,30.36,0.00,10.00,CLR
NYC,2023-09-22 11:51,61.00,56.00,3.00,40.00,30.37,0.00,10.00,CLR
NYC,2023-09-22 12:51,64.00,57.00,7.00,80.00,30.39,0.00,10.00,SCT
NYC,2023-09-22 13:51,66.00,57.00,8.00,80.00,30.40,0.00,10.00,FEW
NYC,2023-09-22 14:51,67.00,56.00,9.00,60.00,30.40,0.00,10.00,CLR
NYC,2023-09-22 15:51,68.00,56.00,8.00,60.00,30.38,0.00,10.00,SCT
NYC,2023-09-22 16:51,70.00,57.00,7.00,60.00,30.39,0.00,10.00,FEW
NYC,2023-09-22 17:51,70.00,57.00,12.00,60.00,30.37,0.00,10.00,FEW
NYC,2023-09-22 18:51,69.00,57.00,6.00,70.00,30.36,0.00,10.00,BKN
NYC,2023-09-22 19:51,69.00,54.00,5.00,M,30.36,0.00,10.00,SCT
NYC,2023-09-22 20:51,68.00,51.00,9.00,60.00,30.35,0.00,10.00,SCT
NYC,2023-09-22 21:51,67.00,49.00,5.00,M,30.35,0.00,10.00,CLR
NYC,2023-09-22 22:51,66.00,49.00,3.00,100.00,30.34,0.00,10.00,CLR
NYC,2023-09-22 23:51,65.00,52.00,6.00,M,30.34,0.00,10.00,SCT
NYC,2023-09-23 00:51,65.00,52.00,6.00,80.00,30.33,0.00,10.00,CLR
NYC,2023-09-23 01:51,64.00,51.00,8.00,80.00,30.32,0.00,10.00,CLR
NYC,2023-09-23 02:51,63.00,51.00,7.00,100.00,30.32,0.00,10.00,CLR
NYC,2023-09-23 03:51,63.00,51.00,M,M,30.30,0.00,10.00,CLR
NYC,2023-09-23 04:51,63.00,50.00,6.00,M,30.29,0.00,10.00,FEW
NYC,2023-09-23 05:51,63.00,51.00,7.00,50.00,30.28,0.00,10.00,CLR
NYC,2023-09-23 06:51,62.00,51.00,6.00,50.00,30.26,0.00,10.00,BKN
NYC,2023-09-23 07:51,61.00,51.00,10.00,60.00,30.24,0.00,10.00,BKN
NYC,2023-09-23 08:51,60.00,54.00,10.00,60.00,30.22,T,10.00,SCT
NYC,2023-09-23 09:51,60.00,54.00,11.00,70.00,30.22,T,10.00,BKN
NYC,2023-09-23 10:51,60.00,56.00,8.00,60.00,30.21,0.02,10.00,BKN
NYC,2023-09-23 11:51,58.00,54.00,10.00,50.00,30.20,0.00,10.00,OVC
NYC,2023-09-23 12:51,57.00,54.00,8.00,50.00,30.20,0.03,6.00,OVC
NYC,2023-09-23 13:51,58.00,55.00,11.00,50.00,30.20,0.05,2.00,OVC
NYC,2023-09-23 14:51,57.00,54.00,13.00,50.00,30.17,0.08,2.00,OVC
NYC,2023-09-23 15:51,58.00,55.00,11.00,50.00,30.15,0.08,3.00,OVC
NYC,2023-09-23 16:51,58.00,56.00,9.00,60.00,30.13,0.09,5.00,OVC
NYC,2023-09-23 17:51,58.00,55.00,11.00,50.00,30.11,0.02,5.00,OVC
NYC,2023-09-23 18:51,58.00,56.00,12.00,60.00,30.11,0.08,1.00,OVC
NYC,2023-09-23 19:51,58.00,56.00,11.00,40.00,30.09,0.17,1.25,OVC
NYC,2023-09-23 20:51,59.00,57.00,11.00,60.00,30.08,0.16,2.50,OVC
NYC,2023-09-23 21:51,59.00,57.00,11.00,50.00,30.07,0.10,1.75,OVC
NYC,2023-09-23 22:51,60.00,57.00,10.00,60.00,30.06,0.02,10.00,OVC
NYC,2023-09-23 23:51,60.00,57.00,12.00,50.00,30.08,T,6.00,OVC
NYC,2023-09-24 00:51,61.00,58.00,11.00,60.00,30.08,0.04,6.00,OVC
NYC,2023-09-24 01:51,61.00,58.00,10.00,50.00,30.07,0.01,8.00,OVC
NYC,2023-09-24 02:51,62.00,58.00,13.00,50.00,30.07,0.00,8.00,OVC
NYC,2023-09-24 03:51,62.00,59.00,11.00,60.00,30.05,0.00,6.00,OVC
NYC,2023-09-24 04:51,62.00,59.00,7.00,70.00,30.04,T,3.00,OVC
NYC,2023-09-24 05:51,62.00,59.00,12.00,50.00,30.04,0.02,5.00,OVC
NYC,2023-09-24 06:51,62.00,59.00,12.00,60.00,30.03,0.01,5.00,OVC
NYC,2023-09-24 07:51,62.00,59.00,12.00,70.00,30.02,0.01,7.00,OVC
NYC,2023-09-24 08:51,63.00,59.00,12.00,60.00,30.01,0.02,7.00,OVC
NYC,2023-09-24 09:51,63.00,59.00,12.00,60.00,30.02,0.01,5.00,OVC
NYC,2023-09-24 10:51,63.00,59.00,11.00,60.00,30.03,0.03,5.00,OVC
NYC,2023-09-24 11:51,64.00,60.00,11.00,60.00,30.04,0.08,2.50,OVC
NYC,2023-09-24 12:51,64.00,60.00,13.00,50.00,30.05,0.21,2.50,OVC
NYC,2023-09-24 13:51,64.00,61.00,8.00,70.00,30.05,0.03,10.00,OVC
NYC,2023-09-24 14:51,64.00,60.00,12.00,50.00,30.05,0.01,6.00,OVC
NYC,2023-09-24 15:51,65.00,61.00,10.00,70.00,30.04,0.03,1.00,OVC
NYC,2023-09-24 16:51,65.00,61.00,12.00,70.00,30.03,0.02,4.00,OVC
NYC,2023-09-24 17:51,65.00,62.00,10.00,70.00,30.02,0.21,1.00,VV 
NYC,2023-09-24 18:51,65.00,61.00,10.00,60.00,30.02,0.02,6.00,OVC
NYC,2023-09-24 19:51,65.00,61.00,11.00,60.00,29.99,0.09,3.00,OVC
NYC,2023-09-24 20:51,65.00,61.00,10.00,60.00,29.97,0.03,8.00,OVC
NYC,2023-09-24 21:51,65.00,61.00,8.00,50.00,29.97,0.06,2.50,OVC
NYC,2023-09-24 22:51,65.00,61.00,13.00,50.00,29.98,0.10,6.00,OVC
NYC,2023-09-24 23:51,65.00,61.00,10.00,70.00,29.99,0.08,6.00,OVC
NYC,2023-09-25 00:51,65.00,61.00,8.00,60.00,30.00,0.07,2.50,OVC
NYC,2023-09-25 01:51,65.00,61.00,10.00,60.00,29.99,0.06,2.50,BKN
NYC,2023-09-25 02:51,66.00,62.00,7.00,90.00,29.99,0.02,3.00,OVC
NYC,2023-09-25 03:51,65.00,61.00,6.00,60.00,29.98,0.02,3.00,OVC
NYC,2023-09-25 04:51,65.00,61.00,6.00,M,29.97,0.02,5.00,OVC
NYC,2023-09-25 05:51,65.00,61.00,7.00,60.00,29.98,0.03,1.75,OVC
NYC,2023-09-25 06:51,64.00,60.00,6.00,M,29.97,0.09,1.75,OVC
NYC,2023-09-25 07:51,64.00,60.00,6.00,M,29.97,0.07,2.00,OVC
NYC,2023-09-25 08:51,63.00,59.00,6.00,30.00,29.97,0.03,4.00,OVC
NYC,2023-09-25 09:51,63.00,59.00,5.00,50.00,29.98,0.01,3.00,OVC
NYC,2023-09-25 10:51,63.00,59.00,8.00,50.00,30.00,0.06,2.50,OVC
NYC,2023-09-25 11:51,63.00,59.00,7.00,50.00,30.01,0.05,2.00,OVC
NYC,2023-09-25 12:51,63.00,59.00,6.00,M,30.03,0.02,1.75,OVC
NYC,2023-09-25 13:51,63.00,58.00,9.00,50.00,30.04,0.08,2.00,OVC
NYC,2023-09-25 14:51,63.00,58.00,9.00,50.00,30.06,0.02,3.00,OVC
NYC,2023-09-25 15:51,62.00,57.00,8.00,50.00,30.08,0.02,3.00,OVC
NYC,2023-09-25 16:51,61.00,56.00,11.00,70.00,30.11,0.01,4.00,OVC
NYC,2023-09-25 17:51,59.00,55.00,8.00,70.00,30.11,0.02,4.00,OVC
NYC,2023-09-25 18:51,60.00,56.00,9.00,60.00,30.12,T,3.00,OVC
NYC,2023-09-25 19:51,61.00,56.00,7.00,50.00,30.13,0.02,3.00,OVC
NYC,2023-09-25 20:51,62.00,58.00,10.00,60.00,30.15,0.04,2.00,BKN
NYC,2023-09-25 21:51,62.00,57.00,13.00,60.00,30.17,0.02,10.00,BKN
NYC,2023-09-25 22:51,62.00,56.00,8.00,60.00,30.20,T,6.00,OVC
NYC,2023-09-25 23:51,61.00,55.00,8.00,50.00,30.21,T,10.00,OVC
NYC,2023-09-26 00:51,59.00,54.00,13.00,50.00,30.23,0.00,6.00,OVC
NYC,2023-09-26 01:51,59.00,54.00,10.00,50.00,30.25,0.00,10.00,OVC
NYC,2023-09-26 02:51,57.00,53.00,10.00,50.00,30.25,0.00,10.00,OVC
NYC,2023-09-26 03:51,60.00,52.00,9.00,40.00,30.25,0.00,10.00,OVC
NYC,2023-09-26 04:51,59.00,52.00,7.00,60.00,30.27,0.00,9.00,OVC
NYC,2023-09-26 05:51,58.00,55.00,7.00,50.00,30.27,0.02,6.00,BKN
NYC,2023-09-26 06:51,58.00,54.00,6.00,M,30.27,0.01,10.00,FEW
NYC,2023-09-26 07:51,59.00,53.00,8.00,50.00,30.27,0.00,10.00,SCT
NYC,2023-09-26 08:51,59.00,52.00,11.00,60.00,30.27,0.00,10.00,BKN
NYC,2023-09-26 09:51,59.00,52.00,8.00,60.00,30.29,T,10.00,OVC
NYC,2023-09-26 10:51,58.00,52.00,7.00,50.00,30.31,T,10.00,OVC
NYC,2023-09-26 11:51,57.00,54.00,5.00,30.00,30.33,T,4.00,OVC
NYC,2023-09-26 12:51,58.00,55.00,8.00,60.00,30.35,0.01,4.00,BKN
NYC,2023-09-26 13:51,58.00,55.00,7.00,50.00,30.36,0.02,2.00,OVC
NYC,2023-09-26 14:51,59.00,55.00,8.00,60.00,30.36,0.03,2.50,OVC
NYC,2023-09-26 15:51,59.00,55.00,5.00,M,30.37,0.03,1.50,OVC
NYC,2023-09-26 16:51,60.00,55.00,5.00,60.00,30.37,0.02,3.00,OVC
NYC,2023-09-26 17:51,60.00,56.00,5.00,50.00,30.37,0.02,2.50,OVC
NYC,2023-09-26 18:51,60.00,56.00,6.00,60.00,30.37,0.02,2.00,BKN
NYC,2023-09-26 19:51,60.00,56.00,3.00,M,30.36,0.01,2.50,OVC
NYC,2023-09-26 20:51,60.00,56.00,3.00,70.00,30.36,0.01,2.50,OVC
NYC,2023-09-26 21:51,60.00,56.00,5.00,80.00,30.36,T,4.00,OVC
NYC,2023-09-26 22:51,58.00,55.00,0.00,0.00,30.36,0.00,9.00,OVC
NYC,2023-09-26 23:51,58.00,53.00,4.00,M,30.38,0.00,10.00,SCT
NYC,2023-09-27 00:51,57.00,51.00,4.00,M,30.38,0.00,10.00,BKN
NYC,2023-09-27 01:51,57.00,51.00,5.00,M,30.38,0.00,10.00,OVC
NYC,2023-09-27 02:51,56.00,50.00,4.00,M,30.38,0.00,10.00,CLR
NYC,2023-09-27 03:51,56.00,49.00,7.00,50.00,30.38,0.00,10.00,BKN
NYC,2023-09-27 04:51,54.00,48.00,6.00,M,30.38,0.00,10.00,SCT
NYC,2023-09-27 05:51,53.00,46.00,8.00,50.00,30.39,0.00,10.00,CLR
NYC,2023-09-27 06:51,53.00,43.00,6.00,50.00,30.37,0.00,10.00,OVC
NYC,2023-09-27 07:51,53.00,43.00,6.00,40.00,30.37,0.00,10.00,OVC
NYC,2023-09-27 08:51,53.00,41.00,3.00,M,30.35,0.00,10.00,BKN
NYC,2023-09-27 09:51,51.00,41.00,3.00,M,30.35,0.00,10.00,CLR
NYC,2023-09-27 10:51,51.00,41.00,5.00,M,30.36,0.00,10.00,CLR
NYC,2023-09-27 11:51,52.00,43.00,5.00,30.00,30.38,0.00,10.00,CLR
NYC,2023-09-27 12:51,56.00,45.00,6.00,50.00,30.38,0.00,10.00,CLR
NYC,2023-09-27 13:51,59.00,47.00,13.00,60.00,30.37,0.00,10.00,CLR
NYC,2023-09-27 14:51,60.00,47.00,12.00,50.00,30.38,0.00,10.00,FEW
NYC,2023-09-27 15:51,61.00,46.00,7.00,90.00,30.38,0.00,10.00,FEW
NYC,2023-09-27 16:51,63.00,49.00,9.00,60.00,30.37,0.00,10.00,BKN
NYC,2023-09-27 17:51,63.00,48.00,7.00,50.00,30.35,0.00,10.00,CLR
NYC,2023-09-27 18:51,63.00,47.00,9.00,60.00,30.33,0.00,10.00,CLR
NYC,2023-09-27 19:51,63.00,46.00,5.00,60.00,30.32,0.00,10.00,FEW
NYC,2023-09-27 20:51,62.00,48.00,5.00,M,30.31,0.00,10.00,OVC
NYC,2023-09-27 21:51,63.00,47.00,6.00,110.00,30.31,0.00,10.00,OVC
NYC,2023-09-27 22:51,61.00,48.00,4.00,60.00,30.31,0.00,10.00,OVC
NYC,2023-09-27 23:51,60.00,48.00,4.00,M,30.31,0.00,10.00,OVC
NYC,2023-09-28 00:51,60.00,49.00,4.00,110.00,30.31,0.00,10.00,OVC
NYC,2023-09-28 01:51,60.00,51.00,4.00,M,30.32,0.00,10.00,OVC
NYC,2023-09-28 02:51,59.00,51.00,3.00,M,30.31,0.00,10.00,OVC
NYC,2023-09-28 03:51,59.00,52.00,4.00,M,30.31,0.00,10.00,SCT
NYC,2023-09-28 04:51,59.00,51.00,5.00,M,30.31,0.00,10.00,OVC
NYC,2023-09-28 05:51,58.00,51.00,5.00,M,30.32,0.00,10.00,SCT
NYC,2023-09-28 06:51,56.00,51.00,7.00,60.00,30.30,0.00,10.00,SCT
NYC,2023-09-28 07:51,56.00,51.00,5.00,50.00,30.29,0.00,10.00,SCT
NYC,2023-09-28 08:51,57.00,51.00,5.00,M,30.29,0.00,10.00,OVC
NYC,2023-09-28 09:51,57.00,51.00,6.00,M,30.29,0.00,10.00,OVC
NYC,2023-09-28 10:51,57.00,51.00,6.00,60.00,30.30,0.00,10.00,OVC
NYC,2023-09-28 11:51,57.00,51.00,6.00,M,30.31,0.00,10.00,OVC
NYC,2023-09-28 12:51,58.00,52.00,4.00,50.00,30.31,0.00,10.00,OVC
NYC,2023-09-28 13:51,58.00,52.00,9.00,60.00,30.32,0.00,10.00,OVC
NYC,2023-09-28 14:51,59.00,53.00,6.00,M,30.32,0.00,10.00,OVC
NYC,2023-09-28 15:51,60.00,53.00,8.00,50.00,30.31,0.00,10.00,BKN
NYC,2023-09-28 16:51,61.00,53.00,8.00,60.00,30.30,0.00,10.00,OVC
NYC,2023-09-28 17:51,61.00,55.00,8.00,40.00,30.29,T,9.00,OVC
NYC,2023-09-28 18:51,63.00,55.00,8.00,60.00,30.28,0.00,10.00,OVC
NYC,2023-09-28 19:51,64.00,55.00,6.00,M,30.26,0.00,10.00,OVC
NYC,2023-09-28 20:51,64.00,54.00,10.00,50.00,30.26,0.00,9.00,OVC
NYC,2023-09-28 21:51,58.00,55.00,4.00,M,30.26,0.05,3.00,BKN
NYC,2023-09-28 22:51,57.00,54.00,0.00,0.00,30.25,0.01,5.00,OVC
NYC,2023-09-28 23:51,58.00,55.00,4.00,110.00,30.26,0.00,5.00,OVC
NYC,2023-09-29 00:51,58.00,56.00,0.00,0.00,30.27,0.00,6.00,OVC
NYC,2023-09-29 01:51,59.00,57.00,3.00,M,30.26,0.01,4.00,BKN
NYC,2023-09-29 02:51,60.00,58.00,4.00,M,30.26,0.05,3.00,FEW
NYC,2023-09-29 03:51,60.00,58.00,7.00,60.00,30.25,0.09,2.00,FEW
NYC,2023-09-29 04:51,62.00,58.00,5.00,110.00,30.25,0.16,3.00,SCT
NYC,2023-09-29 05:51,62.00,58.00,7.00,60.00,30.23,0.13,2.50,BKN
NYC,2023-09-29 06:51,63.00,59.00,8.00,50.00,30.21,0.05,4.00,OVC
NYC,2023-09-29 07:51,62.00,57.00,7.00,60.00,30.19,0.27,1.00,VV 
NYC,2023-09-29 08:51,61.00,57.00,7.00,60.00,30.18,0.10,2.00,OVC
NYC,2023-09-29 09:51,62.00,58.00,7.00,50.00,30.19,0.11,5.00,OVC
NYC,2023-09-29 10:51,62.00,58.00,7.00,40.00,30.19,0.16,4.00,OVC
NYC,2023-09-29 11:51,62.00,58.00,3.00,M,30.20,0.20,1.75,OVC
NYC,2023-09-29 12:51,62.00,57.00,6.00,10.00,30.21,0.85,0.50,VV 
NYC,2023-09-29 13:51,61.00,57.00,4.00,M,30.22,1.96,0.75,VV 
NYC,2023-09-29 14:51,62.00,57.00,11.00,70.00,30.20,1.02,0.25,FEW
NYC,2023-09-29 15:51,62.00,58.00,8.00,50.00,30.19,0.15,3.00,FEW
NYC,2023-09-29 16:51,62.00,58.00,11.00,50.00,30.19,0.06,1.25,BKN
NYC,2023-09-29 17:51,61.00,57.00,8.00,60.00,30.16,0.34,2.00,OVC
NYC,2023-09-29 18:51,61.00,56.00,11.00,40.00,30.13,0.06,8.00,OVC
NYC,2023-09-29 19:51,62.00,57.00,8.00,50.00,30.14,0.02,10.00,OVC
NYC,2023-09-29 20:51,62.00,57.00,5.00,M,30.14,T,10.00,OVC
NYC,2023-09-29 21:51,63.00,58.00,9.00,50.00,30.14,T,9.00,OVC
NYC,2023-09-29 22:51,62.00,58.00,5.00,M,30.14,0.01,4.00,OVC
NYC,2023-09-29 23:51,62.00,57.00,3.00,M,30.16,T,10.00,OVC
NYC,2023-10-01 00:51,63.00,58.00,0.00,0.00,30.21,0.00,10.00,SCT
NYC,2023-10-01 01:51,63.00,58.00,4.00,290.00,30.20,0.00,10.00,OVC
NYC,2023-10-01 02:51,63.00,57.00,3.00,M,30.20,0.00,10.00,SCT
NYC,2023-10-01 03:51,61.00,58.00,0.00,0.00,30.19,0.00,10.00,CLR
NYC,2023-10-01 04:51,61.00,57.00,4.00,350.00,30.20,0.00,10.00,CLR
NYC,2023-10-01 05:51,61.00,58.00,0.00,0.00,30.20,0.00,10.00,CLR
NYC,2023-10-01 07:51,60.00,57.00,3.00,300.00,30.18,0.00,10.00,CLR
NYC,2023-10-01 08:51,60.00,57.00,3.00,M,30.18,0.00,10.00,CLR
NYC,2023-10-01 09:51,60.00,57.00,3.00,M,30.20,0.00,10.00,CLR
NYC,2023-10-01 10:51,59.00,56.00,0.00,0.00,30.22,0.00,9.00,CLR
NYC,2023-10-01 11:51,60.00,56.00,4.00,M,30.23,0.00,8.00,CLR
NYC,2023-10-01 12:51,62.00,56.00,3.00,M,30.24,0.00,9.00,CLR
NYC,2023-10-01 13:51,65.00,56.00,6.00,20.00,30.24,0.00,9.00,CLR
NYC,2023-10-01 14:51,68.00,57.00,5.00,M,30.24,0.00,9.00,CLR
NYC,2023-10-01 15:51,71.00,56.00,5.00,M,30.23,0.00,10.00,CLR
NYC,2023-10-01 16:51,74.00,56.00,7.00,40.00,30.22,0.00,10.00,CLR
NYC,2023-10-01 17:51,74.00,57.00,5.00,M,30.19,0.00,10.00,CLR
NYC,2023-10-01 18:51,74.00,58.00,4.00,M,30.18,0.00,10.00,CLR
NYC,2023-10-01 19:51,75.00,55.00,8.00,40.00,30.16,0.00,10.00,CLR
NYC,2023-10-01 20:51,76.00,56.00,7.00,30.00,30.16,0.00,10.00,CLR
NYC,2023-10-01 21:51,74.00,56.00,4.00,20.00,30.16,0.00,10.00,CLR
NYC,2023-10-01 22:51,74.00,55.00,3.00,M,30.17,0.00,10.00,CLR
NYC,2023-10-01 23:51,72.00,57.00,3.00,10.00,30.17,0.00,10.00,CLR
NYC,2023-10-02 00:51,72.00,56.00,5.00,M,30.18,0.00,10.00,CLR
NYC,2023-10-02 01:51,71.00,56.00,3.00,M,30.18,0.00,10.00,CLR
NYC,2023-10-02 02:51,67.00,57.00,0.00,0.00,30.18,0.00,10.00,CLR
NYC,2023-10-02 03:51,66.00,58.00,3.00,M,30.19,0.00,10.00,CLR
NYC,2023-10-02 04:51,65.00,58.00,3.00,300.00,30.18,0.00,10.00,CLR
NYC,2023-10-02 05:51,66.00,58.00,3.00,M,30.18,0.00,10.00,CLR
NYC,2023-10-02 06:51,64.00,58.00,3.00,300.00,30.19,0.00,10.00,SCT
NYC,2023-10-02 07:51,67.00,59.00,0.00,0.00,30.20,0.00,10.00,OVC
NYC,2023-10-02 08:51,64.00,58.00,3.00,M,30.20,0.00,10.00,CLR
NYC,2023-10-02 09:51,64.00,58.00,0.00,0.00,30.21,0.00,10.00,CLR
NYC,2023-10-02 10:51,63.00,58.00,3.00,20.00,30.22,0.00,10.00,CLR
NYC,2023-10-02 11:51,64.00,59.00,0.00,0.00,30.22,0.00,10.00,CLR
NYC,2023-10-02 12:51,67.00,59.00,0.00,0.00,30.23,0.00,10.00,CLR
NYC,2023-10-02 13:51,69.00,59.00,5.00,60.00,30.24,0.00,10.00,CLR
NYC,2023-10-02 14:51,71.00,59.00,0.00,0.00,30.23,0.00,10.00,CLR
NYC,2023-10-02 15:51,74.00,59.00,4.00,M,30.23,0.00,10.00,CLR
NYC,2023-10-02 16:51,76.00,60.00,6.00,M,30.22,0.00,10.00,FEW
NYC,2023-10-02 17:51,73.00,59.00,0.00,0.00,30.20,0.00,10.00,BKN
NYC,2023-10-02 18:51,77.00,59.00,4.00,M,30.19,0.00,10.00,FEW
NYC,2023-10-02 19:51,76.00,56.00,5.00,M,30.18,0.00,10.00,CLR
NYC,2023-10-02 20:51,76.00,53.00,6.00,20.00,30.19,0.00,10.00,CLR
NYC,2023-10-02 21:51,74.00,55.00,6.00,50.00,30.19,0.00,10.00,CLR
NYC,2023-10-02 22:51,70.00,57.00,0.00,0.00,30.20,0.00,10.00,CLR
NYC,2023-10-02 23:51,69.00,59.00,0.00,0.00,30.21,0.00,10.00,CLR
NYC,2023-10-03 00:51,67.00,59.00,0.00,0.00,30.21,0.00,9.00,CLR
NYC,2023-10-03 01:51,67.00,58.00,0.00,0.00,30.22,0.00,10.00,CLR
NYC,2023-10-03 02:51,66.00,57.00,0.00,0.00,30.22,0.00,10.00,SCT
NYC,2023-10-03 03:51,65.00,56.00,0.00,0.00,30.21,0.00,10.00,CLR
NYC,2023-10-03 04:51,64.00,55.00,0.00,0.00,30.21,0.00,10.00,CLR
NYC,2023-10-03 05:51,63.00,55.00,0.00,0.00,30.21,0.00,10.00,CLR
NYC,2023-10-03 06:51,62.00,57.00,0.00,0.00,30.21,0.00,10.00,CLR
NYC,2023-10-03 07:51,62.00,58.00,0.00,0.00,30.20,0.00,9.00,CLR
NYC,2023-10-03 08:51,62.00,57.00,0.00,0.00,30.20,0.00,10.00,CLR
NYC,2023-10-03 09:51,61.00,56.00,0.00,0.00,30.20,0.00,10.00,CLR
NYC,2023-10-03 10:51,61.00,57.00,0.00,0.00,30.21,0.00,9.00,CLR
NYC,2023-10-03 11:51,62.00,57.00,0.00,0.00,30.22,0.00,8.00,CLR
NYC,2023-10-03 12:51,65.00,57.00,3.00,M,30.22,0.00,8.00,CLR
NYC,2023-10-03 13:51,66.00,57.00,3.00,M,30.22,0.00,7.00,CLR
NYC,2023-10-03 14:51,70.00,59.00,0.00,0.00,30.22,0.00,8.00,CLR
NYC,2023-10-03 15:51,74.00,59.00,3.00,M,30.20,0.00,10.00,CLR
NYC,2023-10-03 16:51,78.00,59.00,5.00,280.00,30.19,0.00,10.00,CLR
NYC,2023-10-03 17:51,80.00,59.00,0.00,0.00,30.18,0.00,10.00,CLR
NYC,2023-10-03 18:51,80.00,59.00,3.00,70.00,30.16,0.00,10.00,CLR
NYC,2023-10-03 19:51,79.00,61.00,0.00,0.00,30.15,0.00,10.00,CLR
NYC,2023-10-03 20:51,79.00,59.00,0.00,0.00,30.14,0.00,10.00,CLR
NYC,2023-10-03 21:51,77.00,60.00,0.00,0.00,30.14,0.00,10.00,CLR
NYC,2023-10-03 22:51,75.00,59.00,0.00,0.00,30.15,0.00,10.00,CLR
NYC,2023-10-03 23:51,73.00,60.00,0.00,0.00,30.16,0.00,10.00,CLR
NYC,2023-10-04 00:51,73.00,60.00,0.00,0.00,30.17,0.00,10.00,CLR
NYC,2023-10-04 01:51,71.00,61.00,0.00,0.00,30.17,0.00,10.00,CLR
NYC,2023-10-04 02:51,70.00,62.00,0.00,0.00,30.17,0.00,9.00,CLR
NYC,2023-10-04 03:51,71.00,61.00,0.00,0.00,30.17,0.00,10.00,CLR
NYC,2023-10-04 04:51,70.00,61.00,0.00,0.00,30.16,0.00,10.00,CLR
NYC,2023-10-04 05:51,69.00,61.00,0.00,0.00,30.16,0.00,10.00,CLR
NYC,2023-10-04 06:51,68.00,61.00,0.00,0.00,30.17,0.00,10.00,CLR
NYC,2023-10-04 07:51,68.00,61.00,0.00,0.00,30.17,0.00,10.00,CLR
NYC,2023-10-04 08:51,67.00,61.00,0.00,0.00,30.18,0.00,10.00,CLR
NYC,2023-10-04 09:51,66.00,62.00,3.00,300.00,30.19,0.00,8.00,CLR
NYC,2023-10-04 10:51,66.00,61.00,0.00,0.00,30.20,0.00,7.00,CLR
NYC,2023-10-04 11:51,67.00,62.00,0.00,0.00,30.22,0.00,6.00,CLR
NYC,2023-10-04 12:51,69.00,63.00,0.00,0.00,30.24,0.00,8.00,CLR
NYC,2023-10-04 13:51,73.00,64.00,0.00,0.00,30.24,0.00,9.00,CLR
NYC,2023-10-04 14:51,76.00,64.00,0.00,0.00,30.25,0.00,9.00,CLR
NYC,2023-10-04 15:51,80.00,65.00,3.00,M,30.24,0.00,9.00,CLR
NYC,2023-10-04 16:51,81.00,65.00,4.00,260.00,30.23,0.00,9.00,CLR
NYC,2023-10-04 17:51,82.00,63.00,0.00,0.00,30.21,0.00,10.00,CLR
NYC,2023-10-04 18:51,81.00,65.00,3.00,M,30.21,0.00,10.00,CLR
NYC,2023-10-04 19:51,79.00,63.00,5.00,M,30.20,0.00,10.00,CLR
NYC,2023-10-04 20:51,77.00,59.00,3.00,M,30.20,0.00,10.00,CLR
NYC,2023-10-04 21:51,76.00,61.00,4.00,M,30.20,0.00,10.00,CLR
NYC,2023-10-04 22:51,73.00,60.00,0.00,0.00,30.21,0.00,10.00,CLR
NYC,2023-10-04 23:51,71.00,60.00,0.00,0.00,30.22,0.00,10.00,M
NYC,2023-10-05 00:51,70.00,60.00,0.00,0.00,30.23,0.00,10.00,CLR
NYC,2023-10-05 01:51,69.00,58.00,3.00,110.00,30.24,0.00,10.00,CLR
NYC,2023-10-05 02:51,68.00,60.00,3.00,130.00,30.25,0.00,10.00,CLR
NYC,2023-10-05 03:51,67.00,61.00,3.00,120.00,30.25,0.00,9.00,CLR
NYC,2023-10-05 04:51,67.00,62.00,0.00,0.00,30.25,0.00,9.00,CLR
NYC,2023-10-05 05:51,66.00,61.00,0.00,0.00,30.26,0.00,8.00,CLR
NYC,2023-10-05 06:51,65.00,59.00,0.00,0.00,30.26,0.00,10.00,CLR
NYC,2023-10-05 07:51,64.00,59.00,0.00,0.00,30.26,0.00,9.00,CLR
NYC,2023-10-05 08:51,63.00,58.00,0.00,0.00,30.25,0.00,7.00,CLR
NYC,2023-10-05 09:51,63.00,57.00,0.00,0.00,30.27,0.00,10.00,CLR
NYC,2023-10-05 10:51,63.00,56.00,0.00,0.00,30.28,0.00,10.00,CLR
NYC,2023-10-05 11:51,64.00,59.00,0.00,0.00,30.29,0.00,8.00,CLR
NYC,2023-10-05 12:51,67.00,59.00,0.00,0.00,30.29,0.00,8.00,CLR
NYC,2023-10-05 13:51,70.00,56.00,0.00,0.00,30.30,0.00,10.00,CLR
NYC,2023-10-05 14:51,71.00,56.00,0.00,0.00,30.29,0.00,10.00,CLR
NYC,2023-10-05 15:51,75.00,59.00,4.00,310.00,30.28,0.00,10.00,CLR
NYC,2023-10-05 16:51,76.00,59.00,3.00,M,30.25,0.00,10.00,CLR
NYC,2023-10-05 17:51,76.00,61.00,3.00,M,30.22,0.00,10.00,CLR
NYC,2023-10-05 18:51,75.00,61.00,5.00,M,30.21,0.00,10.00,CLR
NYC,2023-10-05 19:51,73.00,61.00,5.00,M,30.19,0.00,10.00,CLR
NYC,2023-10-05 20:51,71.00,58.00,4.00,M,30.19,0.00,10.00,CLR
NYC,2023-10-05 21:51,70.00,61.00,4.00,M,30.19,0.00,10.00,CLR
NYC,2023-10-05 22:51,68.00,61.00,0.00,0.00,30.18,0.00,10.00,CLR
NYC,2023-10-05 23:51,68.00,60.00,5.00,140.00,30.18,0.00,10.00,CLR
NYC,2023-10-06 00:51,67.00,61.00,3.00,M,30.18,0.00,10.00,CLR
NYC,2023-10-06 01:51,67.00,61.00,0.00,0.00,30.18,0.00,10.00,CLR
NYC,2023-10-06 02:51,67.00,63.00,5.00,M,30.17,0.00,8.00,FEW
NYC,2023-10-06 03:51,69.00,65.00,4.00,120.00,30.16,0.00,6.00,OVC
NYC,2023-10-06 04:51,68.00,65.00,4.00,M,30.14,0.00,4.00,OVC
NYC,2023-10-06 05:51,68.00,66.00,0.00,0.00,30.13,0.00,4.00,OVC
NYC,2023-10-06 06:51,68.00,66.00,0.00,0.00,30.12,0.00,2.00,OVC
NYC,2023-10-06 07:51,68.00,65.00,4.00,110.00,30.09,0.00,3.00,OVC
NYC,2023-10-06 08:51,68.00,65.00,4.00,M,30.08,0.00,3.00,OVC
NYC,2023-10-06 09:51,67.00,65.00,4.00,100.00,30.08,T,4.00,OVC
NYC,2023-10-06 10:51,67.00,65.00,3.00,110.00,30.08,0.12,2.50,OVC
NYC,2023-10-06 11:51,68.00,66.00,5.00,M,30.08,0.00,2.50,OVC
NYC,2023-10-06 12:51,68.00,66.00,5.00,70.00,30.08,0.00,1.50,OVC
NYC,2023-10-06 13:51,68.00,66.00,0.00,0.00,30.08,0.00,3.00,OVC
NYC,2023-10-06 14:51,68.00,66.00,3.00,60.00,30.07,T,1.75,OVC
NYC,2023-10-06 15:51,69.00,66.00,3.00,60.00,30.06,T,2.00,OVC
NYC,2023-10-06 16:51,69.00,67.00,0.00,0.00,30.04,0.01,2.00,OVC
NYC,2023-10-06 17:51,70.00,67.00,3.00,M,30.02,T,3.00,OVC
NYC,2023-10-06 18:51,70.00,68.00,0.00,0.00,30.01,0.00,4.00,OVC
NYC,2023-10-06 19:51,71.00,68.00,0.00,0.00,30.00,0.00,7.00,OVC
NYC,2023-10-06 20:51,71.00,67.00,0.00,0.00,29.99,0.00,4.00,SCT
NYC,2023-10-06 21:51,70.00,67.00,0.00,0.00,29.99,0.00,7.00,BKN
NYC,2023-10-06 22:51,70.00,66.00,0.00,0.00,29.99,0.00,8.00,OVC
NYC,2023-10-06 23:51,70.00,67.00,4.00,70.00,29.98,0.00,8.00,BKN
NYC,2023-10-07 00:51,71.00,67.00,4.00,M,29.97,0.00,9.00,OVC
NYC,2023-10-07 01:51,71.00,67.00,3.00,M,29.96,0.00,8.00,OVC
NYC,2023-10-07 02:51,71.00,67.00,0.00,0.00,29.94,0.00,8.00,OVC
NYC,2023-10-07 03:51,70.00,67.00,0.00,0.00,29.92,0.01,5.00,OVC
NYC,2023-10-07 04:51,69.00,66.00,3.00,M,29.90,T,6.00,OVC
NYC,2023-10-07 05:51,68.00,66.00,3.00,120.00,29.88,0.00,4.00,OVC
NYC,2023-10-07 06:51,69.00,67.00,3.00,M,29.85,T,2.50,OVC
NYC,2023-10-07 07:51,69.00,66.00,4.00,100.00,29.83,T,5.00,OVC
NYC,2023-10-07 08:51,68.00,65.00,6.00,60.00,29.81,0.00,8.00,OVC
NYC,2023-10-07 09:51,68.00,65.00,4.00,M,29.80,0.00,8.00,OVC
NYC,2023-10-07 10:51,67.00,64.00,7.00,90.00,29.79,0.00,6.00,OVC
NYC,2023-10-07 11:51,67.00,64.00,5.00,M,29.78,0.01,3.00,OVC
NYC,2023-10-07 12:51,67.00,65.00,4.00,M,29.77,0.02,1.75,OVC
NYC,2023-10-07 13:51,67.00,65.00,4.00,100.00,29.75,0.01,5.00,OVC
NYC,2023-10-07 14:51,68.00,65.00,0.00,0.00,29.73,0.03,1.25,BKN
NYC,2023-10-07 15:51,68.00,66.00,3.00,M,29.70,0.04,8.00,BKN
NYC,2023-10-07 16:51,68.00,66.00,0.00,0.00,29.67,0.09,2.50,SCT
NYC,2023-10-07 17:51,63.00,61.00,8.00,300.00,29.67,0.07,2.50,BKN
NYC,2023-10-07 18:51,60.00,55.00,7.00,300.00,29.68,T,10.00,BKN
NYC,2023-10-07 19:51,60.00,56.00,3.00,M,29.67,0.08,10.00,BKN
NYC,2023-10-07 20:51,61.00,51.00,10.00,300.00,29.67,0.00,10.00,OVC
NYC,2023-10-07 21:51,61.00,52.00,4.00,M,29.66,T,10.00,SCT
NYC,2023-10-07 22:51,58.00,51.00,5.00,M,29.67,T,10.00,FEW
NYC,2023-10-07 23:51,57.00,48.00,7.00,290.00,29.67,0.00,10.00,OVC
NYC,2023-10-08 00:51,57.00,47.00,11.00,280.00,29.67,0.00,10.00,OVC
NYC,2023-10-08 01:51,56.00,45.00,5.00,M,29.67,0.00,10.00,CLR
NYC,2023-10-08 02:51,54.00,46.00,8.00,280.00,29.67,0.00,10.00,CLR
NYC,2023-10-08 03:51,54.00,45.00,7.00,280.00,29.66,0.00,10.00,CLR
NYC,2023-10-08 04:51,54.00,46.00,7.00,270.00,29.65,0.00,10.00,CLR
NYC,2023-10-08 05:51,53.00,45.00,4.00,M,29.65,0.00,10.00,CLR
NYC,2023-10-08 06:51,52.00,45.00,4.00,M,29.64,0.00,10.00,CLR
NYC,2023-10-08 07:51,52.00,44.00,3.00,M,29.64,0.00,10.00,CLR
NYC,2023-10-08 08:51,51.00,43.00,9.00,230.00,29.66,0.00,10.00,CLR
NYC,2023-10-08 09:51,51.00,42.00,9.00,250.00,29.66,0.00,10.00,CLR
NYC,2023-10-08 10:51,50.00,43.00,9.00,240.00,29.67,0.00,10.00,CLR
NYC,2023-10-08 11:51,51.00,43.00,M,M,29.68,0.00,10.00,CLR
NYC,2023-10-08 12:51,52.00,44.00,9.00,230.00,29.69,0.00,10.00,CLR
NYC,2023-10-08 13:51,54.00,43.00,3.00,M,29.70,0.00,10.00,CLR
NYC,2023-10-08 14:51,57.00,44.00,6.00,M,29.69,0.00,10.00,SCT
NYC,2023-10-08 15:51,57.00,44.00,4.00,M,29.69,0.00,10.00,OVC
NYC,2023-10-08 16:51,58.00,45.00,7.00,270.00,29.69,0.00,10.00,OVC
NYC,2023-10-08 17:51,58.00,42.00,5.00,M,29.68,0.00,10.00,OVC
NYC,2023-10-08 18:51,58.00,43.00,M,M,29.68,0.00,10.00,OVC
NYC,2023-10-08 19:51,58.00,42.00,6.00,M,29.68,0.00,10.00,OVC
NYC,2023-10-08 20:51,58.00,41.00,11.00,240.00,29.68,0.00,10.00,BKN
NYC,2023-10-08 21:51,57.00,40.00,6.00,M,29.70,0.00,10.00,FEW
NYC,2023-10-08 22:51,56.00,41.00,4.00,M,29.71,0.00,10.00,BKN
NYC,2023-10-08 23:51,56.00,41.00,6.00,M,29.72,0.00,10.00,FEW
NYC,2023-10-09 00:51,56.00,40.00,7.00,250.00,29.73,0.00,10.00,CLR
NYC,2023-10-09 01:51,54.00,41.00,3.00,M,29.74,0.00,10.00,CLR
NYC,2023-10-09 02:51,54.00,41.00,4.00,260.00,29.76,0.00,10.00,CLR
NYC,2023-10-09 03:51,53.00,39.00,4.00,M,29.75,0.00,10.00,CLR
NYC,2023-10-09 04:51,53.00,39.00,3.00,M,29.76,0.00,10.00,CLR
NYC,2023-10-09 05:51,50.00,40.00,3.00,M,29.77,0.00,10.00,CLR
NYC,2023-10-09 06:51,51.00,37.00,3.00,M,29.77,0.00,10.00,CLR
NYC,2023-10-09 07:51,50.00,39.00,6.00,M,29.78,0.00,10.00,CLR
NYC,2023-10-09 08:51,50.00,38.00,3.00,M,29.78,0.00,10.00,CLR
NYC,2023-10-09 09:51,49.00,39.00,M,M,29.79,0.00,10.00,CLR
NYC,2023-10-09 10:51,49.00,39.00,4.00,M,29.80,0.00,10.00,CLR
NYC,2023-10-09 11:51,50.00,39.00,M,M,29.82,0.00,10.00,CLR
NYC,2023-10-09 12:51,51.00,39.00,4.00,M,29.83,0.00,10.00,OVC
NYC,2023-10-09 13:51,52.00,39.00,M,M,29.83,0.00,10.00,FEW
NYC,2023-10-09 14:51,54.00,40.00,4.00,M,29.82,0.00,10.00,CLR
NYC,2023-10-09 15:51,58.00,41.00,M,M,29.81,0.00,10.00,CLR
NYC,2023-10-09 16:51,59.00,40.00,6.00,200.00,29.80,0.00,10.00,CLR
NYC,2023-10-09 17:51,57.00,40.00,4.00,M,29.78,0.00,10.00,BKN
NYC,2023-10-09 18:51,59.00,39.00,0.00,0.00,29.78,0.00,10.00,SCT
NYC,2023-10-09 19:51,57.00,39.00,8.00,240.00,29.78,0.00,10.00,BKN
NYC,2023-10-09 20:51,58.00,39.00,5.00,M,29.78,0.00,10.00,OVC
NYC,2023-10-09 21:51,58.00,37.00,3.00,M,29.79,0.00,10.00,FEW
NYC,2023-10-09 22:51,56.00,38.00,6.00,M,29.81,0.00,10.00,CLR
NYC,2023-10-09 23:51,56.00,38.00,0.00,0.00,29.83,0.00,10.00,OVC
NYC,2023-10-10 00:51,57.00,38.00,0.00,0.00,29.83,0.00,10.00,OVC
NYC,2023-10-10 01:51,55.00,38.00,5.00,220.00,29.85,0.00,10.00,CLR
NYC,2023-10-10 02:51,56.00,39.00,0.00,0.00,29.84,0.00,10.00,BKN
NYC,2023-10-10 03:51,56.00,41.00,4.00,M,29.84,0.00,10.00,OVC
NYC,2023-10-10 04:51,56.00,45.00,4.00,M,29.83,0.00,10.00,FEW
NYC,2023-10-10 05:51,53.00,49.00,6.00,240.00,29.83,0.02,10.00,FEW
NYC,2023-10-10 06:51,54.00,48.00,3.00,240.00,29.82,T,10.00,SCT
NYC,2023-10-10 07:51,54.00,47.00,3.00,M,29.81,0.00,10.00,SCT
NYC,2023-10-10 08:51,53.00,45.00,0.00,0.00,29.82,0.00,10.00,FEW
NYC,2023-10-10 09:51,53.00,47.00,0.00,0.00,29.84,0.00,10.00,CLR
NYC,2023-10-10 10:51,54.00,46.00,3.00,260.00,29.84,0.00,10.00,CLR
NYC,2023-10-10 11:51,54.00,48.00,0.00,0.00,29.84,0.00,10.00,BKN
NYC,2023-10-10 12:51,55.00,47.00,8.00,240.00,29.87,0.00,10.00,BKN
NYC,2023-10-10 13:51,57.00,48.00,4.00,M,29.87,0.00,10.00,OVC
NYC,2023-10-10 14:51,58.00,48.00,M,M,29.87,0.00,10.00,FEW
NYC,2023-10-10 15:51,61.00,47.00,3.00,M,29.86,0.00,10.00,FEW
NYC,2023-10-10 16:51,61.00,46.00,10.00,230.00,29.85,0.00,10.00,OVC
NYC,2023-10-10 17:51,62.00,44.00,4.00,M,29.82,0.00,10.00,CLR
NYC,2023-10-10 18:51,62.00,47.00,6.00,M,29.81,0.00,10.00,FEW
NYC,2023-10-10 19:51,60.00,47.00,M,M,29.81,0.00,10.00,SCT
NYC,2023-10-10 20:51,61.00,47.00,0.00,0.00,29.82,0.00,10.00,BKN
NYC,2023-10-10 21:51,60.00,45.00,M,M,29.82,0.00,10.00,BKN
NYC,2023-10-10 22:51,61.00,43.00,6.00,250.00,29.84,0.00,10.00,BKN
NYC,2023-10-10 23:51,59.00,43.00,0.00,0.00,29.85,0.00,10.00,CLR
NYC,2023-10-11 00:51,58.00,42.00,0.00,0.00,29.85,0.00,10.00,FEW
NYC,2023-10-11 01:51,58.00,43.00,4.00,240.00,29.87,0.00,10.00,CLR
NYC,2023-10-11 02:51,57.00,43.00,0.00,0.00,29.87,0.00,10.00,CLR
NYC,2023-10-11 03:51,59.00,43.00,0.00,0.00,29.87,0.00,10.00,OVC
NYC,2023-10-11 04:51,59.00,48.00,0.00,0.00,29.87,0.00,10.00,OVC
NYC,2023-10-11 05:51,58.00,49.00,0.00,0.00,29.86,0.00,10.00,OVC
NYC,2023-10-11 06:51,58.00,49.00,0.00,0.00,29.86,0.00,10.00,SCT
NYC,2023-10-11 07:51,57.00,48.00,0.00,0.00,29.85,0.00,10.00,OVC
NYC,2023-10-11 08:51,56.00,50.00,0.00,0.00,29.86,0.00,10.00,BKN
NYC,2023-10-11 09:51,55.00,50.00,0.00,0.00,29.87,0.00,10.00,FEW
NYC,2023-10-11 10:51,56.00,50.00,0.00,0.00,29.88,0.00,10.00,CLR
NYC,2023-10-11 11:51,57.00,51.00,0.00,0.00,29.89,0.00,10.00,OVC
NYC,2023-10-11 12:51,58.00,48.00,0.00,0.00,29.91,0.00,10.00,BKN
NYC,2023-10-11 13:51,61.00,47.00,4.00,290.00,29.92,0.00,10.00,CLR
NYC,2023-10-11 14:51,62.00,48.00,6.00,230.00,29.91,0.00,10.00,CLR
NYC,2023-10-11 15:51,65.00,45.00,7.00,240.00,29.91,0.00,10.00,CLR
NYC,2023-10-11 16:51,69.00,42.00,0.00,0.00,29.89,0.00,10.00,BKN
NYC,2023-10-11 17:51,68.00,41.00,6.00,M,29.87,0.00,10.00,CLR
NYC,2023-10-11 18:51,68.00,43.00,3.00,M,29.86,0.00,10.00,CLR
NYC,2023-10-11 19:51,67.00,39.00,6.00,M,29.85,0.00,10.00,CLR
NYC,2023-10-11 20:51,66.00,41.00,M,M,29.85,0.00,10.00,CLR
NYC,2023-10-11 21:51,65.00,40.00,6.00,240.00,29.86,0.00,10.00,CLR
NYC,2023-10-11 22:51,63.00,43.00,0.00,0.00,29.87,0.00,10.00,CLR
NYC,2023-10-11 23:51,62.00,46.00,0.00,0.00,29.87,0.00,10.00,CLR
NYC,2023-10-12 00:51,61.00,50.00,0.00,0.00,29.88,0.00,10.00,CLR
NYC,2023-10-12 01:51,60.00,53.00,0.00,0.00,29.90,0.00,10.00,CLR
NYC,2023-10-12 02:51,60.00,55.00,0.00,0.00,29.91,0.00,8.00,CLR
NYC,2023-10-12 03:51,60.00,56.00,0.00,0.00,29.91,0.00,9.00,CLR
NYC,2023-10-12 04:51,59.00,54.00,0.00,0.00,29.91,0.00,10.00,CLR
NYC,2023-10-12 05:51,58.00,54.00,0.00,0.00,29.91,0.00,9.00,CLR
NYC,2023-10-12 06:51,57.00,49.00,3.00,300.00,29.91,0.00,10.00,CLR
NYC,2023-10-12 07:51,55.00,50.00,0.00,0.00,29.91,0.00,10.00,CLR
NYC,2023-10-12 08:51,54.00,50.00,0.00,0.00,29.91,0.00,10.00,CLR
NYC,2023-10-12 09:51,54.00,50.00,0.00,0.00,29.92,0.00,10.00,CLR
NYC,2023-10-12 10:51,54.00,50.00,0.00,0.00,29.93,0.00,10.00,CLR
NYC,2023-10-12 11:51,54.00,51.00,0.00,0.00,29.94,0.00,10.00,CLR
NYC,2023-10-12 12:51,58.00,52.00,0.00,0.00,29.94,0.00,6.00,CLR
NYC,2023-10-12 13:51,60.00,52.00,3.00,M,29.94,0.00,10.00,CLR
NYC,2023-10-12 14:51,63.00,52.00,0.00,0.00,29.95,0.00,8.00,CLR
NYC,2023-10-12 15:51,66.00,48.00,3.00,M,29.93,0.00,10.00,CLR
NYC,2023-10-12 16:51,67.00,45.00,4.00,280.00,29.92,0.00,10.00,OVC
NYC,2023-10-12 17:51,68.00,43.00,4.00,M,29.89,0.00,10.00,BKN
NYC,2023-10-12 18:51,68.00,42.00,4.00,310.00,29.89,0.00,10.00,CLR
NYC,2023-10-12 19:51,68.00,43.00,3.00,M,29.88,0.00,10.00,CLR
NYC,2023-10-12 20:51,68.00,37.00,5.00,300.00,29.87,0.00,10.00,CLR
NYC,2023-10-12 21:51,67.00,37.00,0.00,0.00,29.87,0.00,10.00,CLR
NYC,2023-10-12 22:51,64.00,38.00,0.00,0.00,29.88,0.00,10.00,CLR
NYC,2023-10-12 23:51,63.00,42.00,0.00,0.00,29.89,0.00,10.00,CLR
NYC,2023-10-13 00:51,63.00,46.00,0.00,0.00,29.89,0.00,10.00,CLR
NYC,2023-10-13 01:51,63.00,43.00,0.00,0.00,29.90,0.00,10.00,CLR
NYC,2023-10-13 02:51,62.00,44.00,6.00,300.00,29.91,0.00,10.00,CLR
NYC,2023-10-13 03:51,59.00,46.00,0.00,0.00,29.91,0.00,10.00,CLR
NYC,2023-10-13 04:51,57.00,47.00,0.00,0.00,29.92,0.00,10.00,CLR
NYC,2023-10-13 05:51,57.00,47.00,5.00,M,29.93,0.00,10.00,CLR
NYC,2023-10-13 06:51,55.00,46.00,3.00,M,29.93,0.00,10.00,CLR
NYC,2023-10-13 07:51,55.00,45.00,6.00,30.00,29.95,0.00,10.00,CLR
NYC,2023-10-13 08:51,55.00,44.00,3.00,M,29.96,0.00,10.00,SCT
NYC,2023-10-13 09:51,53.00,44.00,4.00,300.00,29.98,0.00,10.00,CLR
NYC,2023-10-13 10:51,51.00,42.00,3.00,M,29.99,0.00,10.00,CLR
NYC,2023-10-13 11:51,52.00,41.00,4.00,M,30.00,0.00,10.00,CLR
NYC,2023-10-13 12:51,52.00,41.00,0.00,0.00,30.02,0.00,10.00,CLR
NYC,2023-10-13 13:51,54.00,41.00,4.00,M,30.03,0.00,10.00,CLR
NYC,2023-10-13 14:51,56.00,42.00,3.00,M,30.03,0.00,10.00,CLR
NYC,2023-10-13 15:51,58.00,40.00,7.00,30.00,30.02,0.00,10.00,CLR
NYC,2023-10-13 16:51,60.00,40.00,6.00,M,30.01,0.00,10.00,CLR
NYC,2023-10-13 17:51,62.00,39.00,3.00,M,29.99,0.00,10.00,CLR
NYC,2023-10-13 18:51,62.00,37.00,6.00,M,29.98,0.00,10.00,CLR
NYC,2023-10-13 19:51,61.00,38.00,0.00,0.00,29.98,0.00,10.00,CLR
NYC,2023-10-13 20:51,61.00,38.00,4.00,M,29.96,0.00,10.00,CLR
NYC,2023-10-13 21:51,61.00,37.00,4.00,M,29.97,0.00,10.00,CLR
NYC,2023-10-13 22:51,60.00,37.00,3.00,M,29.98,0.00,10.00,CLR
NYC,2023-10-13 23:51,59.00,40.00,3.00,300.00,29.98,0.00,10.00,CLR
NYC,2023-10-14 00:51,58.00,40.00,0.00,0.00,29.99,0.00,10.00,CLR
NYC,2023-10-14 01:51,58.00,41.00,5.00,M,30.01,0.00,10.00,CLR
NYC,2023-10-14 02:51,56.00,40.00,4.00,290.00,30.00,0.00,10.00,CLR
NYC,2023-10-14 03:51,56.00,41.00,0.00,0.00,29.99,0.00,10.00,CLR
NYC,2023-10-14 04:51,54.00,42.00,0.00,0.00,29.98,0.00,10.00,BKN
NYC,2023-10-14 05:51,55.00,45.00,0.00,0.00,29.96,0.00,10.00,OVC
NYC,2023-10-14 06:51,56.00,42.00,0.00,0.00,29.95,0.00,10.00,OVC
NYC,2023-10-14 07:51,55.00,42.00,3.00,300.00,29.94,0.00,10.00,OVC
NYC,2023-10-14 08:51,55.00,41.00,0.00,0.00,29.92,0.00,10.00,CLR
NYC,2023-10-14 09:51,55.00,42.00,3.00,300.00,29.93,0.00,10.00,OVC
NYC,2023-10-14 10:51,55.00,43.00,4.00,30.00,29.92,0.00,10.00,FEW
NYC,2023-10-14 11:51,54.00,46.00,0.00,0.00,29.93,T,10.00,OVC
NYC,2023-10-14 12:51,54.00,45.00,5.00,50.00,29.90,T,10.00,OVC
NYC,2023-10-14 13:51,54.00,45.00,3.00,M,29.90,T,10.00,OVC
NYC,2023-10-14 14:51,52.00,49.00,0.00,0.00,29.88,0.05,4.00,BKN
NYC,2023-10-14 15:51,51.00,49.00,4.00,20.00,29.87,0.06,5.00,BKN
NYC,2023-10-14 16:51,51.00,49.00,3.00,M,29.84,0.10,2.00,SCT
NYC,2023-10-14 17:51,50.00,48.00,0.00,0.00,29.82,0.14,2.50,FEW
NYC,2023-10-14 18:51,50.00,48.00,4.00,50.00,29.79,0.18,2.00,BKN
NYC,2023-10-14 19:51,51.00,49.00,3.00,M,29.75,0.14,3.00,FEW
NYC,2023-10-14 20:51,51.00,48.00,5.00,60.00,29.74,0.03,5.00,FEW
NYC,2023-10-14 21:51,50.00,48.00,5.00,M,29.71,0.07,10.00,BKN
NYC,2023-10-14 22:51,50.00,47.00,7.00,50.00,29.69,0.02,5.00,FEW
NYC,2023-10-14 23:51,50.00,47.00,7.00,50.00,29.68,0.01,4.00,BKN
NYC,2023-10-15 00:51,49.00,47.00,7.00,50.00,29.66,T,10.00,OVC
NYC,2023-10-15 01:51,50.00,48.00,7.00,40.00,29.65,0.00,10.00,OVC
NYC,2023-10-15 02:51,50.00,47.00,5.00,M,29.62,T,10.00,FEW
NYC,2023-10-15 03:51,50.00,45.00,6.00,M,29.58,0.00,10.00,OVC
NYC,2023-10-15 04:51,51.00,46.00,5.00,M,29.56,T,9.00,OVC
NYC,2023-10-15 05:51,51.00,47.00,5.00,M,29.53,0.02,10.00,FEW
NYC,2023-10-15 06:51,51.00,47.00,6.00,M,29.51,T,10.00,FEW
NYC,2023-10-15 07:51,51.00,45.00,3.00,M,29.51,0.00,10.00,OVC
NYC,2023-10-15 08:51,51.00,45.00,4.00,M,29.51,0.00,10.00,OVC
NYC,2023-10-15 09:51,52.00,44.00,3.00,M,29.52,0.00,10.00,BKN
NYC,2023-10-15 10:51,51.00,45.00,6.00,M,29.52,0.00,10.00,BKN
NYC,2023-10-15 11:51,52.00,44.00,3.00,M,29.53,0.00,10.00,BKN
NYC,2023-10-15 12:51,53.00,45.00,6.00,M,29.54,0.00,10.00,CLR
NYC,2023-10-15 13:51,54.00,43.00,8.00,360.00,29.56,0.00,10.00,FEW
NYC,2023-10-15 14:51,55.00,44.00,M,M,29.56,0.00,10.00,FEW
NYC,2023-10-15 15:51,57.00,42.00,5.00,M,29.56,0.00,10.00,FEW
NYC,2023-10-15 16:51,57.00,41.00,5.00,M,29.55,0.00,10.00,OVC
NYC,2023-10-15 17:51,58.00,41.00,5.00,M,29.54,0.00,10.00,BKN
NYC,2023-10-15 18:51,59.00,37.00,8.00,300.00,29.54,0.00,10.00,OVC
NYC,2023-10-15 19:51,59.00,38.00,8.00,300.00,29.54,0.00,10.00,OVC
NYC,2023-10-15 20:51,58.00,38.00,8.00,300.00,29.54,0.00,10.00,BKN
NYC,2023-10-15 21:51,56.00,40.00,6.00,290.00,29.56,0.00,10.00,SCT
NYC,2023-10-15 22:51,57.00,39.00,5.00,M,29.58,0.00,10.00,BKN
NYC,2023-10-15 23:51,56.00,41.00,5.00,M,29.61,0.00,10.00,OVC
NYC,2023-10-16 00:51,54.00,41.00,3.00,M,29.62,0.00,10.00,CLR
NYC,2023-10-16 01:51,53.00,41.00,6.00,280.00,29.63,0.00,10.00,CLR
NYC,2023-10-16 02:51,51.00,41.00,0.00,0.00,29.63,0.00,10.00,CLR
NYC,2023-10-16 03:51,51.00,41.00,3.00,M,29.62,0.00,10.00,CLR
NYC,2023-10-16 04:51,50.00,41.00,5.00,280.00,29.62,0.00,10.00,CLR
NYC,2023-10-16 05:51,50.00,41.00,4.00,M,29.62,0.00,10.00,CLR
NYC,2023-10-16 06:51,49.00,42.00,5.00,M,29.62,0.00,10.00,CLR
NYC,2023-10-16 07:51,48.00,42.00,4.00,M,29.62,0.00,10.00,CLR
NYC,2023-10-16 08:51,49.00,41.00,5.00,280.00,29.62,0.00,10.00,CLR
NYC,2023-10-16 09:51,49.00,41.00,5.00,280.00,29.62,0.00,10.00,CLR
NYC,2023-10-16 10:51,48.00,42.00,4.00,M,29.62,0.00,10.00,CLR
NYC,2023-10-16 11:51,49.00,42.00,4.00,270.00,29.63,0.00,10.00,CLR
NYC,2023-10-16 12:51,51.00,43.00,4.00,M,29.64,0.00,10.00,SCT
NYC,2023-10-16 13:51,52.00,44.00,4.00,M,29.65,0.00,10.00,BKN
NYC,2023-10-16 14:51,56.00,44.00,4.00,M,29.65,0.00,10.00,BKN
NYC,2023-10-16 15:51,59.00,46.00,4.00,M,29.65,0.00,10.00,BKN
NYC,2023-10-16 16:51,62.00,44.00,6.00,60.00,29.65,0.00,10.00,SCT
NYC,2023-10-16 17:51,63.00,45.00,5.00,M,29.64,0.00,10.00,BKN
NYC,2023-10-16 18:51,61.00,43.00,0.00,0.00,29.63,0.00,10.00,FEW
NYC,2023-10-16 19:51,60.00,44.00,5.00,M,29.64,0.00,10.00,FEW
NYC,2023-10-16 20:51,59.00,47.00,5.00,M,29.66,T,10.00,FEW
NYC,2023-10-16 21:51,57.00,46.00,0.00,0.00,29.67,T,10.00,FEW
NYC,2023-10-16 22:51,57.00,47.00,0.00,0.00,29.69,0.00,10.00,FEW
NYC,2023-10-16 23:51,57.00,47.00,0.00,0.00,29.71,0.00,10.00,BKN
NYC,2023-10-17 00:51,56.00,48.00,3.00,290.00,29.73,0.00,10.00,SCT
NYC,2023-10-17 01:51,56.00,47.00,3.00,350.00,29.75,0.00,10.00,FEW
NYC,2023-10-17 02:51,55.00,47.00,4.00,320.00,29.76,0.00,10.00,CLR
NYC,2023-10-17 03:51,54.00,47.00,5.00,M,29.77,0.00,10.00,CLR
NYC,2023-10-17 04:51,54.00,46.00,3.00,360.00,29.79,0.00,10.00,CLR
NYC,2023-10-17 05:51,52.00,46.00,0.00,0.00,29.80,0.00,10.00,CLR
NYC,2023-10-17 06:51,53.00,45.00,3.00,M,29.81,0.00,10.00,CLR
NYC,2023-10-17 07:51,52.00,45.00,4.00,M,29.82,0.00,10.00,SCT
NYC,2023-10-17 08:51,51.00,45.00,3.00,M,29.83,0.00,10.00,CLR
NYC,2023-10-17 09:51,51.00,45.00,4.00,M,29.85,0.00,10.00,CLR
NYC,2023-10-17 10:51,53.00,46.00,3.00,M,29.86,0.00,10.00,CLR
NYC,2023-10-17 11:51,52.00,46.00,3.00,M,29.89,0.00,10.00,CLR
NYC,2023-10-17 12:51,55.00,47.00,6.00,M,29.92,0.00,10.00,OVC
NYC,2023-10-17 13:51,57.00,46.00,7.00,40.00,29.94,0.00,10.00,OVC
NYC,2023-10-17 14:51,57.00,45.00,4.00,M,29.95,0.00,10.00,CLR
NYC,2023-10-17 15:51,58.00,46.00,5.00,M,29.96,0.00,10.00,SCT
NYC,2023-10-17 16:51,59.00,46.00,0.00,0.00,29.95,0.00,10.00,BKN
NYC,2023-10-17 17:51,60.00,45.00,4.00,M,29.95,0.00,10.00,FEW
NYC,2023-10-17 18:51,61.00,44.00,3.00,M,29.96,0.00,10.00,BKN
NYC,2023-10-17 19:51,61.00,43.00,5.00,50.00,29.96,0.00,10.00,FEW
NYC,2023-10-17 20:51,60.00,44.00,4.00,M,29.98,0.00,10.00,SCT
NYC,2023-10-17 21:51,59.00,43.00,0.00,0.00,29.99,0.00,10.00,CLR
NYC,2023-10-17 22:51,58.00,44.00,0.00,0.00,30.01,0.00,10.00,FEW
NYC,2023-10-17 23:51,58.00,44.00,0.00,0.00,30.03,0.00,10.00,BKN
NYC,2023-10-18 00:51,56.00,45.00,0.00,0.00,30.05,0.00,10.00,CLR
NYC,2023-10-18 01:51,56.00,44.00,0.00,0.00,30.06,0.00,10.00,CLR
NYC,2023-10-18 02:51,56.00,44.00,0.00,0.00,30.07,0.00,10.00,FEW
NYC,2023-10-18 03:51,54.00,45.00,3.00,300.00,30.09,0.00,10.00,CLR
NYC,2023-10-18 04:51,53.00,47.00,0.00,0.00,30.10,0.00,10.00,CLR
NYC,2023-10-18 05:51,53.00,46.00,0.00,0.00,30.11,0.00,10.00,CLR
NYC,2023-10-18 06:51,53.00,47.00,0.00,0.00,30.11,0.00,10.00,OVC
NYC,2023-10-18 07:51,54.00,48.00,0.00,0.00,30.11,0.00,10.00,OVC
NYC,2023-10-18 08:51,54.00,48.00,0.00,0.00,30.13,0.00,10.00,OVC
NYC,2023-10-18 09:51,54.00,49.00,3.00,30.00,30.13,0.00,10.00,OVC
NYC,2023-10-18 10:51,55.00,49.00,0.00,0.00,30.14,0.00,10.00,OVC
NYC,2023-10-18 11:51,55.00,49.00,0.00,0.00,30.16,0.00,10.00,OVC
NYC,2023-10-18 12:51,58.00,51.00,0.00,0.00,30.17,0.00,10.00,OVC
NYC,2023-10-18 13:51,60.00,50.00,3.00,M,30.18,0.00,10.00,OVC
NYC,2023-10-18 14:51,61.00,50.00,4.00,60.00,30.19,0.00,10.00,FEW
NYC,2023-10-18 15:51,62.00,49.00,0.00,0.00,30.18,0.00,10.00,FEW
NYC,2023-10-18 16:51,61.00,49.00,0.00,0.00,30.17,0.00,10.00,OVC
NYC,2023-10-18 17:51,60.00,51.00,0.00,0.00,30.16,0.00,10.00,FEW
NYC,2023-10-18 18:51,60.00,51.00,4.00,60.00,30.15,0.00,10.00,OVC
NYC,2023-10-18 19:51,60.00,51.00,3.00,M,30.15,0.00,10.00,OVC
NYC,2023-10-18 20:51,60.00,50.00,3.00,M,30.15,0.00,10.00,OVC
NYC,2023-10-18 21:51,59.00,46.00,0.00,0.00,30.15,0.00,10.00,OVC
NYC,2023-10-18 22:51,59.00,48.00,3.00,M,30.16,0.00,10.00,OVC
NYC,2023-10-18 23:51,59.00,47.00,3.00,M,30.17,0.00,10.00,OVC
NYC,2023-10-19 00:51,59.00,47.00,3.00,M,30.17,0.00,10.00,OVC
NYC,2023-10-19 01:51,58.00,48.00,3.00,M,30.18,0.00,10.00,OVC
NYC,2023-10-19 02:51,57.00,50.00,4.00,M,30.18,0.00,10.00,SCT
NYC,2023-10-19 03:51,58.00,50.00,0.00,0.00,30.17,0.00,10.00,SCT
NYC,2023-10-19 04:51,57.00,49.00,3.00,M,30.18,0.00,10.00,CLR
NYC,2023-10-19 05:51,56.00,50.00,0.00,0.00,30.18,0.00,10.00,CLR
NYC,2023-10-19 06:51,55.00,49.00,3.00,M,30.18,0.00,10.00,CLR
NYC,2023-10-19 07:51,55.00,46.00,3.00,M,30.17,0.00,10.00,CLR
NYC,2023-10-19 08:51,53.00,47.00,0.00,0.00,30.17,0.00,10.00,CLR
NYC,2023-10-19 09:51,52.00,48.00,0.00,0.00,30.18,0.00,10.00,CLR
NYC,2023-10-19 10:51,52.00,48.00,0.00,0.00,30.19,0.00,10.00,CLR
NYC,2023-10-19 11:51,53.00,49.00,0.00,0.00,30.19,0.00,10.00,CLR
NYC,2023-10-19 12:51,55.00,50.00,0.00,0.00,30.20,0.00,10.00,CLR
NYC,2023-10-19 13:51,58.00,46.00,M,M,30.20,0.00,10.00,CLR
NYC,2023-10-19 14:51,59.00,45.00,5.00,260.00,30.19,0.00,10.00,CLR
NYC,2023-10-19 15:51,61.00,43.00,5.00,M,30.18,0.00,10.00,CLR
NYC,2023-10-19 16:51,62.00,43.00,0.00,0.00,30.15,0.00,10.00,CLR
NYC,2023-10-19 17:51,64.00,44.00,0.00,0.00,30.12,0.00,10.00,CLR
NYC,2023-10-19 18:51,64.00,50.00,M,M,30.10,0.00,10.00,BKN
NYC,2023-10-19 19:51,62.00,47.00,0.00,0.00,30.09,0.00,10.00,OVC
NYC,2023-10-19 20:51,60.00,46.00,4.00,M,30.09,0.00,10.00,OVC
NYC,2023-10-19 21:51,60.00,48.00,3.00,M,30.08,0.00,10.00,FEW
NYC,2023-10-19 22:51,60.00,50.00,4.00,M,30.08,0.00,10.00,FEW
NYC,2023-10-19 23:51,60.00,51.00,4.00,M,30.06,0.00,10.00,CLR
NYC,2023-10-20 00:51,60.00,51.00,3.00,M,30.05,0.00,10.00,CLR
NYC,2023-10-20 01:51,59.00,52.00,0.00,0.00,30.05,0.00,10.00,FEW
NYC,2023-10-20 02:51,59.00,53.00,0.00,0.00,30.04,0.00,10.00,CLR
NYC,2023-10-20 03:51,59.00,53.00,M,M,30.03,0.00,10.00,BKN
NYC,2023-10-20 04:51,59.00,53.00,4.00,M,30.00,0.00,10.00,FEW
NYC,2023-10-20 05:51,60.00,53.00,3.00,M,29.98,0.00,10.00,CLR
NYC,2023-10-20 06:51,60.00,54.00,0.00,0.00,29.96,0.00,10.00,OVC
NYC,2023-10-20 07:51,61.00,55.00,3.00,M,29.93,T,9.00,BKN
NYC,2023-10-20 08:51,60.00,55.00,4.00,M,29.91,T,6.00,BKN
NYC,2023-10-20 09:51,59.00,57.00,3.00,M,29.89,0.06,4.00,FEW
NYC,2023-10-20 10:51,59.00,57.00,5.00,M,29.86,0.03,5.00,OVC
NYC,2023-10-20 11:51,60.00,58.00,4.00,140.00,29.84,0.04,2.00,OVC
NYC,2023-10-20 12:51,61.00,59.00,4.00,M,29.83,T,5.00,BKN
NYC,2023-10-20 13:51,61.00,59.00,3.00,M,29.82,0.19,4.00,OVC
NYC,2023-10-20 14:51,62.00,60.00,M,M,29.81,0.01,5.00,OVC
NYC,2023-10-20 15:58,62.00,60.00,3.00,M,29.77,0.02,3.00,OVC
NYC,2023-10-20 16:51,62.00,60.00,M,M,29.74,0.02,8.00,OVC
NYC,2023-10-20 17:51,63.00,61.00,0.00,0.00,29.70,0.00,7.00,OVC
NYC,2023-10-20 18:51,62.00,60.00,0.00,0.00,29.67,0.01,5.00,OVC
NYC,2023-10-20 19:51,62.00,60.00,0.00,0.00,29.66,0.10,2.00,FEW
NYC,2023-10-20 20:51,62.00,60.00,4.00,M,29.63,0.11,0.75,SCT
NYC,2023-10-20 21:51,62.00,60.00,5.00,110.00,29.60,0.08,1.50,BKN
NYC,2023-10-20 22:51,62.00,60.00,0.00,0.00,29.58,0.12,5.00,BKN
NYC,2023-10-20 23:51,62.00,60.00,4.00,M,29.57,0.01,7.00,OVC
NYC,2023-10-21 00:51,62.00,60.00,0.00,0.00,29.55,0.01,4.00,OVC
NYC,2023-10-21 01:51,62.00,60.00,4.00,80.00,29.51,0.02,3.00,OVC
NYC,2023-10-21 02:51,62.00,60.00,0.00,0.00,29.49,0.00,3.00,BKN
NYC,2023-10-21 03:51,62.00,60.00,3.00,M,29.46,0.00,3.00,OVC
NYC,2023-10-21 04:51,61.00,60.00,0.00,0.00,29.42,0.00,2.00,BKN
NYC,2023-10-21 05:51,61.00,60.00,0.00,0.00,29.41,T,1.75,BKN
NYC,2023-10-21 06:51,61.00,59.00,0.00,0.00,29.38,T,3.00,SCT
NYC,2023-10-21 07:51,61.00,59.00,0.00,0.00,29.36,0.00,1.75,FEW
NYC,2023-10-21 08:51,60.00,58.00,0.00,0.00,29.35,0.00,2.50,FEW
NYC,2023-10-21 09:51,60.00,58.00,0.00,0.00,29.33,0.00,1.50,SCT
NYC,2023-10-21 10:51,60.00,58.00,0.00,0.00,29.32,0.00,3.00,BKN
NYC,2023-10-21 11:51,60.00,58.00,5.00,290.00,29.31,0.12,1.25,OVC
NYC,2023-10-21 12:51,58.00,56.00,6.00,M,29.31,0.49,2.50,FEW
NYC,2023-10-21 13:51,57.00,55.00,5.00,M,29.30,0.02,10.00,BKN
NYC,2023-10-21 14:51,57.00,55.00,4.00,M,29.30,0.03,6.00,OVC
NYC,2023-10-21 15:51,57.00,54.00,8.00,300.00,29.28,T,10.00,BKN
NYC,2023-10-21 16:51,58.00,52.00,7.00,280.00,29.28,T,10.00,FEW
NYC,2023-10-21 17:51,59.00,52.00,6.00,M,29.28,0.01,10.00,BKN
NYC,2023-10-21 18:51,61.00,49.00,11.00,280.00,29.28,0.00,10.00,BKN
NYC,2023-10-21 19:51,62.00,47.00,7.00,290.00,29.30,0.00,10.00,FEW
NYC,2023-10-21 20:51,62.00,45.00,8.00,270.00,29.32,0.00,10.00,OVC
NYC,2023-10-21 21:51,60.00,46.00,8.00,280.00,29.35,0.00,10.00,BKN
NYC,2023-10-21 22:51,59.00,45.00,9.00,270.00,29.38,0.00,10.00,FEW
NYC,2023-10-21 23:51,58.00,45.00,6.00,270.00,29.41,0.00,10.00,CLR
NYC,2023-10-22 00:51,58.00,47.00,6.00,M,29.43,0.00,10.00,BKN
NYC,2023-10-22 01:51,58.00,46.00,4.00,M,29.46,0.00,10.00,OVC
NYC,2023-10-22 02:51,58.00,45.00,6.00,M,29.48,0.00,10.00,BKN
NYC,2023-10-22 03:51,56.00,46.00,6.00,M,29.49,0.00,10.00,OVC
NYC,2023-10-22 04:51,56.00,46.00,4.00,M,29.50,0.00,10.00,OVC
NYC,2023-10-22 05:51,57.00,44.00,6.00,M,29.51,0.00,10.00,OVC
NYC,2023-10-22 06:51,55.00,44.00,5.00,M,29.52,0.00,10.00,SCT
NYC,2023-10-22 07:51,53.00,44.00,4.00,M,29.53,0.00,10.00,BKN
NYC,2023-10-22 08:51,53.00,43.00,6.00,M,29.54,0.00,10.00,OVC
NYC,2023-10-22 09:51,53.00,42.00,7.00,240.00,29.56,0.00,10.00,OVC
NYC,2023-10-22 10:51,52.00,42.00,7.00,240.00,29.58,0.00,10.00,BKN
NYC,2023-10-22 11:51,51.00,43.00,3.00,M,29.61,0.00,10.00,CLR
NYC,2023-10-22 12:51,52.00,42.00,7.00,220.00,29.64,0.00,10.00,OVC
NYC,2023-10-22 13:51,55.00,42.00,5.00,M,29.65,0.00,10.00,BKN
NYC,2023-10-22 14:51,56.00,39.00,7.00,280.00,29.65,0.00,10.00,OVC
NYC,2023-10-22 15:51,56.00,36.00,5.00,M,29.67,0.00,10.00,OVC
NYC,2023-10-22 16:51,56.00,35.00,5.00,M,29.67,0.00,10.00,BKN
NYC,2023-10-22 17:51,56.00,35.00,4.00,M,29.67,0.00,10.00,BKN
NYC,2023-10-22 18:51,55.00,34.00,9.00,300.00,29.68,0.00,10.00,BKN
NYC,2023-10-22 19:51,55.00,35.00,10.00,320.00,29.71,0.00,10.00,OVC
NYC,2023-10-22 20:51,54.00,33.00,12.00,300.00,29.74,0.00,10.00,OVC
NYC,2023-10-22 21:51,53.00,32.00,7.00,280.00,29.76,0.00,10.00,OVC
NYC,2023-10-22 22:51,53.00,33.00,8.00,290.00,29.79,0.00,10.00,BKN
NYC,2023-10-22 23:51,51.00,34.00,13.00,310.00,29.84,0.00,10.00,FEW
NYC,2023-10-23 00:51,50.00,35.00,8.00,290.00,29.86,0.00,10.00,BKN
NYC,2023-10-23 01:51,50.00,34.00,9.00,300.00,29.88,0.00,10.00,BKN
NYC,2023-10-23 02:51,49.00,35.00,7.00,300.00,29.89,0.00,10.00,SCT
NYC,2023-10-23 03:51,48.00,34.00,9.00,300.00,29.90,0.00,10.00,FEW
NYC,2023-10-23 04:51,48.00,34.00,8.00,300.00,29.92,0.00,10.00,FEW
NYC,2023-10-23 05:51,48.00,34.00,10.00,310.00,29.94,0.00,10.00,FEW
NYC,2023-10-23 06:51,48.00,34.00,11.00,300.00,29.96,0.00,10.00,OVC
NYC,2023-10-23 07:51,47.00,35.00,5.00,M,29.98,0.00,10.00,FEW
NYC,2023-10-23 08:51,47.00,35.00,6.00,300.00,30.00,0.00,10.00,CLR
NYC,2023-10-23 09:51,47.00,36.00,7.00,300.00,30.03,0.00,10.00,CLR
NYC,2023-10-23 10:51,48.00,36.00,7.00,300.00,30.05,0.00,10.00,CLR
NYC,2023-10-23 11:51,48.00,37.00,5.00,M,30.09,0.00,10.00,CLR
NYC,2023-10-23 12:51,49.00,37.00,7.00,290.00,30.13,0.00,10.00,CLR
NYC,2023-10-23 13:51,51.00,38.00,4.00,M,30.15,0.00,10.00,CLR
NYC,2023-10-23 14:51,53.00,38.00,9.00,290.00,30.17,0.00,10.00,CLR
NYC,2023-10-23 15:51,55.00,39.00,8.00,290.00,30.17,0.00,10.00,CLR
NYC,2023-10-23 16:51,57.00,40.00,6.00,M,30.17,0.00,10.00,CLR
NYC,2023-10-23 17:51,57.00,39.00,0.00,0.00,30.16,0.00,10.00,CLR
NYC,2023-10-23 18:51,59.00,40.00,5.00,M,30.16,0.00,10.00,CLR
NYC,2023-10-23 19:51,59.00,40.00,4.00,M,30.17,0.00,10.00,CLR
NYC,2023-10-23 20:51,59.00,41.00,3.00,M,30.19,0.00,10.00,CLR
NYC,2023-10-23 21:51,58.00,40.00,3.00,M,30.21,0.00,10.00,CLR
NYC,2023-10-23 22:51,58.00,37.00,3.00,M,30.24,0.00,10.00,CLR
NYC,2023-10-23 23:51,54.00,39.00,0.00,0.00,30.25,0.00,10.00,CLR
NYC,2023-10-24 00:51,53.00,37.00,0.00,0.00,30.27,0.00,10.00,CLR
NYC,2023-10-24 01:51,52.00,37.00,0.00,0.00,30.28,0.00,10.00,CLR
NYC,2023-10-24 02:51,52.00,38.00,0.00,0.00,30.30,0.00,10.00,CLR
NYC,2023-10-24 03:51,51.00,41.00,4.00,60.00,30.32,0.00,10.00,CLR
NYC,2023-10-24 04:51,50.00,39.00,5.00,70.00,30.31,0.00,10.00,CLR
NYC,2023-10-24 05:51,49.00,38.00,3.00,20.00,30.33,0.00,10.00,CLR
NYC,2023-10-24 06:51,49.00,39.00,3.00,M,30.32,0.00,10.00,CLR
NYC,2023-10-24 07:51,49.00,38.00,4.00,30.00,30.34,0.00,10.00,CLR
NYC,2023-10-24 08:51,48.00,39.00,3.00,40.00,30.36,0.00,10.00,CLR
NYC,2023-10-24 09:51,48.00,40.00,3.00,30.00,30.37,0.00,10.00,CLR
NYC,2023-10-24 10:51,48.00,41.00,0.00,0.00,30.38,0.00,10.00,CLR
NYC,2023-10-24 11:51,50.00,43.00,0.00,0.00,30.40,0.00,10.00,CLR
NYC,2023-10-24 12:51,53.00,44.00,3.00,120.00,30.41,0.00,10.00,CLR
NYC,2023-10-24 13:51,55.00,44.00,3.00,150.00,30.41,0.00,10.00,CLR
NYC,2023-10-24 14:51,57.00,46.00,4.00,130.00,30.41,0.00,10.00,CLR
NYC,2023-10-24 15:51,60.00,46.00,M,M,30.41,0.00,10.00,CLR
NYC,2023-10-24 16:51,62.00,45.00,7.00,230.00,30.39,0.00,10.00,CLR
NYC,2023-10-24 17:51,63.00,43.00,0.00,0.00,30.37,0.00,10.00,CLR
NYC,2023-10-24 18:51,63.00,41.00,0.00,0.00,30.35,0.00,10.00,CLR
NYC,2023-10-24 19:51,64.00,42.00,4.00,M,30.35,0.00,10.00,CLR
NYC,2023-10-24 20:51,62.00,41.00,0.00,0.00,30.34,0.00,10.00,CLR
NYC,2023-10-24 21:51,60.00,46.00,3.00,M,30.34,0.00,10.00,CLR
NYC,2023-10-24 22:51,58.00,49.00,3.00,M,30.35,0.00,10.00,CLR
NYC,2023-10-24 23:51,57.00,49.00,0.00,0.00,30.35,0.00,10.00,CLR
NYC,2023-10-25 00:51,57.00,49.00,0.00,0.00,30.35,0.00,10.00,CLR
NYC,2023-10-25 01:51,58.00,47.00,0.00,0.00,30.34,0.00,10.00,CLR
NYC,2023-10-25 02:51,59.00,43.00,4.00,M,30.33,0.00,10.00,CLR
NYC,2023-10-25 03:51,57.00,43.00,6.00,M,30.33,0.00,10.00,CLR
NYC,2023-10-25 04:51,57.00,43.00,7.00,230.00,30.33,0.00,10.00,CLR
NYC,2023-10-25 05:51,56.00,43.00,4.00,250.00,30.34,0.00,10.00,CLR
NYC,2023-10-25 06:51,56.00,42.00,4.00,M,30.34,0.00,10.00,CLR
NYC,2023-10-25 07:51,55.00,43.00,5.00,M,30.32,0.00,10.00,CLR
NYC,2023-10-25 08:51,56.00,43.00,3.00,M,30.32,0.00,10.00,CLR
NYC,2023-10-25 09:51,54.00,44.00,3.00,M,30.33,0.00,10.00,CLR
NYC,2023-10-25 10:51,54.00,44.00,4.00,M,30.33,0.00,10.00,CLR
NYC,2023-10-25 11:51,54.00,45.00,5.00,250.00,30.33,0.00,10.00,CLR
NYC,2023-10-25 12:51,56.00,45.00,5.00,240.00,30.34,0.00,10.00,CLR
NYC,2023-10-25 13:51,58.00,46.00,5.00,M,30.34,0.00,10.00,CLR
NYC,2023-10-25 14:51,61.00,45.00,6.00,250.00,30.32,0.00,10.00,CLR
NYC,2023-10-25 15:51,64.00,46.00,3.00,M,30.31,0.00,10.00,CLR
NYC,2023-10-25 16:51,67.00,48.00,5.00,230.00,30.29,0.00,10.00,CLR
NYC,2023-10-25 17:51,68.00,49.00,0.00,0.00,30.27,0.00,10.00,CLR
NYC,2023-10-25 18:51,71.00,47.00,5.00,250.00,30.25,0.00,10.00,CLR
NYC,2023-10-25 19:51,70.00,48.00,M,M,30.25,0.00,10.00,CLR
NYC,2023-10-25 20:51,70.00,47.00,M,M,30.25,0.00,10.00,CLR
NYC,2023-10-25 21:51,69.00,47.00,4.00,M,30.25,0.00,10.00,CLR
NYC,2023-10-25 22:51,68.00,48.00,4.00,M,30.25,0.00,10.00,CLR
NYC,2023-10-25 23:51,68.00,47.00,6.00,M,30.27,0.00,10.00,CLR
NYC,2023-10-26 00:51,67.00,46.00,4.00,M,30.27,0.00,10.00,CLR
NYC,2023-10-26 01:51,66.00,46.00,10.00,240.00,30.27,0.00,10.00,CLR
NYC,2023-10-26 02:51,66.00,46.00,4.00,M,30.27,0.00,10.00,CLR
NYC,2023-10-26 03:51,65.00,47.00,6.00,M,30.26,0.00,10.00,CLR
NYC,2023-10-26 04:51,64.00,46.00,5.00,M,30.26,0.00,10.00,CLR
NYC,2023-10-26 05:51,63.00,46.00,4.00,250.00,30.26,0.00,10.00,CLR
NYC,2023-10-26 06:51,62.00,46.00,3.00,260.00,30.26,0.00,10.00,CLR
NYC,2023-10-26 07:51,62.00,46.00,3.00,M,30.24,0.00,10.00,CLR
NYC,2023-10-26 08:51,61.00,46.00,0.00,0.00,30.24,0.00,10.00,CLR
NYC,2023-10-26 09:51,60.00,46.00,3.00,280.00,30.25,0.00,10.00,CLR
NYC,2023-10-26 10:51,60.00,47.00,3.00,280.00,30.25,0.00,10.00,CLR
NYC,2023-10-26 11:51,58.00,48.00,0.00,0.00,30.26,0.00,10.00,CLR
NYC,2023-10-26 12:51,62.00,48.00,0.00,0.00,30.28,0.00,10.00,CLR
NYC,2023-10-26 13:51,65.00,48.00,0.00,0.00,30.28,0.00,10.00,CLR
NYC,2023-10-26 14:51,68.00,49.00,0.00,0.00,30.28,0.00,10.00,CLR
NYC,2023-10-26 15:51,72.00,49.00,0.00,0.00,30.26,0.00,10.00,CLR
NYC,2023-10-26 16:51,74.00,50.00,4.00,M,30.23,0.00,10.00,CLR
NYC,2023-10-26 17:51,76.00,51.00,3.00,240.00,30.20,0.00,10.00,CLR
NYC,2023-10-26 18:51,77.00,54.00,3.00,M,30.19,0.00,10.00,CLR
NYC,2023-10-26 19:51,76.00,52.00,3.00,M,30.18,0.00,10.00,CLR
NYC,2023-10-26 20:51,74.00,53.00,0.00,0.00,30.18,0.00,10.00,CLR
NYC,2023-10-26 21:51,72.00,53.00,3.00,M,30.18,0.00,10.00,CLR
NYC,2023-10-26 22:51,71.00,53.00,0.00,0.00,30.19,0.00,10.00,CLR
NYC,2023-10-26 23:51,72.00,51.00,3.00,M,30.19,0.00,10.00,CLR
NYC,2023-10-27 00:51,71.00,49.00,3.00,210.00,30.19,0.00,10.00,CLR
NYC,2023-10-27 01:51,70.00,47.00,4.00,M,30.20,0.00,10.00,CLR
NYC,2023-10-27 02:51,69.00,50.00,5.00,M,30.20,0.00,10.00,CLR
NYC,2023-10-27 03:51,68.00,49.00,4.00,240.00,30.20,0.00,10.00,CLR
NYC,2023-10-27 04:51,67.00,49.00,0.00,0.00,30.19,0.00,10.00,CLR
NYC,2023-10-27 05:51,66.00,49.00,5.00,230.00,30.17,0.00,10.00,CLR
NYC,2023-10-27 06:51,66.00,51.00,4.00,M,30.17,0.00,10.00,CLR
NYC,2023-10-27 07:51,65.00,52.00,4.00,M,30.17,0.00,10.00,CLR
NYC,2023-10-27 08:51,66.00,50.00,4.00,240.00,30.16,0.00,10.00,CLR
NYC,2023-10-27 09:51,64.00,51.00,5.00,250.00,30.16,0.00,10.00,CLR
NYC,2023-10-27 10:51,64.00,51.00,3.00,270.00,30.17,0.00,10.00,CLR
NYC,2023-10-27 11:51,63.00,53.00,4.00,260.00,30.16,0.00,10.00,CLR
NYC,2023-10-27 12:51,65.00,53.00,0.00,0.00,30.18,0.00,10.00,CLR
NYC,2023-10-27 13:51,65.00,53.00,3.00,M,30.17,0.00,10.00,CLR
NYC,2023-10-27 14:51,66.00,52.00,0.00,0.00,30.15,0.00,10.00,CLR
NYC,2023-10-27 15:51,67.00,53.00,3.00,M,30.15,0.00,10.00,FEW
NYC,2023-10-27 16:51,69.00,54.00,0.00,0.00,30.12,0.00,10.00,CLR
NYC,2023-10-27 17:51,70.00,56.00,4.00,M,30.10,0.00,10.00,CLR
NYC,2023-10-27 18:51,73.00,54.00,4.00,220.00,30.08,0.00,10.00,CLR
NYC,2023-10-27 19:51,73.00,55.00,3.00,M,30.07,0.00,10.00,CLR
NYC,2023-10-27 20:51,73.00,54.00,3.00,M,30.06,0.00,10.00,CLR
NYC,2023-10-27 21:51,71.00,55.00,3.00,M,30.06,0.00,10.00,CLR
NYC,2023-10-27 22:51,70.00,55.00,3.00,M,30.06,0.00,10.00,CLR
NYC,2023-10-27 23:51,69.00,55.00,4.00,M,30.06,0.00,10.00,CLR
NYC,2023-10-28 00:51,69.00,55.00,0.00,0.00,30.06,0.00,10.00,CLR
NYC,2023-10-28 01:51,69.00,56.00,8.00,230.00,30.06,0.00,10.00,CLR
NYC,2023-10-28 02:51,69.00,55.00,5.00,240.00,30.06,0.00,10.00,CLR
NYC,2023-10-28 03:51,68.00,55.00,3.00,250.00,30.05,0.00,10.00,CLR
NYC,2023-10-28 04:51,67.00,56.00,3.00,M,30.04,0.00,10.00,CLR
NYC,2023-10-28 05:51,67.00,56.00,5.00,270.00,30.03,0.00,10.00,CLR
NYC,2023-10-28 06:51,68.00,56.00,3.00,M,30.03,0.00,10.00,CLR
NYC,2023-10-28 07:51,66.00,56.00,3.00,260.00,30.01,0.00,10.00,FEW
NYC,2023-10-28 08:51,68.00,56.00,5.00,M,30.01,0.00,10.00,CLR
NYC,2023-10-28 09:51,67.00,56.00,5.00,M,30.02,0.00,10.00,CLR
NYC,2023-10-28 10:51,66.00,57.00,M,M,30.02,0.00,10.00,CLR
NYC,2023-10-28 11:51,65.00,57.00,4.00,M,30.04,0.00,10.00,CLR
NYC,2023-10-28 12:51,67.00,58.00,3.00,250.00,30.06,0.00,10.00,CLR
NYC,2023-10-28 13:51,69.00,59.00,4.00,M,30.05,0.00,10.00,CLR
NYC,2023-10-28 14:51,72.00,59.00,3.00,220.00,30.04,0.00,10.00,CLR
NYC,2023-10-28 15:51,75.00,60.00,4.00,280.00,30.04,0.00,10.00,CLR
NYC,2023-10-28 16:51,77.00,60.00,3.00,M,30.02,0.00,10.00,CLR
NYC,2023-10-28 17:51,79.00,60.00,6.00,260.00,30.00,0.00,10.00,BKN
NYC,2023-10-28 18:51,79.00,59.00,4.00,260.00,29.99,0.00,10.00,CLR
NYC,2023-10-28 19:51,79.00,60.00,3.00,270.00,30.00,0.00,10.00,FEW
NYC,2023-10-28 20:51,79.00,59.00,4.00,M,30.01,0.00,10.00,FEW
NYC,2023-10-28 21:51,77.00,59.00,4.00,M,30.01,0.00,10.00,CLR
NYC,2023-10-28 22:51,77.00,59.00,4.00,M,30.04,0.00,10.00,BKN
NYC,2023-10-28 23:51,75.00,59.00,3.00,M,30.06,0.00,10.00,FEW
NYC,2023-10-29 00:51,72.00,58.00,7.00,300.00,30.08,0.00,10.00,BKN
NYC,2023-10-29 01:51,69.00,53.00,5.00,290.00,30.10,0.00,10.00,SCT
NYC,2023-10-29 02:51,67.00,48.00,6.00,300.00,30.11,0.00,10.00,FEW
NYC,2023-10-29 03:51,66.00,46.00,4.00,M,30.12,0.00,10.00,OVC
NYC,2023-10-29 04:51,63.00,47.00,4.00,M,30.12,0.00,10.00,FEW
NYC,2023-10-29 05:51,62.00,46.00,4.00,M,30.13,0.00,10.00,CLR
NYC,2023-10-29 06:51,61.00,46.00,6.00,50.00,30.14,0.00,10.00,FEW
NYC,2023-10-29 07:51,60.00,42.00,5.00,M,30.14,0.00,10.00,BKN
NYC,2023-10-29 08:51,54.00,49.00,3.00,M,30.14,0.01,10.00,OVC
NYC,2023-10-29 09:51,54.00,48.00,5.00,60.00,30.15,T,10.00,OVC
NYC,2023-10-29 10:51,57.00,43.00,5.00,M,30.16,0.00,10.00,SCT
NYC,2023-10-29 11:51,56.00,43.00,4.00,M,30.14,0.00,10.00,OVC
NYC,2023-10-29 12:51,55.00,46.00,6.00,60.00,30.14,T,10.00,BKN
NYC,2023-10-29 13:51,54.00,49.00,5.00,50.00,30.15,0.01,10.00,FEW
NYC,2023-10-29 14:51,54.00,49.00,9.00,50.00,30.16,T,10.00,BKN
NYC,2023-10-29 15:51,53.00,50.00,3.00,M,30.18,0.06,2.00,OVC
NYC,2023-10-29 16:51,53.00,51.00,10.00,60.00,30.13,0.09,10.00,OVC
NYC,2023-10-29 17:51,53.00,51.00,10.00,60.00,30.11,0.10,5.00,OVC
NYC,2023-10-29 18:51,53.00,51.00,11.00,70.00,30.09,0.04,5.00,BKN
NYC,2023-10-29 19:51,53.00,51.00,5.00,M,30.07,0.09,1.25,BKN
NYC,2023-10-29 20:51,53.00,51.00,8.00,70.00,30.06,0.03,10.00,OVC
NYC,2023-10-29 21:51,54.00,51.00,7.00,50.00,30.07,T,10.00,OVC
NYC,2023-10-29 22:51,53.00,51.00,7.00,70.00,30.07,0.01,7.00,OVC
NYC,2023-10-29 23:51,52.00,49.00,7.00,50.00,30.07,T,7.00,OVC
NYC,2023-10-30 00:51,52.00,50.00,7.00,60.00,30.06,0.01,3.00,OVC
NYC,2023-10-30 01:51,52.00,50.00,5.00,M,30.05,T,3.00,OVC
NYC,2023-10-30 02:51,51.00,49.00,4.00,50.00,30.04,0.02,3.00,OVC
NYC,2023-10-30 03:51,51.00,49.00,7.00,50.00,30.01,T,5.00,OVC
NYC,2023-10-30 04:51,52.00,50.00,3.00,60.00,30.01,0.00,2.50,OVC
NYC,2023-10-30 05:51,53.00,51.00,4.00,M,29.98,0.02,4.00,OVC
NYC,2023-10-30 06:51,54.00,52.00,0.00,0.00,29.96,T,4.00,OVC
NYC,2023-10-30 07:51,54.00,52.00,4.00,M,29.92,0.00,4.00,OVC
NYC,2023-10-30 08:51,55.00,53.00,0.00,0.00,29.89,0.05,1.00,OVC
NYC,2023-10-30 09:51,55.00,53.00,3.00,M,29.87,0.23,4.00,OVC
NYC,2023-10-30 10:51,55.00,53.00,4.00,50.00,29.85,0.28,2.50,OVC
NYC,2023-10-30 11:51,55.00,53.00,0.00,0.00,29.83,0.01,8.00,BKN
NYC,2023-10-30 12:51,56.00,54.00,M,M,29.81,T,3.00,OVC
NYC,2023-10-30 13:51,56.00,55.00,0.00,0.00,29.79,0.00,3.00,OVC
NYC,2023-10-30 14:51,56.00,54.00,0.00,0.00,29.78,0.00,4.00,OVC
NYC,2023-10-30 15:51,58.00,55.00,0.00,0.00,29.76,0.00,4.00,OVC
NYC,2023-10-30 16:51,58.00,54.00,5.00,310.00,29.73,0.00,4.00,OVC
NYC,2023-10-30 17:51,58.00,55.00,4.00,260.00,29.72,0.00,3.00,OVC
NYC,2023-10-30 18:51,58.00,55.00,4.00,M,29.72,0.00,5.00,OVC
NYC,2023-10-30 19:51,60.00,55.00,6.00,M,29.73,0.00,10.00,FEW
NYC,2023-10-30 20:51,58.00,50.00,6.00,M,29.78,0.00,10.00,OVC
NYC,2023-10-30 21:51,57.00,48.00,4.00,M,29.81,0.00,10.00,FEW
NYC,2023-10-30 22:51,55.00,45.00,6.00,M,29.84,0.00,10.00,FEW
NYC,2023-10-30 23:51,54.00,44.00,9.00,300.00,29.90,T,10.00,FEW
NYC,2023-11-01 00:51,48.00,36.00,0.00,0.00,30.03,0.00,10.00,OVC
NYC,2023-11-01 01:51,49.00,33.00,5.00,50.00,30.02,0.00,10.00,OVC
NYC,2023-11-01 02:51,48.00,33.00,5.00,50.00,30.02,0.00,10.00,OVC
NYC,2023-11-01 03:51,48.00,33.00,5.00,60.00,30.00,0.00,10.00,BKN
NYC,2023-11-01 04:51,47.00,34.00,0.00,0.00,29.99,0.00,10.00,OVC
NYC,2023-11-01 05:51,47.00,34.00,0.00,0.00,29.98,0.00,10.00,OVC
NYC,2023-11-01 06:51,48.00,35.00,4.00,300.00,29.97,0.00,10.00,OVC
NYC,2023-11-01 07:51,47.00,38.00,3.00,M,29.96,T,10.00,FEW
NYC,2023-11-01 08:51,45.00,37.00,8.00,300.00,29.96,T,10.00,FEW
NYC,2023-11-01 09:51,43.00,35.00,7.00,30.00,29.98,T,10.00,SCT
NYC,2023-11-01 10:51,43.00,33.00,5.00,40.00,29.98,T,10.00,OVC
NYC,2023-11-01 11:51,43.00,35.00,8.00,40.00,29.99,T,10.00,OVC
NYC,2023-11-01 12:51,42.00,35.00,6.00,50.00,30.01,0.01,10.00,OVC
NYC,2023-11-01 13:51,42.00,35.00,6.00,30.00,30.03,T,10.00,BKN
NYC,2023-11-01 14:51,44.00,35.00,4.00,360.00,30.04,0.00,10.00,SCT
NYC,2023-11-01 15:51,45.00,33.00,4.00,M,30.06,0.00,10.00,SCT
NYC,2023-11-01 16:51,46.00,31.00,7.00,10.00,30.06,0.00,10.00,SCT
NYC,2023-11-01 17:51,48.00,26.00,10.00,300.00,30.05,0.00,10.00,FEW
NYC,2023-11-01 18:51,47.00,25.00,4.00,M,30.07,0.00,10.00,BKN
NYC,2023-11-01 19:51,47.00,23.00,10.00,300.00,30.09,0.00,10.00,FEW
NYC,2023-11-01 20:51,47.00,22.00,6.00,M,30.12,0.00,10.00,SCT
NYC,2023-11-01 21:51,46.00,23.00,M,M,30.14,0.00,10.00,FEW
NYC,2023-11-01 22:51,45.00,23.00,4.00,M,30.18,0.00,10.00,CLR
NYC,2023-11-01 23:51,44.00,25.00,7.00,300.00,30.22,0.00,10.00,CLR
NYC,2023-11-02 00:51,42.00,24.00,10.00,310.00,30.26,0.00,10.00,CLR
NYC,2023-11-02 01:51,41.00,25.00,4.00,M,30.28,0.00,10.00,CLR
NYC,2023-11-02 02:51,40.00,26.00,6.00,M,30.30,0.00,10.00,CLR
NYC,2023-11-02 03:51,40.00,26.00,4.00,M,30.32,0.00,10.00,CLR
NYC,2023-11-02 04:51,39.00,27.00,M,M,30.34,0.00,10.00,CLR
NYC,2023-11-02 05:51,38.00,27.00,6.00,300.00,30.35,0.00,10.00,CLR
NYC,2023-11-02 06:51,37.00,28.00,4.00,280.00,30.37,0.00,10.00,CLR
NYC,2023-11-02 07:51,37.00,27.00,6.00,290.00,30.38,0.00,10.00,CLR
NYC,2023-11-02 08:51,37.00,28.00,4.00,M,30.40,0.00,10.00,CLR
NYC,2023-11-02 09:51,35.00,28.00,0.00,0.00,30.43,0.00,10.00,CLR
NYC,2023-11-02 10:51,36.00,28.00,4.00,260.00,30.45,0.00,10.00,CLR
NYC,2023-11-02 11:51,36.00,27.00,M,M,30.47,0.00,10.00,CLR
NYC,2023-11-02 12:51,38.00,28.00,4.00,M,30.50,0.00,10.00,CLR
NYC,2023-11-02 13:51,40.00,26.00,4.00,300.00,30.51,0.00,10.00,CLR
NYC,2023-11-02 14:51,42.00,26.00,3.00,M,30.51,0.00,10.00,CLR
NYC,2023-11-02 15:51,44.00,25.00,0.00,0.00,30.51,0.00,10.00,CLR
NYC,2023-11-02 16:51,46.00,21.00,5.00,M,30.49,0.00,10.00,CLR
NYC,2023-11-02 17:51,48.00,23.00,5.00,M,30.48,0.00,10.00,CLR
NYC,2023-11-02 18:51,48.00,20.00,M,M,30.47,0.00,10.00,CLR
NYC,2023-11-02 19:51,48.00,21.00,4.00,M,30.47,0.00,10.00,CLR
NYC,2023-11-02 20:51,47.00,23.00,3.00,M,30.47,0.00,10.00,CLR
NYC,2023-11-02 21:51,46.00,23.00,0.00,0.00,30.47,0.00,10.00,CLR
NYC,2023-11-02 22:51,45.00,24.00,3.00,M,30.49,0.00,10.00,CLR
NYC,2023-11-02 23:51,45.00,23.00,5.00,260.00,30.50,0.00,10.00,CLR
NYC,2023-11-03 00:51,45.00,25.00,6.00,240.00,30.49,0.00,10.00,CLR
NYC,2023-11-03 01:51,45.00,26.00,7.00,230.00,30.50,0.00,10.00,CLR
NYC,2023-11-03 02:51,44.00,30.00,5.00,M,30.50,0.00,10.00,CLR
NYC,2023-11-03 03:51,44.00,28.00,3.00,M,30.50,0.00,10.00,CLR
NYC,2023-11-03 04:51,43.00,26.00,3.00,M,30.50,0.00,10.00,CLR
NYC,2023-11-03 05:51,43.00,26.00,4.00,M,30.50,0.00,10.00,CLR
NYC,2023-11-03 06:51,43.00,29.00,4.00,210.00,30.50,0.00,10.00,CLR
NYC,2023-11-03 07:51,43.00,28.00,3.00,240.00,30.50,0.00,10.00,CLR
NYC,2023-11-03 08:51,42.00,29.00,3.00,270.00,30.50,0.00,10.00,CLR
NYC,2023-11-03 09:51,43.00,28.00,4.00,M,30.51,0.00,10.00,CLR
NYC,2023-11-03 10:51,43.00,29.00,3.00,M,30.51,0.00,10.00,CLR
NYC,2023-11-03 11:51,43.00,30.00,5.00,M,30.51,0.00,10.00,CLR
NYC,2023-11-03 12:51,44.00,31.00,5.00,M,30.52,0.00,10.00,CLR
NYC,2023-11-03 13:51,46.00,32.00,6.00,M,30.51,0.00,10.00,CLR
NYC,2023-11-03 14:51,49.00,33.00,8.00,220.00,30.51,0.00,10.00,CLR
NYC,2023-11-03 15:51,51.00,31.00,5.00,220.00,30.50,0.00,10.00,CLR
NYC,2023-11-03 16:51,53.00,30.00,7.00,240.00,30.46,0.00,10.00,CLR
NYC,2023-11-03 17:51,54.00,31.00,5.00,M,30.43,0.00,10.00,CLR
NYC,2023-11-03 18:51,55.00,31.00,4.00,210.00,30.41,0.00,10.00,CLR
NYC,2023-11-03 19:51,55.00,32.00,4.00,M,30.41,0.00,10.00,CLR
NYC,2023-11-03 20:51,54.00,32.00,5.00,M,30.39,0.00,10.00,CLR
NYC,2023-11-03 21:51,53.00,36.00,3.00,150.00,30.38,0.00,10.00,CLR
NYC,2023-11-03 22:51,52.00,34.00,3.00,M,30.38,0.00,9.00,FEW
NYC,2023-11-03 23:51,51.00,34.00,4.00,M,30.38,0.00,10.00,CLR
NYC,2023-11-04 00:51,51.00,34.00,0.00,0.00,30.37,0.00,10.00,CLR
NYC,2023-11-04 01:51,51.00,32.00,4.00,210.00,30.36,0.00,10.00,CLR
NYC,2023-11-04 02:51,49.00,32.00,5.00,M,30.36,0.00,10.00,CLR
NYC,2023-11-04 03:51,49.00,35.00,6.00,230.00,30.35,0.00,10.00,CLR
NYC,2023-11-04 04:51,49.00,37.00,3.00,M,30.34,0.00,10.00,CLR
NYC,2023-11-04 05:51,50.00,39.00,5.00,M,30.32,0.00,10.00,CLR
NYC,2023-11-04 06:51,50.00,36.00,8.00,240.00,30.32,0.00,10.00,CLR
NYC,2023-11-04 07:51,49.00,34.00,5.00,M,30.29,0.00,10.00,CLR
NYC,2023-11-04 08:51,49.00,34.00,9.00,230.00,30.28,0.00,10.00,CLR
NYC,2023-11-04 09:51,49.00,36.00,5.00,M,30.28,0.00,10.00,CLR
NYC,2023-11-04 10:51,48.00,36.00,7.00,230.00,30.27,0.00,10.00,CLR
NYC,2023-11-04 11:51,48.00,36.00,3.00,260.00,30.27,0.00,10.00,CLR
NYC,2023-11-04 12:51,50.00,37.00,3.00,260.00,30.27,0.00,10.00,CLR
NYC,2023-11-04 13:51,51.00,36.00,M,M,30.27,0.00,10.00,CLR
NYC,2023-11-04 14:51,51.80,37.40,M,M,M,0.00,M,M
NYC,2023-11-04 15:51,55.40,37.40,M,M,M,0.00,M,M
NYC,2023-11-04 16:51,55.40,37.40,M,M,M,0.00,M,M
NYC,2023-11-04 17:51,59.00,37.40,M,M,M,0.00,M,M
NYC,2023-11-04 18:51,59.00,35.60,M,M,M,0.00,M,M
NYC,2023-11-04 19:51,60.80,35.60,M,M,M,0.00,M,M
NYC,2023-11-04 20:51,59.00,35.60,M,M,M,0.00,M,M
NYC,2023-11-04 21:51,58.00,33.00,3.00,M,30.14,0.00,10.00,CLR
NYC,2023-11-04 22:51,58.00,35.00,0.00,0.00,30.15,0.00,10.00,CLR
NYC,2023-11-04 23:51,57.00,36.00,0.00,0.00,30.15,0.00,10.00,CLR
NYC,2023-11-05 00:51,56.00,37.00,0.00,0.00,30.14,0.00,10.00,CLR
NYC,2023-11-05 01:51,55.00,38.00,3.00,230.00,30.14,0.00,10.00,CLR
NYC,2023-11-05 02:51,55.00,37.00,0.00,0.00,30.13,0.00,10.00,CLR
NYC,2023-11-05 03:51,55.00,36.00,3.00,250.00,30.12,0.00,10.00,SCT
NYC,2023-11-05 04:51,54.00,36.00,5.00,M,30.11,0.00,10.00,CLR
NYC,2023-11-05 05:51,54.00,35.00,4.00,250.00,30.10,0.00,10.00,SCT
NYC,2023-11-05 06:51,53.00,37.00,0.00,0.00,30.08,T,10.00,FEW
NYC,2023-11-05 07:51,53.00,37.00,3.00,280.00,30.07,T,10.00,FEW
NYC,2023-11-05 08:51,52.00,38.00,3.00,290.00,30.06,0.00,10.00,CLR
NYC,2023-11-05 09:51,51.00,38.00,0.00,0.00,30.05,0.00,10.00,FEW
NYC,2023-11-05 10:51,51.00,39.00,0.00,0.00,30.05,0.00,10.00,SCT
NYC,2023-11-05 11:51,50.00,38.00,0.00,0.00,30.05,0.00,10.00,CLR
NYC,2023-11-05 12:51,51.00,41.00,0.00,0.00,30.06,0.00,9.00,CLR
NYC,2023-11-05 13:51,56.00,42.00,0.00,0.00,30.06,0.00,8.00,OVC
NYC,2023-11-05 14:51,57.00,41.00,3.00,M,30.05,0.00,9.00,BKN
NYC,2023-11-05 15:51,59.00,40.00,0.00,0.00,30.05,0.00,9.00,SCT
NYC,2023-11-05 16:51,61.00,41.00,0.00,0.00,30.03,0.00,9.00,OVC
NYC,2023-11-05 17:51,63.00,38.00,4.00,M,30.01,0.00,10.00,OVC
NYC,2023-11-05 18:51,64.00,39.00,0.00,0.00,30.00,0.00,10.00,BKN
NYC,2023-11-05 19:51,63.00,37.00,3.00,M,30.00,0.00,10.00,FEW
NYC,2023-11-05 20:51,63.00,37.00,3.00,M,30.01,0.00,10.00,FEW
NYC,2023-11-05 21:51,61.00,38.00,5.00,M,30.03,0.00,10.00,BKN
NYC,2023-11-05 22:51,59.00,38.00,4.00,M,30.06,0.00,10.00,CLR
NYC,2023-11-05 23:51,57.00,39.00,3.00,M,30.09,0.00,10.00,CLR
NYC,2023-11-06 00:51,56.00,36.00,5.00,M,30.11,0.00,10.00,CLR
NYC,2023-11-06 01:51,53.00,37.00,0.00,0.00,30.13,0.00,10.00,CLR
NYC,2023-11-06 02:51,51.00,36.00,3.00,M,30.15,0.00,10.00,CLR
NYC,2023-11-06 03:51,50.00,36.00,4.00,330.00,30.15,0.00,10.00,CLR
NYC,2023-11-06 04:51,49.00,35.00,0.00,0.00,30.15,0.00,10.00,CLR
NYC,2023-11-06 05:51,48.20,35.60,3.00,20.00,30.15,0.00,10.00,CLR
NYC,2023-11-06 06:51,48.00,33.00,4.00,M,30.16,0.00,10.00,CLR
NYC,2023-11-06 07:51,47.00,32.00,0.00,0.00,30.17,0.00,10.00,CLR
NYC,2023-11-06 08:51,47.00,32.00,6.00,M,30.18,0.00,10.00,CLR
NYC,2023-11-06 09:51,46.00,31.00,6.00,M,30.19,0.00,10.00,CLR
NYC,2023-11-06 10:51,45.00,31.00,7.00,50.00,30.20,0.00,10.00,CLR
NYC,2023-11-06 11:51,45.00,31.00,4.00,M,30.21,0.00,10.00,CLR
NYC,2023-11-06 12:51,45.00,30.00,7.00,50.00,30.23,0.00,10.00,CLR
NYC,2023-11-06 13:51,48.00,30.00,7.00,70.00,30.22,0.00,10.00,CLR
NYC,2023-11-06 14:51,50.00,35.00,6.00,70.00,30.21,0.00,10.00,CLR
NYC,2023-11-06 15:51,52.00,37.00,3.00,M,30.19,0.00,10.00,CLR
NYC,2023-11-06 16:51,54.00,36.00,3.00,M,30.17,0.00,10.00,CLR
NYC,2023-11-06 17:51,54.00,37.00,0.00,0.00,30.13,0.00,10.00,CLR
NYC,2023-11-06 18:51,56.00,37.00,0.00,0.00,30.11,0.00,10.00,CLR
NYC,2023-11-06 19:51,56.00,39.00,0.00,0.00,30.09,0.00,10.00,CLR
NYC,2023-11-06 20:51,54.00,37.00,0.00,0.00,30.08,0.00,10.00,CLR
NYC,2023-11-06 22:51,51.00,40.00,4.00,150.00,30.08,0.00,10.00,CLR
NYC,2023-11-06 23:51,51.00,44.00,M,M,30.08,0.00,10.00,CLR
NYC,2023-11-07 00:51,53.00,46.00,4.00,M,30.04,0.00,10.00,CLR
NYC,2023-11-07 01:51,53.00,46.00,3.00,M,30.01,0.00,10.00,CLR
NYC,2023-11-07 02:51,54.00,47.00,3.00,M,30.02,0.00,10.00,BKN
NYC,2023-11-07 03:51,55.00,48.00,0.00,0.00,29.98,0.00,10.00,BKN
NYC,2023-11-07 04:51,55.00,48.00,3.00,M,29.95,0.00,10.00,OVC
NYC,2023-11-07 05:51,56.00,48.00,0.00,0.00,29.93,0.00,10.00,OVC
NYC,2023-11-07 06:51,57.00,48.00,7.00,190.00,29.91,0.00,10.00,OVC
NYC,2023-11-07 07:51,57.00,49.00,M,M,29.87,0.00,10.00,OVC
NYC,2023-11-07 08:51,56.00,50.00,4.00,M,29.88,0.01,7.00,OVC
NYC,2023-11-07 09:51,54.00,51.00,M,M,29.85,0.04,4.00,FEW
NYC,2023-11-07 10:51,54.00,51.00,3.00,210.00,29.83,0.01,7.00,OVC
NYC,2023-11-07 11:51,54.00,51.00,4.00,220.00,29.81,0.00,7.00,BKN
NYC,2023-11-07 12:51,56.00,51.00,6.00,M,29.82,0.00,7.00,SCT
NYC,2023-11-07 13:51,56.00,51.00,8.00,230.00,29.81,0.00,7.00,CLR
NYC,2023-11-07 14:51,57.00,50.00,4.00,M,29.80,0.00,9.00,CLR
NYC,2023-11-07 15:51,58.00,50.00,5.00,M,29.79,0.00,9.00,CLR
NYC,2023-11-07 16:51,60.00,49.00,6.00,M,29.77,0.00,10.00,CLR
NYC,2023-11-07 17:51,61.00,49.00,M,M,29.76,0.00,10.00,CLR
NYC,2023-11-07 18:51,62.00,50.00,4.00,M,29.75,0.00,10.00,CLR
NYC,2023-11-07 19:51,63.00,49.00,M,M,29.74,0.00,10.00,CLR
NYC,2023-11-07 20:51,63.00,49.00,3.00,M,29.74,0.00,10.00,CLR
NYC,2023-11-07 21:51,62.00,49.00,6.00,M,29.75,0.00,10.00,CLR
NYC,2023-11-07 22:51,62.00,49.00,0.00,0.00,29.78,0.00,10.00,CLR
NYC,2023-11-07 23:51,62.00,49.00,4.00,M,29.81,0.00,10.00,CLR
NYC,2023-11-08 00:51,60.00,43.00,3.00,M,29.85,0.00,10.00,CLR
NYC,2023-11-08 01:51,58.00,42.00,3.00,M,29.87,0.00,10.00,CLR
NYC,2023-11-08 02:51,56.00,41.00,7.00,20.00,29.90,0.00,10.00,CLR
NYC,2023-11-08 03:51,55.00,38.00,5.00,M,29.90,0.00,10.00,CLR
NYC,2023-11-08 04:51,54.00,37.00,7.00,310.00,29.92,0.00,10.00,CLR
NYC,2023-11-08 05:51,53.00,34.00,8.00,290.00,29.92,0.00,10.00,CLR
NYC,2023-11-08 06:51,52.00,34.00,4.00,M,29.94,0.00,10.00,CLR
NYC,2023-11-08 07:51,50.00,33.00,9.00,300.00,29.95,0.00,10.00,FEW
NYC,2023-11-08 08:51,49.00,34.00,6.00,M,29.99,0.00,10.00,BKN
NYC,2023-11-08 09:51,47.00,30.00,7.00,300.00,30.01,0.00,10.00,CLR
NYC,2023-11-08 10:51,45.00,28.00,4.00,M,30.04,0.00,10.00,CLR
NYC,2023-11-08 11:51,44.00,28.00,7.00,310.00,30.06,0.00,10.00,CLR
NYC,2023-11-08 12:51,43.00,26.00,M,M,30.10,0.00,10.00,CLR
NYC,2023-11-08 13:51,43.00,25.00,7.00,360.00,30.12,0.00,10.00,CLR
NYC,2023-11-08 14:51,44.00,24.00,0.00,0.00,30.12,0.00,10.00,CLR
NYC,2023-11-08 15:51,47.00,23.00,4.00,M,30.15,0.00,10.00,CLR
NYC,2023-11-08 16:51,47.00,22.00,8.00,290.00,30.13,0.00,10.00,CLR
NYC,2023-11-08 17:51,48.00,20.00,5.00,M,30.11,0.00,10.00,CLR
NYC,2023-11-08 18:51,49.00,22.00,3.00,M,30.09,0.00,10.00,CLR
NYC,2023-11-08 19:51,49.00,18.00,3.00,M,30.09,0.00,10.00,CLR
NYC,2023-11-08 20:51,49.00,20.00,3.00,M,30.09,0.00,10.00,CLR
NYC,2023-11-08 21:51,48.00,20.00,3.00,M,30.11,0.00,10.00,CLR
NYC,2023-11-08 22:51,48.00,20.00,3.00,M,30.13,0.00,10.00,CLR
NYC,2023-11-08 23:51,48.00,20.00,3.00,M,30.13,0.00,10.00,CLR
NYC,2023-11-09 00:51,46.00,24.00,4.00,70.00,30.11,0.00,10.00,CLR
NYC,2023-11-09 01:51,45.00,25.00,4.00,60.00,30.11,0.00,10.00,CLR
NYC,2023-11-09 02:51,43.00,23.00,3.00,50.00,30.10,0.00,10.00,CLR
NYC,2023-11-09 03:51,43.00,25.00,0.00,0.00,30.09,0.00,10.00,OVC
NYC,2023-11-09 04:51,43.00,27.00,7.00,60.00,30.08,0.00,10.00,CLR
NYC,2023-11-09 05:51,44.00,26.00,5.00,100.00,30.07,0.00,10.00,CLR
NYC,2023-11-09 06:51,45.00,25.00,7.00,120.00,30.05,0.00,10.00,OVC
NYC,2023-11-09 07:51,44.00,26.00,8.00,90.00,30.02,0.00,10.00,OVC
NYC,2023-11-09 08:51,44.00,27.00,4.00,M,30.00,0.00,10.00,BKN
NYC,2023-11-09 09:51,44.00,29.00,6.00,100.00,29.98,0.00,10.00,FEW
NYC,2023-11-09 10:51,45.00,32.00,3.00,M,29.96,0.00,10.00,OVC
NYC,2023-11-09 11:51,47.00,34.00,3.00,80.00,29.93,0.00,10.00,OVC
NYC,2023-11-09 12:51,48.00,37.00,0.00,0.00,29.93,0.00,10.00,OVC
NYC,2023-11-09 13:51,51.00,38.00,M,M,29.89,0.00,10.00,OVC
NYC,2023-11-09 14:51,51.00,39.00,0.00,0.00,29.88,0.00,10.00,OVC
NYC,2023-11-09 15:51,52.00,39.00,3.00,300.00,29.87,0.00,10.00,OVC
NYC,2023-11-09 16:51,53.00,40.00,0.00,0.00,29.84,0.00,10.00,OVC
NYC,2023-11-09 17:51,55.00,42.00,4.00,290.00,29.84,0.00,10.00,FEW
NYC,2023-11-09 18:51,56.00,43.00,0.00,0.00,29.83,0.00,10.00,OVC
NYC,2023-11-09 19:51,57.00,44.00,4.00,290.00,29.83,0.00,10.00,CLR
NYC,2023-11-09 20:51,57.00,44.00,0.00,0.00,29.85,0.00,10.00,SCT
NYC,2023-11-09 21:51,54.00,44.00,3.00,50.00,29.87,0.00,10.00,CLR
NYC,2023-11-09 22:51,54.00,44.00,0.00,0.00,29.90,0.00,10.00,FEW
NYC,2023-11-09 23:51,55.00,45.00,0.00,0.00,29.92,0.00,10.00,SCT
NYC,2023-11-10 00:51,54.00,45.00,0.00,0.00,29.94,0.00,10.00,CLR
NYC,2023-11-10 01:51,54.00,45.00,3.00,M,29.98,0.00,10.00,CLR
NYC,2023-11-10 02:51,53.00,44.00,3.00,M,30.00,0.00,10.00,CLR
NYC,2023-11-10 03:51,53.00,42.00,4.00,360.00,30.02,0.00,10.00,CLR
NYC,2023-11-10 04:51,52.00,40.00,3.00,M,30.03,0.00,10.00,CLR
NYC,2023-11-10 05:51,50.00,38.00,4.00,M,30.05,0.00,10.00,CLR
NYC,2023-11-10 06:51,50.00,37.00,3.00,290.00,30.06,0.00,10.00,CLR
NYC,2023-11-10 07:51,51.00,34.00,3.00,M,30.05,0.00,10.00,CLR
NYC,2023-11-10 08:51,51.00,33.00,0.00,0.00,30.06,0.00,10.00,CLR
NYC,2023-11-10 09:51,51.00,33.00,0.00,0.00,30.08,0.00,10.00,FEW
NYC,2023-11-10 10:51,51.00,34.00,3.00,M,30.10,0.00,10.00,BKN
NYC,2023-11-10 11:51,50.00,35.00,5.00,260.00,30.12,0.00,10.00,FEW
NYC,2023-11-10 12:51,51.00,33.00,4.00,M,30.14,0.00,10.00,BKN
NYC,2023-11-10 13:51,51.00,32.00,4.00,230.00,30.15,0.00,10.00,OVC
NYC,2023-11-10 14:51,52.00,31.00,6.00,M,30.14,0.00,10.00,OVC
NYC,2023-11-10 15:51,52.00,30.00,6.00,270.00,30.15,0.00,10.00,OVC
NYC,2023-11-10 16:51,52.00,32.00,3.00,M,30.14,0.00,10.00,OVC
NYC,2023-11-10 17:51,52.00,30.00,6.00,250.00,30.13,0.00,10.00,OVC
NYC,2023-11-10 18:51,52.00,31.00,3.00,M,30.11,0.00,10.00,OVC
NYC,2023-11-10 19:51,53.00,29.00,8.00,240.00,30.10,0.00,10.00,BKN
NYC,2023-11-10 20:51,52.00,31.00,3.00,M,30.11,0.00,10.00,SCT
NYC,2023-11-10 21:51,50.00,33.00,3.00,M,30.11,0.00,10.00,CLR
NYC,2023-11-10 22:51,50.00,35.00,3.00,M,30.13,0.00,10.00,CLR
NYC,2023-11-10 23:51,49.00,36.00,6.00,M,30.15,0.00,10.00,CLR
NYC,2023-11-11 01:51,47.00,37.00,4.00,M,30.17,0.00,10.00,CLR
NYC,2023-11-11 02:51,47.00,38.00,3.00,M,30.18,0.00,10.00,CLR
NYC,2023-11-11 03:51,46.00,38.00,4.00,M,30.19,0.00,10.00,CLR
NYC,2023-11-11 04:51,46.00,38.00,3.00,M,30.19,0.00,10.00,OVC
NYC,2023-11-11 05:51,45.00,37.00,3.00,M,30.20,0.00,10.00,BKN
NYC,2023-11-11 06:51,46.00,37.00,3.00,M,30.21,0.00,10.00,BKN
NYC,2023-11-11 07:51,45.00,36.00,3.00,M,30.22,0.00,10.00,CLR
NYC,2023-11-11 08:51,44.00,36.00,0.00,0.00,30.24,0.00,10.00,CLR
NYC,2023-11-11 09:51,45.00,36.00,3.00,M,30.26,0.00,10.00,CLR
NYC,2023-11-11 10:51,45.00,35.00,3.00,M,30.27,0.00,10.00,CLR
NYC,2023-11-11 11:51,45.00,34.00,4.00,310.00,30.30,0.00,10.00,CLR
NYC,2023-11-11 12:51,46.00,34.00,3.00,M,30.32,0.00,10.00,CLR
NYC,2023-11-11 13:51,47.00,34.00,4.00,M,30.34,0.00,10.00,CLR
NYC,2023-11-11 14:51,50.00,30.00,8.00,310.00,30.34,0.00,10.00,CLR
NYC,2023-11-11 15:51,51.00,31.00,M,M,30.34,0.00,10.00,CLR
NYC,2023-11-11 16:51,53.00,28.00,3.00,M,30.33,0.00,10.00,CLR
NYC,2023-11-11 17:51,54.00,29.00,5.00,M,30.32,0.00,10.00,BKN
NYC,2023-11-11 18:51,54.00,29.00,5.00,M,30.33,0.00,10.00,BKN
NYC,2023-11-11 19:51,53.00,29.00,4.00,M,30.33,0.00,10.00,FEW
NYC,2023-11-11 20:51,52.00,28.00,5.00,M,30.35,0.00,10.00,CLR
NYC,2023-11-11 21:51,50.00,28.00,5.00,M,30.37,0.00,10.00,CLR
NYC,2023-11-11 22:51,49.00,28.00,5.00,M,30.40,0.00,10.00,CLR
NYC,2023-11-11 23:51,48.00,28.00,3.00,M,30.41,0.00,10.00,CLR
NYC,2023-11-12 00:51,46.00,28.00,M,M,30.43,0.00,10.00,CLR
NYC,2023-11-12 01:51,45.00,28.00,4.00,M,30.45,0.00,10.00,CLR
NYC,2023-11-12 02:51,44.00,28.00,0.00,0.00,30.46,0.00,10.00,CLR
NYC,2023-11-12 03:51,43.00,28.00,0.00,0.00,30.46,0.00,10.00,CLR
NYC,2023-11-12 04:51,42.00,29.00,4.00,30.00,30.47,0.00,10.00,CLR
NYC,2023-11-12 05:51,41.00,28.00,4.00,M,30.48,0.00,10.00,CLR
NYC,2023-11-12 06:51,40.00,26.00,6.00,M,30.48,0.00,10.00,CLR
NYC,2023-11-12 07:51,38.00,26.00,8.00,50.00,30.48,0.00,10.00,CLR
NYC,2023-11-12 08:51,38.00,25.00,5.00,M,30.48,0.00,10.00,CLR
NYC,2023-11-12 09:51,37.00,24.00,3.00,M,30.50,0.00,10.00,CLR
NYC,2023-11-12 10:51,37.00,25.00,5.00,M,30.51,0.00,10.00,BKN
NYC,2023-11-12 11:51,37.00,24.00,8.00,40.00,30.52,0.00,10.00,CLR
NYC,2023-11-12 12:51,37.00,24.00,6.00,40.00,30.53,0.00,10.00,CLR
NYC,2023-11-12 13:51,39.00,23.00,3.00,M,30.54,0.00,10.00,CLR
NYC,2023-11-12 14:51,41.00,24.00,6.00,M,30.53,0.00,10.00,CLR
NYC,2023-11-12 15:51,42.00,25.00,4.00,M,30.52,0.00,10.00,CLR
NYC,2023-11-12 16:51,43.00,25.00,3.00,M,30.51,0.00,10.00,CLR
NYC,2023-11-12 17:51,43.00,24.00,0.00,0.00,30.48,0.00,10.00,FEW
NYC,2023-11-12 18:51,44.00,26.00,5.00,60.00,30.46,0.00,10.00,CLR
NYC,2023-11-12 19:51,44.00,26.00,4.00,M,30.45,0.00,10.00,CLR
NYC,2023-11-12 20:51,44.00,26.00,4.00,70.00,30.44,0.00,10.00,CLR
NYC,2023-11-12 21:51,43.00,26.00,5.00,M,30.45,0.00,10.00,CLR
NYC,2023-11-12 22:51,42.00,25.00,4.00,350.00,30.46,0.00,10.00,CLR
NYC,2023-11-12 23:51,40.00,26.00,3.00,40.00,30.46,0.00,10.00,CLR
NYC,2023-11-13 00:51,40.00,25.00,5.00,30.00,30.46,0.00,10.00,CLR
NYC,2023-11-13 01:51,40.00,24.00,5.00,40.00,30.46,0.00,10.00,CLR
NYC,2023-11-13 02:51,40.00,23.00,5.00,30.00,30.45,0.00,10.00,CLR
NYC,2023-11-13 03:51,40.00,22.00,3.00,M,30.46,0.00,10.00,CLR
NYC,2023-11-13 04:51,39.00,20.00,4.00,M,30.46,0.00,10.00,CLR
NYC,2023-11-13 05:51,38.00,20.00,4.00,50.00,30.46,0.00,10.00,CLR
NYC,2023-11-13 06:51,37.00,22.00,4.00,70.00,30.45,0.00,10.00,CLR
NYC,2023-11-13 07:51,37.00,22.00,4.00,20.00,30.44,0.00,10.00,CLR
NYC,2023-11-13 08:51,36.00,22.00,3.00,30.00,30.42,0.00,10.00,CLR
NYC,2023-11-13 09:51,37.00,22.00,4.00,20.00,30.40,0.00,10.00,CLR
NYC,2023-11-13 10:51,36.00,23.00,3.00,30.00,30.40,0.00,10.00,CLR
NYC,2023-11-13 11:51,36.00,24.00,3.00,10.00,30.41,0.00,10.00,CLR
NYC,2023-11-13 12:51,38.00,25.00,0.00,0.00,30.42,0.00,10.00,CLR
NYC,2023-11-13 13:51,40.00,29.00,0.00,0.00,30.40,0.00,10.00,CLR
NYC,2023-11-13 14:51,43.00,27.00,3.00,50.00,30.39,0.00,10.00,CLR
NYC,2023-11-13 15:51,44.00,26.00,6.00,290.00,30.36,0.00,10.00,CLR
NYC,2023-11-13 16:51,46.00,25.00,3.00,230.00,30.32,0.00,10.00,CLR
NYC,2023-11-13 17:51,46.00,28.00,3.00,M,30.28,0.00,10.00,CLR
NYC,2023-11-13 18:51,48.00,28.00,0.00,0.00,30.25,0.00,10.00,CLR
NYC,2023-11-13 19:51,48.00,27.00,3.00,M,30.22,0.00,10.00,SCT
NYC,2023-11-13 20:51,48.00,27.00,3.00,M,30.18,0.00,10.00,OVC
NYC,2023-11-13 21:51,47.00,31.00,5.00,130.00,30.19,0.00,10.00,OVC
NYC,2023-11-13 22:51,47.00,31.00,3.00,M,30.22,0.00,10.00,OVC
NYC,2023-11-13 23:51,46.00,31.00,4.00,M,30.20,T,10.00,BKN
NYC,2023-11-14 00:51,46.00,29.00,0.00,0.00,30.18,0.00,10.00,CLR
NYC,2023-11-14 01:51,46.00,29.00,5.00,240.00,30.17,0.00,10.00,SCT
NYC,2023-11-14 02:51,47.00,31.00,3.00,M,30.17,0.00,10.00,BKN
NYC,2023-11-14 03:51,47.00,32.00,7.00,240.00,30.17,0.00,10.00,FEW
NYC,2023-11-14 04:51,45.00,33.00,3.00,M,30.16,0.00,10.00,CLR
NYC,2023-11-14 05:51,44.00,33.00,0.00,0.00,30.16,0.00,10.00,CLR
NYC,2023-11-14 06:51,43.00,32.00,0.00,0.00,30.16,0.00,10.00,CLR
NYC,2023-11-14 07:51,44.00,32.00,3.00,M,30.16,0.00,10.00,SCT
NYC,2023-11-14 08:51,45.00,32.00,4.00,280.00,30.16,0.00,10.00,OVC
NYC,2023-11-14 09:51,44.00,32.00,3.00,M,30.17,0.00,10.00,FEW
NYC,2023-11-14 10:51,45.00,32.00,6.00,280.00,30.19,0.00,10.00,CLR
NYC,2023-11-14 11:51,45.00,32.00,5.00,M,30.22,0.00,10.00,CLR
NYC,2023-11-14 12:51,46.00,33.00,7.00,300.00,30.26,0.00,10.00,CLR
NYC,2023-11-14 13:51,48.00,33.00,7.00,300.00,30.28,0.00,10.00,CLR
NYC,2023-11-14 14:51,50.00,32.00,9.00,300.00,30.30,0.00,10.00,SCT
NYC,2023-11-14 15:51,51.00,31.00,4.00,M,30.31,0.00,10.00,BKN
NYC,2023-11-14 16:51,53.00,30.00,4.00,M,30.30,0.00,10.00,FEW
NYC,2023-11-14 17:51,52.00,30.00,8.00,300.00,30.30,0.00,10.00,BKN
NYC,2023-11-14 18:51,52.00,28.00,4.00,M,30.30,0.00,10.00,FEW
NYC,2023-11-14 19:51,52.00,28.00,5.00,M,30.31,0.00,10.00,CLR
NYC,2023-11-14 20:51,50.00,28.00,9.00,310.00,30.33,0.00,10.00,FEW
NYC,2023-11-14 21:51,49.00,29.00,5.00,300.00,30.35,0.00,10.00,CLR
NYC,2023-11-14 22:51,48.00,28.00,6.00,300.00,30.38,0.00,10.00,CLR
NYC,2023-11-14 23:51,47.00,29.00,6.00,M,30.40,0.00,10.00,CLR
NYC,2023-11-15 00:51,46.00,28.00,3.00,M,30.42,0.00,10.00,CLR
NYC,2023-11-15 01:51,45.00,28.00,0.00,0.00,30.43,0.00,10.00,CLR
NYC,2023-11-15 02:51,44.00,28.00,4.00,M,30.43,0.00,10.00,CLR
NYC,2023-11-15 03:51,44.00,29.00,3.00,M,30.41,0.00,10.00,CLR
NYC,2023-11-15 04:51,43.00,30.00,0.00,0.00,30.42,0.00,10.00,CLR
NYC,2023-11-15 05:51,43.00,30.00,3.00,20.00,30.42,0.00,10.00,CLR
NYC,2023-11-15 06:51,41.00,31.00,3.00,280.00,30.44,0.00,10.00,CLR
NYC,2023-11-15 07:51,41.00,31.00,3.00,300.00,30.44,0.00,10.00,CLR
NYC,2023-11-15 08:51,40.00,31.00,0.00,0.00,30.44,0.00,10.00,CLR
NYC,2023-11-15 09:51,40.00,31.00,0.00,0.00,30.45,0.00,10.00,CLR
NYC,2023-11-15 10:51,40.00,31.00,0.00,0.00,30.46,0.00,10.00,CLR
NYC,2023-11-15 11:51,40.00,32.00,0.00,0.00,30.47,0.00,10.00,CLR
NYC,2023-11-15 12:51,41.00,33.00,0.00,0.00,30.48,0.00,10.00,CLR
NYC,2023-11-15 13:51,44.00,32.00,0.00,0.00,30.48,0.00,10.00,CLR
NYC,2023-11-15 14:51,47.00,32.00,0.00,0.00,30.47,0.00,10.00,CLR
NYC,2023-11-15 15:51,49.00,31.00,3.00,M,30.46,0.00,10.00,CLR
NYC,2023-11-15 16:51,50.00,33.00,3.00,M,30.44,0.00,10.00,CLR
NYC,2023-11-15 17:51,51.00,32.00,M,M,30.40,0.00,10.00,CLR
NYC,2023-11-15 18:51,52.00,33.00,4.00,230.00,30.38,0.00,10.00,CLR
NYC,2023-11-15 19:51,53.00,34.00,0.00,0.00,30.35,0.00,10.00,CLR
NYC,2023-11-15 20:51,51.00,33.00,6.00,M,30.35,0.00,10.00,CLR
NYC,2023-11-15 21:51,50.00,33.00,4.00,M,30.33,0.00,10.00,CLR
NYC,2023-11-15 22:51,50.00,33.00,6.00,M,30.33,0.00,10.00,CLR
NYC,2023-11-15 23:51,50.00,34.00,0.00,0.00,30.32,0.00,10.00,CLR
NYC,2023-11-16 00:51,50.00,34.00,5.00,M,30.30,0.00,10.00,CLR
NYC,2023-11-16 01:51,50.00,35.00,5.00,210.00,30.31,0.00,10.00,CLR
NYC,2023-11-16 02:51,50.00,35.00,3.00,M,30.31,0.00,10.00,CLR
NYC,2023-11-16 03:51,50.00,35.00,7.00,220.00,30.29,0.00,10.00,CLR
NYC,2023-11-16 04:51,50.00,36.00,4.00,250.00,30.29,0.00,10.00,CLR
NYC,2023-11-16 05:51,49.00,37.00,4.00,M,30.28,0.00,10.00,CLR
NYC,2023-11-16 06:51,49.00,37.00,6.00,240.00,30.27,0.00,10.00,CLR
NYC,2023-11-16 07:51,47.00,38.00,4.00,240.00,30.27,0.00,10.00,CLR
NYC,2023-11-16 08:51,47.00,38.00,6.00,250.00,30.26,0.00,10.00,CLR
NYC,2023-11-16 09:51,46.00,37.00,3.00,M,30.26,0.00,10.00,CLR
NYC,2023-11-16 10:51,47.00,37.00,3.00,M,30.27,0.00,10.00,CLR
NYC,2023-11-16 11:51,46.00,36.00,0.00,0.00,30.28,0.00,10.00,CLR
NYC,2023-11-16 12:51,48.00,37.00,0.00,0.00,30.29,0.00,10.00,CLR
NYC,2023-11-16 13:51,50.00,37.00,0.00,0.00,30.30,0.00,10.00,CLR
NYC,2023-11-16 14:51,53.00,37.00,3.00,M,30.29,0.00,10.00,CLR
NYC,2023-11-16 15:51,56.00,36.00,5.00,270.00,30.28,0.00,9.00,CLR
NYC,2023-11-16 16:51,60.00,35.00,3.00,M,30.26,0.00,10.00,CLR
NYC,2023-11-16 17:51,63.00,33.00,4.00,M,30.23,0.00,10.00,CLR
NYC,2023-11-16 18:51,64.00,33.00,3.00,250.00,30.21,0.00,10.00,CLR
NYC,2023-11-16 19:51,64.00,31.00,0.00,0.00,30.20,0.00,10.00,CLR
NYC,2023-11-16 20:51,63.00,34.00,0.00,0.00,30.19,0.00,10.00,CLR
NYC,2023-11-16 21:51,60.00,35.00,0.00,0.00,30.19,0.00,10.00,CLR
NYC,2023-11-16 22:51,57.00,40.00,0.00,0.00,30.21,0.00,10.00,CLR
NYC,2023-11-16 23:51,59.00,37.00,3.00,M,30.21,0.00,10.00,CLR
NYC,2023-11-17 00:51,59.00,34.00,0.00,0.00,30.21,0.00,10.00,CLR
NYC,2023-11-17 01:51,59.00,34.00,3.00,M,30.20,0.00,10.00,CLR
NYC,2023-11-17 02:51,57.00,36.00,8.00,230.00,30.20,0.00,10.00,CLR
NYC,2023-11-17 03:51,58.00,36.00,6.00,240.00,30.19,0.00,10.00,CLR
NYC,2023-11-17 04:51,55.00,37.00,7.00,220.00,30.19,0.00,10.00,CLR
NYC,2023-11-17 05:51,55.00,38.00,4.00,M,30.18,0.00,10.00,CLR
NYC,2023-11-17 06:51,55.00,37.00,3.00,250.00,30.16,0.00,10.00,CLR
NYC,2023-11-17 07:51,54.00,41.00,3.00,230.00,30.15,0.00,10.00,CLR
NYC,2023-11-17 08:51,53.00,44.00,4.00,260.00,30.14,0.00,10.00,CLR
NYC,2023-11-17 09:51,53.00,45.00,5.00,250.00,30.14,0.00,10.00,CLR
NYC,2023-11-17 10:51,53.00,46.00,6.00,230.00,30.14,0.00,10.00,CLR
NYC,2023-11-17 11:51,53.00,46.00,6.00,M,30.14,0.00,10.00,CLR
NYC,2023-11-17 12:51,55.00,47.00,6.00,M,30.14,0.00,10.00,CLR
NYC,2023-11-17 13:51,59.00,48.00,3.00,M,30.13,0.00,10.00,CLR
NYC,2023-11-17 14:51,61.00,48.00,7.00,220.00,30.08,0.00,10.00,CLR
NYC,2023-11-17 15:51,64.00,48.00,M,M,30.05,0.00,10.00,CLR
NYC,2023-11-17 16:51,65.00,49.00,3.00,M,30.02,0.00,10.00,CLR
NYC,2023-11-17 17:51,65.00,49.00,4.00,M,29.98,0.00,10.00,CLR
NYC,2023-11-17 18:51,66.00,48.00,3.00,M,29.96,0.00,10.00,CLR
NYC,2023-11-17 19:51,67.00,50.00,4.00,M,29.95,0.00,10.00,CLR
NYC,2023-11-17 20:51,64.00,51.00,3.00,140.00,29.93,0.00,10.00,CLR
NYC,2023-11-17 21:51,63.00,51.00,3.00,M,29.92,0.00,10.00,CLR
NYC,2023-11-17 22:51,62.00,51.00,3.00,M,29.91,0.00,10.00,FEW
NYC,2023-11-17 23:51,64.00,51.00,0.00,0.00,29.89,0.00,10.00,CLR
NYC,2023-11-18 00:51,62.00,51.00,3.00,M,29.88,0.00,10.00,CLR
NYC,2023-11-18 01:51,63.00,51.00,4.00,M,29.86,0.00,10.00,CLR
NYC,2023-11-18 02:51,63.00,51.00,M,M,29.84,0.00,10.00,CLR
NYC,2023-11-18 03:51,62.00,51.00,3.00,210.00,29.82,0.00,10.00,CLR
NYC,2023-11-18 04:51,63.00,52.00,4.00,210.00,29.80,0.00,10.00,OVC
NYC,2023-11-18 05:51,62.00,52.00,M,M,29.78,0.00,10.00,BKN
NYC,2023-11-18 06:51,61.00,52.00,3.00,M,29.76,0.00,10.00,FEW
NYC,2023-11-18 07:51,61.00,52.00,0.00,0.00,29.74,T,10.00,OVC
NYC,2023-11-18 08:51,60.00,53.00,3.00,M,29.72,T,10.00,BKN
NYC,2023-11-18 09:51,60.00,53.00,0.00,0.00,29.71,T,10.00,OVC
NYC,2023-11-18 10:51,59.00,53.00,0.00,0.00,29.71,0.00,10.00,OVC
NYC,2023-11-18 11:51,58.00,53.00,8.00,300.00,29.73,0.00,10.00,SCT
NYC,2023-11-18 12:51,56.00,47.00,3.00,M,29.75,0.00,10.00,SCT
NYC,2023-11-18 13:51,54.00,45.00,0.00,0.00,29.78,0.00,10.00,OVC
NYC,2023-11-18 14:51,51.00,43.00,M,M,29.80,0.00,10.00,OVC
NYC,2023-11-18 15:51,51.00,41.00,7.00,310.00,29.77,0.00,10.00,OVC
NYC,2023-11-18 16:51,51.00,38.00,10.00,350.00,29.75,0.00,10.00,OVC
NYC,2023-11-18 17:51,51.00,33.00,8.00,310.00,29.74,0.00,10.00,CLR
NYC,2023-11-18 18:51,53.00,28.00,10.00,300.00,29.75,0.00,10.00,CLR
NYC,2023-11-18 19:51,53.00,21.00,7.00,350.00,29.76,0.00,10.00,CLR
NYC,2023-11-18 20:51,51.00,20.00,11.00,300.00,29.78,0.00,10.00,CLR
NYC,2023-11-18 21:51,49.00,20.00,9.00,300.00,29.80,0.00,10.00,CLR
NYC,2023-11-18 22:51,47.00,21.00,8.00,290.00,29.83,0.00,10.00,CLR
NYC,2023-11-18 23:51,46.00,21.00,7.00,290.00,29.86,0.00,10.00,CLR
NYC,2023-11-19 00:51,44.00,22.00,7.00,290.00,29.88,0.00,10.00,CLR
NYC,2023-11-19 01:51,43.00,22.00,7.00,300.00,29.89,0.00,10.00,CLR
NYC,2023-11-19 02:51,42.00,23.00,3.00,M,29.89,0.00,10.00,CLR
NYC,2023-11-19 03:51,42.00,24.00,3.00,290.00,29.89,0.00,10.00,CLR
NYC,2023-11-19 04:51,41.00,25.00,3.00,M,29.90,0.00,10.00,CLR
NYC,2023-11-19 05:51,41.00,26.00,4.00,270.00,29.90,0.00,10.00,CLR
NYC,2023-11-19 06:51,41.00,26.00,3.00,270.00,29.90,0.00,10.00,CLR
NYC,2023-11-19 07:51,41.00,26.00,3.00,M,29.92,0.00,10.00,CLR
NYC,2023-11-19 08:51,40.00,26.00,0.00,0.00,29.92,0.00,10.00,CLR
NYC,2023-11-19 09:51,41.00,26.00,3.00,M,29.93,0.00,10.00,CLR
NYC,2023-11-19 10:51,40.00,27.00,3.00,M,29.94,0.00,10.00,CLR
NYC,2023-11-19 11:51,40.00,27.00,4.00,M,29.95,0.00,10.00,CLR
NYC,2023-11-19 12:51,42.00,27.00,4.00,M,29.96,0.00,10.00,CLR
NYC,2023-11-19 13:51,45.00,29.00,3.00,M,29.97,0.00,10.00,CLR
NYC,2023-11-19 14:51,47.00,29.00,0.00,0.00,29.97,0.00,10.00,CLR
NYC,2023-11-19 15:51,50.00,31.00,3.00,M,29.96,0.00,10.00,CLR
NYC,2023-11-19 16:51,53.00,28.00,4.00,M,29.93,0.00,10.00,CLR
NYC,2023-11-19 17:51,55.00,27.00,5.00,M,29.91,0.00,10.00,CLR
NYC,2023-11-19 18:51,54.00,28.00,5.00,M,29.90,0.00,10.00,CLR
NYC,2023-11-19 19:51,55.00,27.00,7.00,250.00,29.90,0.00,10.00,CLR
NYC,2023-11-19 20:51,53.00,29.00,4.00,M,29.91,0.00,10.00,CLR
NYC,2023-11-19 21:51,53.00,30.00,6.00,M,29.93,0.00,10.00,CLR
NYC,2023-11-19 22:51,52.00,29.00,5.00,280.00,29.96,0.00,10.00,CLR
NYC,2023-11-19 23:51,51.00,28.00,3.00,M,29.98,0.00,10.00,CLR
NYC,2023-11-20 00:51,51.00,28.00,6.00,270.00,30.00,0.00,10.00,CLR
NYC,2023-11-20 01:51,50.00,29.00,3.00,M,30.05,0.00,10.00,CLR
NYC,2023-11-20 02:51,46.00,26.00,12.00,290.00,30.10,0.00,10.00,SCT
NYC,2023-11-20 03:51,44.00,21.00,5.00,M,30.12,0.00,10.00,CLR
NYC,2023-11-20 04:51,42.00,21.00,4.00,M,30.14,0.00,10.00,CLR
NYC,2023-11-20 05:51,41.00,22.00,3.00,M,30.16,0.00,10.00,CLR
NYC,2023-11-20 06:51,40.00,22.00,4.00,M,30.19,0.00,10.00,CLR
NYC,2023-11-20 07:51,39.00,23.00,4.00,M,30.21,0.00,10.00,CLR
NYC,2023-11-20 08:51,38.00,23.00,4.00,300.00,30.23,0.00,10.00,CLR
NYC,2023-11-20 09:51,38.00,24.00,3.00,M,30.25,0.00,10.00,CLR
NYC,2023-11-20 10:51,37.00,24.00,0.00,0.00,30.28,0.00,10.00,CLR
NYC,2023-11-20 11:51,37.00,23.00,3.00,M,30.32,0.00,10.00,CLR
NYC,2023-11-20 12:51,37.00,23.00,5.00,360.00,30.35,0.00,10.00,CLR
NYC,2023-11-20 13:51,39.00,24.00,6.00,M,30.36,0.00,10.00,CLR
NYC,2023-11-20 14:51,40.00,24.00,M,M,30.38,0.00,10.00,CLR
NYC,2023-11-20 15:51,42.00,22.00,0.00,0.00,30.38,0.00,10.00,CLR
NYC,2023-11-20 16:51,44.00,20.00,4.00,M,30.37,0.00,10.00,CLR
NYC,2023-11-20 17:51,45.00,18.00,5.00,M,30.37,0.00,10.00,CLR
NYC,2023-11-20 18:51,44.00,15.00,6.00,M,30.39,0.00,10.00,CLR
NYC,2023-11-20 19:51,45.00,16.00,4.00,M,30.40,0.00,10.00,CLR
NYC,2023-11-20 20:51,43.00,14.00,5.00,M,30.43,0.00,10.00,CLR
NYC,2023-11-20 21:51,42.00,14.00,6.00,50.00,30.44,0.00,10.00,CLR
NYC,2023-11-20 22:51,41.00,13.00,6.00,40.00,30.47,0.00,10.00,CLR
NYC,2023-11-20 23:51,41.00,10.00,5.00,40.00,30.49,0.00,10.00,CLR
NYC,2023-11-21 00:51,41.00,9.00,7.00,70.00,30.51,0.00,10.00,CLR
NYC,2023-11-21 01:51,40.00,10.00,3.00,M,30.53,0.00,10.00,CLR
NYC,2023-11-21 02:51,39.00,15.00,6.00,M,30.52,0.00,10.00,CLR
NYC,2023-11-21 03:51,37.00,17.00,5.00,60.00,30.54,0.00,10.00,CLR
NYC,2023-11-21 04:51,37.00,18.00,6.00,60.00,30.52,0.00,10.00,CLR
NYC,2023-11-21 05:51,36.00,19.00,4.00,M,30.55,0.00,10.00,CLR
NYC,2023-11-21 06:51,36.00,19.00,6.00,M,30.55,0.00,10.00,CLR
NYC,2023-11-21 07:51,35.00,19.00,9.00,50.00,30.56,0.00,10.00,CLR
NYC,2023-11-21 08:51,34.00,19.00,4.00,50.00,30.55,0.00,10.00,CLR
NYC,2023-11-21 09:51,34.00,19.00,6.00,M,30.55,0.00,10.00,CLR
NYC,2023-11-21 10:51,34.00,20.00,5.00,60.00,30.54,0.00,10.00,CLR
NYC,2023-11-21 11:51,34.00,22.00,8.00,60.00,30.54,0.00,10.00,CLR
NYC,2023-11-21 12:51,37.00,24.00,5.00,60.00,30.52,0.00,10.00,CLR
NYC,2023-11-21 13:51,40.00,24.00,6.00,M,30.52,0.00,10.00,CLR
NYC,2023-11-21 14:51,42.00,27.00,7.00,70.00,30.50,0.00,10.00,CLR
NYC,2023-11-21 15:51,44.00,28.00,6.00,M,30.48,0.00,10.00,FEW
NYC,2023-11-21 16:51,45.00,29.00,M,M,30.47,0.00,10.00,FEW
NYC,2023-11-21 17:51,46.00,30.00,3.00,M,30.44,0.00,10.00,OVC
NYC,2023-11-21 18:51,46.00,32.00,8.00,100.00,30.42,T,10.00,OVC
NYC,2023-11-21 19:51,45.00,35.00,5.00,M,30.40,T,10.00,OVC
NYC,2023-11-21 20:51,44.00,37.00,6.00,M,30.38,0.02,10.00,OVC
NYC,2023-11-21 21:51,43.00,38.00,10.00,100.00,30.34,0.01,10.00,SCT
NYC,2023-11-21 22:51,44.00,39.00,6.00,100.00,30.29,0.01,10.00,FEW
NYC,2023-11-21 23:51,45.00,40.00,6.00,M,30.26,0.01,10.00,BKN
NYC,2023-11-22 00:51,45.00,41.00,M,M,30.23,0.04,6.00,OVC
NYC,2023-11-22 01:51,46.00,43.00,7.00,100.00,30.20,0.04,4.00,OVC
NYC,2023-11-22 02:51,46.00,44.00,M,M,30.16,0.12,3.00,OVC
NYC,2023-11-22 03:51,47.00,44.00,7.00,100.00,30.11,0.13,2.50,OVC
NYC,2023-11-22 04:51,47.00,45.00,10.00,100.00,30.05,0.18,2.50,OVC
NYC,2023-11-22 05:51,48.00,46.00,M,M,29.98,0.17,4.00,OVC
NYC,2023-11-22 06:51,50.00,47.00,4.00,M,29.94,0.15,3.00,OVC
NYC,2023-11-22 07:51,51.00,49.00,5.00,M,29.90,0.32,1.50,OVC
NYC,2023-11-22 08:51,53.00,51.00,6.00,50.00,29.82,0.52,0.75,VV 
NYC,2023-11-22 09:51,52.00,50.00,6.00,50.00,29.76,0.61,1.50,OVC
NYC,2023-11-22 10:51,52.00,50.00,4.00,30.00,29.72,0.13,1.75,OVC
NYC,2023-11-22 11:51,52.00,49.00,6.00,300.00,29.71,0.03,2.50,OVC
NYC,2023-11-22 12:51,50.00,48.00,4.00,M,29.71,T,4.00,OVC
NYC,2023-11-22 13:51,51.00,49.00,5.00,M,29.72,0.00,10.00,OVC
NYC,2023-11-22 14:51,50.00,47.00,5.00,M,29.73,0.00,10.00,OVC
NYC,2023-11-22 15:51,51.00,46.00,7.00,270.00,29.73,0.00,10.00,OVC
NYC,2023-11-22 16:51,52.00,45.00,3.00,M,29.70,0.00,10.00,SCT
NYC,2023-11-22 17:51,53.00,44.00,8.00,300.00,29.67,0.00,10.00,BKN
NYC,2023-11-22 18:51,53.00,44.00,M,M,29.66,0.00,10.00,OVC
NYC,2023-11-22 20:51,54.00,43.00,5.00,300.00,29.66,0.00,10.00,OVC
NYC,2023-11-22 21:51,54.00,43.00,4.00,280.00,29.67,0.00,10.00,OVC
NYC,2023-11-22 22:51,54.00,44.00,3.00,M,29.67,0.00,10.00,OVC
NYC,2023-11-22 23:51,53.00,44.00,0.00,0.00,29.68,0.00,10.00,BKN
NYC,2023-11-23 00:51,51.00,44.00,0.00,0.00,29.69,0.00,10.00,SCT
NYC,2023-11-23 01:51,50.00,44.00,0.00,0.00,29.69,0.00,10.00,FEW
NYC,2023-11-23 02:51,49.00,43.00,0.00,0.00,29.69,0.00,10.00,OVC
NYC,2023-11-23 03:51,50.00,43.00,3.00,290.00,29.70,0.00,10.00,OVC
NYC,2023-11-23 04:51,51.00,43.00,6.00,M,29.70,0.00,10.00,OVC
NYC,2023-11-23 05:51,51.00,42.00,4.00,M,29.70,0.00,10.00,BKN
NYC,2023-11-23 06:51,51.00,41.00,7.00,290.00,29.71,0.00,10.00,SCT
NYC,2023-11-23 07:51,50.00,40.00,7.00,310.00,29.73,0.00,10.00,OVC
NYC,2023-11-23 08:51,50.00,38.00,11.00,300.00,29.75,0.00,10.00,OVC
NYC,2023-11-23 09:51,48.00,35.00,6.00,M,29.78,0.00,10.00,BKN
NYC,2023-11-23 10:51,46.00,35.00,7.00,290.00,29.81,0.00,10.00,FEW
NYC,2023-11-23 11:51,45.00,33.00,8.00,280.00,29.85,0.00,10.00,CLR
NYC,2023-11-23 12:51,44.00,32.00,6.00,M,29.89,0.00,10.00,BKN
NYC,2023-11-23 13:51,45.00,32.00,9.00,280.00,29.91,0.00,10.00,CLR
NYC,2023-11-23 14:51,46.00,31.00,7.00,300.00,29.91,0.00,10.00,CLR
NYC,2023-11-23 15:51,48.00,30.00,6.00,M,29.89,0.00,10.00,CLR
NYC,2023-11-23 16:51,49.00,28.00,8.00,290.00,29.87,0.00,10.00,CLR
NYC,2023-11-23 17:51,50.00,28.00,8.00,290.00,29.86,0.00,10.00,CLR
NYC,2023-11-23 18:51,51.00,29.00,8.00,300.00,29.87,0.00,10.00,CLR
NYC,2023-11-23 19:51,52.00,29.00,3.00,M,29.89,0.00,10.00,CLR
NYC,2023-11-23 20:51,51.00,30.00,5.00,290.00,29.90,0.00,10.00,CLR
NYC,2023-11-23 21:51,50.00,31.00,4.00,300.00,29.92,0.00,10.00,CLR
NYC,2023-11-23 22:51,49.00,31.00,5.00,290.00,29.96,0.00,10.00,CLR
NYC,2023-11-23 23:51,48.00,32.00,3.00,280.00,30.00,0.00,10.00,CLR
NYC,2023-11-24 00:51,48.00,32.00,0.00,0.00,29.99,0.00,10.00,CLR
NYC,2023-11-24 01:51,48.00,33.00,3.00,M,30.00,0.00,10.00,FEW
NYC,2023-11-24 02:51,47.00,33.00,3.00,290.00,30.01,0.00,10.00,BKN
NYC,2023-11-24 03:51,47.00,32.00,8.00,300.00,30.03,0.00,10.00,CLR
NYC,2023-11-24 04:51,47.00,32.00,7.00,290.00,30.05,0.00,10.00,CLR
NYC,2023-11-24 05:51,47.00,32.00,6.00,270.00,30.05,0.00,10.00,OVC
NYC,2023-11-24 06:51,47.00,32.00,3.00,M,30.06,0.00,10.00,OVC
NYC,2023-11-24 07:51,47.00,33.00,3.00,M,30.06,0.00,10.00,OVC
NYC,2023-11-24 08:51,47.00,33.00,3.00,M,30.08,0.00,10.00,OVC
NYC,2023-11-24 09:51,48.00,30.00,5.00,M,30.09,0.00,10.00,BKN
NYC,2023-11-24 10:51,47.00,30.00,4.00,M,30.11,0.00,10.00,OVC
NYC,2023-11-24 11:51,47.00,30.00,3.00,M,30.12,0.00,10.00,OVC
NYC,2023-11-24 12:51,47.00,30.00,5.00,M,30.14,0.00,10.00,BKN
NYC,2023-11-24 13:51,48.00,30.00,5.00,M,30.15,0.00,10.00,OVC
NYC,2023-11-24 14:51,48.00,29.00,4.00,M,30.15,0.00,10.00,SCT
NYC,2023-11-24 15:51,49.00,28.00,0.00,0.00,30.14,0.00,10.00,CLR
NYC,2023-11-24 16:51,51.00,28.00,6.00,M,30.12,0.00,10.00,CLR
NYC,2023-11-24 17:51,49.00,25.00,10.00,300.00,30.11,0.00,10.00,CLR
NYC,2023-11-24 18:51,49.00,21.00,6.00,290.00,30.11,0.00,10.00,CLR
NYC,2023-11-24 19:51,48.00,21.00,7.00,280.00,30.13,0.00,10.00,CLR
NYC,2023-11-24 20:51,47.00,19.00,11.00,300.00,30.16,0.00,10.00,CLR
NYC,2023-11-24 21:51,45.00,17.00,6.00,M,30.19,0.00,10.00,CLR
NYC,2023-11-24 22:51,42.00,19.00,6.00,M,30.22,0.00,10.00,CLR
NYC,2023-11-24 23:51,39.00,19.00,9.00,360.00,30.26,0.00,10.00,CLR
NYC,2023-11-25 00:51,37.00,17.00,5.00,M,30.28,0.00,10.00,CLR
NYC,2023-11-25 01:51,35.00,15.00,10.00,300.00,30.30,0.00,10.00,CLR
NYC,2023-11-25 02:51,34.00,13.00,6.00,M,30.33,0.00,10.00,CLR
NYC,2023-11-25 03:51,33.00,13.00,9.00,340.00,30.35,0.00,10.00,CLR
NYC,2023-11-25 04:51,33.00,12.00,0.00,0.00,30.36,0.00,10.00,CLR
NYC,2023-11-25 05:51,33.00,13.00,4.00,M,30.36,0.00,10.00,CLR
NYC,2023-11-25 06:51,32.00,14.00,6.00,290.00,30.37,0.00,10.00,CLR
NYC,2023-11-25 07:51,32.00,15.00,4.00,290.00,30.37,0.00,10.00,CLR
NYC,2023-11-25 08:51,32.00,16.00,4.00,M,30.37,0.00,10.00,CLR
NYC,2023-11-25 09:51,31.00,17.00,0.00,0.00,30.39,0.00,10.00,CLR
NYC,2023-11-25 10:51,32.00,18.00,3.00,30.00,30.41,0.00,10.00,CLR
NYC,2023-11-25 11:51,31.00,19.00,3.00,M,30.43,0.00,10.00,CLR
NYC,2023-11-25 12:51,32.00,18.00,5.00,50.00,30.46,0.00,10.00,CLR
NYC,2023-11-25 13:51,34.00,18.00,5.00,50.00,30.46,0.00,10.00,CLR
NYC,2023-11-25 14:51,36.00,18.00,3.00,M,30.47,0.00,10.00,CLR
NYC,2023-11-25 15:51,37.00,18.00,0.00,0.00,30.47,0.00,10.00,CLR
NYC,2023-11-25 16:51,38.00,18.00,0.00,0.00,30.43,0.00,10.00,CLR
NYC,2023-11-25 17:51,39.00,17.00,3.00,M,30.42,0.00,10.00,CLR
NYC,2023-11-25 18:51,39.00,17.00,3.00,M,30.41,0.00,10.00,CLR
NYC,2023-11-25 19:51,39.00,17.00,3.00,M,30.41,0.00,10.00,CLR
NYC,2023-11-25 20:51,39.00,16.00,0.00,0.00,30.40,0.00,10.00,CLR
NYC,2023-11-25 21:51,38.00,17.00,0.00,0.00,30.39,0.00,10.00,CLR
NYC,2023-11-25 22:51,38.00,18.00,0.00,0.00,30.39,0.00,10.00,CLR
NYC,2023-11-25 23:51,38.00,18.00,0.00,0.00,30.39,0.00,10.00,CLR
NYC,2023-11-26 00:51,37.00,21.00,0.00,0.00,30.38,0.00,10.00,CLR
NYC,2023-11-26 01:51,37.00,21.00,0.00,0.00,30.38,0.00,10.00,CLR
NYC,2023-11-26 02:51,38.00,21.00,0.00,0.00,30.36,0.00,10.00,CLR
NYC,2023-11-26 03:51,37.00,21.00,0.00,0.00,30.35,0.00,10.00,CLR
NYC,2023-11-26 04:51,37.00,23.00,3.00,270.00,30.35,0.00,10.00,CLR
NYC,2023-11-26 05:51,37.00,26.00,3.00,270.00,30.35,0.00,10.00,CLR
NYC,2023-11-26 06:51,36.00,25.00,0.00,0.00,30.34,0.00,10.00,CLR
NYC,2023-11-26 07:51,37.00,25.00,0.00,0.00,30.34,0.00,10.00,CLR
NYC,2023-11-26 08:51,36.00,24.00,0.00,0.00,30.32,0.00,10.00,CLR
NYC,2023-11-26 09:51,36.00,25.00,0.00,0.00,30.31,0.00,10.00,CLR
NYC,2023-11-26 10:51,37.00,25.00,0.00,0.00,30.31,0.00,10.00,CLR
NYC,2023-11-26 11:51,37.00,26.00,4.00,20.00,30.30,0.00,10.00,CLR
NYC,2023-11-26 12:51,38.00,29.00,4.00,80.00,30.29,0.00,10.00,BKN
NYC,2023-11-26 13:51,40.00,29.00,4.00,M,30.27,0.00,10.00,OVC
NYC,2023-11-26 14:51,43.00,29.00,4.00,70.00,30.26,0.00,10.00,BKN
NYC,2023-11-26 15:51,46.00,31.00,5.00,70.00,30.23,0.00,10.00,BKN
NYC,2023-11-26 16:51,48.00,33.00,3.00,M,30.19,0.00,10.00,BKN
NYC,2023-11-26 17:51,49.00,36.00,5.00,M,30.17,0.00,10.00,OVC
NYC,2023-11-26 18:51,50.00,38.00,3.00,M,30.14,0.00,10.00,OVC
NYC,2023-11-26 19:51,49.00,42.00,3.00,M,30.11,T,10.00,BKN
NYC,2023-11-26 20:51,48.00,43.00,4.00,M,30.07,0.01,9.00,OVC
NYC,2023-11-26 21:51,48.00,44.00,4.00,M,30.02,0.01,8.00,OVC
NYC,2023-11-26 22:51,49.00,45.00,4.00,M,29.99,0.01,5.00,OVC
NYC,2023-11-26 23:51,50.00,47.00,5.00,M,29.94,0.02,7.00,SCT
NYC,2023-11-27 00:51,50.00,47.00,6.00,M,29.85,0.02,10.00,FEW
NYC,2023-11-27 01:51,51.00,47.00,7.00,120.00,29.79,0.01,10.00,OVC
NYC,2023-11-27 02:51,52.00,49.00,6.00,M,29.68,0.01,3.00,OVC
NYC,2023-11-27 03:51,53.00,51.00,10.00,130.00,29.61,0.13,1.75,OVC
NYC,2023-11-27 04:51,55.00,53.00,10.00,140.00,29.58,0.05,3.00,OVC
NYC,2023-11-27 05:51,51.00,48.00,6.00,280.00,29.61,0.09,10.00,OVC
NYC,2023-11-27 06:51,50.00,47.00,5.00,M,29.65,0.00,10.00,BKN
NYC,2023-11-27 07:51,49.00,46.00,M,M,29.66,0.00,10.00,CLR
NYC,2023-11-27 08:51,48.00,44.00,9.00,240.00,29.68,0.00,10.00,OVC
NYC,2023-11-27 09:51,46.00,42.00,6.00,M,29.70,0.00,10.00,CLR
NYC,2023-11-27 10:51,44.00,40.00,9.00,240.00,29.71,0.00,10.00,CLR
NYC,2023-11-27 11:51,43.00,39.00,7.00,250.00,29.74,0.00,10.00,FEW
NYC,2023-11-27 12:51,43.00,38.00,4.00,M,29.75,0.00,8.00,CLR
NYC,2023-11-27 13:51,45.00,39.00,0.00,0.00,29.77,0.00,8.00,CLR
NYC,2023-11-27 14:51,48.00,38.00,7.00,280.00,29.77,0.00,10.00,CLR
NYC,2023-11-27 15:51,49.00,37.00,8.00,270.00,29.75,0.00,10.00,FEW
NYC,2023-11-27 16:51,52.00,34.00,5.00,M,29.74,0.00,10.00,BKN
NYC,2023-11-27 17:51,49.00,32.00,5.00,M,29.73,0.00,10.00,BKN
NYC,2023-11-27 18:51,50.00,31.00,6.00,M,29.73,0.00,10.00,OVC
NYC,2023-11-27 19:51,50.00,30.00,3.00,M,29.73,0.00,10.00,FEW
NYC,2023-11-27 20:51,49.00,30.00,4.00,270.00,29.75,0.00,10.00,FEW
NYC,2023-11-27 21:51,47.00,27.00,M,M,29.78,0.00,10.00,OVC
NYC,2023-11-27 22:51,45.00,25.00,8.00,280.00,29.80,0.00,10.00,BKN
NYC,2023-11-27 23:51,43.00,25.00,8.00,270.00,29.82,0.00,10.00,FEW
NYC,2023-11-28 00:51,41.00,24.00,7.00,280.00,29.83,0.00,10.00,CLR
NYC,2023-11-28 01:51,39.00,23.00,5.00,M,29.83,0.00,10.00,CLR
NYC,2023-11-28 02:51,38.00,22.00,5.00,260.00,29.83,0.00,10.00,CLR
NYC,2023-11-28 03:51,37.00,21.00,5.00,M,29.83,0.00,10.00,CLR
NYC,2023-11-28 04:51,36.00,20.00,7.00,280.00,29.83,0.00,10.00,SCT
NYC,2023-11-28 05:51,36.00,18.00,5.00,M,29.83,0.00,10.00,CLR
NYC,2023-11-28 06:51,36.00,19.00,9.00,280.00,29.83,0.00,10.00,CLR
NYC,2023-11-28 07:51,36.00,15.00,8.00,270.00,29.83,0.00,10.00,CLR
NYC,2023-11-28 08:51,35.00,15.00,7.00,290.00,29.83,0.00,10.00,CLR
NYC,2023-11-28 09:51,34.00,14.00,8.00,270.00,29.83,0.00,10.00,CLR
NYC,2023-11-28 10:51,34.00,13.00,9.00,270.00,29.84,0.00,10.00,CLR
NYC,2023-11-28 11:51,34.00,13.00,8.00,280.00,29.85,0.00,10.00,CLR
NYC,2023-11-28 12:51,34.00,14.00,11.00,280.00,29.86,0.00,10.00,CLR
NYC,2023-11-28 13:51,35.00,13.00,9.00,290.00,29.85,0.00,10.00,CLR
NYC,2023-11-28 14:51,37.00,14.00,9.00,270.00,29.85,0.00,10.00,CLR
NYC,2023-11-28 15:51,38.00,13.00,12.00,270.00,29.84,0.00,10.00,CLR
NYC,2023-11-28 16:51,40.00,12.00,10.00,280.00,29.83,0.00,10.00,FEW
NYC,2023-11-28 17:51,38.00,14.00,9.00,290.00,29.83,0.00,10.00,FEW
NYC,2023-11-28 18:51,36.00,17.00,13.00,300.00,29.86,0.00,10.00,BKN
NYC,2023-11-28 19:51,35.00,16.00,4.00,M,29.88,0.00,10.00,BKN
NYC,2023-11-28 20:51,34.00,14.00,9.00,280.00,29.91,0.00,10.00,FEW
NYC,2023-11-28 21:51,33.00,17.00,5.00,M,29.94,0.00,10.00,CLR
NYC,2023-11-28 22:51,33.00,14.00,9.00,280.00,29.97,0.00,10.00,CLR
NYC,2023-11-28 23:51,33.00,14.00,7.00,290.00,30.00,0.00,10.00,FEW
NYC,2023-11-29 00:51,33.00,12.00,6.00,M,30.01,0.00,10.00,CLR
NYC,2023-11-29 01:51,33.00,12.00,6.00,M,30.01,0.00,10.00,CLR
NYC,2023-11-29 02:51,33.00,12.00,7.00,270.00,30.02,0.00,10.00,CLR
NYC,2023-11-29 03:51,33.00,11.00,10.00,270.00,30.03,0.00,10.00,CLR
NYC,2023-11-29 04:51,32.00,12.00,9.00,280.00,30.03,0.00,10.00,CLR
NYC,2023-11-29 05:51,31.00,13.00,M,M,30.04,0.00,10.00,CLR
NYC,2023-11-29 06:51,30.00,14.00,3.00,M,30.07,0.00,10.00,CLR
NYC,2023-11-29 07:51,29.00,13.00,6.00,M,30.08,0.00,10.00,CLR
NYC,2023-11-29 08:51,28.00,14.00,M,M,30.10,0.00,10.00,CLR
NYC,2023-11-29 09:51,28.00,14.00,7.00,280.00,30.11,0.00,10.00,CLR
NYC,2023-11-29 10:51,28.00,15.00,3.00,M,30.13,0.00,10.00,CLR
NYC,2023-11-29 11:51,27.00,14.00,4.00,M,30.14,0.00,10.00,CLR
NYC,2023-11-29 12:51,27.00,14.00,M,M,30.15,0.00,10.00,CLR
NYC,2023-11-29 13:51,29.00,14.00,4.00,M,30.15,0.00,10.00,CLR
NYC,2023-11-29 14:51,30.00,14.00,6.00,270.00,30.16,0.00,10.00,CLR
NYC,2023-11-29 15:51,34.00,15.00,3.00,M,30.14,0.00,10.00,CLR
NYC,2023-11-29 16:51,36.00,14.00,4.00,M,30.12,0.00,10.00,CLR
NYC,2023-11-29 17:51,37.00,12.00,4.00,M,30.09,0.00,10.00,CLR
NYC,2023-11-29 18:51,37.00,12.00,M,M,30.08,0.00,10.00,CLR
NYC,2023-11-29 19:51,36.00,11.00,6.00,M,30.07,0.00,10.00,FEW
NYC,2023-11-29 20:51,36.00,10.00,6.00,M,30.06,0.00,10.00,OVC
NYC,2023-11-29 21:51,34.00,11.00,0.00,0.00,30.07,0.00,10.00,CLR
NYC,2023-11-29 22:51,34.00,11.00,5.00,M,30.07,0.00,10.00,CLR
NYC,2023-11-29 23:51,34.00,12.00,0.00,0.00,30.07,0.00,10.00,CLR
NYC,2023-12-01 00:51,49.00,27.00,8.00,200.00,30.15,0.00,10.00,CLR
NYC,2023-12-01 01:51,48.00,28.00,4.00,M,30.15,0.00,10.00,CLR
NYC,2023-12-01 02:51,48.00,28.00,6.00,M,30.16,0.00,10.00,CLR
NYC,2023-12-01 03:51,47.00,29.00,6.00,M,30.17,0.00,10.00,CLR
NYC,2023-12-01 04:51,46.00,29.00,6.00,M,30.17,0.00,10.00,CLR
NYC,2023-12-01 05:51,45.00,30.00,5.00,M,30.16,0.00,10.00,CLR
NYC,2023-12-01 06:51,45.00,30.00,4.00,M,30.17,0.00,10.00,CLR
NYC,2023-12-01 07:51,44.00,30.00,5.00,M,30.17,0.00,10.00,CLR
NYC,2023-12-01 08:51,44.00,31.00,4.00,230.00,30.17,0.00,10.00,CLR
NYC,2023-12-01 09:51,44.00,31.00,4.00,240.00,30.17,0.00,10.00,CLR
NYC,2023-12-01 10:51,43.00,32.00,5.00,M,30.18,0.00,10.00,CLR
NYC,2023-12-01 11:51,44.00,32.00,5.00,M,30.18,0.00,10.00,CLR
NYC,2023-12-01 12:51,44.00,33.00,0.00,0.00,30.19,0.00,10.00,CLR
NYC,2023-12-01 13:51,46.00,33.00,3.00,M,30.19,0.00,10.00,CLR
NYC,2023-12-01 14:51,49.00,33.00,0.00,0.00,30.17,0.00,10.00,CLR
NYC,2023-12-01 15:51,50.00,34.00,0.00,0.00,30.17,0.00,9.00,CLR
NYC,2023-12-01 16:51,49.00,34.00,0.00,0.00,30.19,0.00,10.00,OVC
NYC,2023-12-01 17:51,45.00,39.00,3.00,M,30.18,0.02,4.00,OVC
NYC,2023-12-01 18:51,45.00,42.00,3.00,M,30.16,0.02,4.00,SCT
NYC,2023-12-01 19:51,47.00,39.00,3.00,M,30.13,0.00,9.00,OVC
NYC,2023-12-01 20:51,47.00,39.00,M,M,30.11,0.00,10.00,BKN
NYC,2023-12-01 21:51,46.00,40.00,3.00,130.00,30.11,0.01,8.00,OVC
NYC,2023-12-01 22:51,47.00,42.00,3.00,M,30.11,0.06,5.00,OVC
NYC,2023-12-01 23:51,46.00,42.00,6.00,M,30.10,0.12,3.00,FEW
NYC,2023-12-02 00:51,46.00,43.00,3.00,M,30.10,0.09,3.00,BKN
NYC,2023-12-02 01:51,47.00,44.00,0.00,0.00,30.09,0.08,4.00,OVC
NYC,2023-12-02 02:51,47.00,45.00,3.00,M,30.06,0.01,7.00,FEW
NYC,2023-12-02 03:51,48.00,45.00,3.00,M,30.04,T,8.00,BKN
NYC,2023-12-02 04:51,48.00,44.00,6.00,250.00,30.03,T,6.00,OVC
NYC,2023-12-02 05:51,48.00,44.00,5.00,M,30.02,0.00,5.00,OVC
NYC,2023-12-02 06:51,47.00,44.00,0.00,0.00,30.02,0.00,4.00,OVC
NYC,2023-12-02 07:51,47.00,44.00,7.00,250.00,30.03,0.00,5.00,OVC
NYC,2023-12-02 08:51,47.00,44.00,0.00,0.00,30.03,0.00,4.00,OVC
NYC,2023-12-02 09:51,47.00,44.00,0.00,0.00,30.03,0.00,5.00,OVC
NYC,2023-12-02 10:51,47.00,44.00,3.00,M,30.03,0.00,4.00,OVC
NYC,2023-12-02 11:51,47.00,44.00,3.00,M,30.04,0.00,4.00,OVC
NYC,2023-12-02 12:51,47.00,44.00,4.00,240.00,30.04,0.00,2.50,OVC
NYC,2023-12-02 13:51,48.00,45.00,6.00,230.00,30.04,0.00,3.00,OVC
NYC,2023-12-02 14:51,49.00,45.00,4.00,M,30.05,0.00,4.00,OVC
NYC,2023-12-02 15:51,50.00,45.00,0.00,0.00,30.04,0.00,5.00,CLR
NYC,2023-12-02 16:51,53.00,46.00,4.00,M,30.03,0.00,8.00,CLR
NYC,2023-12-02 17:51,56.00,46.00,3.00,300.00,30.02,0.00,9.00,CLR
NYC,2023-12-02 18:51,58.00,47.00,0.00,0.00,30.01,0.00,10.00,CLR
NYC,2023-12-02 19:51,59.00,47.00,0.00,0.00,30.00,0.00,10.00,CLR
NYC,2023-12-02 20:51,58.00,48.00,0.00,0.00,30.01,0.00,9.00,CLR
NYC,2023-12-02 21:51,57.00,48.00,0.00,0.00,30.01,0.00,8.00,CLR
NYC,2023-12-02 22:51,55.00,48.00,0.00,0.00,30.02,0.00,7.00,FEW
NYC,2023-12-02 23:51,54.00,48.00,0.00,0.00,30.03,0.00,6.00,FEW
NYC,2023-12-03 00:51,53.00,48.00,0.00,0.00,30.04,0.00,6.00,CLR
NYC,2023-12-03 01:51,52.00,48.00,0.00,0.00,30.03,0.00,5.00,CLR
NYC,2023-12-03 02:51,53.00,48.00,3.00,130.00,30.03,0.00,6.00,FEW
NYC,2023-12-03 03:51,52.00,48.00,0.00,0.00,30.03,0.00,5.00,BKN
NYC,2023-12-03 04:51,52.00,48.00,3.00,60.00,30.02,0.00,4.00,BKN
NYC,2023-12-03 05:51,50.00,47.00,5.00,50.00,30.00,0.00,3.00,SCT
NYC,2023-12-03 06:51,50.00,48.00,0.00,0.00,30.01,T,3.00,OVC
NYC,2023-12-03 07:51,50.00,47.00,4.00,60.00,30.00,0.01,2.50,OVC
NYC,2023-12-03 08:51,49.00,46.00,8.00,50.00,29.96,0.00,2.50,OVC
NYC,2023-12-03 09:51,49.00,47.00,8.00,60.00,29.95,0.01,3.00,OVC
NYC,2023-12-03 10:51,49.00,46.00,4.00,M,29.95,0.06,3.00,OVC
NYC,2023-12-03 11:51,51.00,47.00,5.00,M,29.93,0.07,4.00,OVC
NYC,2023-12-03 12:51,52.00,47.00,7.00,100.00,29.89,0.03,6.00,OVC
NYC,2023-12-03 13:51,53.00,48.00,4.00,M,29.88,0.02,1.25,OVC
NYC,2023-12-03 14:51,52.00,48.00,6.00,100.00,29.88,0.15,3.00,BKN
NYC,2023-12-03 15:51,52.00,47.00,8.00,70.00,29.84,0.03,5.00,OVC
NYC,2023-12-03 16:51,53.00,48.00,6.00,100.00,29.79,0.03,4.00,OVC
NYC,2023-12-03 17:51,53.00,48.00,5.00,M,29.74,0.01,3.00,OVC
NYC,2023-12-03 18:51,53.00,48.00,6.00,60.00,29.72,0.04,1.75,OVC
NYC,2023-12-03 19:51,52.00,47.00,6.00,M,29.73,0.02,1.75,OVC
NYC,2023-12-03 20:51,52.00,47.00,11.00,60.00,29.71,0.03,3.00,OVC
NYC,2023-12-03 21:51,51.00,46.00,13.00,70.00,29.69,0.01,5.00,OVC
NYC,2023-12-03 22:51,50.00,45.00,14.00,70.00,29.69,0.00,7.00,OVC
NYC,2023-12-03 23:51,50.00,45.00,10.00,90.00,29.69,0.00,6.00,OVC
NYC,2023-12-04 00:51,50.00,46.00,9.00,60.00,29.69,0.01,3.00,OVC
NYC,2023-12-04 01:51,51.00,46.00,5.00,70.00,29.69,0.01,4.00,OVC
NYC,2023-12-04 02:51,50.00,46.00,3.00,80.00,29.70,0.01,7.00,OVC
NYC,2023-12-04 03:51,50.00,45.00,3.00,30.00,29.71,0.00,6.00,OVC
NYC,2023-12-04 04:51,50.00,44.00,0.00,0.00,29.71,0.00,3.00,OVC
NYC,2023-12-04 05:51,49.00,44.00,3.00,310.00,29.70,0.00,5.00,CLR
NYC,2023-12-04 06:51,49.00,43.00,4.00,M,29.70,0.00,10.00,CLR
NYC,2023-12-04 07:51,49.00,43.00,3.00,M,29.71,0.00,10.00,CLR
NYC,2023-12-04 08:51,48.00,41.00,M,M,29.74,0.00,10.00,CLR
NYC,2023-12-04 09:51,48.00,40.00,4.00,M,29.75,0.00,10.00,FEW
NYC,2023-12-04 10:51,47.00,38.00,4.00,M,29.77,0.00,10.00,CLR
NYC,2023-12-04 11:51,46.00,37.00,6.00,M,29.78,0.00,10.00,CLR
NYC,2023-12-04 12:51,47.00,37.00,0.00,0.00,29.80,0.00,10.00,CLR
NYC,2023-12-04 13:51,48.00,38.00,5.00,250.00,29.82,0.00,10.00,CLR
NYC,2023-12-04 14:51,50.00,38.00,M,M,29.82,0.00,10.00,CLR
NYC,2023-12-04 15:51,50.00,36.00,11.00,240.00,29.81,0.00,10.00,CLR
NYC,2023-12-04 16:51,52.00,37.00,6.00,M,29.80,0.00,10.00,CLR
NYC,2023-12-04 17:51,51.00,34.00,6.00,270.00,29.80,0.00,10.00,FEW
NYC,2023-12-04 18:51,50.00,33.00,7.00,290.00,29.77,0.00,10.00,FEW
NYC,2023-12-04 19:51,50.00,33.00,3.00,M,29.76,0.00,10.00,FEW
NYC,2023-12-04 20:51,50.00,32.00,7.00,280.00,29.78,0.00,10.00,BKN
NYC,2023-12-04 21:51,49.00,32.00,4.00,M,29.80,0.00,10.00,FEW
NYC,2023-12-04 22:51,48.00,32.00,8.00,270.00,29.83,0.00,10.00,SCT
NYC,2023-12-04 23:51,47.00,31.00,8.00,280.00,29.84,0.00,10.00,CLR
NYC,2023-12-05 00:51,46.00,32.00,7.00,280.00,29.86,0.00,10.00,CLR
NYC,2023-12-05 01:51,45.00,32.00,M,M,29.87,0.00,10.00,CLR
NYC,2023-12-05 02:51,44.00,32.00,6.00,M,29.88,0.00,10.00,CLR
NYC,2023-12-05 03:51,43.00,31.00,7.00,280.00,29.89,0.00,10.00,CLR
NYC,2023-12-05 04:51,43.00,32.00,0.00,0.00,29.91,0.00,10.00,CLR
NYC,2023-12-05 05:51,42.00,32.00,5.00,280.00,29.92,0.00,10.00,CLR
NYC,2023-12-05 06:51,42.00,32.00,4.00,M,29.94,0.00,10.00,CLR
NYC,2023-12-05 07:51,41.00,32.00,6.00,280.00,29.96,0.00,10.00,CLR
NYC,2023-12-05 08:51,41.00,30.00,4.00,310.00,29.97,0.00,10.00,CLR
NYC,2023-12-05 09:51,40.00,29.00,0.00,0.00,29.98,0.00,10.00,BKN
NYC,2023-12-05 10:51,40.00,26.00,6.00,M,30.00,0.00,10.00,SCT
NYC,2023-12-05 11:51,38.00,24.00,3.00,M,30.02,0.00,10.00,CLR
NYC,2023-12-05 12:51,38.00,23.00,5.00,290.00,30.04,0.00,10.00,CLR
NYC,2023-12-05 13:51,39.00,22.00,6.00,310.00,30.06,0.00,10.00,CLR
NYC,2023-12-05 14:51,41.00,23.00,5.00,M,30.07,0.00,10.00,CLR
NYC,2023-12-05 15:51,41.00,23.00,0.00,0.00,30.05,0.00,10.00,CLR
NYC,2023-12-05 16:51,43.00,23.00,5.00,M,30.06,0.00,10.00,CLR
NYC,2023-12-05 17:51,42.00,22.00,6.00,M,30.05,0.00,10.00,FEW
NYC,2023-12-05 18:51,43.00,23.00,0.00,0.00,30.03,0.00,10.00,CLR
NYC,2023-12-05 19:51,43.00,23.00,0.00,0.00,30.03,0.00,10.00,CLR
NYC,2023-12-05 20:51,42.00,22.00,4.00,M,30.04,0.00,10.00,FEW
NYC,2023-12-05 21:51,42.00,23.00,3.00,M,30.04,0.00,10.00,CLR
NYC,2023-12-05 22:51,41.00,23.00,4.00,10.00,30.04,0.00,10.00,CLR
NYC,2023-12-05 23:51,41.00,23.00,0.00,0.00,30.05,0.00,10.00,SCT
NYC,2023-12-06 00:51,41.00,22.00,0.00,0.00,30.05,0.00,10.00,BKN
NYC,2023-12-06 01:51,40.00,22.00,3.00,M,30.04,0.00,10.00,FEW
NYC,2023-12-06 02:51,40.00,23.00,4.00,30.00,30.03,0.00,10.00,OVC
NYC,2023-12-06 03:51,39.00,27.00,6.00,40.00,30.03,0.00,10.00,BKN
NYC,2023-12-06 04:51,39.00,26.00,7.00,60.00,30.01,0.00,10.00,SCT
NYC,2023-12-06 05:51,38.00,26.00,3.00,30.00,29.99,0.00,10.00,CLR
NYC,2023-12-06 06:51,38.00,23.00,5.00,40.00,29.99,0.00,10.00,CLR
NYC,2023-12-06 07:51,37.00,23.00,4.00,10.00,30.00,0.00,10.00,SCT
NYC,2023-12-06 08:51,37.00,23.00,4.00,M,29.99,0.00,10.00,BKN
NYC,2023-12-06 09:51,37.00,25.00,5.00,40.00,29.99,0.00,10.00,FEW
NYC,2023-12-06 10:51,36.00,24.00,6.00,M,30.00,0.00,10.00,OVC
NYC,2023-12-06 11:51,36.00,24.00,4.00,30.00,30.01,0.00,10.00,CLR
NYC,2023-12-06 12:51,37.00,24.00,0.00,0.00,30.01,0.00,10.00,BKN
NYC,2023-12-06 13:51,38.00,27.00,0.00,0.00,30.02,0.00,10.00,BKN
NYC,2023-12-06 14:51,38.00,28.00,3.00,M,30.04,0.00,10.00,FEW
NYC,2023-12-06 15:51,40.00,27.00,7.00,10.00,30.02,0.00,10.00,FEW
NYC,2023-12-06 16:51,41.00,25.00,4.00,M,29.99,0.00,10.00,BKN
NYC,2023-12-06 17:51,41.00,24.00,7.00,320.00,29.98,0.00,10.00,BKN
NYC,2023-12-06 18:51,41.00,22.00,6.00,M,29.97,0.00,10.00,FEW
NYC,2023-12-06 19:51,39.00,23.00,11.00,300.00,29.99,0.00,10.00,OVC
NYC,2023-12-06 20:51,39.00,20.00,M,M,29.99,0.00,10.00,FEW
NYC,2023-12-06 21:51,38.00,17.00,7.00,320.00,30.00,0.00,10.00,BKN
NYC,2023-12-06 22:51,37.00,16.00,4.00,M,30.02,0.00,10.00,BKN
NYC,2023-12-06 23:51,38.00,18.00,3.00,M,30.03,0.00,10.00,OVC
NYC,2023-12-07 00:51,37.00,18.00,7.00,320.00,30.04,0.00,10.00,OVC
NYC,2023-12-07 01:51,37.00,18.00,M,M,30.05,0.00,10.00,OVC
NYC,2023-12-07 02:51,36.00,17.00,11.00,290.00,30.06,0.00,10.00,SCT
NYC,2023-12-07 03:51,35.00,15.00,6.00,M,30.07,0.00,10.00,BKN
NYC,2023-12-07 04:51,34.00,14.00,8.00,300.00,30.07,0.00,10.00,CLR
NYC,2023-12-07 05:51,33.00,15.00,3.00,M,30.06,0.00,10.00,CLR
NYC,2023-12-07 06:51,33.00,17.00,5.00,280.00,30.07,0.00,10.00,BKN
NYC,2023-12-07 07:51,33.00,17.00,6.00,280.00,30.06,0.00,10.00,SCT
NYC,2023-12-07 08:51,32.00,16.00,8.00,290.00,30.07,0.00,10.00,CLR
NYC,2023-12-07 09:51,32.00,16.00,6.00,280.00,30.07,0.00,10.00,CLR
NYC,2023-12-07 10:51,32.00,16.00,7.00,270.00,30.07,0.00,10.00,CLR
NYC,2023-12-07 11:51,32.00,16.00,3.00,M,30.08,0.00,10.00,CLR
NYC,2023-12-07 12:51,33.00,17.00,3.00,M,30.08,0.00,10.00,FEW
NYC,2023-12-07 13:51,34.00,18.00,0.00,0.00,30.08,0.00,10.00,OVC
NYC,2023-12-07 14:51,35.00,18.00,6.00,240.00,30.08,0.00,10.00,BKN
NYC,2023-12-07 15:51,36.00,22.00,M,M,30.06,T,10.00,OVC
NYC,2023-12-07 16:51,36.00,26.00,7.00,240.00,30.01,0.00,10.00,OVC
NYC,2023-12-07 17:51,36.00,26.00,8.00,250.00,30.00,0.00,10.00,FEW
NYC,2023-12-07 18:51,37.00,28.00,M,M,29.95,0.00,10.00,BKN
NYC,2023-12-07 19:51,38.00,29.00,7.00,270.00,29.97,0.00,10.00,OVC
NYC,2023-12-07 20:51,38.00,30.00,8.00,280.00,29.99,0.00,9.00,OVC
NYC,2023-12-07 21:51,38.00,30.00,6.00,280.00,30.00,0.00,10.00,OVC
NYC,2023-12-07 22:51,39.00,29.00,8.00,270.00,30.01,0.00,10.00,OVC
NYC,2023-12-07 23:51,38.00,29.00,5.00,250.00,30.03,0.00,10.00,FEW
NYC,2023-12-08 00:51,38.00,29.00,3.00,M,30.04,0.00,9.00,CLR
NYC,2023-12-08 01:51,38.00,29.00,4.00,M,30.05,0.00,9.00,CLR
NYC,2023-12-08 02:51,39.00,29.00,4.00,M,30.06,0.00,9.00,BKN
NYC,2023-12-08 03:51,39.00,29.00,3.00,260.00,30.06,0.00,10.00,CLR
NYC,2023-12-08 04:51,39.00,29.00,5.00,260.00,30.07,0.00,10.00,CLR
NYC,2023-12-08 05:51,39.00,30.00,5.00,280.00,30.08,0.00,10.00,OVC
NYC,2023-12-08 06:51,39.00,29.00,3.00,260.00,30.09,0.00,10.00,BKN
NYC,2023-12-08 07:51,39.00,30.00,0.00,0.00,30.10,0.00,10.00,BKN
NYC,2023-12-08 08:51,39.00,30.00,0.00,0.00,30.11,0.00,10.00,BKN
NYC,2023-12-08 09:51,40.00,30.00,0.00,0.00,30.13,0.00,10.00,BKN
NYC,2023-12-08 10:51,40.00,30.00,3.00,280.00,30.15,0.00,10.00,CLR
NYC,2023-12-08 11:51,40.00,30.00,3.00,270.00,30.16,0.00,10.00,CLR
NYC,2023-12-08 12:51,41.00,30.00,0.00,0.00,30.17,0.00,10.00,CLR
NYC,2023-12-08 13:51,42.00,30.00,3.00,300.00,30.21,0.00,10.00,CLR
NYC,2023-12-08 14:51,45.00,30.00,0.00,0.00,30.22,0.00,10.00,CLR
NYC,2023-12-08 15:51,47.00,32.00,3.00,290.00,30.20,0.00,8.00,SCT
NYC,2023-12-08 16:51,49.00,31.00,3.00,130.00,30.19,0.00,8.00,BKN
NYC,2023-12-08 17:51,50.00,29.00,0.00,0.00,30.19,0.00,10.00,CLR
NYC,2023-12-08 18:51,50.00,29.00,M,M,30.18,0.00,10.00,CLR
NYC,2023-12-08 19:51,50.00,30.00,0.00,0.00,30.18,0.00,10.00,CLR
NYC,2023-12-08 20:51,49.00,31.00,6.00,140.00,30.20,0.00,10.00,OVC
NYC,2023-12-08 21:51,47.00,32.00,M,M,30.20,0.00,10.00,CLR
NYC,2023-12-08 22:51,47.00,32.00,4.00,170.00,30.21,0.00,10.00,SCT
NYC,2023-12-08 23:51,47.00,34.00,5.00,M,30.23,0.00,10.00,SCT
NYC,2023-12-09 00:51,47.00,34.00,3.00,M,30.23,0.00,10.00,SCT
NYC,2023-12-09 01:51,47.00,34.00,4.00,160.00,30.24,0.00,10.00,CLR
NYC,2023-12-09 02:51,47.00,33.00,3.00,M,30.24,0.00,10.00,CLR
NYC,2023-12-09 03:51,48.00,35.00,3.00,140.00,30.24,0.00,10.00,CLR
NYC,2023-12-09 04:51,48.00,37.00,3.00,M,30.24,0.00,10.00,CLR
NYC,2023-12-09 05:51,48.00,38.00,3.00,M,30.24,0.00,10.00,CLR
NYC,2023-12-09 06:51,48.00,40.00,0.00,0.00,30.24,0.00,10.00,CLR
NYC,2023-12-09 07:51,48.00,41.00,3.00,M,30.23,0.00,10.00,CLR
NYC,2023-12-09 08:51,48.00,41.00,3.00,150.00,30.23,0.00,10.00,CLR
NYC,2023-12-09 09:51,46.00,41.00,3.00,100.00,30.22,0.00,9.00,CLR
NYC,2023-12-09 10:51,44.00,41.00,3.00,50.00,30.23,0.00,7.00,CLR
NYC,2023-12-09 11:51,44.00,40.00,4.00,40.00,30.23,0.00,6.00,CLR
NYC,2023-12-09 12:51,45.00,41.00,3.00,30.00,30.23,0.00,5.00,OVC
NYC,2023-12-09 13:51,48.00,43.00,3.00,40.00,30.24,0.00,6.00,OVC
NYC,2023-12-09 14:51,50.00,44.00,3.00,30.00,30.25,0.00,6.00,OVC
NYC,2023-12-09 15:51,55.00,47.00,0.00,0.00,30.24,0.00,8.00,FEW
NYC,2023-12-09 16:51,57.00,46.00,0.00,0.00,30.21,0.00,9.00,FEW
NYC,2023-12-09 17:51,58.00,44.00,0.00,0.00,30.18,0.00,10.00,CLR
NYC,2023-12-09 18:51,58.00,41.00,0.00,0.00,30.17,0.00,10.00,CLR
NYC,2023-12-09 19:51,57.00,41.00,3.00,M,30.17,0.00,10.00,CLR
NYC,2023-12-09 20:51,54.00,44.00,3.00,M,30.17,0.00,10.00,CLR
NYC,2023-12-09 21:51,52.00,44.00,3.00,120.00,30.17,0.00,10.00,CLR
NYC,2023-12-09 22:51,51.00,44.00,0.00,0.00,30.16,0.00,9.00,CLR
NYC,2023-12-09 23:51,52.00,44.00,0.00,0.00,30.17,0.00,10.00,CLR
NYC,2023-12-10 00:51,51.00,44.00,0.00,0.00,30.17,0.00,9.00,FEW
NYC,2023-12-10 01:51,52.00,44.00,0.00,0.00,30.16,T,8.00,FEW
NYC,2023-12-10 02:51,52.00,44.00,0.00,0.00,30.16,0.00,8.00,CLR
NYC,2023-12-10 03:51,51.00,45.00,4.00,50.00,30.14,0.00,8.00,CLR
NYC,2023-12-10 04:51,50.00,45.00,3.00,20.00,30.11,0.00,7.00,CLR
NYC,2023-12-10 05:51,50.00,44.00,0.00,0.00,30.10,0.00,8.00,FEW
NYC,2023-12-10 06:51,52.00,43.00,0.00,0.00,30.08,0.00,9.00,BKN
NYC,2023-12-10 07:51,52.00,45.00,3.00,M,30.06,0.00,9.00,OVC
NYC,2023-12-10 08:51,52.00,46.00,0.00,0.00,30.04,0.00,9.00,OVC
NYC,2023-12-10 09:51,53.00,47.00,0.00,0.00,30.03,0.00,9.00,OVC
NYC,2023-12-10 10:51,53.00,47.00,0.00,0.00,30.02,0.00,10.00,OVC
NYC,2023-12-10 11:51,54.00,48.00,0.00,0.00,30.01,0.00,10.00,OVC
NYC,2023-12-10 12:51,54.00,49.00,0.00,0.00,30.00,0.00,10.00,OVC
NYC,2023-12-10 13:51,57.00,51.00,0.00,0.00,30.00,0.00,10.00,FEW
NYC,2023-12-10 14:51,57.00,51.00,4.00,150.00,30.00,0.00,10.00,BKN
NYC,2023-12-10 15:51,59.00,52.00,3.00,160.00,29.96,0.00,10.00,SCT
NYC,2023-12-10 16:51,59.00,54.00,3.00,M,29.91,T,8.00,SCT
NYC,2023-12-10 17:51,60.00,57.00,4.00,M,29.89,0.02,2.00,OVC
NYC,2023-12-10 18:51,59.00,57.00,3.00,140.00,29.86,0.07,1.00,OVC
NYC,2023-12-10 19:51,60.00,58.00,4.00,M,29.84,0.24,4.00,BKN
NYC,2023-12-10 20:51,58.00,56.00,4.00,140.00,29.82,0.04,3.00,OVC
NYC,2023-12-10 21:51,58.00,56.00,5.00,150.00,29.80,0.01,4.00,OVC
NYC,2023-12-10 22:51,59.00,57.00,6.00,M,29.76,0.02,9.00,OVC
NYC,2023-12-10 23:51,61.00,58.00,7.00,150.00,29.73,T,10.00,OVC
NYC,2023-12-11 00:51,61.00,58.00,5.00,M,29.68,T,7.00,OVC
NYC,2023-12-11 01:51,60.00,57.00,5.00,M,29.65,0.22,1.75,OVC
NYC,2023-12-11 02:51,61.00,59.00,3.00,M,29.65,0.11,5.00,OVC
NYC,2023-12-11 03:51,57.00,54.00,6.00,M,29.63,0.16,2.00,BKN
NYC,2023-12-11 04:51,50.00,48.00,12.00,30.00,29.61,0.20,2.50,BKN
NYC,2023-12-11 05:51,46.00,43.00,8.00,360.00,29.64,0.14,3.00,SCT
NYC,2023-12-11 06:51,45.00,42.00,6.00,M,29.65,0.16,2.50,FEW
NYC,2023-12-11 07:51,46.00,43.00,3.00,M,29.66,0.07,10.00,BKN
NYC,2023-12-11 08:51,45.00,42.00,6.00,M,29.64,0.04,8.00,OVC
NYC,2023-12-11 09:51,44.00,40.00,7.00,300.00,29.64,0.04,10.00,BKN
NYC,2023-12-11 10:51,41.00,38.00,7.00,290.00,29.64,0.02,8.00,OVC
NYC,2023-12-11 11:51,41.00,37.00,4.00,M,29.71,0.06,4.00,BKN
NYC,2023-12-11 12:51,39.00,35.00,7.00,290.00,29.70,0.04,10.00,OVC
NYC,2023-12-11 13:51,39.00,35.00,9.00,280.00,29.75,0.01,10.00,FEW
NYC,2023-12-11 14:51,41.00,34.00,6.00,270.00,29.78,T,10.00,BKN
NYC,2023-12-11 15:51,43.00,32.00,10.00,290.00,29.78,0.00,10.00,SCT
NYC,2023-12-11 16:51,43.00,30.00,M,M,29.82,0.00,10.00,OVC
NYC,2023-12-11 17:51,43.00,27.00,10.00,290.00,29.86,0.00,10.00,OVC
NYC,2023-12-11 18:51,43.00,27.00,6.00,M,29.86,0.00,10.00,OVC
NYC,2023-12-11 19:51,42.00,26.00,M,M,29.90,0.00,10.00,OVC
NYC,2023-12-11 20:51,42.00,26.00,10.00,300.00,29.96,0.00,10.00,OVC
NYC,2023-12-11 21:51,42.00,26.00,7.00,310.00,30.01,0.00,10.00,OVC
NYC,2023-12-11 22:51,41.00,25.00,9.00,280.00,30.05,0.00,10.00,OVC
NYC,2023-12-11 23:51,40.00,20.00,10.00,300.00,30.09,0.00,10.00,CLR
NYC,2023-12-12 00:51,40.00,21.00,9.00,280.00,30.12,0.00,10.00,BKN
NYC,2023-12-12 01:51,39.00,20.00,7.00,280.00,30.16,0.00,10.00,SCT
NYC,2023-12-12 02:51,39.00,21.00,5.00,M,30.19,0.00,10.00,CLR
NYC,2023-12-12 03:51,38.00,22.00,4.00,260.00,30.21,0.00,10.00,CLR
NYC,2023-12-12 04:51,38.00,23.00,5.00,270.00,30.23,0.00,10.00,OVC
NYC,2023-12-12 05:51,39.00,22.00,7.00,290.00,30.24,0.00,10.00,OVC
NYC,2023-12-12 06:51,39.00,21.00,0.00,0.00,30.27,0.00,10.00,OVC
NYC,2023-12-12 07:51,38.00,22.00,9.00,270.00,30.30,0.00,10.00,OVC
NYC,2023-12-12 08:51,38.00,21.00,4.00,M,30.31,0.00,10.00,OVC
NYC,2023-12-12 09:51,37.00,21.00,6.00,290.00,30.33,0.00,10.00,BKN
NYC,2023-12-12 10:51,36.00,21.00,6.00,M,30.35,0.00,10.00,CLR
NYC,2023-12-12 11:51,36.00,20.00,4.00,250.00,30.37,0.00,10.00,CLR
NYC,2023-12-12 12:51,36.00,21.00,5.00,M,30.40,0.00,10.00,CLR
NYC,2023-12-12 13:51,37.00,22.00,4.00,M,30.42,0.00,10.00,CLR
NYC,2023-12-12 14:51,39.00,21.00,7.00,250.00,30.44,0.00,10.00,CLR
NYC,2023-12-12 15:51,40.00,20.00,M,M,30.43,0.00,10.00,CLR
NYC,2023-12-12 16:51,41.00,20.00,3.00,M,30.40,0.00,10.00,CLR
NYC,2023-12-12 17:51,43.00,21.00,6.00,M,30.39,0.00,10.00,CLR
NYC,2023-12-12 18:51,44.00,21.00,3.00,M,30.38,0.00,10.00,CLR
NYC,2023-12-12 19:51,43.00,22.00,3.00,230.00,30.38,0.00,10.00,CLR
NYC,2023-12-12 20:51,43.00,22.00,0.00,0.00,30.38,0.00,10.00,CLR
NYC,2023-12-12 21:51,43.00,23.00,3.00,M,30.37,0.00,10.00,CLR
NYC,2023-12-12 22:51,43.00,23.00,5.00,M,30.39,0.00,10.00,CLR
NYC,2023-12-12 23:51,42.00,23.00,7.00,230.00,30.41,0.00,10.00,CLR
NYC,2023-12-13 00:51,41.00,24.00,5.00,M,30.41,0.00,10.00,CLR
NYC,2023-12-13 01:51,41.00,24.00,M,M,30.41,0.00,10.00,CLR
NYC,2023-12-13 02:51,42.00,24.00,8.00,240.00,30.43,0.00,10.00,CLR
NYC,2023-12-13 03:51,41.00,25.00,4.00,M,30.42,0.00,10.00,CLR
NYC,2023-12-13 04:51,41.00,26.00,6.00,M,30.42,0.00,10.00,CLR
NYC,2023-12-13 05:51,40.00,27.00,4.00,M,30.41,0.00,10.00,CLR
NYC,2023-12-13 06:51,40.00,26.00,0.00,0.00,30.41,0.00,10.00,CLR
NYC,2023-12-13 07:51,39.00,26.00,M,M,30.42,0.00,10.00,CLR
NYC,2023-12-13 08:51,39.00,26.00,4.00,M,30.41,0.00,10.00,CLR
NYC,2023-12-13 09:51,39.00,25.00,M,M,30.41,0.00,10.00,CLR
NYC,2023-12-13 10:51,39.00,25.00,6.00,260.00,30.43,0.00,10.00,CLR
NYC,2023-12-13 11:51,39.00,25.00,4.00,M,30.44,0.00,10.00,CLR
NYC,2023-12-13 12:51,39.00,25.00,5.00,260.00,30.45,0.00,10.00,CLR
NYC,2023-12-13 13:51,41.00,26.00,6.00,M,30.48,0.00,10.00,CLR
NYC,2023-12-13 14:51,43.00,25.00,4.00,M,30.49,0.00,10.00,CLR
NYC,2023-12-13 15:51,44.00,23.00,7.00,270.00,30.48,0.00,10.00,CLR
NYC,2023-12-13 16:51,44.00,23.00,3.00,280.00,30.46,0.00,10.00,FEW
NYC,2023-12-13 17:51,45.00,20.00,5.00,290.00,30.44,0.00,10.00,CLR
NYC,2023-12-13 18:51,46.00,19.00,4.00,M,30.44,0.00,10.00,CLR
NYC,2023-12-13 19:51,47.00,18.00,M,M,30.44,0.00,10.00,CLR
NYC,2023-12-13 20:51,46.00,16.00,9.00,310.00,30.46,0.00,10.00,CLR
NYC,2023-12-13 21:51,44.00,15.00,9.00,310.00,30.49,0.00,10.00,CLR
NYC,2023-12-13 22:51,42.00,15.00,9.00,310.00,30.51,0.00,10.00,CLR
NYC,2023-12-13 23:51,41.00,17.00,5.00,M,30.53,0.00,10.00,FEW
NYC,2023-12-14 00:51,40.00,17.00,7.00,300.00,30.54,0.00,10.00,CLR
NYC,2023-12-14 01:51,39.00,16.00,9.00,290.00,30.56,0.00,10.00,CLR
NYC,2023-12-14 02:51,38.00,12.00,6.00,300.00,30.57,0.00,10.00,CLR
NYC,2023-12-14 03:51,37.00,12.00,7.00,300.00,30.59,0.00,10.00,CLR
NYC,2023-12-14 04:51,36.00,13.00,10.00,300.00,30.60,0.00,10.00,CLR
NYC,2023-12-14 05:51,35.00,15.00,6.00,M,30.60,0.00,10.00,CLR
NYC,2023-12-14 06:51,35.00,16.00,3.00,M,30.61,0.00,10.00,CLR
NYC,2023-12-14 07:51,34.00,17.00,4.00,300.00,30.62,0.00,10.00,CLR
NYC,2023-12-14 08:51,33.00,18.00,4.00,290.00,30.62,0.00,10.00,CLR
NYC,2023-12-14 09:51,33.00,19.00,4.00,300.00,30.64,0.00,10.00,CLR
NYC,2023-12-14 10:51,33.00,19.00,4.00,300.00,30.67,0.00,10.00,CLR
NYC,2023-12-14 11:51,33.00,19.00,8.00,300.00,30.68,0.00,10.00,CLR
NYC,2023-12-14 12:51,33.00,16.00,7.00,300.00,30.71,0.00,10.00,CLR
NYC,2023-12-14 13:51,34.00,17.00,M,M,30.71,0.00,10.00,CLR
NYC,2023-12-14 14:51,36.00,17.00,7.00,310.00,30.70,0.00,10.00,CLR
NYC,2023-12-14 15:51,38.00,18.00,4.00,M,30.70,0.00,10.00,CLR
NYC,2023-12-14 16:51,38.00,17.00,9.00,310.00,30.67,0.00,10.00,SCT
NYC,2023-12-14 17:51,39.00,17.00,7.00,290.00,30.63,0.00,10.00,SCT
NYC,2023-12-14 18:51,40.00,16.00,5.00,M,30.60,0.00,10.00,CLR
NYC,2023-12-14 19:51,40.00,15.00,5.00,M,30.59,0.00,10.00,CLR
NYC,2023-12-14 20:51,40.00,14.00,4.00,M,30.58,0.00,10.00,CLR
NYC,2023-12-14 21:51,40.00,14.00,0.00,0.00,30.57,0.00,10.00,CLR
NYC,2023-12-14 22:51,40.00,14.00,4.00,220.00,30.57,0.00,10.00,CLR
NYC,2023-12-14 23:51,40.00,16.00,4.00,M,30.57,0.00,10.00,CLR
NYC,2023-12-15 00:51,40.00,18.00,4.00,240.00,30.55,0.00,10.00,CLR
NYC,2023-12-15 01:51,40.00,19.00,7.00,240.00,30.53,0.00,10.00,CLR
NYC,2023-12-15 02:51,39.00,20.00,8.00,220.00,30.51,0.00,10.00,CLR
NYC,2023-12-15 03:51,39.00,20.00,9.00,220.00,30.49,0.00,10.00,CLR
NYC,2023-12-15 04:51,38.00,20.00,7.00,230.00,30.47,0.00,10.00,CLR
NYC,2023-12-15 05:51,38.00,20.00,8.00,240.00,30.45,0.00,10.00,CLR
NYC,2023-12-15 06:51,38.00,20.00,6.00,M,30.45,0.00,10.00,CLR
NYC,2023-12-15 07:51,38.00,19.00,6.00,M,30.44,0.00,10.00,CLR
NYC,2023-12-15 08:51,38.00,20.00,M,M,30.42,0.00,10.00,CLR
NYC,2023-12-15 09:51,38.00,20.00,3.00,M,30.41,0.00,10.00,CLR
NYC,2023-12-15 10:51,39.00,20.00,4.00,250.00,30.41,0.00,10.00,CLR
NYC,2023-12-15 11:51,38.00,20.00,3.00,M,30.41,0.00,10.00,CLR
NYC,2023-12-15 12:51,39.00,20.00,5.00,M,30.41,0.00,10.00,CLR
NYC,2023-12-15 13:51,41.00,20.00,8.00,230.00,30.42,0.00,10.00,CLR
NYC,2023-12-15 14:51,43.00,22.00,4.00,M,30.41,0.00,10.00,CLR
NYC,2023-12-15 15:51,46.00,24.00,3.00,240.00,30.38,0.00,10.00,CLR
NYC,2023-12-15 16:51,51.00,27.00,3.00,M,30.34,0.00,10.00,CLR
NYC,2023-12-15 17:51,54.00,29.00,6.00,M,30.31,0.00,10.00,CLR
NYC,2023-12-15 18:51,56.00,31.00,6.00,280.00,30.30,0.00,10.00,CLR
NYC,2023-12-15 19:51,57.00,30.00,4.00,280.00,30.30,0.00,10.00,CLR
NYC,2023-12-15 20:51,58.00,28.00,4.00,M,30.30,0.00,10.00,CLR
NYC,2023-12-15 21:51,57.00,23.00,4.00,M,30.32,0.00,10.00,CLR
NYC,2023-12-15 22:51,56.00,24.00,7.00,270.00,30.33,0.00,10.00,CLR
NYC,2023-12-15 23:51,54.00,25.00,4.00,280.00,30.35,0.00,10.00,CLR
NYC,2023-12-16 00:51,54.00,25.00,4.00,M,30.35,0.00,10.00,CLR
NYC,2023-12-16 01:51,51.00,26.00,3.00,250.00,30.35,0.00,10.00,CLR
NYC,2023-12-16 02:51,51.00,26.00,M,M,30.36,0.00,10.00,CLR
NYC,2023-12-16 03:51,50.00,26.00,3.00,M,30.36,0.00,10.00,CLR
NYC,2023-12-16 04:51,50.00,26.00,3.00,M,30.36,0.00,10.00,CLR
NYC,2023-12-16 05:51,49.00,26.00,3.00,280.00,30.37,0.00,10.00,CLR
NYC,2023-12-16 06:51,49.00,26.00,5.00,290.00,30.38,0.00,10.00,CLR
NYC,2023-12-16 07:51,50.00,26.00,5.00,280.00,30.40,0.00,10.00,CLR
NYC,2023-12-16 08:51,49.00,27.00,5.00,280.00,30.40,0.00,10.00,CLR
NYC,2023-12-16 09:51,49.00,27.00,3.00,290.00,30.41,0.00,10.00,CLR
NYC,2023-12-16 10:51,48.00,28.00,4.00,290.00,30.43,0.00,10.00,CLR
NYC,2023-12-16 11:51,47.00,28.00,0.00,0.00,30.45,0.00,10.00,CLR
NYC,2023-12-16 12:51,47.00,30.00,4.00,M,30.46,0.00,10.00,CLR
NYC,2023-12-16 13:51,50.00,31.00,6.00,30.00,30.49,0.00,10.00,CLR
NYC,2023-12-16 14:51,51.00,31.00,7.00,50.00,30.52,0.00,10.00,CLR
NYC,2023-12-16 15:51,51.00,33.00,8.00,10.00,30.51,0.00,10.00,CLR
NYC,2023-12-16 16:51,53.00,34.00,4.00,M,30.49,0.00,10.00,CLR
NYC,2023-12-16 17:51,54.00,35.00,9.00,80.00,30.49,0.00,10.00,CLR
NYC,2023-12-16 18:51,54.00,34.00,3.00,M,30.49,0.00,10.00,CLR
NYC,2023-12-16 19:51,53.00,35.00,4.00,50.00,30.48,0.00,10.00,CLR
NYC,2023-12-16 20:51,52.00,34.00,6.00,80.00,30.50,0.00,10.00,CLR
NYC,2023-12-16 21:51,51.00,31.00,3.00,M,30.51,0.00,10.00,CLR
NYC,2023-12-16 22:51,50.00,34.00,5.00,M,30.51,0.00,10.00,CLR
NYC,2023-12-16 23:51,49.00,35.00,6.00,100.00,30.52,0.00,10.00,CLR
NYC,2023-12-17 00:51,48.00,37.00,6.00,120.00,30.54,0.00,10.00,CLR
NYC,2023-12-17 01:51,48.00,38.00,9.00,90.00,30.54,0.00,10.00,BKN
NYC,2023-12-17 02:51,48.00,39.00,6.00,M,30.53,0.00,10.00,BKN
NYC,2023-12-17 03:51,48.00,40.00,8.00,90.00,30.52,0.00,10.00,OVC
NYC,2023-12-17 04:51,48.00,39.00,5.00,100.00,30.51,0.00,10.00,OVC
NYC,2023-12-17 05:51,48.00,40.00,4.00,60.00,30.48,0.00,10.00,BKN
NYC,2023-12-17 06:51,47.00,40.00,5.00,70.00,30.49,0.00,10.00,BKN
NYC,2023-12-17 07:51,47.00,40.00,7.00,70.00,30.46,0.00,10.00,BKN
NYC,2023-12-17 08:51,47.00,41.00,5.00,70.00,30.44,0.00,10.00,BKN
NYC,2023-12-17 09:51,48.00,42.00,4.00,M,30.42,0.00,10.00,OVC
NYC,2023-12-17 10:51,47.00,42.00,6.00,70.00,30.40,0.00,10.00,OVC
NYC,2023-12-17 11:51,47.00,42.00,6.00,60.00,30.40,0.00,10.00,OVC
NYC,2023-12-17 12:51,48.00,42.00,5.00,M,30.38,0.00,10.00,OVC
NYC,2023-12-17 13:51,49.00,43.00,8.00,80.00,30.34,0.00,10.00,OVC
NYC,2023-12-17 14:51,49.00,43.00,9.00,80.00,30.33,0.00,10.00,OVC
NYC,2023-12-17 15:51,50.00,44.00,10.00,60.00,30.29,0.00,10.00,OVC
NYC,2023-12-17 16:51,50.00,45.00,7.00,70.00,30.24,0.00,10.00,OVC
NYC,2023-12-17 17:51,51.00,46.00,6.00,50.00,30.18,0.00,9.00,OVC
NYC,2023-12-17 18:51,51.00,47.00,6.00,50.00,30.14,T,4.00,OVC
NYC,2023-12-17 19:51,52.00,50.00,6.00,60.00,30.10,0.03,6.00,OVC
NYC,2023-12-17 20:51,53.00,50.00,7.00,80.00,30.07,T,8.00,OVC
NYC,2023-12-17 21:51,54.00,51.00,5.00,80.00,30.03,T,9.00,OVC
NYC,2023-12-17 22:51,54.00,51.00,4.00,60.00,29.99,0.00,8.00,OVC
NYC,2023-12-17 23:51,55.00,52.00,5.00,90.00,29.96,0.01,5.00,OVC
NYC,2023-12-18 00:51,55.00,52.00,5.00,M,29.93,0.02,3.00,OVC
NYC,2023-12-18 01:51,55.00,53.00,4.00,M,29.87,0.04,3.00,OVC
NYC,2023-12-18 02:51,54.00,52.00,5.00,60.00,29.80,T,6.00,FEW
NYC,2023-12-18 03:51,58.00,55.00,5.00,M,29.75,0.02,9.00,SCT
NYC,2023-12-18 04:51,59.00,56.00,8.00,120.00,29.66,0.12,1.75,OVC
NYC,2023-12-18 05:51,59.00,56.00,7.00,110.00,29.56,0.15,2.00,BKN
NYC,2023-12-18 06:51,58.00,55.00,7.00,90.00,29.45,0.22,1.25,OVC
NYC,2023-12-18 07:51,59.00,56.00,5.00,M,29.37,0.36,1.00,VV 
NYC,2023-12-18 08:51,59.00,56.00,M,M,29.23,0.40,1.75,OVC
NYC,2023-12-18 09:51,60.00,58.00,16.00,140.00,29.19,0.19,4.00,OVC
NYC,2023-12-18 10:51,61.00,59.00,11.00,150.00,29.19,0.11,5.00,OVC
NYC,2023-12-18 11:51,62.00,59.00,6.00,M,29.15,0.05,2.00,OVC
NYC,2023-12-18 12:51,61.00,58.00,6.00,M,29.15,0.49,5.00,BKN
NYC,2023-12-18 13:51,61.00,58.00,6.00,150.00,29.10,0.02,10.00,FEW
NYC,2023-12-18 14:51,60.00,58.00,5.00,160.00,29.10,T,4.00,OVC
NYC,2023-12-18 15:51,59.00,57.00,3.00,M,29.07,0.02,1.50,OVC
NYC,2023-12-18 16:51,54.00,50.00,10.00,310.00,29.07,0.12,8.00,SCT
NYC,2023-12-18 17:51,50.00,46.00,9.00,290.00,29.09,0.04,2.50,BKN
NYC,2023-12-18 18:51,50.00,45.00,8.00,280.00,29.13,0.06,10.00,FEW
NYC,2023-12-18 19:51,50.00,40.00,12.00,280.00,29.21,T,10.00,BKN
NYC,2023-12-18 20:51,50.00,38.00,11.00,280.00,29.29,0.00,10.00,OVC
NYC,2023-12-18 21:51,50.00,37.00,9.00,260.00,29.38,0.00,10.00,CLR
NYC,2023-12-18 22:51,50.00,36.00,M,M,29.45,0.00,10.00,CLR
NYC,2023-12-18 23:51,49.00,33.00,8.00,250.00,29.52,0.00,10.00,CLR
NYC,2023-12-19 00:51,47.00,33.00,7.00,260.00,29.56,0.00,10.00,FEW
NYC,2023-12-19 01:51,45.00,30.00,7.00,250.00,29.60,0.00,10.00,CLR
NYC,2023-12-19 02:51,44.00,29.00,6.00,M,29.64,0.00,10.00,CLR
NYC,2023-12-19 03:51,43.00,28.00,6.00,250.00,29.65,0.00,10.00,CLR
NYC,2023-12-19 04:51,42.00,28.00,M,M,29.67,0.00,10.00,BKN
NYC,2023-12-19 05:51,42.00,28.00,0.00,0.00,29.66,0.00,10.00,CLR
NYC,2023-12-19 06:51,41.00,27.00,8.00,240.00,29.69,0.00,10.00,CLR
NYC,2023-12-19 07:51,40.00,28.00,8.00,260.00,29.69,0.00,10.00,CLR
NYC,2023-12-19 08:51,39.00,28.00,5.00,M,29.72,0.00,10.00,FEW
NYC,2023-12-19 09:51,39.00,27.00,5.00,M,29.75,0.00,10.00,FEW
NYC,2023-12-19 10:51,39.00,27.00,3.00,M,29.79,0.00,10.00,CLR
NYC,2023-12-19 11:51,39.00,28.00,6.00,M,29.83,0.00,10.00,CLR
NYC,2023-12-19 12:51,38.00,28.00,8.00,240.00,29.87,0.00,10.00,CLR
NYC,2023-12-19 13:51,40.00,30.00,5.00,M,29.90,0.00,10.00,BKN
NYC,2023-12-19 14:51,41.00,29.00,9.00,280.00,29.93,0.00,10.00,SCT
NYC,2023-12-19 15:51,43.00,23.00,11.00,270.00,29.96,0.00,10.00,OVC
NYC,2023-12-19 16:51,43.00,21.00,4.00,M,29.98,0.00,10.00,SCT
NYC,2023-12-19 17:51,41.00,21.00,8.00,290.00,30.01,0.00,10.00,OVC
NYC,2023-12-19 18:51,40.00,20.00,11.00,310.00,30.03,0.00,10.00,BKN
NYC,2023-12-19 19:51,39.00,19.00,10.00,300.00,30.07,0.00,10.00,SCT
NYC,2023-12-19 20:51,39.00,19.00,9.00,300.00,30.10,0.00,10.00,OVC
NYC,2023-12-19 21:51,37.00,19.00,11.00,310.00,30.14,0.00,10.00,OVC
NYC,2023-12-19 22:51,36.00,19.00,8.00,300.00,30.19,0.00,10.00,CLR
NYC,2023-12-19 23:51,35.00,19.00,6.00,300.00,30.24,0.00,10.00,CLR
NYC,2023-12-20 00:51,34.00,19.00,0.00,0.00,30.28,0.00,10.00,CLR
NYC,2023-12-20 01:51,34.00,20.00,5.00,M,30.30,0.00,10.00,BKN
NYC,2023-12-20 02:51,33.00,20.00,5.00,310.00,30.31,0.00,10.00,CLR
NYC,2023-12-20 03:51,33.00,21.00,6.00,310.00,30.32,0.00,10.00,FEW
NYC,2023-12-20 04:51,32.00,18.00,10.00,300.00,30.32,0.00,10.00,CLR
NYC,2023-12-20 05:51,31.00,18.00,9.00,310.00,30.31,0.00,10.00,CLR
NYC,2023-12-20 06:51,31.00,17.00,10.00,300.00,30.31,0.00,10.00,CLR
NYC,2023-12-20 07:51,31.00,16.00,7.00,300.00,30.32,0.00,10.00,CLR
NYC,2023-12-20 08:51,31.00,17.00,7.00,290.00,30.32,0.00,10.00,CLR
NYC,2023-12-20 09:51,30.00,17.00,5.00,M,30.34,0.00,10.00,CLR
NYC,2023-12-20 10:51,31.00,17.00,3.00,M,30.36,0.00,10.00,CLR
NYC,2023-12-20 11:51,30.00,17.00,3.00,M,30.37,0.00,10.00,CLR
NYC,2023-12-20 12:51,31.00,18.00,0.00,0.00,30.39,0.00,10.00,CLR
NYC,2023-12-20 13:51,32.00,18.00,5.00,M,30.40,0.00,10.00,CLR
NYC,2023-12-20 14:51,34.00,18.00,4.00,M,30.41,0.00,10.00,CLR
NYC,2023-12-20 15:51,36.00,18.00,4.00,M,30.39,0.00,10.00,CLR
NYC,2023-12-20 16:51,39.00,19.00,6.00,M,30.37,0.00,10.00,CLR
NYC,2023-12-20 17:51,41.00,18.00,9.00,300.00,30.35,0.00,10.00,CLR
NYC,2023-12-20 18:51,43.00,19.00,5.00,M,30.35,0.00,10.00,CLR
NYC,2023-12-20 19:51,45.00,20.00,0.00,0.00,30.34,0.00,10.00,OVC
NYC,2023-12-20 20:51,45.00,19.00,0.00,0.00,30.36,0.00,10.00,OVC
NYC,2023-12-20 21:51,44.00,19.00,5.00,300.00,30.36,0.00,10.00,OVC
NYC,2023-12-20 22:51,43.00,21.00,10.00,300.00,30.38,0.00,10.00,OVC
NYC,2023-12-20 23:51,41.00,23.00,10.00,300.00,30.38,0.00,10.00,OVC
NYC,2023-12-21 00:51,40.00,24.00,8.00,300.00,30.38,0.00,10.00,BKN
NYC,2023-12-21 01:51,39.00,24.00,4.00,M,30.38,0.00,10.00,BKN
NYC,2023-12-21 02:51,38.00,25.00,4.00,M,30.38,0.00,10.00,BKN
NYC,2023-12-21 03:51,37.00,25.00,3.00,M,30.38,0.00,10.00,CLR
NYC,2023-12-21 04:51,37.00,25.00,6.00,M,30.37,0.00,10.00,CLR
NYC,2023-12-21 05:51,37.00,25.00,5.00,M,30.36,0.00,10.00,CLR
NYC,2023-12-21 06:51,36.00,25.00,0.00,0.00,30.37,0.00,10.00,CLR
NYC,2023-12-21 07:51,36.00,25.00,4.00,310.00,30.38,0.00,10.00,CLR
NYC,2023-12-21 08:51,36.00,25.00,3.00,M,30.38,0.00,10.00,CLR
NYC,2023-12-21 09:51,36.00,25.00,5.00,360.00,30.39,0.00,10.00,CLR
NYC,2023-12-21 10:51,36.00,25.00,3.00,M,30.41,0.00,10.00,CLR
NYC,2023-12-21 11:51,36.00,25.00,5.00,M,30.43,0.00,10.00,CLR
NYC,2023-12-21 12:51,36.00,24.00,8.00,10.00,30.45,0.00,10.00,CLR
NYC,2023-12-21 13:51,37.00,23.00,8.00,20.00,30.46,0.00,10.00,CLR
NYC,2023-12-21 14:51,38.00,23.00,8.00,30.00,30.47,0.00,10.00,CLR
NYC,2023-12-21 15:51,40.00,23.00,5.00,30.00,30.45,0.00,10.00,CLR
NYC,2023-12-21 16:51,41.00,22.00,7.00,20.00,30.44,0.00,10.00,CLR
NYC,2023-12-21 17:51,42.00,18.00,5.00,M,30.42,0.00,10.00,CLR
NYC,2023-12-21 18:51,42.00,18.00,5.00,M,30.41,0.00,10.00,CLR
NYC,2023-12-21 19:51,41.00,13.00,4.00,M,30.41,0.00,10.00,CLR
NYC,2023-12-21 20:51,40.00,14.00,7.00,30.00,30.42,0.00,10.00,CLR
NYC,2023-12-21 21:51,39.00,14.00,7.00,360.00,30.43,0.00,10.00,CLR
NYC,2023-12-21 22:51,37.00,16.00,4.00,M,30.44,0.00,10.00,CLR
NYC,2023-12-21 23:51,35.00,12.00,9.00,10.00,30.44,0.00,10.00,CLR
NYC,2023-12-22 00:51,34.00,8.00,7.00,360.00,30.45,0.00,10.00,CLR
NYC,2023-12-22 01:51,32.00,4.00,8.00,10.00,30.46,0.00,10.00,CLR
NYC,2023-12-22 02:51,32.00,5.00,5.00,M,30.47,0.00,10.00,CLR
NYC,2023-12-22 03:51,31.00,8.00,M,M,30.47,0.00,10.00,CLR
NYC,2023-12-22 04:51,30.00,9.00,6.00,40.00,30.46,0.00,10.00,CLR
NYC,2023-12-22 05:51,29.00,9.00,5.00,20.00,30.46,0.00,10.00,CLR
NYC,2023-12-22 06:51,29.00,12.00,4.00,20.00,30.46,0.00,10.00,CLR
NYC,2023-12-22 07:51,28.00,13.00,4.00,M,30.47,0.00,10.00,CLR
NYC,2023-12-22 08:51,28.00,13.00,5.00,40.00,30.47,0.00,10.00,CLR
NYC,2023-12-22 09:51,27.00,13.00,6.00,50.00,30.47,0.00,10.00,CLR
NYC,2023-12-22 10:51,26.00,12.00,6.00,40.00,30.47,0.00,10.00,CLR
NYC,2023-12-22 11:51,25.00,13.00,3.00,M,30.50,0.00,10.00,CLR
NYC,2023-12-22 12:51,26.00,13.00,5.00,10.00,30.50,0.00,10.00,CLR
NYC,2023-12-22 13:51,27.00,13.00,5.00,0.00,30.51,0.00,10.00,CLR
NYC,2023-12-22 14:51,28.00,12.00,5.00,360.00,30.52,0.00,10.00,CLR
NYC,2023-12-22 15:51,29.00,12.00,3.00,M,30.51,0.00,10.00,CLR
NYC,2023-12-22 16:51,33.00,12.00,5.00,10.00,30.48,0.00,10.00,CLR
NYC,2023-12-22 17:51,34.00,12.00,4.00,290.00,30.46,0.00,10.00,CLR
NYC,2023-12-22 18:51,36.00,12.00,4.00,310.00,30.46,0.00,10.00,CLR
NYC,2023-12-22 19:51,37.00,11.00,0.00,0.00,30.45,0.00,10.00,CLR
NYC,2023-12-22 20:51,37.00,10.00,0.00,0.00,30.46,0.00,10.00,CLR
NYC,2023-12-22 21:51,36.00,7.00,3.00,M,30.47,0.00,10.00,CLR
NYC,2023-12-22 22:51,36.00,10.00,0.00,0.00,30.47,0.00,10.00,CLR
NYC,2023-12-22 23:51,36.00,8.00,0.00,0.00,30.48,0.00,10.00,CLR
NYC,2023-12-23 00:51,36.00,8.00,0.00,0.00,30.49,0.00,10.00,FEW
NYC,2023-12-23 01:51,36.00,9.00,3.00,20.00,30.49,0.00,10.00,CLR
NYC,2023-12-23 02:51,36.00,14.00,0.00,0.00,30.50,0.00,10.00,CLR
NYC,2023-12-23 03:51,35.00,18.00,0.00,0.00,30.50,0.00,10.00,CLR
NYC,2023-12-23 04:51,34.00,22.00,0.00,0.00,30.50,0.00,10.00,CLR
NYC,2023-12-23 05:51,35.00,16.00,0.00,0.00,30.50,0.00,10.00,FEW
NYC,2023-12-23 06:51,35.00,16.00,3.00,360.00,30.49,0.00,10.00,FEW
NYC,2023-12-23 07:51,34.00,18.00,3.00,30.00,30.49,0.00,10.00,BKN
NYC,2023-12-23 08:51,35.00,20.00,4.00,60.00,30.49,0.00,10.00,OVC
NYC,2023-12-23 09:51,34.00,18.00,3.00,50.00,30.50,0.00,10.00,CLR
NYC,2023-12-23 10:51,34.00,19.00,0.00,0.00,30.51,0.00,10.00,FEW
NYC,2023-12-23 11:51,34.00,19.00,3.00,90.00,30.51,0.00,10.00,OVC
NYC,2023-12-23 12:51,36.00,19.00,3.00,80.00,30.52,0.00,10.00,SCT
NYC,2023-12-23 13:51,37.00,21.00,0.00,0.00,30.52,0.00,10.00,SCT
NYC,2023-12-23 14:51,38.00,20.00,0.00,0.00,30.53,0.00,10.00,BKN
NYC,2023-12-23 15:51,39.00,19.00,3.00,M,30.52,0.00,10.00,BKN
NYC,2023-12-23 16:51,41.00,20.00,4.00,80.00,30.49,0.00,10.00,OVC
NYC,2023-12-23 17:51,43.00,19.00,4.00,90.00,30.48,0.00,10.00,SCT
NYC,2023-12-23 18:51,44.00,22.00,5.00,90.00,30.46,0.00,10.00,OVC
NYC,2023-12-23 19:51,43.00,25.00,6.00,60.00,30.46,0.00,10.00,OVC
NYC,2023-12-23 20:51,43.00,26.00,4.00,80.00,30.46,0.00,10.00,OVC
NYC,2023-12-23 21:51,42.00,27.00,5.00,70.00,30.47,0.00,10.00,OVC
NYC,2023-12-23 22:51,42.00,30.00,3.00,110.00,30.47,0.00,10.00,FEW
NYC,2023-12-23 23:51,41.00,33.00,4.00,50.00,30.47,0.00,10.00,FEW
NYC,2023-12-24 00:51,41.00,34.00,4.00,M,30.47,0.00,10.00,CLR
NYC,2023-12-24 01:51,41.00,34.00,5.00,60.00,30.47,0.00,10.00,FEW
NYC,2023-12-24 02:51,41.00,34.00,5.00,60.00,30.47,0.00,10.00,BKN
NYC,2023-12-24 03:51,42.00,35.00,3.00,60.00,30.46,0.00,10.00,OVC
NYC,2023-12-24 04:51,41.00,34.00,0.00,0.00,30.45,0.00,10.00,SCT
NYC,2023-12-24 05:51,42.00,35.00,4.00,60.00,30.44,0.00,10.00,OVC
NYC,2023-12-24 06:51,42.00,36.00,0.00,0.00,30.43,0.01,10.00,OVC
NYC,2023-12-24 07:51,41.00,36.00,3.00,350.00,30.44,T,10.00,BKN
NYC,2023-12-24 08:51,41.00,36.00,0.00,0.00,30.43,T,10.00,SCT
NYC,2023-12-24 09:51,41.00,36.00,3.00,300.00,30.43,T,10.00,FEW
NYC,2023-12-24 10:51,40.00,36.00,0.00,0.00,30.42,T,5.00,BKN
NYC,2023-12-24 11:51,41.00,37.00,3.00,360.00,30.43,0.01,7.00,FEW
NYC,2023-12-24 12:51,41.00,37.00,0.00,0.00,30.43,0.00,8.00,BKN
NYC,2023-12-24 13:51,43.00,38.00,3.00,300.00,30.44,0.00,8.00,OVC
NYC,2023-12-24 14:51,43.00,37.00,0.00,0.00,30.46,0.00,9.00,SCT
NYC,2023-12-24 15:51,45.00,38.00,0.00,0.00,30.45,0.00,10.00,OVC
NYC,2023-12-24 16:51,48.00,39.00,0.00,0.00,30.43,0.00,9.00,OVC
NYC,2023-12-24 17:51,48.00,39.00,0.00,0.00,30.41,0.00,8.00,OVC
NYC,2023-12-24 18:51,48.00,39.00,4.00,290.00,30.40,0.00,8.00,SCT
NYC,2023-12-24 19:51,48.00,40.00,0.00,0.00,30.40,0.00,9.00,OVC
NYC,2023-12-24 20:51,48.00,38.00,3.00,280.00,30.40,0.00,10.00,OVC
NYC,2023-12-24 21:51,48.00,38.00,0.00,0.00,30.41,0.00,10.00,OVC
NYC,2023-12-24 22:51,48.00,39.00,0.00,0.00,30.41,0.00,10.00,OVC
NYC,2023-12-24 23:51,48.00,39.00,3.00,50.00,30.42,0.00,10.00,FEW
NYC,2023-12-25 00:51,47.00,40.00,3.00,30.00,30.42,0.00,10.00,OVC
NYC,2023-12-25 01:51,47.00,39.00,0.00,0.00,30.42,0.00,9.00,FEW
NYC,2023-12-25 02:51,46.00,38.00,3.00,60.00,30.43,0.00,10.00,FEW
NYC,2023-12-25 03:51,46.00,39.00,0.00,0.00,30.42,0.00,9.00,OVC
NYC,2023-12-25 04:51,46.00,40.00,0.00,0.00,30.42,0.00,9.00,OVC
NYC,2023-12-25 05:51,46.00,40.00,0.00,0.00,30.41,0.00,8.00,OVC
NYC,2023-12-25 06:51,45.00,39.00,3.00,30.00,30.42,0.00,9.00,BKN
NYC,2023-12-25 07:51,45.00,40.00,3.00,50.00,30.43,0.00,7.00,OVC
NYC,2023-12-25 08:51,45.00,41.00,4.00,30.00,30.43,0.00,7.00,BKN
NYC,2023-12-25 09:51,44.00,40.00,0.00,0.00,30.43,0.00,6.00,BKN
NYC,2023-12-25 10:51,43.00,40.00,4.00,40.00,30.44,0.00,3.00,OVC
NYC,2023-12-25 11:51,44.00,41.00,5.00,60.00,30.44,0.00,4.00,OVC
NYC,2023-12-25 12:51,44.00,40.00,0.00,0.00,30.45,0.00,2.50,BKN
NYC,2023-12-25 13:51,44.00,41.00,3.00,50.00,30.47,0.00,3.00,BKN
NYC,2023-12-25 14:51,46.00,41.00,3.00,60.00,30.49,0.00,5.00,SCT
NYC,2023-12-25 15:51,47.00,42.00,0.00,0.00,30.48,0.00,6.00,BKN
NYC,2023-12-25 16:51,48.00,42.00,6.00,50.00,30.45,0.00,7.00,OVC
NYC,2023-12-25 17:51,49.00,43.00,0.00,0.00,30.45,0.00,7.00,OVC
NYC,2023-12-25 18:51,49.00,43.00,4.00,70.00,30.43,0.00,8.00,OVC
NYC,2023-12-25 19:51,49.00,43.00,4.00,40.00,30.42,0.00,8.00,OVC
NYC,2023-12-25 20:51,49.00,43.00,3.00,20.00,30.42,0.00,9.00,OVC
NYC,2023-12-25 21:51,48.00,43.00,4.00,50.00,30.43,0.00,8.00,OVC
NYC,2023-12-25 22:51,48.00,43.00,4.00,60.00,30.43,0.00,7.00,OVC
NYC,2023-12-25 23:51,47.00,43.00,0.00,0.00,30.44,0.00,7.00,OVC
NYC,2023-12-26 00:51,46.00,43.00,3.00,20.00,30.44,0.00,6.00,BKN
NYC,2023-12-26 01:51,46.00,42.00,3.00,70.00,30.43,0.00,5.00,OVC
NYC,2023-12-26 02:51,46.00,43.00,3.00,50.00,30.42,0.00,4.00,OVC
NYC,2023-12-26 03:51,45.00,43.00,0.00,0.00,30.41,0.00,3.00,OVC
NYC,2023-12-26 04:51,44.00,41.00,3.00,50.00,30.39,0.00,3.00,OVC
NYC,2023-12-26 05:51,44.00,41.00,3.00,40.00,30.37,0.00,3.00,OVC
NYC,2023-12-26 06:51,44.00,42.00,3.00,260.00,30.39,0.00,2.50,OVC
NYC,2023-12-26 07:51,45.00,42.00,0.00,0.00,30.39,0.00,3.00,OVC
NYC,2023-12-26 08:51,46.00,43.00,0.00,0.00,30.37,0.00,3.00,OVC
NYC,2023-12-26 09:51,46.00,43.00,4.00,20.00,30.36,0.00,3.00,OVC
NYC,2023-12-26 10:51,46.00,43.00,0.00,0.00,30.37,0.00,4.00,OVC
NYC,2023-12-26 11:51,46.00,43.00,3.00,M,30.36,0.00,4.00,OVC
NYC,2023-12-26 12:51,46.00,43.00,0.00,0.00,30.36,0.00,3.00,OVC
NYC,2023-12-26 13:51,47.00,42.00,3.00,10.00,30.36,0.00,4.00,OVC
NYC,2023-12-26 14:51,48.00,42.00,4.00,20.00,30.36,0.00,4.00,OVC
NYC,2023-12-26 15:51,48.00,42.00,0.00,0.00,30.34,0.00,4.00,OVC
NYC,2023-12-26 16:51,48.00,42.00,0.00,0.00,30.32,0.00,4.00,OVC
NYC,2023-12-26 17:51,49.00,42.00,0.00,0.00,30.29,0.00,6.00,OVC
NYC,2023-12-26 18:51,51.00,43.00,3.00,40.00,30.27,0.00,4.00,OVC
NYC,2023-12-26 19:51,50.00,42.00,0.00,0.00,30.27,0.00,4.00,BKN
NYC,2023-12-26 20:51,50.00,42.00,0.00,0.00,30.26,0.00,4.00,FEW
NYC,2023-12-26 21:51,47.00,41.00,4.00,360.00,30.27,0.00,6.00,CLR
NYC,2023-12-26 22:51,47.00,42.00,0.00,0.00,30.26,0.00,5.00,SCT
NYC,2023-12-26 23:51,46.00,42.00,0.00,0.00,30.25,0.00,4.00,OVC
NYC,2023-12-27 00:51,46.00,43.00,3.00,90.00,30.25,0.00,4.00,OVC
NYC,2023-12-27 01:51,46.00,42.00,0.00,0.00,30.25,0.00,4.00,OVC
NYC,2023-12-27 02:51,46.00,42.00,0.00,0.00,30.25,0.00,4.00,OVC
NYC,2023-12-27 03:51,46.00,42.00,3.00,140.00,30.24,0.00,4.00,OVC
NYC,2023-12-27 04:51,45.00,41.00,3.00,20.00,30.23,0.00,5.00,OVC
NYC,2023-12-27 05:51,46.00,41.00,3.00,20.00,30.21,0.00,6.00,OVC
NYC,2023-12-27 06:51,45.00,41.00,0.00,0.00,30.19,0.00,7.00,OVC
NYC,2023-12-27 07:51,46.00,41.00,5.00,60.00,30.19,0.00,5.00,OVC
NYC,2023-12-27 08:51,45.00,41.00,0.00,0.00,30.18,0.00,5.00,OVC
NYC,2023-12-27 09:51,45.00,42.00,3.00,50.00,30.17,T,4.00,OVC
NYC,2023-12-27 10:51,46.00,42.00,0.00,0.00,30.16,0.00,3.00,OVC
NYC,2023-12-27 11:51,46.00,43.00,4.00,50.00,30.16,0.00,3.00,OVC
NYC,2023-12-27 12:51,45.00,42.00,5.00,60.00,30.15,0.00,2.50,OVC
NYC,2023-12-27 13:51,46.00,42.00,3.00,M,30.16,T,4.00,OVC
NYC,2023-12-27 14:51,46.00,42.00,5.00,50.00,30.16,T,3.00,OVC
NYC,2023-12-27 15:51,46.00,42.00,3.00,90.00,30.14,T,4.00,OVC
NYC,2023-12-27 16:51,47.00,44.00,0.00,0.00,30.10,0.01,4.00,BKN
NYC,2023-12-27 17:51,48.00,44.00,6.00,50.00,30.05,T,6.00,SCT
NYC,2023-12-27 18:51,47.00,43.00,3.00,M,30.04,T,10.00,BKN
NYC,2023-12-27 19:51,47.00,42.00,7.00,50.00,30.03,0.00,10.00,OVC
NYC,2023-12-27 20:51,47.00,43.00,4.00,50.00,30.01,T,10.00,BKN
NYC,2023-12-27 21:51,47.00,43.00,8.00,80.00,29.99,T,10.00,OVC
NYC,2023-12-27 22:51,47.00,44.00,4.00,80.00,29.99,T,9.00,OVC
NYC,2023-12-28 00:51,48.00,45.00,6.00,60.00,29.95,0.01,8.00,BKN
NYC,2023-12-28 01:51,48.00,45.00,7.00,50.00,29.93,0.01,6.00,BKN
NYC,2023-12-28 02:51,48.00,46.00,5.00,M,29.92,0.03,2.50,OVC
NYC,2023-12-28 03:51,49.00,47.00,6.00,60.00,29.89,0.12,2.50,OVC
NYC,2023-12-28 04:51,50.00,47.00,14.00,50.00,29.85,0.13,2.50,OVC
NYC,2023-12-28 05:51,50.00,47.00,11.00,50.00,29.81,0.08,2.00,OVC
NYC,2023-12-28 06:51,50.00,47.00,10.00,60.00,29.80,0.26,1.25,OVC
NYC,2023-12-28 07:51,50.00,47.00,10.00,50.00,29.79,0.44,1.75,OVC
NYC,2023-12-28 08:51,50.00,47.00,11.00,60.00,29.75,0.24,2.00,SCT
NYC,2023-12-28 09:51,50.00,47.00,11.00,80.00,29.68,0.14,10.00,OVC
NYC,2023-12-28 10:51,50.00,48.00,10.00,60.00,29.71,T,10.00,OVC
NYC,2023-12-28 11:51,51.00,48.00,9.00,60.00,29.70,0.00,10.00,OVC
NYC,2023-12-28 12:51,51.00,48.00,12.00,50.00,29.69,0.00,10.00,OVC
NYC,2023-12-28 13:51,51.00,48.00,11.00,60.00,29.71,0.01,2.50,OVC
NYC,2023-12-28 14:51,51.00,49.00,10.00,60.00,29.71,0.01,7.00,OVC
NYC,2023-12-28 15:51,53.00,50.00,7.00,70.00,29.70,T,10.00,OVC
NYC,2023-12-28 16:51,54.00,50.00,9.00,50.00,29.68,0.00,10.00,OVC
NYC,2023-12-28 17:51,55.00,51.00,4.00,50.00,29.67,0.00,8.00,OVC
NYC,2023-12-28 18:51,54.00,51.00,6.00,20.00,29.66,0.00,10.00,OVC
NYC,2023-12-28 19:51,53.00,50.00,4.00,M,29.68,0.00,3.00,OVC
NYC,2023-12-28 20:51,52.00,50.00,0.00,0.00,29.69,0.00,1.25,OVC
NYC,2023-12-28 21:51,52.00,49.00,3.00,30.00,29.70,0.00,3.00,OVC
NYC,2023-12-28 22:51,51.00,49.00,0.00,0.00,29.72,T,2.00,OVC
NYC,2023-12-28 23:51,50.00,48.00,7.00,50.00,29.71,0.01,8.00,OVC
NYC,2023-12-29 00:51,50.00,48.00,4.00,50.00,29.71,T,3.00,OVC
NYC,2023-12-29 01:51,50.00,48.00,3.00,M,29.71,0.02,4.00,OVC
NYC,2023-12-29 02:51,49.00,47.00,3.00,50.00,M,0.01,3.00,OVC
NYC,2023-12-29 03:51,49.00,47.00,0.00,0.00,29.72,0.01,3.00,OVC
NYC,2023-12-29 04:51,49.00,46.00,0.00,0.00,29.70,T,4.00,OVC
NYC,2023-12-29 05:51,48.00,45.00,0.00,0.00,29.69,0.00,2.50,OVC
NYC,2023-12-29 06:51,48.00,46.00,0.00,0.00,29.70,0.01,2.00,OVC
NYC,2023-12-29 07:56,48.00,46.00,3.00,50.00,29.70,0.00,3.00,OVC
NYC,2023-12-29 08:35,48.00,45.00,3.00,20.00,29.70,0.03,2.50,OVC
NYC,2023-12-29 09:51,48.00,46.00,0.00,0.00,29.69,0.00,4.00,OVC
NYC,2023-12-29 10:51,48.00,46.00,0.00,0.00,29.69,0.00,4.00,OVC
NYC,2023-12-29 11:51,48.00,46.00,0.00,0.00,29.69,0.00,3.00,OVC
NYC,2023-12-29 12:51,49.00,47.00,3.00,200.00,29.69,0.00,9.00,BKN
NYC,2023-12-29 13:51,50.00,46.00,4.00,M,29.70,0.00,8.00,FEW
NYC,2023-12-29 14:51,51.00,45.00,0.00,0.00,29.71,0.00,10.00,SCT
NYC,2023-12-29 15:51,52.00,44.00,5.00,250.00,29.70,0.00,10.00,BKN
NYC,2023-12-29 16:51,53.00,43.00,4.00,M,29.68,0.00,10.00,BKN
NYC,2023-12-29 17:51,54.00,43.00,8.00,240.00,29.67,0.00,10.00,SCT
NYC,2023-12-29 18:51,55.00,43.00,4.00,M,29.65,0.00,10.00,CLR
NYC,2023-12-29 19:51,54.00,41.00,0.00,0.00,29.65,0.00,10.00,FEW
NYC,2023-12-29 20:51,52.00,38.00,M,M,29.65,0.00,10.00,CLR
NYC,2023-12-29 21:51,51.00,41.00,9.00,290.00,29.67,0.00,10.00,BKN
NYC,2023-12-29 22:51,50.00,41.00,5.00,M,29.68,0.00,10.00,FEW
NYC,2023-12-29 23:51,49.00,40.00,7.00,280.00,29.69,0.00,10.00,BKN
NYC,2023-12-30 00:51,49.00,40.00,4.00,M,29.70,0.00,10.00,FEW
NYC,2023-12-30 01:51,47.00,41.00,3.00,M,29.69,0.01,8.00,BKN
NYC,2023-12-30 02:51,47.00,38.00,5.00,M,29.68,T,10.00,BKN
NYC,2023-12-30 03:51,47.00,36.00,4.00,300.00,29.66,0.00,10.00,BKN
NYC,2023-12-30 04:51,47.00,36.00,3.00,M,29.64,0.00,10.00,BKN
NYC,2023-12-30 05:51,46.00,36.00,3.00,M,29.64,0.00,10.00,BKN
NYC,2023-12-30 06:51,45.00,34.00,M,M,29.64,0.00,10.00,CLR
NYC,2023-12-30 07:51,44.00,33.00,5.00,270.00,29.64,0.00,10.00,CLR
NYC,2023-12-30 08:51,42.00,32.00,3.00,M,29.62,0.00,10.00,CLR
NYC,2023-12-30 09:51,41.00,31.00,7.00,280.00,29.62,0.00,10.00,CLR
NYC,2023-12-30 10:51,40.00,30.00,4.00,270.00,29.63,0.00,10.00,CLR
NYC,2023-12-30 11:51,39.00,29.00,7.00,270.00,29.63,0.00,10.00,CLR
NYC,2023-12-30 12:51,40.00,29.00,5.00,270.00,29.65,0.00,10.00,FEW
NYC,2023-12-30 13:51,40.00,28.00,3.00,M,29.65,0.00,10.00,OVC
NYC,2023-12-30 14:51,41.00,28.00,8.00,250.00,29.65,0.00,10.00,OVC
NYC,2023-12-30 15:51,43.00,29.00,4.00,270.00,29.64,0.00,10.00,FEW
NYC,2023-12-30 16:51,44.00,30.00,7.00,260.00,29.64,0.00,10.00,FEW
NYC,2023-12-30 17:51,44.00,32.00,9.00,260.00,29.63,0.00,10.00,SCT
NYC,2023-12-30 18:51,45.00,32.00,7.00,290.00,29.63,0.00,10.00,OVC
NYC,2023-12-30 19:51,45.00,32.00,5.00,M,29.65,0.00,10.00,OVC
NYC,2023-12-30 20:51,46.00,33.00,8.00,270.00,29.67,0.00,10.00,OVC
NYC,2023-12-30 21:51,45.00,33.00,6.00,M,29.70,0.00,10.00,BKN
NYC,2023-12-30 22:51,45.00,33.00,6.00,M,29.73,0.00,10.00,FEW
NYC,2023-12-30 23:51,44.00,32.00,6.00,290.00,29.75,0.00,10.00,SCT
