date,tmax_f,source
2022-01-01,54.20,open_meteo_gfs_seamless_historical_forecast
2022-01-02,56.70,open_meteo_gfs_seamless_historical_forecast
2022-01-03,36.50,open_meteo_gfs_seamless_historical_forecast
2022-01-04,33.80,open_meteo_gfs_seamless_historical_forecast
2022-01-05,44.70,open_meteo_gfs_seamless_historical_forecast
2022-01-06,38.80,open_meteo_gfs_seamless_historical_forecast
2022-01-07,33.30,open_meteo_gfs_seamless_historical_forecast
2022-01-08,29.40,open_meteo_gfs_seamless_historical_forecast
2022-01-09,38.90,open_meteo_gfs_seamless_historical_forecast
2022-01-10,39.00,open_meteo_gfs_seamless_historical_forecast
2022-01-11,25.20,open_meteo_gfs_seamless_historical_forecast
2022-01-12,39.70,open_meteo_gfs_seamless_historical_forecast
2022-01-13,46.40,open_meteo_gfs_seamless_historical_forecast
2022-01-14,41.90,open_meteo_gfs_seamless_historical_forecast
2022-01-15,23.90,open_meteo_gfs_seamless_historical_forecast
2022-01-16,33.30,open_meteo_gfs_seamless_historical_forecast
2022-01-17,41.90,open_meteo_gfs_seamless_historical_forecast
2022-01-18,36.10,open_meteo_gfs_seamless_historical_forecast
2022-01-19,49.10,open_meteo_gfs_seamless_historical_forecast
2022-01-20,44.70,open_meteo_gfs_seamless_historical_forecast
2022-01-21,24.90,open_meteo_gfs_seamless_historical_forecast
2022-01-22,29.00,open_meteo_gfs_seamless_historical_forecast
2022-01-23,36.60,open_meteo_gfs_seamless_historical_forecast
2022-01-24,32.30,open_meteo_gfs_seamless_historical_forecast
2022-01-25,41.80,open_meteo_gfs_seamless_historical_forecast
2022-01-26,29.70,open_meteo_gfs_seamless_historical_forecast
2022-01-27,31.50,open_meteo_gfs_seamless_historical_forecast
2022-01-28,32.90,open_meteo_gfs_seamless_historical_forecast
2022-01-29,28.50,open_meteo_gfs_seamless_historical_forecast
2022-01-30,24.50,open_meteo_gfs_seamless_historical_forecast
2022-01-31,30.50,open_meteo_gfs_seamless_historical_forecast
2022-02-01,35.40,open_meteo_gfs_seamless_historical_forecast
2022-02-02,45.20,open_meteo_gfs_seamless_historical_forecast
2022-02-03,46.40,open_meteo_gfs_seamless_historical_forecast
2022-02-04,54.60,open_meteo_gfs_seamless_historical_forecast
2022-02-05,27.30,open_meteo_gfs_seamless_historical_forecast
2022-02-06,30.60,open_meteo_gfs_seamless_historical_forecast
2022-02-07,37.10,open_meteo_gfs_seamless_historical_forecast
2022-02-08,45.10,open_meteo_gfs_seamless_historical_forecast
2022-02-09,45.00,open_meteo_gfs_seamless_historical_forecast
2022-02-10,54.00,open_meteo_gfs_seamless_historical_forecast
2022-02-11,56.90,open_meteo_gfs_seamless_historical_forecast
2022-02-12,59.80,open_meteo_gfs_seamless_historical_forecast
2022-02-13,43.90,open_meteo_gfs_seamless_historical_forecast
2022-02-14,25.60,open_meteo_gfs_seamless_historical_forecast
2022-02-15,30.70,open_meteo_gfs_seamless_historical_forecast
2022-02-16,43.30,open_meteo_gfs_seamless_historical_forecast
2022-02-17,66.00,open_meteo_gfs_seamless_historical_forecast
2022-02-18,61.70,open_meteo_gfs_seamless_historical_forecast
2022-02-19,40.60,open_meteo_gfs_seamless_historical_forecast
2022-02-20,36.10,open_meteo_gfs_seamless_historical_forecast
2022-02-21,54.50,open_meteo_gfs_seamless_historical_forecast
2022-02-22,56.40,open_meteo_gfs_seamless_historical_forecast
2022-02-23,68.70,open_meteo_gfs_seamless_historical_forecast
2022-02-24,36.10,open_meteo_gfs_seamless_historical_forecast
2022-02-25,39.40,open_meteo_gfs_seamless_historical_forecast
2022-02-26,36.00,open_meteo_gfs_seamless_historical_forecast
2022-02-27,47.90,open_meteo_gfs_seamless_historical_forecast
2022-02-28,35.80,open_meteo_gfs_seamless_historical_forecast
2022-03-01,45.50,open_meteo_gfs_seamless_historical_forecast
2022-03-02,51.80,open_meteo_gfs_seamless_historical_forecast
2022-03-03,43.30,open_meteo_gfs_seamless_historical_forecast
2022-03-04,37.20,open_meteo_gfs_seamless_historical_forecast
2022-03-05,45.10,open_meteo_gfs_seamless_historical_forecast
2022-03-06,66.70,open_meteo_gfs_seamless_historical_forecast
2022-03-07,74.00,open_meteo_gfs_seamless_historical_forecast
2022-03-08,59.00,open_meteo_gfs_seamless_historical_forecast
2022-03-09,38.50,open_meteo_gfs_seamless_historical_forecast
2022-03-10,49.40,open_meteo_gfs_seamless_historical_forecast
2022-03-11,54.50,open_meteo_gfs_seamless_historical_forecast
2022-03-12,47.30,open_meteo_gfs_seamless_historical_forecast
2022-03-13,34.70,open_meteo_gfs_seamless_historical_forecast
2022-03-14,56.30,open_meteo_gfs_seamless_historical_forecast
2022-03-15,66.80,open_meteo_gfs_seamless_historical_forecast
2022-03-16,64.50,open_meteo_gfs_seamless_historical_forecast
2022-03-17,52.90,open_meteo_gfs_seamless_historical_forecast
2022-03-18,71.60,open_meteo_gfs_seamless_historical_forecast
2022-03-19,67.40,open_meteo_gfs_seamless_historical_forecast
2022-03-20,59.80,open_meteo_gfs_seamless_historical_forecast
2022-03-21,62.80,open_meteo_gfs_seamless_historical_forecast
2022-03-22,58.10,open_meteo_gfs_seamless_historical_forecast
2022-03-23,47.30,open_meteo_gfs_seamless_historical_forecast
2022-03-24,45.20,open_meteo_gfs_seamless_historical_forecast
2022-03-25,59.80,open_meteo_gfs_seamless_historical_forecast
2022-03-26,52.50,open_meteo_gfs_seamless_historical_forecast
2022-03-27,46.00,open_meteo_gfs_seamless_historical_forecast
2022-03-28,31.90,open_meteo_gfs_seamless_historical_forecast
2022-03-29,36.70,open_meteo_gfs_seamless_historical_forecast
2022-03-30,45.60,open_meteo_gfs_seamless_historical_forecast
2022-03-31,67.90,open_meteo_gfs_seamless_historical_forecast
2022-04-01,61.70,open_meteo_gfs_seamless_historical_forecast
2022-04-02,54.50,open_meteo_gfs_seamless_historical_forecast
2022-04-03,45.20,open_meteo_gfs_seamless_historical_forecast
2022-04-04,54.70,open_meteo_gfs_seamless_historical_forecast
2022-04-05,55.40,open_meteo_gfs_seamless_historical_forecast
2022-04-06,52.30,open_meteo_gfs_seamless_historical_forecast
2022-04-07,52.80,open_meteo_gfs_seamless_historical_forecast
2022-04-08,65.30,open_meteo_gfs_seamless_historical_forecast
2022-04-09,55.20,open_meteo_gfs_seamless_historical_forecast
2022-04-10,49.20,open_meteo_gfs_seamless_historical_forecast
2022-04-11,60.00,open_meteo_gfs_seamless_historical_forecast
2022-04-12,72.30,open_meteo_gfs_seamless_historical_forecast
2022-04-13,69.00,open_meteo_gfs_seamless_historical_forecast
2022-04-14,80.10,open_meteo_gfs_seamless_historical_forecast
2022-04-15,69.60,open_meteo_gfs_seamless_historical_forecast
2022-04-16,70.30,open_meteo_gfs_seamless_historical_forecast
2022-04-17,50.50,open_meteo_gfs_seamless_historical_forecast
2022-04-18,53.60,open_meteo_gfs_seamless_historical_forecast
2022-04-19,48.80,open_meteo_gfs_seamless_historical_forecast
2022-04-20,59.90,open_meteo_gfs_seamless_historical_forecast
2022-04-21,59.70,open_meteo_gfs_seamless_historical_forecast
2022-04-22,69.90,open_meteo_gfs_seamless_historical_forecast
2022-04-23,63.60,open_meteo_gfs_seamless_historical_forecast
2022-04-24,61.70,open_meteo_gfs_seamless_historical_forecast
2022-04-25,56.30,open_meteo_gfs_seamless_historical_forecast
2022-04-26,56.30,open_meteo_gfs_seamless_historical_forecast
2022-04-27,56.00,open_meteo_gfs_seamless_historical_forecast
2022-04-28,57.20,open_meteo_gfs_seamless_historical_forecast
2022-04-29,63.10,open_meteo_gfs_seamless_historical_forecast
2022-04-30,67.70,open_meteo_gfs_seamless_historical_forecast
2022-05-01,68.30,open_meteo_gfs_seamless_historical_forecast
2022-05-02,55.00,open_meteo_gfs_seamless_historical_forecast
2022-05-03,61.40,open_meteo_gfs_seamless_historical_forecast
2022-05-04,64.80,open_meteo_gfs_seamless_historical_forecast
2022-05-05,74.20,open_meteo_gfs_seamless_historical_forecast
2022-05-06,61.70,open_meteo_gfs_seamless_historical_forecast
2022-05-07,50.20,open_meteo_gfs_seamless_historical_forecast
2022-05-08,58.10,open_meteo_gfs_seamless_historical_forecast
2022-05-09,70.10,open_meteo_gfs_seamless_historical_forecast
2022-05-10,72.50,open_meteo_gfs_seamless_historical_forecast
2022-05-11,73.70,open_meteo_gfs_seamless_historical_forecast
2022-05-12,73.20,open_meteo_gfs_seamless_historical_forecast
2022-05-13,70.70,open_meteo_gfs_seamless_historical_forecast
2022-05-14,73.30,open_meteo_gfs_seamless_historical_forecast
2022-05-15,76.80,open_meteo_gfs_seamless_historical_forecast
2022-05-16,75.90,open_meteo_gfs_seamless_historical_forecast
2022-05-17,77.20,open_meteo_gfs_seamless_historical_forecast
2022-05-18,73.90,open_meteo_gfs_seamless_historical_forecast
2022-05-19,66.00,open_meteo_gfs_seamless_historical_forecast
2022-05-20,68.80,open_meteo_gfs_seamless_historical_forecast
2022-05-21,92.10,open_meteo_gfs_seamless_historical_forecast
2022-05-22,91.80,open_meteo_gfs_seamless_historical_forecast
2022-05-23,74.00,open_meteo_gfs_seamless_historical_forecast
2022-05-24,67.30,open_meteo_gfs_seamless_historical_forecast
2022-05-25,71.10,open_meteo_gfs_seamless_historical_forecast
2022-05-26,69.60,open_meteo_gfs_seamless_historical_forecast
2022-05-27,79.50,open_meteo_gfs_seamless_historical_forecast
2022-05-28,74.00,open_meteo_gfs_seamless_historical_forecast
2022-05-29,78.70,open_meteo_gfs_seamless_historical_forecast
2022-05-30,86.90,open_meteo_gfs_seamless_historical_forecast
2022-05-31,94.70,open_meteo_gfs_seamless_historical_forecast
2022-06-01,68.30,open_meteo_gfs_seamless_historical_forecast
2022-06-02,78.00,open_meteo_gfs_seamless_historical_forecast
2022-06-03,75.80,open_meteo_gfs_seamless_historical_forecast
2022-06-04,80.80,open_meteo_gfs_seamless_historical_forecast
2022-06-05,77.80,open_meteo_gfs_seamless_historical_forecast
2022-06-06,81.60,open_meteo_gfs_seamless_historical_forecast
2022-06-07,77.90,open_meteo_gfs_seamless_historical_forecast
2022-06-08,84.20,open_meteo_gfs_seamless_historical_forecast
2022-06-09,84.80,open_meteo_gfs_seamless_historical_forecast
2022-06-10,80.00,open_meteo_gfs_seamless_historical_forecast
2022-06-11,76.80,open_meteo_gfs_seamless_historical_forecast
2022-06-12,71.60,open_meteo_gfs_seamless_historical_forecast
2022-06-13,84.30,open_meteo_gfs_seamless_historical_forecast
2022-06-14,83.20,open_meteo_gfs_seamless_historical_forecast
2022-06-15,81.90,open_meteo_gfs_seamless_historical_forecast
2022-06-16,69.20,open_meteo_gfs_seamless_historical_forecast
2022-06-17,91.10,open_meteo_gfs_seamless_historical_forecast
2022-06-18,75.90,open_meteo_gfs_seamless_historical_forecast
2022-06-19,73.50,open_meteo_gfs_seamless_historical_forecast
2022-06-20,80.00,open_meteo_gfs_seamless_historical_forecast
2022-06-21,79.30,open_meteo_gfs_seamless_historical_forecast
2022-06-22,66.50,open_meteo_gfs_seamless_historical_forecast
2022-06-23,73.00,open_meteo_gfs_seamless_historical_forecast
2022-06-24,81.30,open_meteo_gfs_seamless_historical_forecast
2022-06-25,90.90,open_meteo_gfs_seamless_historical_forecast
2022-06-26,89.30,open_meteo_gfs_seamless_historical_forecast
2022-06-27,78.00,open_meteo_gfs_seamless_historical_forecast
2022-06-28,78.80,open_meteo_gfs_seamless_historical_forecast
2022-06-29,85.10,open_meteo_gfs_seamless_historical_forecast
2022-06-30,87.40,open_meteo_gfs_seamless_historical_forecast
2022-07-01,93.00,open_meteo_gfs_seamless_historical_forecast
2022-07-02,88.80,open_meteo_gfs_seamless_historical_forecast
2022-07-03,90.50,open_meteo_gfs_seamless_historical_forecast
2022-07-04,85.60,open_meteo_gfs_seamless_historical_forecast
2022-07-05,86.40,open_meteo_gfs_seamless_historical_forecast
2022-07-06,85.70,open_meteo_gfs_seamless_historical_forecast
2022-07-07,82.10,open_meteo_gfs_seamless_historical_forecast
2022-07-08,84.00,open_meteo_gfs_seamless_historical_forecast
2022-07-09,84.80,open_meteo_gfs_seamless_historical_forecast
2022-07-10,82.70,open_meteo_gfs_seamless_historical_forecast
2022-07-11,83.80,open_meteo_gfs_seamless_historical_forecast
2022-07-12,91.50,open_meteo_gfs_seamless_historical_forecast
2022-07-13,91.10,open_meteo_gfs_seamless_historical_forecast
2022-07-14,86.20,open_meteo_gfs_seamless_historical_forecast
2022-07-15,84.80,open_meteo_gfs_seamless_historical_forecast
2022-07-16,82.70,open_meteo_gfs_seamless_historical_forecast
2022-07-17,84.00,open_meteo_gfs_seamless_historical_forecast
2022-07-18,81.60,open_meteo_gfs_seamless_historical_forecast
2022-07-19,92.00,open_meteo_gfs_seamless_historical_forecast
2022-07-20,94.20,open_meteo_gfs_seamless_historical_forecast
2022-07-21,93.20,open_meteo_gfs_seamless_historical_forecast
2022-07-22,95.90,open_meteo_gfs_seamless_historical_forecast
2022-07-23,97.50,open_meteo_gfs_seamless_historical_forecast
2022-07-24,98.50,open_meteo_gfs_seamless_historical_forecast
2022-07-25,89.60,open_meteo_gfs_seamless_historical_forecast
2022-07-26,82.50,open_meteo_gfs_seamless_historical_forecast
2022-07-27,85.90,open_meteo_gfs_seamless_historical_forecast
2022-07-28,88.00,open_meteo_gfs_seamless_historical_forecast
2022-07-29,88.40,open_meteo_gfs_seamless_historical_forecast
2022-07-30,87.90,open_meteo_gfs_seamless_historical_forecast
2022-07-31,86.90,open_meteo_gfs_seamless_historical_forecast
2022-08-01,75.60,open_meteo_gfs_seamless_historical_forecast
2022-08-02,91.80,open_meteo_gfs_seamless_historical_forecast
2022-08-03,91.60,open_meteo_gfs_seamless_historical_forecast
2022-08-04,94.00,open_meteo_gfs_seamless_historical_forecast
2022-08-05,91.10,open_meteo_gfs_seamless_historical_forecast
2022-08-06,93.90,open_meteo_gfs_seamless_historical_forecast
2022-08-07,91.00,open_meteo_gfs_seamless_historical_forecast
2022-08-08,94.40,open_meteo_gfs_seamless_historical_forecast
2022-08-09,96.80,open_meteo_gfs_seamless_historical_forecast
2022-08-10,85.10,open_meteo_gfs_seamless_historical_forecast
2022-08-11,89.90,open_meteo_gfs_seamless_historical_forecast
2022-08-12,84.20,open_meteo_gfs_seamless_historical_forecast
2022-08-13,79.20,open_meteo_gfs_seamless_historical_forecast
2022-08-14,81.50,open_meteo_gfs_seamless_historical_forecast
2022-08-15,82.50,open_meteo_gfs_seamless_historical_forecast
2022-08-16,83.30,open_meteo_gfs_seamless_historical_forecast
2022-08-17,79.40,open_meteo_gfs_seamless_historical_forecast
2022-08-18,86.80,open_meteo_gfs_seamless_historical_forecast
2022-08-19,89.30,open_meteo_gfs_seamless_historical_forecast
2022-08-20,89.60,open_meteo_gfs_seamless_historical_forecast
2022-08-21,82.30,open_meteo_gfs_seamless_historical_forecast
2022-08-22,77.90,open_meteo_gfs_seamless_historical_forecast
2022-08-23,86.10,open_meteo_gfs_seamless_historical_forecast
2022-08-24,90.70,open_meteo_gfs_seamless_historical_forecast
2022-08-25,91.30,open_meteo_gfs_seamless_historical_forecast
2022-08-26,85.70,open_meteo_gfs_seamless_historical_forecast
2022-08-27,87.50,open_meteo_gfs_seamless_historical_forecast
2022-08-28,79.60,open_meteo_gfs_seamless_historical_forecast
2022-08-29,86.70,open_meteo_gfs_seamless_historical_forecast
2022-08-30,88.20,open_meteo_gfs_seamless_historical_forecast
2022-08-31,83.90,open_meteo_gfs_seamless_historical_forecast
2022-09-01,86.00,open_meteo_gfs_seamless_historical_forecast
2022-09-02,77.80,open_meteo_gfs_seamless_historical_forecast
2022-09-03,81.70,open_meteo_gfs_seamless_historical_forecast
2022-09-04,88.70,open_meteo_gfs_seamless_historical_forecast
2022-09-05,85.40,open_meteo_gfs_seamless_historical_forecast
2022-09-06,74.10,open_meteo_gfs_seamless_historical_forecast
2022-09-07,72.50,open_meteo_gfs_seamless_historical_forecast
2022-09-08,77.10,open_meteo_gfs_seamless_historical_forecast
2022-09-09,79.70,open_meteo_gfs_seamless_historical_forecast
2022-09-10,85.70,open_meteo_gfs_seamless_historical_forecast
2022-09-11,76.50,open_meteo_gfs_seamless_historical_forecast
2022-09-12,79.80,open_meteo_gfs_seamless_historical_forecast
2022-09-13,83.10,open_meteo_gfs_seamless_historical_forecast
2022-09-14,81.10,open_meteo_gfs_seamless_historical_forecast
2022-09-15,74.90,open_meteo_gfs_seamless_historical_forecast
2022-09-16,76.80,open_meteo_gfs_seamless_historical_forecast
2022-09-17,74.90,open_meteo_gfs_seamless_historical_forecast
2022-09-18,84.50,open_meteo_gfs_seamless_historical_forecast
2022-09-19,85.80,open_meteo_gfs_seamless_historical_forecast
2022-09-20,78.30,open_meteo_gfs_seamless_historical_forecast
2022-09-21,81.60,open_meteo_gfs_seamless_historical_forecast
2022-09-22,75.80,open_meteo_gfs_seamless_historical_forecast
2022-09-23,64.00,open_meteo_gfs_seamless_historical_forecast
2022-09-24,70.90,open_meteo_gfs_seamless_historical_forecast
2022-09-25,72.60,open_meteo_gfs_seamless_historical_forecast
2022-09-26,76.50,open_meteo_gfs_seamless_historical_forecast
2022-09-27,69.60,open_meteo_gfs_seamless_historical_forecast
2022-09-28,69.50,open_meteo_gfs_seamless_historical_forecast
2022-09-29,66.60,open_meteo_gfs_seamless_historical_forecast
2022-09-30,62.10,open_meteo_gfs_seamless_historical_forecast
2022-10-01,59.90,open_meteo_gfs_seamless_historical_forecast
2022-10-02,58.70,open_meteo_gfs_seamless_historical_forecast
2022-10-03,51.80,open_meteo_gfs_seamless_historical_forecast
2022-10-04,53.70,open_meteo_gfs_seamless_historical_forecast
2022-10-05,58.80,open_meteo_gfs_seamless_historical_forecast
2022-10-06,76.10,open_meteo_gfs_seamless_historical_forecast
2022-10-07,78.40,open_meteo_gfs_seamless_historical_forecast
2022-10-08,59.80,open_meteo_gfs_seamless_historical_forecast
2022-10-09,63.10,open_meteo_gfs_seamless_historical_forecast
2022-10-10,68.90,open_meteo_gfs_seamless_historical_forecast
2022-10-11,71.90,open_meteo_gfs_seamless_historical_forecast
2022-10-12,70.60,open_meteo_gfs_seamless_historical_forecast
2022-10-13,71.10,open_meteo_gfs_seamless_historical_forecast
2022-10-14,66.10,open_meteo_gfs_seamless_historical_forecast
2022-10-15,70.40,open_meteo_gfs_seamless_historical_forecast
2022-10-16,65.90,open_meteo_gfs_seamless_historical_forecast
2022-10-17,66.70,open_meteo_gfs_seamless_historical_forecast
2022-10-18,57.20,open_meteo_gfs_seamless_historical_forecast
2022-10-19,54.60,open_meteo_gfs_seamless_historical_forecast
2022-10-20,59.90,open_meteo_gfs_seamless_historical_forecast
2022-10-21,64.60,open_meteo_gfs_seamless_historical_forecast
2022-10-22,67.70,open_meteo_gfs_seamless_historical_forecast
2022-10-23,61.80,open_meteo_gfs_seamless_historical_forecast
2022-10-24,60.20,open_meteo_gfs_seamless_historical_forecast
2022-10-25,68.90,open_meteo_gfs_seamless_historical_forecast
2022-10-26,71.90,open_meteo_gfs_seamless_historical_forecast
2022-10-27,67.10,open_meteo_gfs_seamless_historical_forecast
2022-10-28,56.60,open_meteo_gfs_seamless_historical_forecast
2022-10-29,59.90,open_meteo_gfs_seamless_historical_forecast
2022-10-30,65.30,open_meteo_gfs_seamless_historical_forecast
2022-10-31,65.20,open_meteo_gfs_seamless_historical_forecast
2022-11-01,68.00,open_meteo_gfs_seamless_historical_forecast
2022-11-02,72.40,open_meteo_gfs_seamless_historical_forecast
2022-11-03,68.90,open_meteo_gfs_seamless_historical_forecast
2022-11-04,71.20,open_meteo_gfs_seamless_historical_forecast
2022-11-05,76.30,open_meteo_gfs_seamless_historical_forecast
2022-11-06,74.00,open_meteo_gfs_seamless_historical_forecast
2022-11-07,78.70,open_meteo_gfs_seamless_historical_forecast
2022-11-08,58.30,open_meteo_gfs_seamless_historical_forecast
2022-11-09,53.90,open_meteo_gfs_seamless_historical_forecast
2022-11-10,67.10,open_meteo_gfs_seamless_historical_forecast
2022-11-11,67.40,open_meteo_gfs_seamless_historical_forecast
2022-11-12,69.40,open_meteo_gfs_seamless_historical_forecast
2022-11-13,59.90,open_meteo_gfs_seamless_historical_forecast
2022-11-14,46.10,open_meteo_gfs_seamless_historical_forecast
2022-11-15,44.10,open_meteo_gfs_seamless_historical_forecast
2022-11-16,48.20,open_meteo_gfs_seamless_historical_forecast
2022-11-17,46.00,open_meteo_gfs_seamless_historical_forecast
2022-11-18,43.60,open_meteo_gfs_seamless_historical_forecast
2022-11-19,40.10,open_meteo_gfs_seamless_historical_forecast
2022-11-20,36.50,open_meteo_gfs_seamless_historical_forecast
2022-11-21,40.90,open_meteo_gfs_seamless_historical_forecast
2022-11-22,50.90,open_meteo_gfs_seamless_historical_forecast
2022-11-23,55.60,open_meteo_gfs_seamless_historical_forecast
2022-11-24,52.90,open_meteo_gfs_seamless_historical_forecast
2022-11-25,54.20,open_meteo_gfs_seamless_historical_forecast
2022-11-26,56.70,open_meteo_gfs_seamless_historical_forecast
2022-11-27,58.60,open_meteo_gfs_seamless_historical_forecast
2022-11-28,54.30,open_meteo_gfs_seamless_historical_forecast
2022-11-29,42.80,open_meteo_gfs_seamless_historical_forecast
2022-11-30,57.00,open_meteo_gfs_seamless_historical_forecast
2022-12-01,43.20,open_meteo_gfs_seamless_historical_forecast
2022-12-02,42.80,open_meteo_gfs_seamless_historical_forecast
2022-12-03,56.40,open_meteo_gfs_seamless_historical_forecast
2022-12-04,45.50,open_meteo_gfs_seamless_historical_forecast
2022-12-05,46.80,open_meteo_gfs_seamless_historical_forecast
2022-12-06,56.10,open_meteo_gfs_seamless_historical_forecast
2022-12-07,58.10,open_meteo_gfs_seamless_historical_forecast
2022-12-08,53.90,open_meteo_gfs_seamless_historical_forecast
2022-12-09,45.70,open_meteo_gfs_seamless_historical_forecast
2022-12-10,39.00,open_meteo_gfs_seamless_historical_forecast
2022-12-11,38.30,open_meteo_gfs_seamless_historical_forecast
2022-12-12,36.80,open_meteo_gfs_seamless_historical_forecast
2022-12-13,40.10,open_meteo_gfs_seamless_historical_forecast
2022-12-14,40.30,open_meteo_gfs_seamless_historical_forecast
2022-12-15,40.40,open_meteo_gfs_seamless_historical_forecast
2022-12-16,43.20,open_meteo_gfs_seamless_historical_forecast
2022-12-17,43.90,open_meteo_gfs_seamless_historical_forecast
2022-12-18,39.00,open_meteo_gfs_seamless_historical_forecast
2022-12-19,37.70,open_meteo_gfs_seamless_historical_forecast
2022-12-20,38.50,open_meteo_gfs_seamless_historical_forecast
2022-12-21,39.80,open_meteo_gfs_seamless_historical_forecast
2022-12-22,44.40,open_meteo_gfs_seamless_historical_forecast
2022-12-23,57.10,open_meteo_gfs_seamless_historical_forecast
2022-12-24,14.10,open_meteo_gfs_seamless_historical_forecast
2022-12-25,26.90,open_meteo_gfs_seamless_historical_forecast
2022-12-26,28.10,open_meteo_gfs_seamless_historical_forecast
2022-12-27,34.70,open_meteo_gfs_seamless_historical_forecast
2022-12-28,47.30,open_meteo_gfs_seamless_historical_forecast
2022-12-29,50.50,open_meteo_gfs_seamless_historical_forecast
2022-12-30,59.40,open_meteo_gfs_seamless_historical_forecast
2022-12-31,51.00,open_meteo_gfs_seamless_historical_forecast
2023-01-01,54.40,open_meteo_gfs_seamless_historical_forecast
2023-01-02,55.60,open_meteo_gfs_seamless_historical_forecast
2023-01-03,52.90,open_meteo_gfs_seamless_historical_forecast
2023-01-04,65.30,open_meteo_gfs_seamless_historical_forecast
2023-01-05,48.40,open_meteo_gfs_seamless_historical_forecast
2023-01-06,47.20,open_meteo_gfs_seamless_historical_forecast
2023-01-07,44.20,open_meteo_gfs_seamless_historical_forecast
2023-01-08,41.20,open_meteo_gfs_seamless_historical_forecast
2023-01-09,44.60,open_meteo_gfs_seamless_historical_forecast
2023-01-10,41.40,open_meteo_gfs_seamless_historical_forecast
2023-01-11,38.90,open_meteo_gfs_seamless_historical_forecast
2023-01-12,54.50,open_meteo_gfs_seamless_historical_forecast
2023-01-13,55.40,open_meteo_gfs_seamless_historical_forecast
2023-01-14,37.30,open_meteo_gfs_seamless_historical_forecast
2023-01-15,39.80,open_meteo_gfs_seamless_historical_forecast
2023-01-16,47.60,open_meteo_gfs_seamless_historical_forecast
2023-01-17,45.70,open_meteo_gfs_seamless_historical_forecast
2023-01-18,53.20,open_meteo_gfs_seamless_historical_forecast
2023-01-19,44.30,open_meteo_gfs_seamless_historical_forecast
2023-01-20,48.10,open_meteo_gfs_seamless_historical_forecast
2023-01-21,41.60,open_meteo_gfs_seamless_historical_forecast
2023-01-22,41.20,open_meteo_gfs_seamless_historical_forecast
2023-01-23,37.80,open_meteo_gfs_seamless_historical_forecast
2023-01-24,45.50,open_meteo_gfs_seamless_historical_forecast
2023-01-25,51.80,open_meteo_gfs_seamless_historical_forecast
2023-01-26,55.20,open_meteo_gfs_seamless_historical_forecast
2023-01-27,41.90,open_meteo_gfs_seamless_historical_forecast
2023-01-28,53.00,open_meteo_gfs_seamless_historical_forecast
2023-01-29,54.10,open_meteo_gfs_seamless_historical_forecast
2023-01-30,54.50,open_meteo_gfs_seamless_historical_forecast
2023-01-31,47.60,open_meteo_gfs_seamless_historical_forecast
2023-02-01,38.30,open_meteo_gfs_seamless_historical_forecast
2023-02-02,39.70,open_meteo_gfs_seamless_historical_forecast
2023-02-03,33.40,open_meteo_gfs_seamless_historical_forecast
2023-02-04,23.20,open_meteo_gfs_seamless_historical_forecast
2023-02-05,46.80,open_meteo_gfs_seamless_historical_forecast
2023-02-06,51.20,open_meteo_gfs_seamless_historical_forecast
2023-02-07,41.70,open_meteo_gfs_seamless_historical_forecast
2023-02-08,53.30,open_meteo_gfs_seamless_historical_forecast
2023-02-09,51.80,open_meteo_gfs_seamless_historical_forecast
2023-02-10,59.40,open_meteo_gfs_seamless_historical_forecast
2023-02-11,46.30,open_meteo_gfs_seamless_historical_forecast
2023-02-12,48.80,open_meteo_gfs_seamless_historical_forecast
2023-02-13,57.80,open_meteo_gfs_seamless_historical_forecast
2023-02-14,54.70,open_meteo_gfs_seamless_historical_forecast
2023-02-15,65.80,open_meteo_gfs_seamless_historical_forecast
2023-02-16,68.90,open_meteo_gfs_seamless_historical_forecast
2023-02-17,61.00,open_meteo_gfs_seamless_historical_forecast
2023-02-18,43.20,open_meteo_gfs_seamless_historical_forecast
2023-02-19,47.90,open_meteo_gfs_seamless_historical_forecast
2023-02-20,61.20,open_meteo_gfs_seamless_historical_forecast
2023-02-21,50.20,open_meteo_gfs_seamless_historical_forecast
2023-02-22,44.40,open_meteo_gfs_seamless_historical_forecast
2023-02-23,40.90,open_meteo_gfs_seamless_historical_forecast
2023-02-24,44.00,open_meteo_gfs_seamless_historical_forecast
2023-02-25,32.80,open_meteo_gfs_seamless_historical_forecast
2023-02-26,50.70,open_meteo_gfs_seamless_historical_forecast
2023-02-27,44.30,open_meteo_gfs_seamless_historical_forecast
2023-02-28,35.10,open_meteo_gfs_seamless_historical_forecast
2023-03-01,42.80,open_meteo_gfs_seamless_historical_forecast
2023-03-02,53.60,open_meteo_gfs_seamless_historical_forecast
2023-03-03,45.20,open_meteo_gfs_seamless_historical_forecast
2023-03-04,43.20,open_meteo_gfs_seamless_historical_forecast
2023-03-05,53.70,open_meteo_gfs_seamless_historical_forecast
2023-03-06,52.70,open_meteo_gfs_seamless_historical_forecast
2023-03-07,47.10,open_meteo_gfs_seamless_historical_forecast
2023-03-08,47.10,open_meteo_gfs_seamless_historical_forecast
2023-03-09,50.40,open_meteo_gfs_seamless_historical_forecast
2023-03-10,44.30,open_meteo_gfs_seamless_historical_forecast
2023-03-11,42.40,open_meteo_gfs_seamless_historical_forecast
2023-03-12,47.00,open_meteo_gfs_seamless_historical_forecast
2023-03-13,42.80,open_meteo_gfs_seamless_historical_forecast
2023-03-14,39.10,open_meteo_gfs_seamless_historical_forecast
2023-03-15,44.90,open_meteo_gfs_seamless_historical_forecast
2023-03-16,58.90,open_meteo_gfs_seamless_historical_forecast
2023-03-17,59.90,open_meteo_gfs_seamless_historical_forecast
2023-03-18,56.10,open_meteo_gfs_seamless_historical_forecast
2023-03-19,41.70,open_meteo_gfs_seamless_historical_forecast
2023-03-20,50.90,open_meteo_gfs_seamless_historical_forecast
2023-03-21,62.60,open_meteo_gfs_seamless_historical_forecast
2023-03-22,60.30,open_meteo_gfs_seamless_historical_forecast
2023-03-23,57.80,open_meteo_gfs_seamless_historical_forecast
2023-03-24,57.10,open_meteo_gfs_seamless_historical_forecast
2023-03-25,45.10,open_meteo_gfs_seamless_historical_forecast
2023-03-26,62.70,open_meteo_gfs_seamless_historical_forecast
2023-03-27,59.40,open_meteo_gfs_seamless_historical_forecast
2023-03-28,50.90,open_meteo_gfs_seamless_historical_forecast
2023-03-29,55.40,open_meteo_gfs_seamless_historical_forecast
2023-03-30,44.90,open_meteo_gfs_seamless_historical_forecast
2023-03-31,51.10,open_meteo_gfs_seamless_historical_forecast
2023-04-01,69.00,open_meteo_gfs_seamless_historical_forecast
2023-04-02,52.70,open_meteo_gfs_seamless_historical_forecast
2023-04-03,57.20,open_meteo_gfs_seamless_historical_forecast
2023-04-04,72.00,open_meteo_gfs_seamless_historical_forecast
2023-04-05,55.90,open_meteo_gfs_seamless_historical_forecast
2023-04-06,77.50,open_meteo_gfs_seamless_historical_forecast
2023-04-07,58.90,open_meteo_gfs_seamless_historical_forecast
2023-04-08,53.10,open_meteo_gfs_seamless_historical_forecast
2023-04-09,54.50,open_meteo_gfs_seamless_historical_forecast
2023-04-10,65.90,open_meteo_gfs_seamless_historical_forecast
2023-04-11,74.90,open_meteo_gfs_seamless_historical_forecast
2023-04-12,84.20,open_meteo_gfs_seamless_historical_forecast
2023-04-13,89.30,open_meteo_gfs_seamless_historical_forecast
2023-04-14,88.70,open_meteo_gfs_seamless_historical_forecast
2023-04-15,72.50,open_meteo_gfs_seamless_historical_forecast
2023-04-16,69.60,open_meteo_gfs_seamless_historical_forecast
2023-04-17,67.50,open_meteo_gfs_seamless_historical_forecast
2023-04-18,56.20,open_meteo_gfs_seamless_historical_forecast
2023-04-19,64.50,open_meteo_gfs_seamless_historical_forecast
2023-04-20,64.80,open_meteo_gfs_seamless_historical_forecast
2023-04-21,69.20,open_meteo_gfs_seamless_historical_forecast
2023-04-22,69.00,open_meteo_gfs_seamless_historical_forecast
2023-04-23,65.20,open_meteo_gfs_seamless_historical_forecast
2023-04-24,62.10,open_meteo_gfs_seamless_historical_forecast
2023-04-25,59.20,open_meteo_gfs_seamless_historical_forecast
2023-04-26,57.50,open_meteo_gfs_seamless_historical_forecast
2023-04-27,55.80,open_meteo_gfs_seamless_historical_forecast
2023-04-28,56.80,open_meteo_gfs_seamless_historical_forecast
2023-04-29,51.40,open_meteo_gfs_seamless_historical_forecast
2023-04-30,59.00,open_meteo_gfs_seamless_historical_forecast
2023-05-01,61.40,open_meteo_gfs_seamless_historical_forecast
2023-05-02,55.00,open_meteo_gfs_seamless_historical_forecast
2023-05-03,55.40,open_meteo_gfs_seamless_historical_forecast
2023-05-04,54.70,open_meteo_gfs_seamless_historical_forecast
2023-05-05,62.90,open_meteo_gfs_seamless_historical_forecast
2023-05-06,74.10,open_meteo_gfs_seamless_historical_forecast
2023-05-07,77.30,open_meteo_gfs_seamless_historical_forecast
2023-05-08,77.90,open_meteo_gfs_seamless_historical_forecast
2023-05-09,69.20,open_meteo_gfs_seamless_historical_forecast
2023-05-10,73.70,open_meteo_gfs_seamless_historical_forecast
2023-05-11,80.90,open_meteo_gfs_seamless_historical_forecast
2023-05-12,87.70,open_meteo_gfs_seamless_historical_forecast
2023-05-13,81.60,open_meteo_gfs_seamless_historical_forecast
2023-05-14,74.40,open_meteo_gfs_seamless_historical_forecast
2023-05-15,75.30,open_meteo_gfs_seamless_historical_forecast
2023-05-16,79.90,open_meteo_gfs_seamless_historical_forecast
2023-05-17,67.40,open_meteo_gfs_seamless_historical_forecast
2023-05-18,60.80,open_meteo_gfs_seamless_historical_forecast
2023-05-19,69.40,open_meteo_gfs_seamless_historical_forecast
2023-05-20,64.80,open_meteo_gfs_seamless_historical_forecast
2023-05-21,70.30,open_meteo_gfs_seamless_historical_forecast
2023-05-22,75.50,open_meteo_gfs_seamless_historical_forecast
2023-05-23,69.40,open_meteo_gfs_seamless_historical_forecast
2023-05-24,77.90,open_meteo_gfs_seamless_historical_forecast
2023-05-25,67.80,open_meteo_gfs_seamless_historical_forecast
2023-05-26,73.10,open_meteo_gfs_seamless_historical_forecast
2023-05-27,78.40,open_meteo_gfs_seamless_historical_forecast
2023-05-28,79.10,open_meteo_gfs_seamless_historical_forecast
2023-05-29,79.10,open_meteo_gfs_seamless_historical_forecast
2023-05-30,70.30,open_meteo_gfs_seamless_historical_forecast
2023-05-31,75.60,open_meteo_gfs_seamless_historical_forecast
2023-06-01,86.80,open_meteo_gfs_seamless_historical_forecast
2023-06-02,90.00,open_meteo_gfs_seamless_historical_forecast
2023-06-03,68.50,open_meteo_gfs_seamless_historical_forecast
2023-06-04,67.50,open_meteo_gfs_seamless_historical_forecast
2023-06-05,75.70,open_meteo_gfs_seamless_historical_forecast
2023-06-06,78.80,open_meteo_gfs_seamless_historical_forecast
2023-06-07,70.30,open_meteo_gfs_seamless_historical_forecast
2023-06-08,71.60,open_meteo_gfs_seamless_historical_forecast
2023-06-09,71.00,open_meteo_gfs_seamless_historical_forecast
2023-06-10,78.10,open_meteo_gfs_seamless_historical_forecast
2023-06-11,81.50,open_meteo_gfs_seamless_historical_forecast
2023-06-12,77.90,open_meteo_gfs_seamless_historical_forecast
2023-06-13,79.90,open_meteo_gfs_seamless_historical_forecast
2023-06-14,74.80,open_meteo_gfs_seamless_historical_forecast
2023-06-15,78.50,open_meteo_gfs_seamless_historical_forecast
2023-06-16,79.30,open_meteo_gfs_seamless_historical_forecast
2023-06-17,77.90,open_meteo_gfs_seamless_historical_forecast
2023-06-18,80.40,open_meteo_gfs_seamless_historical_forecast
2023-06-19,79.20,open_meteo_gfs_seamless_historical_forecast
2023-06-20,75.90,open_meteo_gfs_seamless_historical_forecast
2023-06-21,71.70,open_meteo_gfs_seamless_historical_forecast
2023-06-22,69.80,open_meteo_gfs_seamless_historical_forecast
2023-06-23,69.80,open_meteo_gfs_seamless_historical_forecast
2023-06-24,78.10,open_meteo_gfs_seamless_historical_forecast
2023-06-25,83.50,open_meteo_gfs_seamless_historical_forecast
2023-06-26,79.70,open_meteo_gfs_seamless_historical_forecast
2023-06-27,78.00,open_meteo_gfs_seamless_historical_forecast
2023-06-28,81.70,open_meteo_gfs_seamless_historical_forecast
2023-06-29,83.00,open_meteo_gfs_seamless_historical_forecast
2023-06-30,85.00,open_meteo_gfs_seamless_historical_forecast
2023-07-01,82.70,open_meteo_gfs_seamless_historical_forecast
2023-07-02,87.70,open_meteo_gfs_seamless_historical_forecast
2023-07-03,89.30,open_meteo_gfs_seamless_historical_forecast
2023-07-04,84.40,open_meteo_gfs_seamless_historical_forecast
2023-07-05,94.20,open_meteo_gfs_seamless_historical_forecast
2023-07-06,91.30,open_meteo_gfs_seamless_historical_forecast
2023-07-07,86.20,open_meteo_gfs_seamless_historical_forecast
2023-07-08,87.70,open_meteo_gfs_seamless_historical_forecast
2023-07-09,82.90,open_meteo_gfs_seamless_historical_forecast
2023-07-10,85.90,open_meteo_gfs_seamless_historical_forecast
2023-07-11,90.90,open_meteo_gfs_seamless_historical_forecast
2023-07-12,92.90,open_meteo_gfs_seamless_historical_forecast
2023-07-13,88.40,open_meteo_gfs_seamless_historical_forecast
2023-07-14,82.60,open_meteo_gfs_seamless_historical_forecast
2023-07-15,89.00,open_meteo_gfs_seamless_historical_forecast
2023-07-16,79.10,open_meteo_gfs_seamless_historical_forecast
2023-07-17,91.20,open_meteo_gfs_seamless_historical_forecast
2023-07-18,84.70,open_meteo_gfs_seamless_historical_forecast
2023-07-19,81.70,open_meteo_gfs_seamless_historical_forecast
2023-07-20,87.00,open_meteo_gfs_seamless_historical_forecast
2023-07-21,86.90,open_meteo_gfs_seamless_historical_forecast
2023-07-22,85.30,open_meteo_gfs_seamless_historical_forecast
2023-07-23,86.30,open_meteo_gfs_seamless_historical_forecast
2023-07-24,86.90,open_meteo_gfs_seamless_historical_forecast
2023-07-25,86.70,open_meteo_gfs_seamless_historical_forecast
2023-07-26,89.80,open_meteo_gfs_seamless_historical_forecast
2023-07-27,93.60,open_meteo_gfs_seamless_historical_forecast
2023-07-28,94.10,open_meteo_gfs_seamless_historical_forecast
2023-07-29,90.70,open_meteo_gfs_seamless_historical_forecast
2023-07-30,80.40,open_meteo_gfs_seamless_historical_forecast
2023-07-31,83.40,open_meteo_gfs_seamless_historical_forecast
2023-08-01,80.60,open_meteo_gfs_seamless_historical_forecast
2023-08-02,82.00,open_meteo_gfs_seamless_historical_forecast
2023-08-03,80.20,open_meteo_gfs_seamless_historical_forecast
2023-08-04,78.50,open_meteo_gfs_seamless_historical_forecast
2023-08-05,85.50,open_meteo_gfs_seamless_historical_forecast
2023-08-06,85.80,open_meteo_gfs_seamless_historical_forecast
2023-08-07,80.20,open_meteo_gfs_seamless_historical_forecast
2023-08-08,80.60,open_meteo_gfs_seamless_historical_forecast
2023-08-09,87.10,open_meteo_gfs_seamless_historical_forecast
2023-08-10,80.60,open_meteo_gfs_seamless_historical_forecast
2023-08-11,86.10,open_meteo_gfs_seamless_historical_forecast
2023-08-12,84.20,open_meteo_gfs_seamless_historical_forecast
2023-08-13,88.70,open_meteo_gfs_seamless_historical_forecast
2023-08-14,88.40,open_meteo_gfs_seamless_historical_forecast
2023-08-15,78.00,open_meteo_gfs_seamless_historical_forecast
2023-08-16,79.40,open_meteo_gfs_seamless_historical_forecast
2023-08-17,77.90,open_meteo_gfs_seamless_historical_forecast
2023-08-18,78.40,open_meteo_gfs_seamless_historical_forecast
2023-08-19,79.20,open_meteo_gfs_seamless_historical_forecast
2023-08-20,86.60,open_meteo_gfs_seamless_historical_forecast
2023-08-21,86.90,open_meteo_gfs_seamless_historical_forecast
2023-08-22,79.40,open_meteo_gfs_seamless_historical_forecast
2023-08-23,79.40,open_meteo_gfs_seamless_historical_forecast
2023-08-24,72.60,open_meteo_gfs_seamless_historical_forecast
2023-08-25,77.00,open_meteo_gfs_seamless_historical_forecast
2023-08-26,82.40,open_meteo_gfs_seamless_historical_forecast
2023-08-27,82.50,open_meteo_gfs_seamless_historical_forecast
2023-08-28,75.90,open_meteo_gfs_seamless_historical_forecast
2023-08-29,77.90,open_meteo_gfs_seamless_historical_forecast
2023-08-30,83.90,open_meteo_gfs_seamless_historical_forecast
2023-08-31,76.30,open_meteo_gfs_seamless_historical_forecast
2023-09-01,75.40,open_meteo_gfs_seamless_historical_forecast
2023-09-02,79.70,open_meteo_gfs_seamless_historical_forecast
2023-09-03,89.60,open_meteo_gfs_seamless_historical_forecast
2023-09-04,87.70,open_meteo_gfs_seamless_historical_forecast
2023-09-05,91.20,open_meteo_gfs_seamless_historical_forecast
2023-09-06,93.80,open_meteo_gfs_seamless_historical_forecast
2023-09-07,95.00,open_meteo_gfs_seamless_historical_forecast
2023-09-08,89.20,open_meteo_gfs_seamless_historical_forecast
2023-09-09,84.40,open_meteo_gfs_seamless_historical_forecast
2023-09-10,75.50,open_meteo_gfs_seamless_historical_forecast
2023-09-11,80.70,open_meteo_gfs_seamless_historical_forecast
2023-09-12,81.20,open_meteo_gfs_seamless_historical_forecast
2023-09-13,78.20,open_meteo_gfs_seamless_historical_forecast
2023-09-14,78.40,open_meteo_gfs_seamless_historical_forecast
2023-09-15,70.10,open_meteo_gfs_seamless_historical_forecast
2023-09-16,76.30,open_meteo_gfs_seamless_historical_forecast
2023-09-17,76.90,open_meteo_gfs_seamless_historical_forecast
2023-09-18,68.10,open_meteo_gfs_seamless_historical_forecast
2023-09-19,72.30,open_meteo_gfs_seamless_historical_forecast
2023-09-20,75.80,open_meteo_gfs_seamless_historical_forecast
2023-09-21,73.20,open_meteo_gfs_seamless_historical_forecast
2023-09-22,69.40,open_meteo_gfs_seamless_historical_forecast
2023-09-23,59.80,open_meteo_gfs_seamless_historical_forecast
2023-09-24,63.10,open_meteo_gfs_seamless_historical_forecast
2023-09-25,62.60,open_meteo_gfs_seamless_historical_forecast
2023-09-26,60.20,open_meteo_gfs_seamless_historical_forecast
2023-09-27,64.10,open_meteo_gfs_seamless_historical_forecast
2023-09-28,62.90,open_meteo_gfs_seamless_historical_forecast
2023-09-29,59.90,open_meteo_gfs_seamless_historical_forecast
2023-09-30,65.10,open_meteo_gfs_seamless_historical_forecast
2023-10-01,76.30,open_meteo_gfs_seamless_historical_forecast
2023-10-02,78.90,open_meteo_gfs_seamless_historical_forecast
2023-10-03,83.30,open_meteo_gfs_seamless_historical_forecast
2023-10-04,85.10,open_meteo_gfs_seamless_historical_forecast
2023-10-05,77.90,open_meteo_gfs_seamless_historical_forecast
2023-10-06,69.80,open_meteo_gfs_seamless_historical_forecast
2023-10-07,68.60,open_meteo_gfs_seamless_historical_forecast
2023-10-08,59.70,open_meteo_gfs_seamless_historical_forecast
2023-10-09,61.50,open_meteo_gfs_seamless_historical_forecast
2023-10-10,64.60,open_meteo_gfs_seamless_historical_forecast
2023-10-11,71.30,open_meteo_gfs_seamless_historical_forecast
2023-10-12,71.60,open_meteo_gfs_seamless_historical_forecast
2023-10-13,64.10,open_meteo_gfs_seamless_historical_forecast
2023-10-14,54.30,open_meteo_gfs_seamless_historical_forecast
2023-10-15,59.80,open_meteo_gfs_seamless_historical_forecast
2023-10-16,64.30,open_meteo_gfs_seamless_historical_forecast
2023-10-17,62.60,open_meteo_gfs_seamless_historical_forecast
2023-10-18,63.40,open_meteo_gfs_seamless_historical_forecast
2023-10-19,65.20,open_meteo_gfs_seamless_historical_forecast
2023-10-20,65.00,open_meteo_gfs_seamless_historical_forecast
2023-10-21,61.50,open_meteo_gfs_seamless_historical_forecast
2023-10-22,56.70,open_meteo_gfs_seamless_historical_forecast
2023-10-23,61.40,open_meteo_gfs_seamless_historical_forecast
2023-10-24,66.40,open_meteo_gfs_seamless_historical_forecast
2023-10-25,74.80,open_meteo_gfs_seamless_historical_forecast
2023-10-26,80.40,open_meteo_gfs_seamless_historical_forecast
2023-10-27,76.80,open_meteo_gfs_seamless_historical_forecast
2023-10-28,82.20,open_meteo_gfs_seamless_historical_forecast
2023-10-29,64.70,open_meteo_gfs_seamless_historical_forecast
2023-10-30,58.30,open_meteo_gfs_seamless_historical_forecast
2023-10-31,51.40,open_meteo_gfs_seamless_historical_forecast
2023-11-01,48.90,open_meteo_gfs_seamless_historical_forecast
2023-11-02,50.40,open_meteo_gfs_seamless_historical_forecast
2023-11-03,56.50,open_meteo_gfs_seamless_historical_forecast
2023-11-04,60.80,open_meteo_gfs_seamless_historical_forecast
2023-11-05,65.30,open_meteo_gfs_seamless_historical_forecast
2023-11-06,55.60,open_meteo_gfs_seamless_historical_forecast
2023-11-07,65.90,open_meteo_gfs_seamless_historical_forecast
2023-11-08,54.90,open_meteo_gfs_seamless_historical_forecast
2023-11-09,57.50,open_meteo_gfs_seamless_historical_forecast
2023-11-10,54.00,open_meteo_gfs_seamless_historical_forecast
2023-11-11,55.00,open_meteo_gfs_seamless_historical_forecast
2023-11-12,45.10,open_meteo_gfs_seamless_historical_forecast
2023-11-13,48.50,open_meteo_gfs_seamless_historical_forecast
2023-11-14,53.60,open_meteo_gfs_seamless_historical_forecast
2023-11-15,52.70,open_meteo_gfs_seamless_historical_forecast
2023-11-16,66.90,open_meteo_gfs_seamless_historical_forecast
2023-11-17,67.10,open_meteo_gfs_seamless_historical_forecast
2023-11-18,59.80,open_meteo_gfs_seamless_historical_forecast
2023-11-19,55.40,open_meteo_gfs_seamless_historical_forecast
2023-11-20,44.80,open_meteo_gfs_seamless_historical_forecast
2023-11-21,45.10,open_meteo_gfs_seamless_historical_forecast
2023-11-22,53.00,open_meteo_gfs_seamless_historical_forecast
2023-11-23,52.60,open_meteo_gfs_seamless_historical_forecast
2023-11-24,50.80,open_meteo_gfs_seamless_historical_forecast
2023-11-25,40.20,open_meteo_gfs_seamless_historical_forecast
2023-11-26,51.20,open_meteo_gfs_seamless_historical_forecast
2023-11-27,53.20,open_meteo_gfs_seamless_historical_forecast
2023-11-28,39.30,open_meteo_gfs_seamless_historical_forecast
2023-11-29,37.60,open_meteo_gfs_seamless_historical_forecast
2023-11-30,51.70,open_meteo_gfs_seamless_historical_forecast
2023-12-01,47.70,open_meteo_gfs_seamless_historical_forecast
2023-12-02,58.20,open_meteo_gfs_seamless_historical_forecast
2023-12-03,49.10,open_meteo_gfs_seamless_historical_forecast
2023-12-04,51.10,open_meteo_gfs_seamless_historical_forecast
2023-12-05,42.10,open_meteo_gfs_seamless_historical_forecast
2023-12-06,40.50,open_meteo_gfs_seamless_historical_forecast
2023-12-07,37.50,open_meteo_gfs_seamless_historical_forecast
2023-12-08,50.20,open_meteo_gfs_seamless_historical_forecast
2023-12-09,58.10,open_meteo_gfs_seamless_historical_forecast
2023-12-10,59.70,open_meteo_gfs_seamless_historical_forecast
2023-12-11,55.10,open_meteo_gfs_seamless_historical_forecast
2023-12-12,43.50,open_meteo_gfs_seamless_historical_forecast
2023-12-13,47.10,open_meteo_gfs_seamless_historical_forecast
2023-12-14,41.10,open_meteo_gfs_seamless_historical_forecast
2023-12-15,59.20,open_meteo_gfs_seamless_historical_forecast
2023-12-16,55.20,open_meteo_gfs_seamless_historical_forecast
2023-12-17,54.30,open_meteo_gfs_seamless_historical_forecast
2023-12-18,60.70,open_meteo_gfs_seamless_historical_forecast
2023-12-19,41.30,open_meteo_gfs_seamless_historical_forecast
2023-12-20,43.50,open_meteo_gfs_seamless_historical_forecast
2023-12-21,40.50,open_meteo_gfs_seamless_historical_forecast
2023-12-22,37.40,open_meteo_gfs_seamless_historical_forecast
2023-12-23,41.90,open_meteo_gfs_seamless_historical_forecast
2023-12-24,48.10,open_meteo_gfs_seamless_historical_forecast
2023-12-25,47.80,open_meteo_gfs_seamless_historical_forecast
2023-12-26,47.30,open_meteo_gfs_seamless_historical_forecast
2023-12-27,47.00,open_meteo_gfs_seamless_historical_forecast
2023-12-28,52.70,open_meteo_gfs_seamless_historical_forecast
2023-12-29,53.80,open_meteo_gfs_seamless_historical_forecast
2023-12-30,46.00,open_meteo_gfs_seamless_historical_forecast
2023-12-31,42.60,open_meteo_gfs_seamless_historical_forecast
2024-01-01,45.90,open_meteo_gfs_seamless_historical_forecast
2024-01-02,42.80,open_meteo_gfs_seamless_historical_forecast
2024-01-03,42.90,open_meteo_gfs_seamless_historical_forecast
2024-01-04,43.40,open_meteo_gfs_seamless_historical_forecast
2024-01-05,37.90,open_meteo_gfs_seamless_historical_forecast
2024-01-06,37.40,open_meteo_gfs_seamless_historical_forecast
2024-01-07,36.30,open_meteo_gfs_seamless_historical_forecast
2024-01-08,44.10,open_meteo_gfs_seamless_historical_forecast
2024-01-09,54.50,open_meteo_gfs_seamless_historical_forecast
2024-01-10,56.30,open_meteo_gfs_seamless_historical_forecast
2024-01-11,46.80,open_meteo_gfs_seamless_historical_forecast
2024-01-12,50.20,open_meteo_gfs_seamless_historical_forecast
2024-01-13,59.00,open_meteo_gfs_seamless_historical_forecast
2024-01-14,41.00,open_meteo_gfs_seamless_historical_forecast
2024-01-15,29.30,open_meteo_gfs_seamless_historical_forecast
2024-01-16,30.50,open_meteo_gfs_seamless_historical_forecast
2024-01-17,24.00,open_meteo_gfs_seamless_historical_forecast
2024-01-18,31.50,open_meteo_gfs_seamless_historical_forecast
2024-01-19,30.60,open_meteo_gfs_seamless_historical_forecast
2024-01-20,24.60,open_meteo_gfs_seamless_historical_forecast
2024-01-21,29.00,open_meteo_gfs_seamless_historical_forecast
2024-01-22,37.50,open_meteo_gfs_seamless_historical_forecast
2024-01-23,40.10,open_meteo_gfs_seamless_historical_forecast
2024-01-24,43.50,open_meteo_gfs_seamless_historical_forecast
2024-01-25,55.90,open_meteo_gfs_seamless_historical_forecast
2024-01-26,48.70,open_meteo_gfs_seamless_historical_forecast
2024-01-27,46.00,open_meteo_gfs_seamless_historical_forecast
2024-01-28,41.40,open_meteo_gfs_seamless_historical_forecast
2024-01-29,38.30,open_meteo_gfs_seamless_historical_forecast
2024-01-30,36.80,open_meteo_gfs_seamless_historical_forecast
2024-01-31,38.30,open_meteo_gfs_seamless_historical_forecast
2024-02-01,43.80,open_meteo_gfs_seamless_historical_forecast
2024-02-02,42.40,open_meteo_gfs_seamless_historical_forecast
2024-02-03,42.50,open_meteo_gfs_seamless_historical_forecast
2024-02-04,46.40,open_meteo_gfs_seamless_historical_forecast
2024-02-05,44.20,open_meteo_gfs_seamless_historical_forecast
2024-02-06,42.60,open_meteo_gfs_seamless_historical_forecast
2024-02-07,47.30,open_meteo_gfs_seamless_historical_forecast
2024-02-08,52.70,open_meteo_gfs_seamless_historical_forecast
2024-02-09,52.80,open_meteo_gfs_seamless_historical_forecast
2024-02-10,60.50,open_meteo_gfs_seamless_historical_forecast
2024-02-11,51.00,open_meteo_gfs_seamless_historical_forecast
2024-02-12,47.50,open_meteo_gfs_seamless_historical_forecast
2024-02-13,40.10,open_meteo_gfs_seamless_historical_forecast
2024-02-14,35.70,open_meteo_gfs_seamless_historical_forecast
2024-02-15,37.00,open_meteo_gfs_seamless_historical_forecast
2024-02-16,43.00,open_meteo_gfs_seamless_historical_forecast
2024-02-17,34.80,open_meteo_gfs_seamless_historical_forecast
2024-02-18,40.10,open_meteo_gfs_seamless_historical_forecast
2024-02-19,40.90,open_meteo_gfs_seamless_historical_forecast
2024-02-20,39.00,open_meteo_gfs_seamless_historical_forecast
2024-02-21,40.40,open_meteo_gfs_seamless_historical_forecast
2024-02-22,43.70,open_meteo_gfs_seamless_historical_forecast
2024-02-23,46.10,open_meteo_gfs_seamless_historical_forecast
2024-02-24,43.90,open_meteo_gfs_seamless_historical_forecast
2024-02-25,39.90,open_meteo_gfs_seamless_historical_forecast
2024-02-26,53.50,open_meteo_gfs_seamless_historical_forecast
2024-02-27,53.90,open_meteo_gfs_seamless_historical_forecast
2024-02-28,56.90,open_meteo_gfs_seamless_historical_forecast
2024-02-29,45.00,open_meteo_gfs_seamless_historical_forecast
2024-03-01,44.80,open_meteo_gfs_seamless_historical_forecast
2024-03-02,51.20,open_meteo_gfs_seamless_historical_forecast
2024-03-03,65.90,open_meteo_gfs_seamless_historical_forecast
2024-03-04,56.20,open_meteo_gfs_seamless_historical_forecast
2024-03-05,44.90,open_meteo_gfs_seamless_historical_forecast
2024-03-06,49.60,open_meteo_gfs_seamless_historical_forecast
2024-03-07,51.90,open_meteo_gfs_seamless_historical_forecast
2024-03-08,57.00,open_meteo_gfs_seamless_historical_forecast
2024-03-09,44.60,open_meteo_gfs_seamless_historical_forecast
2024-03-10,49.20,open_meteo_gfs_seamless_historical_forecast
2024-03-11,52.50,open_meteo_gfs_seamless_historical_forecast
2024-03-12,65.90,open_meteo_gfs_seamless_historical_forecast
2024-03-13,63.40,open_meteo_gfs_seamless_historical_forecast
2024-03-14,73.50,open_meteo_gfs_seamless_historical_forecast
2024-03-15,71.40,open_meteo_gfs_seamless_historical_forecast
2024-03-16,60.10,open_meteo_gfs_seamless_historical_forecast
2024-03-17,62.60,open_meteo_gfs_seamless_historical_forecast
2024-03-18,49.70,open_meteo_gfs_seamless_historical_forecast
2024-03-19,46.20,open_meteo_gfs_seamless_historical_forecast
2024-03-20,56.30,open_meteo_gfs_seamless_historical_forecast
2024-03-21,42.10,open_meteo_gfs_seamless_historical_forecast
2024-03-22,43.40,open_meteo_gfs_seamless_historical_forecast
2024-03-23,47.90,open_meteo_gfs_seamless_historical_forecast
2024-03-24,46.90,open_meteo_gfs_seamless_historical_forecast
2024-03-25,52.50,open_meteo_gfs_seamless_historical_forecast
2024-03-26,50.00,open_meteo_gfs_seamless_historical_forecast
2024-03-27,52.00,open_meteo_gfs_seamless_historical_forecast
2024-03-28,49.00,open_meteo_gfs_seamless_historical_forecast
2024-03-29,55.60,open_meteo_gfs_seamless_historical_forecast
2024-03-30,61.20,open_meteo_gfs_seamless_historical_forecast
2024-03-31,61.90,open_meteo_gfs_seamless_historical_forecast
2024-04-01,52.90,open_meteo_gfs_seamless_historical_forecast
2024-04-02,46.20,open_meteo_gfs_seamless_historical_forecast
2024-04-03,43.30,open_meteo_gfs_seamless_historical_forecast
2024-04-04,47.50,open_meteo_gfs_seamless_historical_forecast
2024-04-05,49.10,open_meteo_gfs_seamless_historical_forecast
2024-04-06,53.40,open_meteo_gfs_seamless_historical_forecast
2024-04-07,58.10,open_meteo_gfs_seamless_historical_forecast
2024-04-08,65.60,open_meteo_gfs_seamless_historical_forecast
2024-04-09,78.50,open_meteo_gfs_seamless_historical_forecast
2024-04-10,60.90,open_meteo_gfs_seamless_historical_forecast
2024-04-11,59.80,open_meteo_gfs_seamless_historical_forecast
2024-04-12,60.80,open_meteo_gfs_seamless_historical_forecast
2024-04-13,53.90,open_meteo_gfs_seamless_historical_forecast
2024-04-14,74.10,open_meteo_gfs_seamless_historical_forecast
2024-04-15,81.30,open_meteo_gfs_seamless_historical_forecast
2024-04-16,72.50,open_meteo_gfs_seamless_historical_forecast
2024-04-17,59.90,open_meteo_gfs_seamless_historical_forecast
2024-04-18,48.50,open_meteo_gfs_seamless_historical_forecast
2024-04-19,54.90,open_meteo_gfs_seamless_historical_forecast
2024-04-20,69.30,open_meteo_gfs_seamless_historical_forecast
2024-04-21,52.90,open_meteo_gfs_seamless_historical_forecast
2024-04-22,62.10,open_meteo_gfs_seamless_historical_forecast
2024-04-23,62.00,open_meteo_gfs_seamless_historical_forecast
2024-04-24,69.80,open_meteo_gfs_seamless_historical_forecast
2024-04-25,56.10,open_meteo_gfs_seamless_historical_forecast
2024-04-26,60.20,open_meteo_gfs_seamless_historical_forecast
2024-04-27,61.00,open_meteo_gfs_seamless_historical_forecast
2024-04-28,76.70,open_meteo_gfs_seamless_historical_forecast
2024-04-29,85.70,open_meteo_gfs_seamless_historical_forecast
2024-04-30,61.00,open_meteo_gfs_seamless_historical_forecast
2024-05-01,76.60,open_meteo_gfs_seamless_historical_forecast
2024-05-02,77.90,open_meteo_gfs_seamless_historical_forecast
2024-05-03,62.90,open_meteo_gfs_seamless_historical_forecast
2024-05-04,62.70,open_meteo_gfs_seamless_historical_forecast
2024-05-05,51.90,open_meteo_gfs_seamless_historical_forecast
2024-05-06,72.90,open_meteo_gfs_seamless_historical_forecast
2024-05-07,81.90,open_meteo_gfs_seamless_historical_forecast
2024-05-08,86.00,open_meteo_gfs_seamless_historical_forecast
2024-05-09,73.00,open_meteo_gfs_seamless_historical_forecast
2024-05-10,57.10,open_meteo_gfs_seamless_historical_forecast
2024-05-11,62.60,open_meteo_gfs_seamless_historical_forecast
2024-05-12,55.00,open_meteo_gfs_seamless_historical_forecast
2024-05-13,66.40,open_meteo_gfs_seamless_historical_forecast
2024-05-14,73.40,open_meteo_gfs_seamless_historical_forecast
2024-05-15,64.20,open_meteo_gfs_seamless_historical_forecast
2024-05-16,64.40,open_meteo_gfs_seamless_historical_forecast
2024-05-17,72.80,open_meteo_gfs_seamless_historical_forecast
2024-05-18,70.70,open_meteo_gfs_seamless_historical_forecast
2024-05-19,74.70,open_meteo_gfs_seamless_historical_forecast
2024-05-20,74.00,open_meteo_gfs_seamless_historical_forecast
2024-05-21,84.80,open_meteo_gfs_seamless_historical_forecast
2024-05-22,86.00,open_meteo_gfs_seamless_historical_forecast
2024-05-23,79.70,open_meteo_gfs_seamless_historical_forecast
2024-05-24,86.70,open_meteo_gfs_seamless_historical_forecast
2024-05-25,81.00,open_meteo_gfs_seamless_historical_forecast
2024-05-26,81.80,open_meteo_gfs_seamless_historical_forecast
2024-05-27,75.00,open_meteo_gfs_seamless_historical_forecast
2024-05-28,81.30,open_meteo_gfs_seamless_historical_forecast
2024-05-29,77.00,open_meteo_gfs_seamless_historical_forecast
2024-05-30,70.00,open_meteo_gfs_seamless_historical_forecast
2024-05-31,77.30,open_meteo_gfs_seamless_historical_forecast
2024-06-01,86.70,open_meteo_gfs_seamless_historical_forecast
2024-06-02,84.00,open_meteo_gfs_seamless_historical_forecast
2024-06-03,88.10,open_meteo_gfs_seamless_historical_forecast
2024-06-04,81.50,open_meteo_gfs_seamless_historical_forecast
2024-06-05,80.50,open_meteo_gfs_seamless_historical_forecast
2024-06-06,79.30,open_meteo_gfs_seamless_historical_forecast
2024-06-07,82.40,open_meteo_gfs_seamless_historical_forecast
2024-06-08,77.90,open_meteo_gfs_seamless_historical_forecast
2024-06-09,74.40,open_meteo_gfs_seamless_historical_forecast
2024-06-10,74.30,open_meteo_gfs_seamless_historical_forecast
2024-06-11,72.40,open_meteo_gfs_seamless_historical_forecast
2024-06-12,76.20,open_meteo_gfs_seamless_historical_forecast
2024-06-13,85.00,open_meteo_gfs_seamless_historical_forecast
2024-06-14,85.10,open_meteo_gfs_seamless_historical_forecast
2024-06-15,81.10,open_meteo_gfs_seamless_historical_forecast
2024-06-16,76.70,open_meteo_gfs_seamless_historical_forecast
2024-06-17,85.10,open_meteo_gfs_seamless_historical_forecast
2024-06-18,86.90,open_meteo_gfs_seamless_historical_forecast
2024-06-19,89.50,open_meteo_gfs_seamless_historical_forecast
2024-06-20,92.60,open_meteo_gfs_seamless_historical_forecast
2024-06-21,95.80,open_meteo_gfs_seamless_historical_forecast
2024-06-22,91.90,open_meteo_gfs_seamless_historical_forecast
2024-06-23,92.70,open_meteo_gfs_seamless_historical_forecast
2024-06-24,80.10,open_meteo_gfs_seamless_historical_forecast
2024-06-25,90.50,open_meteo_gfs_seamless_historical_forecast
2024-06-26,93.40,open_meteo_gfs_seamless_historical_forecast
2024-06-27,85.30,open_meteo_gfs_seamless_historical_forecast
2024-06-28,79.50,open_meteo_gfs_seamless_historical_forecast
2024-06-29,80.90,open_meteo_gfs_seamless_historical_forecast
2024-06-30,85.90,open_meteo_gfs_seamless_historical_forecast
2024-07-01,79.80,open_meteo_gfs_seamless_historical_forecast
2024-07-02,84.90,open_meteo_gfs_seamless_historical_forecast
2024-07-03,83.30,open_meteo_gfs_seamless_historical_forecast
2024-07-04,88.50,open_meteo_gfs_seamless_historical_forecast
2024-07-05,89.30,open_meteo_gfs_seamless_historical_forecast
2024-07-06,93.70,open_meteo_gfs_seamless_historical_forecast
2024-07-07,91.60,open_meteo_gfs_seamless_historical_forecast
2024-07-08,93.00,open_meteo_gfs_seamless_historical_forecast
2024-07-09,88.80,open_meteo_gfs_seamless_historical_forecast
2024-07-10,90.20,open_meteo_gfs_seamless_historical_forecast
2024-07-11,89.40,open_meteo_gfs_seamless_historical_forecast
2024-07-12,84.00,open_meteo_gfs_seamless_historical_forecast
2024-07-13,89.60,open_meteo_gfs_seamless_historical_forecast
2024-07-14,92.20,open_meteo_gfs_seamless_historical_forecast
2024-07-15,94.30,open_meteo_gfs_seamless_historical_forecast
2024-07-16,95.60,open_meteo_gfs_seamless_historical_forecast
2024-07-17,90.50,open_meteo_gfs_seamless_historical_forecast
2024-07-18,87.40,open_meteo_gfs_seamless_historical_forecast
2024-07-19,85.70,open_meteo_gfs_seamless_historical_forecast
2024-07-20,84.00,open_meteo_gfs_seamless_historical_forecast
2024-07-21,88.90,open_meteo_gfs_seamless_historical_forecast
2024-07-22,83.90,open_meteo_gfs_seamless_historical_forecast
2024-07-23,79.20,open_meteo_gfs_seamless_historical_forecast
2024-07-24,79.70,open_meteo_gfs_seamless_historical_forecast
2024-07-25,85.00,open_meteo_gfs_seamless_historical_forecast
2024-07-26,83.90,open_meteo_gfs_seamless_historical_forecast
2024-07-27,87.10,open_meteo_gfs_seamless_historical_forecast
2024-07-28,86.50,open_meteo_gfs_seamless_historical_forecast
2024-07-29,83.00,open_meteo_gfs_seamless_historical_forecast
2024-07-30,87.40,open_meteo_gfs_seamless_historical_forecast
2024-07-31,91.60,open_meteo_gfs_seamless_historical_forecast
2024-08-01,94.10,open_meteo_gfs_seamless_historical_forecast
2024-08-02,92.80,open_meteo_gfs_seamless_historical_forecast
2024-08-03,91.50,open_meteo_gfs_seamless_historical_forecast
2024-08-04,82.20,open_meteo_gfs_seamless_historical_forecast
2024-08-05,92.70,open_meteo_gfs_seamless_historical_forecast
2024-08-06,91.00,open_meteo_gfs_seamless_historical_forecast
2024-08-07,72.00,open_meteo_gfs_seamless_historical_forecast
2024-08-08,68.70,open_meteo_gfs_seamless_historical_forecast
2024-08-09,81.30,open_meteo_gfs_seamless_historical_forecast
2024-08-10,87.50,open_meteo_gfs_seamless_historical_forecast
2024-08-11,83.90,open_meteo_gfs_seamless_historical_forecast
2024-08-12,81.70,open_meteo_gfs_seamless_historical_forecast
2024-08-13,82.20,open_meteo_gfs_seamless_historical_forecast
2024-08-14,86.70,open_meteo_gfs_seamless_historical_forecast
2024-08-15,88.00,open_meteo_gfs_seamless_historical_forecast
2024-08-16,87.80,open_meteo_gfs_seamless_historical_forecast
2024-08-17,81.30,open_meteo_gfs_seamless_historical_forecast
2024-08-18,80.70,open_meteo_gfs_seamless_historical_forecast
2024-08-19,86.20,open_meteo_gfs_seamless_historical_forecast
2024-08-20,73.90,open_meteo_gfs_seamless_historical_forecast
2024-08-21,74.30,open_meteo_gfs_seamless_historical_forecast
2024-08-22,77.70,open_meteo_gfs_seamless_historical_forecast
2024-08-23,82.90,open_meteo_gfs_seamless_historical_forecast
2024-08-24,84.40,open_meteo_gfs_seamless_historical_forecast
2024-08-25,87.30,open_meteo_gfs_seamless_historical_forecast
2024-08-26,86.40,open_meteo_gfs_seamless_historical_forecast
2024-08-27,87.20,open_meteo_gfs_seamless_historical_forecast
2024-08-28,93.20,open_meteo_gfs_seamless_historical_forecast
2024-08-29,82.60,open_meteo_gfs_seamless_historical_forecast
2024-08-30,73.50,open_meteo_gfs_seamless_historical_forecast
2024-08-31,78.70,open_meteo_gfs_seamless_historical_forecast
2024-09-01,82.10,open_meteo_gfs_seamless_historical_forecast
2024-09-02,79.90,open_meteo_gfs_seamless_historical_forecast
2024-09-03,75.00,open_meteo_gfs_seamless_historical_forecast
2024-09-04,78.60,open_meteo_gfs_seamless_historical_forecast
2024-09-05,75.90,open_meteo_gfs_seamless_historical_forecast
2024-09-06,77.10,open_meteo_gfs_seamless_historical_forecast
2024-09-07,76.30,open_meteo_gfs_seamless_historical_forecast
2024-09-08,71.20,open_meteo_gfs_seamless_historical_forecast
2024-09-09,77.00,open_meteo_gfs_seamless_historical_forecast
2024-09-10,79.30,open_meteo_gfs_seamless_historical_forecast
2024-09-11,79.80,open_meteo_gfs_seamless_historical_forecast
2024-09-12,82.40,open_meteo_gfs_seamless_historical_forecast
2024-09-13,82.20,open_meteo_gfs_seamless_historical_forecast
2024-09-14,83.10,open_meteo_gfs_seamless_historical_forecast
2024-09-15,79.90,open_meteo_gfs_seamless_historical_forecast
2024-09-16,77.50,open_meteo_gfs_seamless_historical_forecast
2024-09-17,77.90,open_meteo_gfs_seamless_historical_forecast
2024-09-18,75.10,open_meteo_gfs_seamless_historical_forecast
2024-09-19,84.40,open_meteo_gfs_seamless_historical_forecast
2024-09-20,79.70,open_meteo_gfs_seamless_historical_forecast
2024-09-21,77.10,open_meteo_gfs_seamless_historical_forecast
2024-09-22,73.60,open_meteo_gfs_seamless_historical_forecast
2024-09-23,66.00,open_meteo_gfs_seamless_historical_forecast
2024-09-24,67.00,open_meteo_gfs_seamless_historical_forecast
2024-09-25,67.10,open_meteo_gfs_seamless_historical_forecast
2024-09-26,74.60,open_meteo_gfs_seamless_historical_forecast
2024-09-27,74.70,open_meteo_gfs_seamless_historical_forecast
2024-09-28,68.00,open_meteo_gfs_seamless_historical_forecast
2024-09-29,62.10,open_meteo_gfs_seamless_historical_forecast
2024-09-30,71.60,open_meteo_gfs_seamless_historical_forecast
2024-10-01,68.00,open_meteo_gfs_seamless_historical_forecast
2024-10-02,68.00,open_meteo_gfs_seamless_historical_forecast
2024-10-03,72.90,open_meteo_gfs_seamless_historical_forecast
2024-10-04,74.10,open_meteo_gfs_seamless_historical_forecast
2024-10-05,75.40,open_meteo_gfs_seamless_historical_forecast
2024-10-06,72.30,open_meteo_gfs_seamless_historical_forecast
2024-10-07,75.90,open_meteo_gfs_seamless_historical_forecast
2024-10-08,68.70,open_meteo_gfs_seamless_historical_forecast
2024-10-09,68.70,open_meteo_gfs_seamless_historical_forecast
2024-10-10,62.60,open_meteo_gfs_seamless_historical_forecast
2024-10-11,69.70,open_meteo_gfs_seamless_historical_forecast
2024-10-12,75.00,open_meteo_gfs_seamless_historical_forecast
2024-10-13,69.80,open_meteo_gfs_seamless_historical_forecast
2024-10-14,66.80,open_meteo_gfs_seamless_historical_forecast
2024-10-15,57.30,open_meteo_gfs_seamless_historical_forecast
2024-10-16,58.80,open_meteo_gfs_seamless_historical_forecast
2024-10-17,59.90,open_meteo_gfs_seamless_historical_forecast
2024-10-18,67.30,open_meteo_gfs_seamless_historical_forecast
2024-10-19,72.40,open_meteo_gfs_seamless_historical_forecast
2024-10-20,75.20,open_meteo_gfs_seamless_historical_forecast
2024-10-21,80.70,open_meteo_gfs_seamless_historical_forecast
2024-10-22,82.10,open_meteo_gfs_seamless_historical_forecast
2024-10-23,75.70,open_meteo_gfs_seamless_historical_forecast
2024-10-24,69.70,open_meteo_gfs_seamless_historical_forecast
2024-10-25,63.80,open_meteo_gfs_seamless_historical_forecast
2024-10-26,65.10,open_meteo_gfs_seamless_historical_forecast
2024-10-27,58.70,open_meteo_gfs_seamless_historical_forecast
2024-10-28,62.20,open_meteo_gfs_seamless_historical_forecast
2024-10-29,64.00,open_meteo_gfs_seamless_historical_forecast
2024-10-30,77.70,open_meteo_gfs_seamless_historical_forecast
2024-10-31,82.20,open_meteo_gfs_seamless_historical_forecast
2024-11-01,80.00,open_meteo_gfs_seamless_historical_forecast
2024-11-02,60.60,open_meteo_gfs_seamless_historical_forecast
2024-11-03,55.10,open_meteo_gfs_seamless_historical_forecast
2024-11-04,57.30,open_meteo_gfs_seamless_historical_forecast
2024-11-05,73.40,open_meteo_gfs_seamless_historical_forecast
2024-11-06,80.00,open_meteo_gfs_seamless_historical_forecast
2024-11-07,74.60,open_meteo_gfs_seamless_historical_forecast
2024-11-08,69.60,open_meteo_gfs_seamless_historical_forecast
2024-11-09,55.60,open_meteo_gfs_seamless_historical_forecast
2024-11-10,57.50,open_meteo_gfs_seamless_historical_forecast
2024-11-11,68.80,open_meteo_gfs_seamless_historical_forecast
2024-11-12,58.30,open_meteo_gfs_seamless_historical_forecast
2024-11-13,50.50,open_meteo_gfs_seamless_historical_forecast
2024-11-14,46.40,open_meteo_gfs_seamless_historical_forecast
2024-11-15,59.70,open_meteo_gfs_seamless_historical_forecast
2024-11-16,63.30,open_meteo_gfs_seamless_historical_forecast
2024-11-17,64.00,open_meteo_gfs_seamless_historical_forecast
2024-11-18,67.10,open_meteo_gfs_seamless_historical_forecast
2024-11-19,60.10,open_meteo_gfs_seamless_historical_forecast
2024-11-20,58.20,open_meteo_gfs_seamless_historical_forecast
2024-11-21,54.50,open_meteo_gfs_seamless_historical_forecast
2024-11-22,39.60,open_meteo_gfs_seamless_historical_forecast
2024-11-23,48.20,open_meteo_gfs_seamless_historical_forecast
2024-11-24,53.30,open_meteo_gfs_seamless_historical_forecast
2024-11-25,54.60,open_meteo_gfs_seamless_historical_forecast
2024-11-26,57.40,open_meteo_gfs_seamless_historical_forecast
2024-11-27,52.20,open_meteo_gfs_seamless_historical_forecast
2024-11-28,48.10,open_meteo_gfs_seamless_historical_forecast
2024-11-29,45.50,open_meteo_gfs_seamless_historical_forecast
2024-11-30,39.70,open_meteo_gfs_seamless_historical_forecast
2024-12-01,37.60,open_meteo_gfs_seamless_historical_forecast
2024-12-02,39.30,open_meteo_gfs_seamless_historical_forecast
2024-12-03,41.00,open_meteo_gfs_seamless_historical_forecast
2024-12-04,40.30,open_meteo_gfs_seamless_historical_forecast
2024-12-05,41.00,open_meteo_gfs_seamless_historical_forecast
2024-12-06,34.70,open_meteo_gfs_seamless_historical_forecast
2024-12-07,41.00,open_meteo_gfs_seamless_historical_forecast
2024-12-08,54.40,open_meteo_gfs_seamless_historical_forecast
2024-12-09,49.80,open_meteo_gfs_seamless_historical_forecast
2024-12-10,48.10,open_meteo_gfs_seamless_historical_forecast
2024-12-11,60.70,open_meteo_gfs_seamless_historical_forecast
2024-12-12,41.00,open_meteo_gfs_seamless_historical_forecast
2024-12-13,34.30,open_meteo_gfs_seamless_historical_forecast
2024-12-14,34.40,open_meteo_gfs_seamless_historical_forecast
2024-12-15,37.70,open_meteo_gfs_seamless_historical_forecast
2024-12-16,49.30,open_meteo_gfs_seamless_historical_forecast
2024-12-17,57.90,open_meteo_gfs_seamless_historical_forecast
2024-12-18,53.80,open_meteo_gfs_seamless_historical_forecast
2024-12-19,44.40,open_meteo_gfs_seamless_historical_forecast
2024-12-20,35.60,open_meteo_gfs_seamless_historical_forecast
2024-12-21,33.30,open_meteo_gfs_seamless_historical_forecast
2024-12-22,22.10,open_meteo_gfs_seamless_historical_forecast
2024-12-23,27.20,open_meteo_gfs_seamless_historical_forecast
2024-12-24,39.60,open_meteo_gfs_seamless_historical_forecast
2024-12-25,34.70,open_meteo_gfs_seamless_historical_forecast
2024-12-26,37.50,open_meteo_gfs_seamless_historical_forecast
2024-12-27,43.10,open_meteo_gfs_seamless_historical_forecast
2024-12-28,47.10,open_meteo_gfs_seamless_historical_forecast
2024-12-29,60.60,open_meteo_gfs_seamless_historical_forecast
2024-12-30,56.30,open_meteo_gfs_seamless_historical_forecast
2024-12-31,53.60,open_meteo_gfs_seamless_historical_forecast
2025-01-01,50.40,open_meteo_gfs_seamless_historical_forecast
2025-01-02,42.20,open_meteo_gfs_seamless_historical_forecast
2025-01-03,38.80,open_meteo_gfs_seamless_historical_forecast
2025-01-04,33.00,open_meteo_gfs_seamless_historical_forecast
2025-01-05,33.00,open_meteo_gfs_seamless_historical_forecast
2025-01-06,30.70,open_meteo_gfs_seamless_historical_forecast
2025-01-07,32.70,open_meteo_gfs_seamless_historical_forecast
2025-01-08,30.00,open_meteo_gfs_seamless_historical_forecast
2025-01-09,32.60,open_meteo_gfs_seamless_historical_forecast
2025-01-10,40.20,open_meteo_gfs_seamless_historical_forecast
2025-01-11,35.00,open_meteo_gfs_seamless_historical_forecast
2025-01-12,43.10,open_meteo_gfs_seamless_historical_forecast
2025-01-13,42.60,open_meteo_gfs_seamless_historical_forecast
2025-01-14,33.60,open_meteo_gfs_seamless_historical_forecast
2025-01-15,32.00,open_meteo_gfs_seamless_historical_forecast
2025-01-16,29.50,open_meteo_gfs_seamless_historical_forecast
2025-01-17,42.90,open_meteo_gfs_seamless_historical_forecast
2025-01-18,45.00,open_meteo_gfs_seamless_historical_forecast
2025-01-19,41.70,open_meteo_gfs_seamless_historical_forecast
2025-01-20,26.90,open_meteo_gfs_seamless_historical_forecast
2025-01-21,18.90,open_meteo_gfs_seamless_historical_forecast
2025-01-22,21.00,open_meteo_gfs_seamless_historical_forecast
2025-01-23,30.10,open_meteo_gfs_seamless_historical_forecast
2025-01-24,34.50,open_meteo_gfs_seamless_historical_forecast
2025-01-25,32.00,open_meteo_gfs_seamless_historical_forecast
2025-01-26,43.40,open_meteo_gfs_seamless_historical_forecast
2025-01-27,41.30,open_meteo_gfs_seamless_historical_forecast
2025-01-28,42.90,open_meteo_gfs_seamless_historical_forecast
2025-01-29,52.10,open_meteo_gfs_seamless_historical_forecast
2025-01-30,36.60,open_meteo_gfs_seamless_historical_forecast
2025-01-31,45.40,open_meteo_gfs_seamless_historical_forecast
2025-02-01,46.40,open_meteo_gfs_seamless_historical_forecast
2025-02-02,28.00,open_meteo_gfs_seamless_historical_forecast
2025-02-03,47.20,open_meteo_gfs_seamless_historical_forecast
2025-02-04,46.30,open_meteo_gfs_seamless_historical_forecast
2025-02-05,36.10,open_meteo_gfs_seamless_historical_forecast
2025-02-06,37.70,open_meteo_gfs_seamless_historical_forecast
2025-02-07,41.70,open_meteo_gfs_seamless_historical_forecast
2025-02-08,34.90,open_meteo_gfs_seamless_historical_forecast
2025-02-09,34.20,open_meteo_gfs_seamless_historical_forecast
2025-02-10,37.60,open_meteo_gfs_seamless_historical_forecast
2025-02-11,35.70,open_meteo_gfs_seamless_historical_forecast
2025-02-12,34.70,open_meteo_gfs_seamless_historical_forecast
2025-02-13,44.40,open_meteo_gfs_seamless_historical_forecast
2025-02-14,37.10,open_meteo_gfs_seamless_historical_forecast
2025-02-15,35.80,open_meteo_gfs_seamless_historical_forecast
2025-02-16,43.40,open_meteo_gfs_seamless_historical_forecast
2025-02-17,36.30,open_meteo_gfs_seamless_historical_forecast
2025-02-18,27.90,open_meteo_gfs_seamless_historical_forecast
2025-02-19,30.80,open_meteo_gfs_seamless_historical_forecast
2025-02-20,29.30,open_meteo_gfs_seamless_historical_forecast
2025-02-21,34.90,open_meteo_gfs_seamless_historical_forecast
2025-02-22,41.80,open_meteo_gfs_seamless_historical_forecast
2025-02-23,47.50,open_meteo_gfs_seamless_historical_forecast
2025-02-24,50.00,open_meteo_gfs_seamless_historical_forecast
2025-02-25,56.10,open_meteo_gfs_seamless_historical_forecast
2025-02-26,57.20,open_meteo_gfs_seamless_historical_forecast
2025-02-27,53.90,open_meteo_gfs_seamless_historical_forecast
2025-02-28,51.40,open_meteo_gfs_seamless_historical_forecast
2025-03-01,64.30,open_meteo_gfs_seamless_historical_forecast
2025-03-02,33.40,open_meteo_gfs_seamless_historical_forecast
2025-03-03,39.30,open_meteo_gfs_seamless_historical_forecast
2025-03-04,53.30,open_meteo_gfs_seamless_historical_forecast
2025-03-05,55.80,open_meteo_gfs_seamless_historical_forecast
2025-03-06,53.20,open_meteo_gfs_seamless_historical_forecast
2025-03-07,50.70,open_meteo_gfs_seamless_historical_forecast
2025-03-08,45.50,open_meteo_gfs_seamless_historical_forecast
2025-03-09,54.20,open_meteo_gfs_seamless_historical_forecast
2025-03-10,66.20,open_meteo_gfs_seamless_historical_forecast
2025-03-11,64.50,open_meteo_gfs_seamless_historical_forecast
2025-03-12,53.80,open_meteo_gfs_seamless_historical_forecast
2025-03-13,48.50,open_meteo_gfs_seamless_historical_forecast
2025-03-14,55.10,open_meteo_gfs_seamless_historical_forecast
2025-03-15,47.30,open_meteo_gfs_seamless_historical_forecast
2025-03-16,63.60,open_meteo_gfs_seamless_historical_forecast
2025-03-17,57.40,open_meteo_gfs_seamless_historical_forecast
2025-03-18,61.60,open_meteo_gfs_seamless_historical_forecast
2025-03-19,63.10,open_meteo_gfs_seamless_historical_forecast
2025-03-20,49.30,open_meteo_gfs_seamless_historical_forecast
2025-03-21,50.90,open_meteo_gfs_seamless_historical_forecast
2025-03-22,63.00,open_meteo_gfs_seamless_historical_forecast
2025-03-23,49.00,open_meteo_gfs_seamless_historical_forecast
2025-03-24,48.10,open_meteo_gfs_seamless_historical_forecast
2025-03-25,58.80,open_meteo_gfs_seamless_historical_forecast
2025-03-26,51.60,open_meteo_gfs_seamless_historical_forecast
2025-03-27,52.60,open_meteo_gfs_seamless_historical_forecast
2025-03-28,63.20,open_meteo_gfs_seamless_historical_forecast
2025-03-29,81.60,open_meteo_gfs_seamless_historical_forecast
2025-03-30,46.40,open_meteo_gfs_seamless_historical_forecast
2025-03-31,72.70,open_meteo_gfs_seamless_historical_forecast
2025-04-01,57.10,open_meteo_gfs_seamless_historical_forecast
2025-04-02,48.50,open_meteo_gfs_seamless_historical_forecast
2025-04-03,70.50,open_meteo_gfs_seamless_historical_forecast
2025-04-04,70.40,open_meteo_gfs_seamless_historical_forecast
2025-04-05,58.60,open_meteo_gfs_seamless_historical_forecast
2025-04-06,56.20,open_meteo_gfs_seamless_historical_forecast
2025-04-07,49.00,open_meteo_gfs_seamless_historical_forecast
2025-04-08,45.60,open_meteo_gfs_seamless_historical_forecast
2025-04-09,49.10,open_meteo_gfs_seamless_historical_forecast
2025-04-10,50.50,open_meteo_gfs_seamless_historical_forecast
2025-04-11,45.70,open_meteo_gfs_seamless_historical_forecast
2025-04-12,41.20,open_meteo_gfs_seamless_historical_forecast
2025-04-13,57.50,open_meteo_gfs_seamless_historical_forecast
2025-04-14,66.10,open_meteo_gfs_seamless_historical_forecast
2025-04-15,69.50,open_meteo_gfs_seamless_historical_forecast
2025-04-16,51.20,open_meteo_gfs_seamless_historical_forecast
2025-04-17,63.60,open_meteo_gfs_seamless_historical_forecast
2025-04-18,67.10,open_meteo_gfs_seamless_historical_forecast
2025-04-19,85.30,open_meteo_gfs_seamless_historical_forecast
2025-04-20,74.90,open_meteo_gfs_seamless_historical_forecast
2025-04-21,58.80,open_meteo_gfs_seamless_historical_forecast
2025-04-22,81.80,open_meteo_gfs_seamless_historical_forecast
2025-04-23,75.20,open_meteo_gfs_seamless_historical_forecast
2025-04-24,75.50,open_meteo_gfs_seamless_historical_forecast
2025-04-25,76.00,open_meteo_gfs_seamless_historical_forecast
2025-04-26,72.00,open_meteo_gfs_seamless_historical_forecast
2025-04-27,59.10,open_meteo_gfs_seamless_historical_forecast
2025-04-28,77.00,open_meteo_gfs_seamless_historical_forecast
2025-04-29,79.40,open_meteo_gfs_seamless_historical_forecast
2025-04-30,75.00,open_meteo_gfs_seamless_historical_forecast
2025-05-01,70.60,open_meteo_gfs_seamless_historical_forecast
2025-05-02,83.30,open_meteo_gfs_seamless_historical_forecast
2025-05-03,83.80,open_meteo_gfs_seamless_historical_forecast
2025-05-04,69.60,open_meteo_gfs_seamless_historical_forecast
2025-05-05,60.70,open_meteo_gfs_seamless_historical_forecast
2025-05-06,64.60,open_meteo_gfs_seamless_historical_forecast
2025-05-07,75.90,open_meteo_gfs_seamless_historical_forecast
2025-05-08,76.50,open_meteo_gfs_seamless_historical_forecast
2025-05-09,59.60,open_meteo_gfs_seamless_historical_forecast
2025-05-10,74.90,open_meteo_gfs_seamless_historical_forecast
2025-05-11,80.60,open_meteo_gfs_seamless_historical_forecast
2025-05-12,74.30,open_meteo_gfs_seamless_historical_forecast
2025-05-13,67.20,open_meteo_gfs_seamless_historical_forecast
2025-05-14,62.30,open_meteo_gfs_seamless_historical_forecast
2025-05-15,68.10,open_meteo_gfs_seamless_historical_forecast
2025-05-16,72.50,open_meteo_gfs_seamless_historical_forecast
2025-05-17,84.20,open_meteo_gfs_seamless_historical_forecast
2025-05-18,74.10,open_meteo_gfs_seamless_historical_forecast
2025-05-19,70.70,open_meteo_gfs_seamless_historical_forecast
2025-05-20,67.30,open_meteo_gfs_seamless_historical_forecast
2025-05-21,57.40,open_meteo_gfs_seamless_historical_forecast
2025-05-22,50.80,open_meteo_gfs_seamless_historical_forecast
2025-05-23,62.00,open_meteo_gfs_seamless_historical_forecast
2025-05-24,64.50,open_meteo_gfs_seamless_historical_forecast
2025-05-25,67.80,open_meteo_gfs_seamless_historical_forecast
2025-05-26,74.90,open_meteo_gfs_seamless_historical_forecast
2025-05-27,76.40,open_meteo_gfs_seamless_historical_forecast
2025-05-28,69.00,open_meteo_gfs_seamless_historical_forecast
2025-05-29,66.30,open_meteo_gfs_seamless_historical_forecast
2025-05-30,75.20,open_meteo_gfs_seamless_historical_forecast
2025-05-31,67.40,open_meteo_gfs_seamless_historical_forecast
2025-06-01,68.00,open_meteo_gfs_seamless_historical_forecast
2025-06-02,74.20,open_meteo_gfs_seamless_historical_forecast
2025-06-03,82.20,open_meteo_gfs_seamless_historical_forecast
2025-06-04,85.30,open_meteo_gfs_seamless_historical_forecast
2025-06-05,90.40,open_meteo_gfs_seamless_historical_forecast
2025-06-06,85.90,open_meteo_gfs_seamless_historical_forecast
2025-06-07,75.50,open_meteo_gfs_seamless_historical_forecast
2025-06-08,76.00,open_meteo_gfs_seamless_historical_forecast
2025-06-09,63.80,open_meteo_gfs_seamless_historical_forecast
2025-06-10,74.80,open_meteo_gfs_seamless_historical_forecast
2025-06-11,84.40,open_meteo_gfs_seamless_historical_forecast
2025-06-12,90.60,open_meteo_gfs_seamless_historical_forecast
2025-06-13,80.20,open_meteo_gfs_seamless_historical_forecast
2025-06-14,68.20,open_meteo_gfs_seamless_historical_forecast
2025-06-15,64.10,open_meteo_gfs_seamless_historical_forecast
2025-06-16,67.70,open_meteo_gfs_seamless_historical_forecast
2025-06-17,67.50,open_meteo_gfs_seamless_historical_forecast
2025-06-18,85.60,open_meteo_gfs_seamless_historical_forecast
2025-06-19,90.70,open_meteo_gfs_seamless_historical_forecast
2025-06-20,84.20,open_meteo_gfs_seamless_historical_forecast
2025-06-21,89.20,open_meteo_gfs_seamless_historical_forecast
2025-06-22,89.20,open_meteo_gfs_seamless_historical_forecast
2025-06-23,98.00,open_meteo_gfs_seamless_historical_forecast
2025-06-24,102.10,open_meteo_gfs_seamless_historical_forecast
2025-06-25,98.20,open_meteo_gfs_seamless_historical_forecast
2025-06-26,86.90,open_meteo_gfs_seamless_historical_forecast
2025-06-27,74.20,open_meteo_gfs_seamless_historical_forecast
2025-06-28,85.30,open_meteo_gfs_seamless_historical_forecast
2025-06-29,91.30,open_meteo_gfs_seamless_historical_forecast
2025-06-30,91.60,open_meteo_gfs_seamless_historical_forecast
2025-07-01,92.30,open_meteo_gfs_seamless_historical_forecast
2025-07-02,84.40,open_meteo_gfs_seamless_historical_forecast
2025-07-03,92.20,open_meteo_gfs_seamless_historical_forecast
2025-07-04,85.30,open_meteo_gfs_seamless_historical_forecast
2025-07-05,87.80,open_meteo_gfs_seamless_historical_forecast
2025-07-06,90.60,open_meteo_gfs_seamless_historical_forecast
2025-07-07,86.30,open_meteo_gfs_seamless_historical_forecast
2025-07-08,96.80,open_meteo_gfs_seamless_historical_forecast
2025-07-09,92.90,open_meteo_gfs_seamless_historical_forecast
2025-07-10,85.10,open_meteo_gfs_seamless_historical_forecast
2025-07-11,84.80,open_meteo_gfs_seamless_historical_forecast
2025-07-12,85.70,open_meteo_gfs_seamless_historical_forecast
2025-07-13,83.00,open_meteo_gfs_seamless_historical_forecast
2025-07-14,88.40,open_meteo_gfs_seamless_historical_forecast
2025-07-15,86.40,open_meteo_gfs_seamless_historical_forecast
2025-07-16,91.60,open_meteo_gfs_seamless_historical_forecast
2025-07-17,93.10,open_meteo_gfs_seamless_historical_forecast
2025-07-18,85.80,open_meteo_gfs_seamless_historical_forecast
2025-07-19,82.60,open_meteo_gfs_seamless_historical_forecast
2025-07-20,89.70,open_meteo_gfs_seamless_historical_forecast
2025-07-21,86.60,open_meteo_gfs_seamless_historical_forecast
2025-07-22,80.40,open_meteo_gfs_seamless_historical_forecast
2025-07-23,82.10,open_meteo_gfs_seamless_historical_forecast
2025-07-24,86.50,open_meteo_gfs_seamless_historical_forecast
2025-07-25,96.30,open_meteo_gfs_seamless_historical_forecast
2025-07-26,86.40,open_meteo_gfs_seamless_historical_forecast
2025-07-27,86.00,open_meteo_gfs_seamless_historical_forecast
2025-07-28,94.80,open_meteo_gfs_seamless_historical_forecast
2025-07-29,99.00,open_meteo_gfs_seamless_historical_forecast
2025-07-30,97.80,open_meteo_gfs_seamless_historical_forecast
2025-07-31,87.80,open_meteo_gfs_seamless_historical_forecast
2025-08-01,73.40,open_meteo_gfs_seamless_historical_forecast
2025-08-02,80.90,open_meteo_gfs_seamless_historical_forecast
2025-08-03,85.10,open_meteo_gfs_seamless_historical_forecast
2025-08-04,90.50,open_meteo_gfs_seamless_historical_forecast
2025-08-05,85.70,open_meteo_gfs_seamless_historical_forecast
2025-08-06,78.90,open_meteo_gfs_seamless_historical_forecast
2025-08-07,80.30,open_meteo_gfs_seamless_historical_forecast
2025-08-08,83.70,open_meteo_gfs_seamless_historical_forecast
2025-08-09,85.30,open_meteo_gfs_seamless_historical_forecast
2025-08-10,90.80,open_meteo_gfs_seamless_historical_forecast
2025-08-11,89.30,open_meteo_gfs_seamless_historical_forecast
2025-08-12,92.30,open_meteo_gfs_seamless_historical_forecast
2025-08-13,90.20,open_meteo_gfs_seamless_historical_forecast
2025-08-14,89.80,open_meteo_gfs_seamless_historical_forecast
2025-08-15,89.50,open_meteo_gfs_seamless_historical_forecast
2025-08-16,84.10,open_meteo_gfs_seamless_historical_forecast
2025-08-17,91.30,open_meteo_gfs_seamless_historical_forecast
2025-08-18,76.10,open_meteo_gfs_seamless_historical_forecast
2025-08-19,77.80,open_meteo_gfs_seamless_historical_forecast
2025-08-20,68.90,open_meteo_gfs_seamless_historical_forecast
2025-08-21,73.20,open_meteo_gfs_seamless_historical_forecast
2025-08-22,84.20,open_meteo_gfs_seamless_historical_forecast
2025-08-23,83.10,open_meteo_gfs_seamless_historical_forecast
2025-08-24,79.70,open_meteo_gfs_seamless_historical_forecast
2025-08-25,87.10,open_meteo_gfs_seamless_historical_forecast
2025-08-26,80.20,open_meteo_gfs_seamless_historical_forecast
2025-08-27,75.30,open_meteo_gfs_seamless_historical_forecast
2025-08-28,78.80,open_meteo_gfs_seamless_historical_forecast
2025-08-29,77.70,open_meteo_gfs_seamless_historical_forecast
2025-08-30,76.00,open_meteo_gfs_seamless_historical_forecast
2025-08-31,79.00,open_meteo_gfs_seamless_historical_forecast
2025-09-01,77.00,open_meteo_gfs_seamless_historical_forecast
2025-09-02,78.10,open_meteo_gfs_seamless_historical_forecast
2025-09-03,78.60,open_meteo_gfs_seamless_historical_forecast
2025-09-04,78.10,open_meteo_gfs_seamless_historical_forecast
2025-09-05,83.20,open_meteo_gfs_seamless_historical_forecast
2025-09-06,86.00,open_meteo_gfs_seamless_historical_forecast
2025-09-07,68.40,open_meteo_gfs_seamless_historical_forecast
2025-09-08,74.10,open_meteo_gfs_seamless_historical_forecast
2025-09-09,72.50,open_meteo_gfs_seamless_historical_forecast
2025-09-10,73.50,open_meteo_gfs_seamless_historical_forecast
2025-09-11,79.90,open_meteo_gfs_seamless_historical_forecast
2025-09-12,78.70,open_meteo_gfs_seamless_historical_forecast
2025-09-13,77.90,open_meteo_gfs_seamless_historical_forecast
2025-09-14,82.30,open_meteo_gfs_seamless_historical_forecast
2025-09-15,80.00,open_meteo_gfs_seamless_historical_forecast
2025-09-16,73.10,open_meteo_gfs_seamless_historical_forecast
2025-09-17,68.90,open_meteo_gfs_seamless_historical_forecast
2025-09-18,85.90,open_meteo_gfs_seamless_historical_forecast
2025-09-19,84.10,open_meteo_gfs_seamless_historical_forecast
2025-09-20,73.40,open_meteo_gfs_seamless_historical_forecast
2025-09-21,70.50,open_meteo_gfs_seamless_historical_forecast
2025-09-22,71.90,open_meteo_gfs_seamless_historical_forecast
2025-09-23,83.60,open_meteo_gfs_seamless_historical_forecast
2025-09-24,78.60,open_meteo_gfs_seamless_historical_forecast
2025-09-25,76.40,open_meteo_gfs_seamless_historical_forecast
2025-09-26,81.60,open_meteo_gfs_seamless_historical_forecast
2025-09-27,79.70,open_meteo_gfs_seamless_historical_forecast
2025-09-28,85.00,open_meteo_gfs_seamless_historical_forecast
2025-09-29,77.10,open_meteo_gfs_seamless_historical_forecast
2025-09-30,80.60,open_meteo_gfs_seamless_historical_forecast
2025-10-01,69.90,open_meteo_gfs_seamless_historical_forecast
2025-10-02,66.00,open_meteo_gfs_seamless_historical_forecast
2025-10-03,72.90,open_meteo_gfs_seamless_historical_forecast
2025-10-04,83.10,open_meteo_gfs_seamless_historical_forecast
2025-10-05,85.10,open_meteo_gfs_seamless_historical_forecast
2025-10-06,80.10,open_meteo_gfs_seamless_historical_forecast
2025-10-07,79.50,open_meteo_gfs_seamless_historical_forecast
2025-10-08,70.60,open_meteo_gfs_seamless_historical_forecast
2025-10-09,58.90,open_meteo_gfs_seamless_historical_forecast
2025-10-10,62.50,open_meteo_gfs_seamless_historical_forecast
2025-10-11,64.20,open_meteo_gfs_seamless_historical_forecast
2025-10-12,61.50,open_meteo_gfs_seamless_historical_forecast
2025-10-13,56.90,open_meteo_gfs_seamless_historical_forecast
2025-10-14,60.50,open_meteo_gfs_seamless_historical_forecast
2025-10-15,68.40,open_meteo_gfs_seamless_historical_forecast
2025-10-16,61.70,open_meteo_gfs_seamless_historical_forecast
2025-10-17,65.00,open_meteo_gfs_seamless_historical_forecast
2025-10-18,65.70,open_meteo_gfs_seamless_historical_forecast
2025-10-19,71.30,open_meteo_gfs_seamless_historical_forecast
2025-10-20,67.70,open_meteo_gfs_seamless_historical_forecast
2025-10-21,67.70,open_meteo_gfs_seamless_historical_forecast
2025-10-22,62.80,open_meteo_gfs_seamless_historical_forecast
2025-10-23,60.30,open_meteo_gfs_seamless_historical_forecast
2025-10-24,60.10,open_meteo_gfs_seamless_historical_forecast
2025-10-25,59.40,open_meteo_gfs_seamless_historical_forecast
2025-10-26,59.00,open_meteo_gfs_seamless_historical_forecast
2025-10-27,55.80,open_meteo_gfs_seamless_historical_forecast
2025-10-28,53.70,open_meteo_gfs_seamless_historical_forecast
2025-10-29,54.60,open_meteo_gfs_seamless_historical_forecast
2025-10-30,62.90,open_meteo_gfs_seamless_historical_forecast
2025-10-31,59.10,open_meteo_gfs_seamless_historical_forecast
2025-11-01,59.00,open_meteo_gfs_seamless_historical_forecast
2025-11-02,61.00,open_meteo_gfs_seamless_historical_forecast
2025-11-03,59.40,open_meteo_gfs_seamless_historical_forecast
2025-11-04,60.10,open_meteo_gfs_seamless_historical_forecast
2025-11-05,65.20,open_meteo_gfs_seamless_historical_forecast
2025-11-06,59.10,open_meteo_gfs_seamless_historical_forecast
2025-11-07,59.50,open_meteo_gfs_seamless_historical_forecast
2025-11-08,67.00,open_meteo_gfs_seamless_historical_forecast
2025-11-09,63.50,open_meteo_gfs_seamless_historical_forecast
2025-11-10,58.90,open_meteo_gfs_seamless_historical_forecast
2025-11-11,40.10,open_meteo_gfs_seamless_historical_forecast
2025-11-12,49.60,open_meteo_gfs_seamless_historical_forecast
2025-11-13,50.90,open_meteo_gfs_seamless_historical_forecast
2025-11-14,51.10,open_meteo_gfs_seamless_historical_forecast
2025-11-15,49.70,open_meteo_gfs_seamless_historical_forecast
2025-11-16,56.00,open_meteo_gfs_seamless_historical_forecast
2025-11-17,44.70,open_meteo_gfs_seamless_historical_forecast
2025-11-18,46.70,open_meteo_gfs_seamless_historical_forecast
2025-11-19,46.00,open_meteo_gfs_seamless_historical_forecast
2025-11-20,48.30,open_meteo_gfs_seamless_historical_forecast
2025-11-21,52.80,open_meteo_gfs_seamless_historical_forecast
2025-11-22,50.60,open_meteo_gfs_seamless_historical_forecast
2025-11-23,49.20,open_meteo_gfs_seamless_historical_forecast
2025-11-24,53.20,open_meteo_gfs_seamless_historical_forecast
2025-11-25,54.90,open_meteo_gfs_seamless_historical_forecast
2025-11-26,58.50,open_meteo_gfs_seamless_historical_forecast
2025-11-27,49.90,open_meteo_gfs_seamless_historical_forecast
2025-11-28,42.90,open_meteo_gfs_seamless_historical_forecast
2025-11-29,43.00,open_meteo_gfs_seamless_historical_forecast
2025-11-30,43.90,open_meteo_gfs_seamless_historical_forecast
2025-12-01,43.70,open_meteo_gfs_seamless_historical_forecast
2025-12-02,39.00,open_meteo_gfs_seamless_historical_forecast
2025-12-03,41.00,open_meteo_gfs_seamless_historical_forecast
2025-12-04,42.50,open_meteo_gfs_seamless_historical_forecast
2025-12-05,30.60,open_meteo_gfs_seamless_historical_forecast
2025-12-06,42.20,open_meteo_gfs_seamless_historical_forecast
2025-12-07,42.00,open_meteo_gfs_seamless_historical_forecast
2025-12-08,37.30,open_meteo_gfs_seamless_historical_forecast
2025-12-09,33.20,open_meteo_gfs_seamless_historical_forecast
2025-12-10,46.70,open_meteo_gfs_seamless_historical_forecast
2025-12-11,39.60,open_meteo_gfs_seamless_historical_forecast
2025-12-12,35.40,open_meteo_gfs_seamless_historical_forecast
2025-12-13,41.10,open_meteo_gfs_seamless_historical_forecast
2025-12-14,34.40,open_meteo_gfs_seamless_historical_forecast
2025-12-15,29.40,open_meteo_gfs_seamless_historical_forecast
2025-12-16,32.10,open_meteo_gfs_seamless_historical_forecast
2025-12-17,47.40,open_meteo_gfs_seamless_historical_forecast
2025-12-18,50.60,open_meteo_gfs_seamless_historical_forecast
2025-12-19,56.50,open_meteo_gfs_seamless_historical_forecast
2025-12-20,38.20,open_meteo_gfs_seamless_historical_forecast
2025-12-21,47.30,open_meteo_gfs_seamless_historical_forecast
2025-12-22,39.60,open_meteo_gfs_seamless_historical_forecast
2025-12-23,37.90,open_meteo_gfs_seamless_historical_forecast
2025-12-24,46.10,open_meteo_gfs_seamless_historical_forecast
2025-12-25,49.40,open_meteo_gfs_seamless_historical_forecast
2025-12-26,28.70,open_meteo_gfs_seamless_historical_forecast
2025-12-27,29.60,open_meteo_gfs_seamless_historical_forecast
2025-12-28,34.00,open_meteo_gfs_seamless_historical_forecast
2025-12-29,46.30,open_meteo_gfs_seamless_historical_forecast
2025-12-30,33.10,open_meteo_gfs_seamless_historical_forecast
2025-12-31,32.80,open_meteo_gfs_seamless_historical_forecast
2026-01-01,33.00,open_meteo_gfs_seamless_historical_forecast
2026-01-02,30.10,open_meteo_gfs_seamless_historical_forecast
2026-01-03,30.40,open_meteo_gfs_seamless_historical_forecast
2026-01-04,34.70,open_meteo_gfs_seamless_historical_forecast
2026-01-05,36.30,open_meteo_gfs_seamless_historical_forecast
2026-01-06,41.00,open_meteo_gfs_seamless_historical_forecast
2026-01-07,49.00,open_meteo_gfs_seamless_historical_forecast
2026-01-08,51.50,open_meteo_gfs_seamless_historical_forecast
2026-01-09,51.80,open_meteo_gfs_seamless_historical_forecast
2026-01-10,51.70,open_meteo_gfs_seamless_historical_forecast
2026-01-11,46.90,open_meteo_gfs_seamless_historical_forecast
2026-01-12,41.90,open_meteo_gfs_seamless_historical_forecast
2026-01-13,47.40,open_meteo_gfs_seamless_historical_forecast
2026-01-14,51.10,open_meteo_gfs_seamless_historical_forecast
2026-01-15,44.60,open_meteo_gfs_seamless_historical_forecast
2026-01-16,33.40,open_meteo_gfs_seamless_historical_forecast
2026-01-17,37.90,open_meteo_gfs_seamless_historical_forecast
2026-01-18,33.20,open_meteo_gfs_seamless_historical_forecast
2026-01-19,30.70,open_meteo_gfs_seamless_historical_forecast
2026-01-20,25.50,open_meteo_gfs_seamless_historical_forecast
2026-01-21,35.10,open_meteo_gfs_seamless_historical_forecast
2026-01-22,48.80,open_meteo_gfs_seamless_historical_forecast
2026-01-23,39.40,open_meteo_gfs_seamless_historical_forecast
2026-01-24,18.50,open_meteo_gfs_seamless_historical_forecast
2026-01-25,20.60,open_meteo_gfs_seamless_historical_forecast
2026-01-26,26.40,open_meteo_gfs_seamless_historical_forecast
2026-01-27,20.20,open_meteo_gfs_seamless_historical_forecast
2026-01-28,23.50,open_meteo_gfs_seamless_historical_forecast
2026-01-29,22.80,open_meteo_gfs_seamless_historical_forecast
2026-01-30,18.60,open_meteo_gfs_seamless_historical_forecast
2026-01-31,23.20,open_meteo_gfs_seamless_historical_forecast
2026-02-01,23.00,open_meteo_gfs_seamless_historical_forecast
2026-02-02,33.60,open_meteo_gfs_seamless_historical_forecast
2026-02-03,32.50,open_meteo_gfs_seamless_historical_forecast
2026-02-04,32.60,open_meteo_gfs_seamless_historical_forecast
2026-02-05,31.90,open_meteo_gfs_seamless_historical_forecast
2026-02-06,31.30,open_meteo_gfs_seamless_historical_forecast
2026-02-07,25.40,open_meteo_gfs_seamless_historical_forecast
2026-02-08,18.40,open_meteo_gfs_seamless_historical_forecast
2026-02-09,29.80,open_meteo_gfs_seamless_historical_forecast
2026-02-10,34.90,open_meteo_gfs_seamless_historical_forecast
2026-02-11,40.90,open_meteo_gfs_seamless_historical_forecast
2026-02-12,37.10,open_meteo_gfs_seamless_historical_forecast
2026-02-13,39.30,open_meteo_gfs_seamless_historical_forecast
2026-02-14,46.80,open_meteo_gfs_seamless_historical_forecast
2026-02-15,38.80,open_meteo_gfs_seamless_historical_forecast
2026-02-16,39.00,open_meteo_gfs_seamless_historical_forecast
2026-02-17,46.40,open_meteo_gfs_seamless_historical_forecast
2026-02-18,38.70,open_meteo_gfs_seamless_historical_forecast
2026-02-19,39.70,open_meteo_gfs_seamless_historical_forecast
2026-02-20,35.70,open_meteo_gfs_seamless_historical_forecast
2026-02-21,45.50,open_meteo_gfs_seamless_historical_forecast
2026-02-22,40.10,open_meteo_gfs_seamless_historical_forecast
2026-02-23,33.90,open_meteo_gfs_seamless_historical_forecast
2026-02-24,30.00,open_meteo_gfs_seamless_historical_forecast
2026-02-25,40.00,open_meteo_gfs_seamless_historical_forecast
2026-02-26,43.40,open_meteo_gfs_seamless_historical_forecast
2026-02-27,41.00,open_meteo_gfs_seamless_historical_forecast
2026-02-28,52.60,open_meteo_gfs_seamless_historical_forecast
2026-03-01,42.70,open_meteo_gfs_seamless_historical_forecast
2026-03-02,35.30,open_meteo_gfs_seamless_historical_forecast
2026-03-03,33.50,open_meteo_gfs_seamless_historical_forecast
2026-03-04,48.90,open_meteo_gfs_seamless_historical_forecast
2026-03-05,43.90,open_meteo_gfs_seamless_historical_forecast
2026-03-06,40.10,open_meteo_gfs_seamless_historical_forecast
2026-03-07,46.40,open_meteo_gfs_seamless_historical_forecast
2026-03-08,68.00,open_meteo_gfs_seamless_historical_forecast
2026-03-09,73.30,open_meteo_gfs_seamless_historical_forecast
2026-03-10,79.10,open_meteo_gfs_seamless_historical_forecast
2026-03-11,72.20,open_meteo_gfs_seamless_historical_forecast
2026-03-12,56.60,open_meteo_gfs_seamless_historical_forecast
2026-03-13,41.90,open_meteo_gfs_seamless_historical_forecast
2026-03-14,52.00,open_meteo_gfs_seamless_historical_forecast
2026-03-15,44.60,open_meteo_gfs_seamless_historical_forecast
2026-03-16,58.90,open_meteo_gfs_seamless_historical_forecast
2026-03-17,54.00,open_meteo_gfs_seamless_historical_forecast
2026-03-18,37.20,open_meteo_gfs_seamless_historical_forecast
2026-03-19,40.60,open_meteo_gfs_seamless_historical_forecast
2026-03-20,56.80,open_meteo_gfs_seamless_historical_forecast
2026-03-21,58.20,open_meteo_gfs_seamless_historical_forecast
2026-03-22,58.80,open_meteo_gfs_seamless_historical_forecast
2026-03-23,49.50,open_meteo_gfs_seamless_historical_forecast
2026-03-24,49.10,open_meteo_gfs_seamless_historical_forecast
2026-03-25,53.40,open_meteo_gfs_seamless_historical_forecast
2026-03-26,75.90,open_meteo_gfs_seamless_historical_forecast
2026-03-27,67.20,open_meteo_gfs_seamless_historical_forecast
2026-03-28,43.60,open_meteo_gfs_seamless_historical_forecast
2026-03-29,53.90,open_meteo_gfs_seamless_historical_forecast
2026-03-30,72.70,open_meteo_gfs_seamless_historical_forecast
2026-03-31,80.50,open_meteo_gfs_seamless_historical_forecast
2026-04-01,79.70,open_meteo_gfs_seamless_historical_forecast
2026-04-02,54.60,open_meteo_gfs_seamless_historical_forecast
2026-04-03,66.40,open_meteo_gfs_seamless_historical_forecast
2026-04-04,70.40,open_meteo_gfs_seamless_historical_forecast
2026-04-05,55.90,open_meteo_gfs_seamless_historical_forecast
2026-04-06,55.20,open_meteo_gfs_seamless_historical_forecast
2026-04-07,55.40,open_meteo_gfs_seamless_historical_forecast
2026-04-08,49.80,open_meteo_gfs_seamless_historical_forecast
2026-04-09,49.90,open_meteo_gfs_seamless_historical_forecast
2026-04-10,62.00,open_meteo_gfs_seamless_historical_forecast
2026-04-11,63.20,open_meteo_gfs_seamless_historical_forecast
2026-04-12,55.40,open_meteo_gfs_seamless_historical_forecast
2026-04-13,80.70,open_meteo_gfs_seamless_historical_forecast
2026-04-14,86.80,open_meteo_gfs_seamless_historical_forecast
2026-04-15,89.60,open_meteo_gfs_seamless_historical_forecast
2026-04-16,88.70,open_meteo_gfs_seamless_historical_forecast
2026-04-17,78.70,open_meteo_gfs_seamless_historical_forecast
2026-04-18,64.30,open_meteo_gfs_seamless_historical_forecast
2026-04-19,50.90,open_meteo_gfs_seamless_historical_forecast
2026-04-20,50.90,open_meteo_gfs_seamless_historical_forecast
2026-04-21,53.20,open_meteo_gfs_seamless_historical_forecast
2026-04-22,52.80,open_meteo_gfs_seamless_historical_forecast
2026-04-23,74.30,open_meteo_gfs_seamless_historical_forecast
2026-04-24,68.50,open_meteo_gfs_seamless_historical_forecast
2026-04-25,48.90,open_meteo_gfs_seamless_historical_forecast
2026-04-26,58.00,open_meteo_gfs_seamless_historical_forecast
2026-04-27,68.70,open_meteo_gfs_seamless_historical_forecast
2026-04-28,65.50,open_meteo_gfs_seamless_historical_forecast
2026-04-29,62.80,open_meteo_gfs_seamless_historical_forecast
2026-04-30,59.80,open_meteo_gfs_seamless_historical_forecast
2026-05-01,65.30,open_meteo_gfs_seamless_historical_forecast
2026-05-02,61.50,open_meteo_gfs_seamless_historical_forecast
2026-05-03,60.60,open_meteo_gfs_seamless_historical_forecast
2026-05-04,74.40,open_meteo_gfs_seamless_historical_forecast
2026-05-05,84.70,open_meteo_gfs_seamless_historical_forecast
2026-05-06,69.60,open_meteo_gfs_seamless_historical_forecast
2026-05-07,65.10,open_meteo_gfs_seamless_historical_forecast
2026-05-08,62.30,open_meteo_gfs_seamless_historical_forecast
2026-05-09,64.30,open_meteo_gfs_seamless_historical_forecast
2026-05-10,73.60,open_meteo_gfs_seamless_historical_forecast
2026-05-11,61.80,open_meteo_gfs_seamless_historical_forecast
2026-05-12,67.70,open_meteo_gfs_seamless_historical_forecast
2026-05-13,73.30,open_meteo_gfs_seamless_historical_forecast
2026-05-14,66.30,open_meteo_gfs_seamless_historical_forecast
2026-05-15,66.50,open_meteo_gfs_seamless_historical_forecast
2026-05-16,79.70,open_meteo_gfs_seamless_historical_forecast
2026-05-17,89.60,open_meteo_gfs_seamless_historical_forecast
2026-05-18,87.50,open_meteo_gfs_seamless_historical_forecast
2026-05-19,94.20,open_meteo_gfs_seamless_historical_forecast
2026-05-20,93.00,open_meteo_gfs_seamless_historical_forecast
2026-05-21,66.90,open_meteo_gfs_seamless_historical_forecast
2026-05-22,68.10,open_meteo_gfs_seamless_historical_forecast
2026-05-23,56.80,open_meteo_gfs_seamless_historical_forecast
2026-05-24,56.80,open_meteo_gfs_seamless_historical_forecast
2026-05-25,75.70,open_meteo_gfs_seamless_historical_forecast
2026-05-26,82.20,open_meteo_gfs_seamless_historical_forecast
2026-05-27,84.60,open_meteo_gfs_seamless_historical_forecast
2026-05-28,74.80,open_meteo_gfs_seamless_historical_forecast
2026-05-29,77.30,open_meteo_gfs_seamless_historical_forecast
2026-05-30,72.20,open_meteo_gfs_seamless_historical_forecast
2026-05-31,77.40,open_meteo_gfs_seamless_historical_forecast
2026-06-01,70.20,open_meteo_gfs_seamless_historical_forecast
2026-06-02,77.90,open_meteo_gfs_seamless_historical_forecast
2026-06-03,85.00,open_meteo_gfs_seamless_historical_forecast
2026-06-04,87.80,open_meteo_gfs_seamless_historical_forecast
2026-06-05,91.90,open_meteo_gfs_seamless_historical_forecast
2026-06-06,90.50,open_meteo_gfs_seamless_historical_forecast
2026-06-07,81.50,open_meteo_gfs_seamless_historical_forecast
2026-06-08,75.40,open_meteo_gfs_seamless_historical_forecast
2026-06-09,80.90,open_meteo_gfs_seamless_historical_forecast
2026-06-10,83.10,open_meteo_gfs_seamless_historical_forecast
2026-06-11,93.20,open_meteo_gfs_seamless_historical_forecast
2026-06-12,93.10,open_meteo_gfs_seamless_historical_forecast
2026-06-13,88.30,open_meteo_gfs_seamless_historical_forecast
2026-06-14,90.10,open_meteo_gfs_seamless_historical_forecast
2026-06-15,76.50,open_meteo_gfs_seamless_historical_forecast
2026-06-16,78.10,open_meteo_gfs_seamless_historical_forecast
2026-06-17,78.00,open_meteo_gfs_seamless_historical_forecast
2026-06-18,88.30,open_meteo_gfs_seamless_historical_forecast
2026-06-19,83.10,open_meteo_gfs_seamless_historical_forecast
2026-06-20,83.30,open_meteo_gfs_seamless_historical_forecast
2026-06-21,82.40,open_meteo_gfs_seamless_historical_forecast
2026-06-22,76.80,open_meteo_gfs_seamless_historical_forecast
2026-06-23,70.70,open_meteo_gfs_seamless_historical_forecast
2026-06-24,83.70,open_meteo_gfs_seamless_historical_forecast
2026-06-25,83.80,open_meteo_gfs_seamless_historical_forecast
2026-06-26,83.10,open_meteo_gfs_seamless_historical_forecast
2026-06-27,78.30,open_meteo_gfs_seamless_historical_forecast
2026-06-28,82.30,open_meteo_gfs_seamless_historical_forecast
2026-06-29,89.10,open_meteo_gfs_seamless_historical_forecast
2026-06-30,89.60,open_meteo_gfs_seamless_historical_forecast
2026-07-01,93.20,open_meteo_gfs_seamless_historical_forecast
2026-07-02,102.60,open_meteo_gfs_seamless_historical_forecast
2026-07-03,100.40,open_meteo_gfs_seamless_historical_forecast
2026-07-04,95.90,open_meteo_gfs_seamless_historical_forecast
2026-07-05,81.60,open_meteo_gfs_seamless_historical_forecast
2026-07-06,71.00,open_meteo_gfs_seamless_historical_forecast
2026-07-07,69.20,open_meteo_gfs_seamless_historical_forecast
2026-07-08,88.10,open_meteo_gfs_seamless_historical_forecast
2026-07-09,84.10,open_meteo_gfs_seamless_historical_forecast
2026-07-10,86.10,open_meteo_gfs_seamless_historical_forecast
2026-07-11,83.00,open_meteo_gfs_seamless_historical_forecast
2026-07-12,85.80,open_meteo_gfs_seamless_historical_forecast
2026-07-13,85.80,open_meteo_gfs_seamless_historical_forecast
2026-07-14,93.00,open_meteo_gfs_seamless_historical_forecast
2026-07-15,98.10,open_meteo_gfs_seamless_historical_forecast
2026-07-16,89.20,open_meteo_gfs_seamless_historical_forecast
2026-07-17,87.80,open_meteo_gfs_seamless_historical_forecast
2026-07-18,77.90,open_meteo_gfs_seamless_historical_forecast
2026-07-19,82.10,open_meteo_gfs_seamless_historical_forecast
2026-07-20,83.10,open_meteo_gfs_seamless_historical_forecast
2026-07-21,80.70,open_meteo_gfs_seamless_historical_forecast
2026-07-22,88.90,open_meteo_gfs_seamless_historical_forecast
2026-07-23,82.00,open_meteo_gfs_seamless_historical_forecast
2026-07-24,83.70,open_meteo_gfs_seamless_historical_forecast
2026-07-25,81.50,open_meteo_gfs_seamless_historical_forecast
2026-07-26,85.10,open_meteo_gfs_seamless_historical_forecast
2026-07-27,84.10,open_meteo_gfs_seamless_historical_forecast
2026-07-28,79.80,open_meteo_gfs_seamless_historical_forecast
2026-07-29,80.10,open_meteo_gfs_seamless_historical_forecast
2026-07-30,75.10,open_meteo_gfs_seamless_historical_forecast
2026-07-31,85.40,open_meteo_gfs_seamless_historical_forecast
2026-08-01,88.00,open_meteo_gfs_seamless_historical_forecast
2026-08-02,84.20,open_meteo_gfs_seamless_historical_forecast
2026-08-03,83.90,open_meteo_gfs_seamless_historical_forecast
2026-08-04,85.60,open_meteo_gfs_seamless_historical_forecast
2026-08-05,84.40,open_meteo_gfs_seamless_historical_forecast
2026-08-06,89.70,open_meteo_gfs_seamless_historical_forecast
2026-08-07,93.40,open_meteo_gfs_seamless_historical_forecast
2026-08-08,89.60,open_meteo_gfs_seamless_historical_forecast
2026-08-09,93.00,open_meteo_gfs_seamless_historical_forecast
2026-08-10,89.60,open_meteo_gfs_seamless_historical_forecast
2026-08-11,86.80,open_meteo_gfs_seamless_historical_forecast
2026-08-12,88.50,open_meteo_gfs_seamless_historical_forecast
2026-08-13,86.80,open_meteo_gfs_seamless_historical_forecast
2026-08-14,86.40,open_meteo_gfs_seamless_historical_forecast
2026-08-15,85.40,open_meteo_gfs_seamless_historical_forecast
2026-08-16,81.20,open_meteo_gfs_seamless_historical_forecast
2026-08-17,81.20,open_meteo_gfs_seamless_historical_forecast
2026-08-18,86.00,open_meteo_gfs_seamless_historical_forecast
2026-08-19,88.70,open_meteo_gfs_seamless_historical_forecast
2026-08-20,85.90,open_meteo_gfs_seamless_historical_forecast
2026-08-21,77.30,open_meteo_gfs_seamless_historical_forecast
2026-08-22,77.50,open_meteo_gfs_seamless_historical_forecast
2026-08-23,81.10,open_meteo_gfs_seamless_historical_forecast
2026-08-24,81.90,open_meteo_gfs_seamless_historical_forecast
2026-08-25,79.70,open_meteo_gfs_seamless_historical_forecast
2026-08-26,83.30,open_meteo_gfs_seamless_historical_forecast
2026-08-27,78.00,open_meteo_gfs_seamless_historical_forecast
2026-08-28,83.90,open_meteo_gfs_seamless_historical_forecast
2026-08-29,79.70,open_meteo_gfs_seamless_historical_forecast
2026-08-30,80.20,open_meteo_gfs_seamless_historical_forecast
2026-08-31,78.70,open_meteo_gfs_seamless_historical_forecast
2026-09-01,81.40,open_meteo_gfs_seamless_historical_forecast
2026-09-02,72.50,open_meteo_gfs_seamless_historical_forecast
2026-09-03,88.60,open_meteo_gfs_seamless_historical_forecast
2026-09-04,86.90,open_meteo_gfs_seamless_historical_forecast
2026-09-05,78.60,open_meteo_gfs_seamless_historical_forecast
2026-09-06,76.40,open_meteo_gfs_seamless_historical_forecast
2026-09-07,80.90,open_meteo_gfs_seamless_historical_forecast
2026-09-08,81.80,open_meteo_gfs_seamless_historical_forecast
2026-09-09,84.20,open_meteo_gfs_seamless_historical_forecast
2026-09-10,88.10,open_meteo_gfs_seamless_historical_forecast
2026-09-11,81.90,open_meteo_gfs_seamless_historical_forecast
2026-09-12,79.30,open_meteo_gfs_seamless_historical_forecast
2026-09-13,79.30,open_meteo_gfs_seamless_historical_forecast
